Ticker,Date,Close,Adj_Close,Volume,Split
ABB.NS,2025-02-11,5436.85009765625,5393.5546875,350160.0,0.0
ABB.NS,2025-02-12,5449.5498046875,5406.1533203125,348968.0,0.0
ABB.NS,2025-02-13,5442.75,5399.40771484375,297830.0,0.0
ABB.NS,2025-02-14,5263.75,5221.83349609375,296054.0,0.0
ABB.NS,2025-02-17,5241.89990234375,5200.1572265625,252290.0,0.0
ABB.NS,2025-02-18,5142.0498046875,5101.1025390625,3924895.0,0.0
ABB.NS,2025-02-19,5123.85009765625,5083.04736328125,938108.0,0.0
ABB.NS,2025-02-20,5344.64990234375,5302.08935546875,757479.0,0.0
ABB.NS,2025-02-21,5291.39990234375,5249.2626953125,597090.0,0.0
ABB.NS,2025-02-24,5389.9501953125,5347.02880859375,557026.0,0.0
ABB.NS,2025-02-25,5301.7998046875,5259.580078125,415818.0,0.0
ABB.NS,2025-02-27,5144.7001953125,5103.7314453125,541660.0,0.0
ABB.NS,2025-02-28,4935.39990234375,4896.09814453125,784607.0,0.0
ABB.NS,2025-03-03,5088.2998046875,5047.7802734375,558162.0,0.0
ABB.NS,2025-03-04,5191.39990234375,5150.05908203125,506485.0,0.0
ABB.NS,2025-03-05,5312.2998046875,5269.99609375,445752.0,0.0
ABB.NS,2025-03-06,5370.0,5327.2373046875,532908.0,0.0
ABB.NS,2025-03-07,5326.5498046875,5284.1328125,482112.0,0.0
ABB.NS,2025-03-10,5160.2998046875,5119.20703125,342786.0,0.0
ABB.NS,2025-03-11,5129.2998046875,5088.45361328125,549888.0,0.0
ABB.NS,2025-03-12,5139.7001953125,5098.771484375,222937.0,0.0
ABB.NS,2025-03-13,5118.5498046875,5077.78955078125,367022.0,0.0
ABB.NS,2025-03-17,5187.64990234375,5146.33935546875,276511.0,0.0
ABB.NS,2025-03-18,5187.64990234375,5146.33935546875,0.0,0.0
ABB.NS,2025-03-19,5475.60009765625,5431.99658203125,580679.0,0.0
ABB.NS,2025-03-20,5460.7001953125,5417.21533203125,442929.0,0.0
ABB.NS,2025-03-21,5457.5,5414.04052734375,685475.0,0.0
ABB.NS,2025-03-24,5532.2001953125,5488.14599609375,310148.0,0.0
ABB.NS,2025-03-25,5414.14990234375,5371.03564453125,265207.0,0.0
ABB.NS,2025-03-26,5523.7001953125,5479.71337890625,729146.0,0.0
ABB.NS,2025-03-27,5540.35009765625,5496.23046875,403518.0,0.0
ABB.NS,2025-03-28,5546.25,5502.08349609375,420034.0,0.0
ABB.NS,2025-04-01,5399.14990234375,5356.1552734375,380081.0,0.0
ABB.NS,2025-04-02,5313.14990234375,5270.83984375,682715.0,0.0
ABB.NS,2025-04-03,5327.2998046875,5284.876953125,224578.0,0.0
ABB.NS,2025-04-04,5095.89990234375,5055.31982421875,457097.0,0.0
ABB.NS,2025-04-07,4963.5498046875,4924.0234375,765239.0,0.0
ABB.NS,2025-04-08,5064.39990234375,5024.0703125,304029.0,0.0
ABB.NS,2025-04-09,5036.2001953125,4996.095703125,353532.0,0.0
ABB.NS,2025-04-11,5143.2998046875,5102.34228515625,416323.0,0.0
ABB.NS,2025-04-15,5246.5,5204.720703125,334196.0,0.0
ABB.NS,2025-04-16,5379.5,5336.66162109375,566818.0,0.0
ABB.NS,2025-04-17,5571.5,5527.13232421875,1143784.0,0.0
ABB.NS,2025-04-21,5629.0,5584.1748046875,684672.0,0.0
ABB.NS,2025-04-22,5682.5,5637.24853515625,325345.0,0.0
ABB.NS,2025-04-23,5713.0,5667.50537109375,376059.0,0.0
ABB.NS,2025-04-24,5688.5,5643.201171875,374809.0,0.0
ABB.NS,2025-04-25,5499.0,5455.2099609375,638225.0,0.0
ABB.NS,2025-04-28,5536.0,5491.9150390625,205197.0,0.0
ABB.NS,2025-04-29,5583.5,5539.03662109375,224766.0,0.0
ABB.NS,2025-04-30,5522.5,5478.52294921875,316444.0,0.0
ABB.NS,2025-05-02,5441.0,5430.6142578125,203903.0,0.0
ABB.NS,2025-05-05,5487.5,5477.025390625,241475.0,0.0
ABB.NS,2025-05-06,5334.0,5323.818359375,400370.0,0.0
ABB.NS,2025-05-07,5397.5,5387.197265625,270305.0,0.0
ABB.NS,2025-05-08,5287.5,5277.4072265625,345691.0,0.0
ABB.NS,2025-05-09,5440.5,5430.115234375,321841.0,0.0
ABB.NS,2025-05-12,5587.0,5576.33544921875,669665.0,0.0
ABB.NS,2025-05-13,5636.5,5625.7412109375,638165.0,0.0
ABB.NS,2025-05-14,5635.0,5624.244140625,400038.0,0.0
ABB.NS,2025-05-15,5735.0,5724.05322265625,356216.0,0.0
ABB.NS,2025-05-16,5820.0,5808.89111328125,418266.0,0.0
ABB.NS,2025-05-19,5838.0,5826.8564453125,181786.0,0.0
ABB.NS,2025-05-20,5738.5,5727.54638671875,444180.0,0.0
ABB.NS,2025-05-21,5886.5,5875.26416015625,266662.0,0.0
ABB.NS,2025-05-22,5924.0,5912.6923828125,286074.0,0.0
ABB.NS,2025-05-23,5961.0,5949.62158203125,208138.0,0.0
ABB.NS,2025-05-26,5996.5,5985.05419921875,219984.0,0.0
ABB.NS,2025-05-27,6014.5,6003.01953125,244514.0,0.0
ABB.NS,2025-05-28,6015.0,6003.5185546875,160963.0,0.0
ABB.NS,2025-05-29,6043.5,6031.96435546875,160875.0,0.0
ABB.NS,2025-05-30,5971.0,5959.6025390625,296253.0,0.0
ABB.NS,2025-06-02,5974.5,5963.09619140625,159034.0,0.0
ABB.NS,2025-06-03,5995.0,5983.556640625,197089.0,0.0
ABB.NS,2025-06-04,6041.5,6029.96826171875,171316.0,0.0
ABB.NS,2025-06-05,6031.5,6019.9873046875,135626.0,0.0
ABB.NS,2025-06-06,6051.5,6039.94921875,336263.0,0.0
ABB.NS,2025-06-09,6215.0,6203.13671875,270782.0,0.0
ABB.NS,2025-06-10,6168.0,6156.2265625,207893.0,0.0
ABB.NS,2025-06-11,6077.0,6065.400390625,294907.0,0.0
ABB.NS,2025-06-12,6021.0,6009.50732421875,369396.0,0.0
ABB.NS,2025-06-13,5999.0,5987.54931640625,220342.0,0.0
ABB.NS,2025-06-16,6014.0,6002.5205078125,133245.0,0.0
ABB.NS,2025-06-17,6034.5,6022.9814453125,101944.0,0.0
ABB.NS,2025-06-18,6044.0,6032.46337890625,165662.0,0.0
ABB.NS,2025-06-19,5869.0,5857.79736328125,130952.0,0.0
ABB.NS,2025-06-20,5968.5,5957.107421875,241725.0,0.0
ABB.NS,2025-06-23,5923.5,5912.193359375,88496.0,0.0
ABB.NS,2025-06-24,6003.5,5992.04052734375,228616.0,0.0
ABB.NS,2025-06-25,5966.5,5955.111328125,138938.0,0.0
ABB.NS,2025-06-26,6012.5,6001.0234375,110098.0,0.0
ABB.NS,2025-06-27,6069.5,6057.91455078125,241168.0,0.0
ABB.NS,2025-06-30,6080.5,6068.8935546875,157658.0,0.0
ABB.NS,2025-07-01,5949.5,5938.1435546875,365605.0,0.0
ABB.NS,2025-07-02,5906.0,5894.7265625,284183.0,0.0
ABB.NS,2025-07-03,5871.5,5860.29248046875,193225.0,0.0
ABB.NS,2025-07-04,5862.0,5850.810546875,153889.0,0.0
ABB.NS,2025-07-07,5844.0,5832.84521484375,89857.0,0.0
ABB.NS,2025-07-08,5840.0,5828.8525390625,242940.0,0.0
ABB.NS,2025-07-09,5898.0,5886.7421875,204872.0,0.0
ABB.NS,2025-07-10,5893.5,5882.25048828125,189571.0,0.0
ABB.NS,2025-07-11,5756.5,5745.51220703125,280804.0,0.0
ABB.NS,2025-07-14,5647.5,5636.72021484375,456678.0,0.0
ABB.NS,2025-07-15,5608.0,5597.29541015625,454138.0,0.0
ABB.NS,2025-07-16,5551.0,5540.404296875,590118.0,0.0
ABB.NS,2025-07-17,5637.5,5626.7392578125,1071876.0,0.0
ABB.NS,2025-07-18,5646.5,5635.72216796875,425486.0,0.0
ABB.NS,2025-07-21,5836.0,5824.8603515625,428913.0,0.0
ABB.NS,2025-07-22,5755.0,5744.01513671875,346363.0,0.0
ABB.NS,2025-07-23,5711.0,5700.09912109375,186980.0,0.0
ABB.NS,2025-07-24,5699.0,5688.1220703125,116292.0,0.0
ABB.NS,2025-07-25,5643.0,5632.228515625,340538.0,0.0
ABB.NS,2025-07-28,5545.5,5534.9150390625,265335.0,0.0
ABB.NS,2025-07-29,5579.0,5568.35107421875,209954.0,0.0
ABB.NS,2025-07-30,5554.0,5543.3984375,331867.0,0.0
ABB.NS,2025-07-31,5510.0,5499.482421875,255793.0,0.0
ABB.NS,2025-08-01,5387.5,5377.21630859375,382061.0,0.0
ABB.NS,2025-08-04,5092.5,5082.77978515625,1957165.0,0.0
ABB.NS,2025-08-05,5084.0,5074.2958984375,614211.0,0.0
ABB.NS,2025-08-06,5097.0,5087.27099609375,385429.0,0.0
ABB.NS,2025-08-07,5118.5,5108.72998046875,355953.0,0.0
ABB.NS,2025-08-08,5022.0,5022.0,348746.0,0.0
ABB.NS,2025-08-11,5047.0,5047.0,429040.0,0.0
ABB.NS,2025-08-12,5071.5,5071.5,273262.0,0.0
ABB.NS,2025-08-13,5087.0,5087.0,231709.0,0.0
ABB.NS,2025-08-14,5030.0,5030.0,237754.0,0.0
ABB.NS,2025-08-18,5037.5,5037.5,307068.0,0.0
ABB.NS,2025-08-19,5068.0,5068.0,204663.0,0.0
ABB.NS,2025-08-20,5121.5,5121.5,312054.0,0.0
ABB.NS,2025-08-21,5141.5,5141.5,377717.0,0.0
ABB.NS,2025-08-22,5063.0,5063.0,219900.0,0.0
ABB.NS,2025-08-25,5100.5,5100.5,246352.0,0.0
ABB.NS,2025-08-26,5022.0,5022.0,482397.0,0.0
ABB.NS,2025-08-28,5000.5,5000.5,335387.0,0.0
ABB.NS,2025-08-29,4999.0,4999.0,251338.0,0.0
ABB.NS,2025-09-01,5127.39990234375,5127.39990234375,242505.0,0.0
ABB.NS,2025-09-02,5148.2001953125,5148.2001953125,306762.0,0.0
ABB.NS,2025-09-03,5188.39990234375,5188.39990234375,213167.0,0.0
ABB.NS,2025-09-04,5162.7998046875,5162.7998046875,350954.0,0.0
ABB.NS,2025-09-05,5117.39990234375,5117.39990234375,259197.0,0.0
ABB.NS,2025-09-08,5108.2998046875,5108.2998046875,101582.0,0.0
ABB.NS,2025-09-09,5131.89990234375,5131.89990234375,150868.0,0.0
ABB.NS,2025-09-10,5161.89990234375,5161.89990234375,184147.0,0.0
ABB.NS,2025-09-11,5218.10009765625,5218.10009765625,178386.0,0.0
ABB.NS,2025-09-12,5248.60009765625,5248.60009765625,196396.0,0.0
ABB.NS,2025-09-15,5338.7998046875,5338.7998046875,435154.0,0.0
ABB.NS,2025-09-16,5349.0,5349.0,154462.0,0.0
ABB.NS,2025-09-17,5385.7998046875,5385.7998046875,196332.0,0.0
ABB.NS,2025-09-18,5436.0,5436.0,293576.0,0.0
ABB.NS,2025-09-19,5436.89990234375,5436.89990234375,272034.0,0.0
ABB.NS,2025-09-22,5362.7998046875,5362.7998046875,155891.0,0.0
ABB.NS,2025-09-23,5298.7001953125,5298.7001953125,167342.0,0.0
ABB.NS,2025-09-24,5237.2998046875,5237.2998046875,137979.0,0.0
ABB.NS,2025-09-25,5200.7001953125,5200.7001953125,308529.0,0.0
ABB.NS,2025-09-26,5173.39990234375,5173.39990234375,348241.0,0.0
ABB.NS,2025-09-29,5207.7998046875,5207.7998046875,228230.0,0.0
ABB.NS,2025-09-30,5183.2998046875,5183.2998046875,215173.0,0.0
ABB.NS,2025-10-01,5199.0,5199.0,94280.0,0.0
ABB.NS,2025-10-03,5183.5,5183.5,291382.0,0.0
ABB.NS,2025-10-06,5218.0,5218.0,156474.0,0.0
ABB.NS,2025-10-07,5219.5,5219.5,382453.0,0.0
ABB.NS,2025-10-08,5128.5,5128.5,399870.0,0.0
ABB.NS,2025-10-09,5146.5,5146.5,212517.0,0.0
ABB.NS,2025-10-10,5186.0,5186.0,180079.0,0.0
ABB.NS,2025-10-13,5147.5,5147.5,284296.0,0.0
ABB.NS,2025-10-14,5119.5,5119.5,299352.0,0.0
ABB.NS,2025-10-15,5173.5,5173.5,218559.0,0.0
ABB.NS,2025-10-16,5212.0,5212.0,542569.0,0.0
ABB.NS,2025-10-17,5202.0,5202.0,145812.0,0.0
ABB.NS,2025-10-20,5231.5,5231.5,141485.0,0.0
ABB.NS,2025-10-21,5240.0,5240.0,26961.0,0.0
ABB.NS,2025-10-23,5181.5,5181.5,333500.0,0.0
ABB.NS,2025-10-24,5181.0,5181.0,245669.0,0.0
ABB.NS,2025-10-27,5238.0,5238.0,72330.0,0.0
ABB.NS,2025-10-28,5175.5,5175.5,236636.0,0.0
ABB.NS,2025-10-29,5289.0,5289.0,193168.0,0.0
ABB.NS,2025-10-30,5279.0,5279.0,121312.0,0.0
ABB.NS,2025-10-31,5220.0,5220.0,146857.0,0.0
ABB.NS,2025-11-03,5256.0,5256.0,79178.0,0.0
ABB.NS,2025-11-04,5244.0,5244.0,101847.0,0.0
ABB.NS,2025-11-06,5228.0,5228.0,302941.0,0.0
ABB.NS,2025-11-07,5016.5,5016.5,1147124.0,0.0
ABB.NS,2025-11-10,4992.0,4992.0,207748.0,0.0
ABB.NS,2025-11-11,4978.5,4978.5,202095.0,0.0
ABB.NS,2025-11-12,4924.0,4924.0,322415.0,0.0
ABB.NS,2025-11-13,4913.0,4913.0,308690.0,0.0
ABB.NS,2025-11-14,4952.5,4952.5,120184.0,0.0
ABB.NS,2025-11-17,5041.5,5041.5,201519.0,0.0
ABB.NS,2025-11-18,5080.5,5080.5,185933.0,0.0
ABB.NS,2025-11-19,5083.0,5083.0,241340.0,0.0
ABB.NS,2025-11-20,5147.0,5147.0,315841.0,0.0
ABB.NS,2025-11-21,5092.0,5092.0,195539.0,0.0
ABB.NS,2025-11-24,5057.0,5057.0,453211.0,0.0
ABB.NS,2025-11-25,5070.5,5070.5,179842.0,0.0
ABB.NS,2025-11-26,5197.5,5197.5,157689.0,0.0
ABB.NS,2025-11-27,5240.5,5240.5,123457.0,0.0
ABB.NS,2025-11-28,5175.0,5175.0,82669.0,0.0
ABB.NS,2025-12-01,5189.5,5189.5,68252.0,0.0
ABB.NS,2025-12-02,5183.0,5183.0,149427.0,0.0
ABB.NS,2025-12-03,5107.0,5107.0,81229.0,0.0
ABB.NS,2025-12-04,5172.5,5172.5,90233.0,0.0
ABB.NS,2025-12-05,5173.5,5173.5,99564.0,0.0
ABB.NS,2025-12-08,5057.5,5057.5,130551.0,0.0
ABB.NS,2025-12-09,5117.0,5117.0,113585.0,0.0
ABB.NS,2025-12-10,5152.0,5152.0,118196.0,0.0
ABB.NS,2025-12-11,5242.5,5242.5,197330.0,0.0
ABB.NS,2025-12-12,5278.0,5278.0,200377.0,0.0
ABB.NS,2025-12-15,5285.0,5285.0,191017.0,0.0
ABB.NS,2025-12-16,5242.0,5242.0,71299.0,0.0
ABB.NS,2025-12-17,5171.0,5171.0,85858.0,0.0
ABB.NS,2025-12-18,5097.5,5097.5,362593.0,0.0
ABB.NS,2025-12-19,5177.0,5177.0,351488.0,0.0
ABB.NS,2025-12-22,5181.0,5181.0,67499.0,0.0
ABB.NS,2025-12-23,5204.0,5204.0,64953.0,0.0
ABB.NS,2025-12-24,5215.0,5215.0,103441.0,0.0
ABB.NS,2025-12-26,5183.0,5183.0,54254.0,0.0
ABB.NS,2025-12-29,5165.0,5165.0,53679.0,0.0
ABB.NS,2025-12-30,5138.5,5138.5,107504.0,0.0
ABB.NS,2025-12-31,5170.0,5170.0,106827.0,0.0
ABB.NS,2026-01-01,5176.5,5176.5,37884.0,0.0
ABB.NS,2026-01-02,5205.5,5205.5,63490.0,0.0
ABB.NS,2026-01-05,5168.5,5168.5,101498.0,0.0
ABB.NS,2026-01-06,5224.5,5224.5,122892.0,0.0
ABB.NS,2026-01-07,5299.0,5299.0,123203.0,0.0
ABB.NS,2026-01-08,5021.0,5021.0,681840.0,0.0
ABB.NS,2026-01-09,5093.0,5093.0,329338.0,0.0
ABB.NS,2026-01-12,5048.0,5048.0,172796.0,0.0
ABB.NS,2026-01-13,4966.0,4966.0,113004.0,0.0
ABB.NS,2026-01-14,4935.0,4935.0,107017.0,0.0
ABB.NS,2026-01-15,4935.0,4935.0,0.0,0.0
ABB.NS,2026-01-16,4872.5,4872.5,186282.0,0.0
ABB.NS,2026-01-19,4865.5,4865.5,238177.0,0.0
ABB.NS,2026-01-20,4691.5,4691.5,413609.0,0.0
ABB.NS,2026-01-21,4707.5,4707.5,349292.0,0.0
ABB.NS,2026-01-22,4755.5,4755.5,145026.0,0.0
ABB.NS,2026-01-23,4694.5,4694.5,114255.0,0.0
ABB.NS,2026-01-27,4707.5,4707.5,178884.0,0.0
ABB.NS,2026-01-28,5043.5,5043.5,419235.0,0.0
ABB.NS,2026-01-29,5474.0,5474.0,2492153.0,0.0
ABB.NS,2026-01-30,5578.5,5578.5,634906.0,0.0
ABB.NS,2026-02-02,5468.0,5468.0,156864.0,0.0
ABB.NS,2026-02-03,5668.5,5668.5,646658.0,0.0
ABB.NS,2026-02-04,5755.0,5755.0,509746.0,0.0
ABB.NS,2026-02-05,5770.0,5770.0,205411.0,0.0
ABB.NS,2026-02-06,5816.0,5816.0,304093.0,0.0
ABB.NS,2026-02-09,5815.5,5815.5,137449.0,0.0
ABB.NS,2026-02-10,5870.0,5870.0,155125.0,0.0
ABB.NS,2026-02-11,5825.5,5825.5,91340.0,0.0
ADANIENSOL.NS,2025-02-11,732.0499877929688,732.0499877929688,1530185.0,0.0
ADANIENSOL.NS,2025-02-12,756.7999877929688,756.7999877929688,3137758.0,0.0
ADANIENSOL.NS,2025-02-13,744.0,744.0,1310157.0,0.0
ADANIENSOL.NS,2025-02-14,708.4000244140625,708.4000244140625,1779389.0,0.0
ADANIENSOL.NS,2025-02-17,702.0,702.0,2394243.0,0.0
ADANIENSOL.NS,2025-02-18,677.1500244140625,677.1500244140625,2968321.0,0.0
ADANIENSOL.NS,2025-02-19,670.6500244140625,670.6500244140625,1883969.0,0.0
ADANIENSOL.NS,2025-02-20,678.0,678.0,1271876.0,0.0
ADANIENSOL.NS,2025-02-21,670.9500122070312,670.9500122070312,1211108.0,0.0
ADANIENSOL.NS,2025-02-24,669.5999755859375,669.5999755859375,1237728.0,0.0
ADANIENSOL.NS,2025-02-25,669.7000122070312,669.7000122070312,1654419.0,0.0
ADANIENSOL.NS,2025-02-27,661.7000122070312,661.7000122070312,1109229.0,0.0
ADANIENSOL.NS,2025-02-28,650.9000244140625,650.9000244140625,1766312.0,0.0
ADANIENSOL.NS,2025-03-03,654.0499877929688,654.0499877929688,1160382.0,0.0
ADANIENSOL.NS,2025-03-04,646.6500244140625,646.6500244140625,1074477.0,0.0
ADANIENSOL.NS,2025-03-05,709.4500122070312,709.4500122070312,6265335.0,0.0
ADANIENSOL.NS,2025-03-06,733.25,733.25,4897354.0,0.0
ADANIENSOL.NS,2025-03-07,747.5999755859375,747.5999755859375,2622387.0,0.0
ADANIENSOL.NS,2025-03-10,759.0999755859375,759.0999755859375,6861685.0,0.0
ADANIENSOL.NS,2025-03-11,761.0499877929688,761.0499877929688,2785862.0,0.0
ADANIENSOL.NS,2025-03-12,781.75,781.75,2734197.0,0.0
ADANIENSOL.NS,2025-03-13,783.2000122070312,783.2000122070312,2201144.0,0.0
ADANIENSOL.NS,2025-03-17,795.0499877929688,795.0499877929688,1850753.0,0.0
ADANIENSOL.NS,2025-03-18,798.5499877929688,798.5499877929688,1344527.0,0.0
ADANIENSOL.NS,2025-03-19,813.9000244140625,813.9000244140625,1417575.0,0.0
ADANIENSOL.NS,2025-03-20,815.0999755859375,815.0999755859375,1286932.0,0.0
ADANIENSOL.NS,2025-03-21,831.7000122070312,831.7000122070312,2711820.0,0.0
ADANIENSOL.NS,2025-03-24,820.25,820.25,1808999.0,0.0
ADANIENSOL.NS,2025-03-25,816.5499877929688,816.5499877929688,2713855.0,0.0
ADANIENSOL.NS,2025-03-26,803.0,803.0,2042407.0,0.0
ADANIENSOL.NS,2025-03-27,872.8499755859375,872.8499755859375,8208182.0,0.0
ADANIENSOL.NS,2025-03-28,872.0,872.0,3727492.0,0.0
ADANIENSOL.NS,2025-04-01,866.3499755859375,866.3499755859375,1899810.0,0.0
ADANIENSOL.NS,2025-04-02,867.9000244140625,867.9000244140625,1554834.0,0.0
ADANIENSOL.NS,2025-04-03,884.3499755859375,884.3499755859375,2165750.0,0.0
ADANIENSOL.NS,2025-04-04,859.4000244140625,859.4000244140625,1475762.0,0.0
ADANIENSOL.NS,2025-04-07,815.0499877929688,815.0499877929688,2669587.0,0.0
ADANIENSOL.NS,2025-04-08,841.1500244140625,841.1500244140625,1707784.0,0.0
ADANIENSOL.NS,2025-04-09,837.4000244140625,837.4000244140625,1026681.0,0.0
ADANIENSOL.NS,2025-04-11,844.7999877929688,844.7999877929688,1878535.0,0.0
ADANIENSOL.NS,2025-04-15,887.4000244140625,887.4000244140625,2537147.0,0.0
ADANIENSOL.NS,2025-04-16,895.1500244140625,895.1500244140625,2669664.0,0.0
ADANIENSOL.NS,2025-04-17,914.1500244140625,914.1500244140625,3849304.0,0.0
ADANIENSOL.NS,2025-04-21,937.5,937.5,2153406.0,0.0
ADANIENSOL.NS,2025-04-22,929.5999755859375,929.5999755859375,1654173.0,0.0
ADANIENSOL.NS,2025-04-23,938.7999877929688,938.7999877929688,2500136.0,0.0
ADANIENSOL.NS,2025-04-24,961.7000122070312,961.7000122070312,3695638.0,0.0
ADANIENSOL.NS,2025-04-25,914.3499755859375,914.3499755859375,5736784.0,0.0
ADANIENSOL.NS,2025-04-28,925.2999877929688,925.2999877929688,2404027.0,0.0
ADANIENSOL.NS,2025-04-29,917.6500244140625,917.6500244140625,1466481.0,0.0
ADANIENSOL.NS,2025-04-30,899.6500244140625,899.6500244140625,1191673.0,0.0
ADANIENSOL.NS,2025-05-02,907.1500244140625,907.1500244140625,2065515.0,0.0
ADANIENSOL.NS,2025-05-05,937.2000122070312,937.2000122070312,5711254.0,0.0
ADANIENSOL.NS,2025-05-06,907.4000244140625,907.4000244140625,2569364.0,0.0
ADANIENSOL.NS,2025-05-07,871.5999755859375,871.5999755859375,5712060.0,0.0
ADANIENSOL.NS,2025-05-08,839.0,839.0,3262818.0,0.0
ADANIENSOL.NS,2025-05-09,827.0999755859375,827.0999755859375,2639860.0,0.0
ADANIENSOL.NS,2025-05-12,894.2999877929688,894.2999877929688,3286835.0,0.0
ADANIENSOL.NS,2025-05-13,904.2000122070312,904.2000122070312,2246532.0,0.0
ADANIENSOL.NS,2025-05-14,890.7999877929688,890.7999877929688,1929234.0,0.0
ADANIENSOL.NS,2025-05-15,910.7999877929688,910.7999877929688,1755815.0,0.0
ADANIENSOL.NS,2025-05-16,915.0499877929688,915.0499877929688,2288025.0,0.0
ADANIENSOL.NS,2025-05-19,888.9000244140625,888.9000244140625,2120510.0,0.0
ADANIENSOL.NS,2025-05-20,869.75,869.75,1301836.0,0.0
ADANIENSOL.NS,2025-05-21,872.1500244140625,872.1500244140625,1239047.0,0.0
ADANIENSOL.NS,2025-05-22,879.0,879.0,1121955.0,0.0
ADANIENSOL.NS,2025-05-23,876.5499877929688,876.5499877929688,816889.0,0.0
ADANIENSOL.NS,2025-05-26,878.7000122070312,878.7000122070312,966027.0,0.0
ADANIENSOL.NS,2025-05-27,879.1500244140625,879.1500244140625,1772369.0,0.0
ADANIENSOL.NS,2025-05-28,869.0,869.0,990253.0,0.0
ADANIENSOL.NS,2025-05-29,880.9500122070312,880.9500122070312,2045238.0,0.0
ADANIENSOL.NS,2025-05-30,867.2000122070312,867.2000122070312,1258500.0,0.0
ADANIENSOL.NS,2025-06-02,874.8499755859375,874.8499755859375,1911879.0,0.0
ADANIENSOL.NS,2025-06-03,856.5499877929688,856.5499877929688,5811649.0,0.0
ADANIENSOL.NS,2025-06-04,866.0,866.0,5947467.0,0.0
ADANIENSOL.NS,2025-06-05,872.2000122070312,872.2000122070312,5723306.0,0.0
ADANIENSOL.NS,2025-06-06,884.0999755859375,884.0999755859375,6679702.0,0.0
ADANIENSOL.NS,2025-06-09,901.4000244140625,901.4000244140625,6802393.0,0.0
ADANIENSOL.NS,2025-06-10,915.5,915.5,8134942.0,0.0
ADANIENSOL.NS,2025-06-11,904.5,904.5,5473555.0,0.0
ADANIENSOL.NS,2025-06-12,876.9500122070312,876.9500122070312,3852260.0,0.0
ADANIENSOL.NS,2025-06-13,861.0,861.0,4262332.0,0.0
ADANIENSOL.NS,2025-06-16,865.7000122070312,865.7000122070312,2424281.0,0.0
ADANIENSOL.NS,2025-06-17,848.8499755859375,848.8499755859375,1247192.0,0.0
ADANIENSOL.NS,2025-06-18,846.4500122070312,846.4500122070312,1943400.0,0.0
ADANIENSOL.NS,2025-06-19,823.5999755859375,823.5999755859375,1666745.0,0.0
ADANIENSOL.NS,2025-06-20,828.0999755859375,828.0999755859375,6345674.0,0.0
ADANIENSOL.NS,2025-06-23,837.2000122070312,837.2000122070312,1079104.0,0.0
ADANIENSOL.NS,2025-06-24,851.8499755859375,851.8499755859375,1922183.0,0.0
ADANIENSOL.NS,2025-06-25,850.2000122070312,850.2000122070312,2316935.0,0.0
ADANIENSOL.NS,2025-06-26,864.75,864.75,2717149.0,0.0
ADANIENSOL.NS,2025-06-27,883.7000122070312,883.7000122070312,3118143.0,0.0
ADANIENSOL.NS,2025-06-30,881.75,881.75,1673237.0,0.0
ADANIENSOL.NS,2025-07-01,872.4000244140625,872.4000244140625,1874380.0,0.0
ADANIENSOL.NS,2025-07-02,878.7999877929688,878.7999877929688,2946152.0,0.0
ADANIENSOL.NS,2025-07-03,875.25,875.25,3905266.0,0.0
ADANIENSOL.NS,2025-07-04,877.2000122070312,877.2000122070312,4081958.0,0.0
ADANIENSOL.NS,2025-07-07,883.3499755859375,883.3499755859375,3740997.0,0.0
ADANIENSOL.NS,2025-07-08,881.25,881.25,2733928.0,0.0
ADANIENSOL.NS,2025-07-09,890.1500244140625,890.1500244140625,3094384.0,0.0
ADANIENSOL.NS,2025-07-10,891.0499877929688,891.0499877929688,1367248.0,0.0
ADANIENSOL.NS,2025-07-11,874.0499877929688,874.0499877929688,989521.0,0.0
ADANIENSOL.NS,2025-07-14,880.5,880.5,857740.0,0.0
ADANIENSOL.NS,2025-07-15,879.75,879.75,767520.0,0.0
ADANIENSOL.NS,2025-07-16,876.5999755859375,876.5999755859375,593638.0,0.0
ADANIENSOL.NS,2025-07-17,873.3499755859375,873.3499755859375,614709.0,0.0
ADANIENSOL.NS,2025-07-18,869.3499755859375,869.3499755859375,1444579.0,0.0
ADANIENSOL.NS,2025-07-21,871.6500244140625,871.6500244140625,833172.0,0.0
ADANIENSOL.NS,2025-07-22,867.2000122070312,867.2000122070312,650289.0,0.0
ADANIENSOL.NS,2025-07-23,863.0999755859375,863.0999755859375,724832.0,0.0
ADANIENSOL.NS,2025-07-24,849.0499877929688,849.0499877929688,2179235.0,0.0
ADANIENSOL.NS,2025-07-25,817.1500244140625,817.1500244140625,1813942.0,0.0
ADANIENSOL.NS,2025-07-28,815.9500122070312,815.9500122070312,831296.0,0.0
ADANIENSOL.NS,2025-07-29,826.9500122070312,826.9500122070312,1171033.0,0.0
ADANIENSOL.NS,2025-07-30,823.9000244140625,823.9000244140625,438934.0,0.0
ADANIENSOL.NS,2025-07-31,808.4000244140625,808.4000244140625,1026102.0,0.0
ADANIENSOL.NS,2025-08-01,793.0499877929688,793.0499877929688,945768.0,0.0
ADANIENSOL.NS,2025-08-04,799.5499877929688,799.5499877929688,909667.0,0.0
ADANIENSOL.NS,2025-08-05,802.0499877929688,802.0499877929688,1100031.0,0.0
ADANIENSOL.NS,2025-08-06,791.0999755859375,791.0999755859375,15323600.0,0.0
ADANIENSOL.NS,2025-08-07,794.5999755859375,794.5999755859375,2218077.0,0.0
ADANIENSOL.NS,2025-08-08,790.1500244140625,790.1500244140625,7822530.0,0.0
ADANIENSOL.NS,2025-08-11,792.0,792.0,950117.0,0.0
ADANIENSOL.NS,2025-08-12,786.75,786.75,658384.0,0.0
ADANIENSOL.NS,2025-08-13,786.2999877929688,786.2999877929688,536807.0,0.0
ADANIENSOL.NS,2025-08-14,775.7999877929688,775.7999877929688,6581262.0,0.0
ADANIENSOL.NS,2025-08-18,818.75,818.75,1776385.0,0.0
ADANIENSOL.NS,2025-08-19,828.2000122070312,828.2000122070312,967227.0,0.0
ADANIENSOL.NS,2025-08-20,824.2000122070312,824.2000122070312,381123.0,0.0
ADANIENSOL.NS,2025-08-21,815.1500244140625,815.1500244140625,558969.0,0.0
ADANIENSOL.NS,2025-08-22,800.1500244140625,800.1500244140625,537046.0,0.0
ADANIENSOL.NS,2025-08-25,805.75,805.75,718727.0,0.0
ADANIENSOL.NS,2025-08-26,788.6500244140625,788.6500244140625,501821.0,0.0
ADANIENSOL.NS,2025-08-28,770.9500122070312,770.9500122070312,891046.0,0.0
ADANIENSOL.NS,2025-08-29,764.1500244140625,764.1500244140625,1341814.0,0.0
ADANIENSOL.NS,2025-09-01,766.6500244140625,766.6500244140625,891853.0,0.0
ADANIENSOL.NS,2025-09-02,763.0499877929688,763.0499877929688,567133.0,0.0
ADANIENSOL.NS,2025-09-03,763.7000122070312,763.7000122070312,565805.0,0.0
ADANIENSOL.NS,2025-09-04,758.3499755859375,758.3499755859375,514778.0,0.0
ADANIENSOL.NS,2025-09-05,755.9500122070312,755.9500122070312,880798.0,0.0
ADANIENSOL.NS,2025-09-08,776.25,776.25,769043.0,0.0
ADANIENSOL.NS,2025-09-09,794.1500244140625,794.1500244140625,1363001.0,0.0
ADANIENSOL.NS,2025-09-10,811.75,811.75,1040743.0,0.0
ADANIENSOL.NS,2025-09-11,813.7000122070312,813.7000122070312,1366037.0,0.0
ADANIENSOL.NS,2025-09-12,829.9000244140625,829.9000244140625,1214068.0,0.0
ADANIENSOL.NS,2025-09-15,837.1500244140625,837.1500244140625,1406308.0,0.0
ADANIENSOL.NS,2025-09-16,836.5499877929688,836.5499877929688,718132.0,0.0
ADANIENSOL.NS,2025-09-17,826.4500122070312,826.4500122070312,489102.0,0.0
ADANIENSOL.NS,2025-09-18,837.5999755859375,837.5999755859375,971044.0,0.0
ADANIENSOL.NS,2025-09-19,877.1500244140625,877.1500244140625,8119554.0,0.0
ADANIENSOL.NS,2025-09-22,937.4000244140625,937.4000244140625,17999960.0,0.0
ADANIENSOL.NS,2025-09-23,925.0999755859375,925.0999755859375,4308383.0,0.0
ADANIENSOL.NS,2025-09-24,889.0,889.0,2938215.0,0.0
ADANIENSOL.NS,2025-09-25,894.2000122070312,894.2000122070312,2438224.0,0.0
ADANIENSOL.NS,2025-09-26,879.2000122070312,879.2000122070312,1824641.0,0.0
ADANIENSOL.NS,2025-09-29,871.75,871.75,1053287.0,0.0
ADANIENSOL.NS,2025-09-30,872.25,872.25,795182.0,0.0
ADANIENSOL.NS,2025-10-01,896.3499755859375,896.3499755859375,1049954.0,0.0
ADANIENSOL.NS,2025-10-03,916.3499755859375,916.3499755859375,1376240.0,0.0
ADANIENSOL.NS,2025-10-06,926.6500244140625,926.6500244140625,1046097.0,0.0
ADANIENSOL.NS,2025-10-07,919.0,919.0,1341521.0,0.0
ADANIENSOL.NS,2025-10-08,914.0,914.0,662712.0,0.0
ADANIENSOL.NS,2025-10-09,931.9500122070312,931.9500122070312,2119876.0,0.0
ADANIENSOL.NS,2025-10-10,925.8499755859375,925.8499755859375,974648.0,0.0
ADANIENSOL.NS,2025-10-13,937.6500244140625,937.6500244140625,1291551.0,0.0
ADANIENSOL.NS,2025-10-14,933.75,933.75,1252636.0,0.0
ADANIENSOL.NS,2025-10-15,944.2000122070312,944.2000122070312,1555720.0,0.0
ADANIENSOL.NS,2025-10-16,947.9500122070312,947.9500122070312,1243155.0,0.0
ADANIENSOL.NS,2025-10-17,929.7000122070312,929.7000122070312,5349446.0,0.0
ADANIENSOL.NS,2025-10-20,937.0499877929688,937.0499877929688,660903.0,0.0
ADANIENSOL.NS,2025-10-21,936.4500122070312,936.4500122070312,149680.0,0.0
ADANIENSOL.NS,2025-10-23,952.4000244140625,952.4000244140625,2360876.0,0.0
ADANIENSOL.NS,2025-10-24,944.25,944.25,1131330.0,0.0
ADANIENSOL.NS,2025-10-27,946.3499755859375,946.3499755859375,562332.0,0.0
ADANIENSOL.NS,2025-10-28,921.2000122070312,921.2000122070312,1635066.0,0.0
ADANIENSOL.NS,2025-10-29,967.5499877929688,967.5499877929688,6202463.0,0.0
ADANIENSOL.NS,2025-10-30,965.6500244140625,965.6500244140625,970141.0,0.0
ADANIENSOL.NS,2025-10-31,986.2000122070312,986.2000122070312,2484075.0,0.0
ADANIENSOL.NS,2025-11-03,994.5499877929688,994.5499877929688,1679026.0,0.0
ADANIENSOL.NS,2025-11-04,985.9000244140625,985.9000244140625,1710963.0,0.0
ADANIENSOL.NS,2025-11-06,968.1500244140625,968.1500244140625,1064046.0,0.0
ADANIENSOL.NS,2025-11-07,960.5999755859375,960.5999755859375,1384632.0,0.0
ADANIENSOL.NS,2025-11-10,959.1500244140625,959.1500244140625,674839.0,0.0
ADANIENSOL.NS,2025-11-11,989.2999877929688,989.2999877929688,1703879.0,0.0
ADANIENSOL.NS,2025-11-12,1001.9000244140625,1001.9000244140625,1704880.0,0.0
ADANIENSOL.NS,2025-11-13,1021.4000244140625,1021.4000244140625,2163072.0,0.0
ADANIENSOL.NS,2025-11-14,1023.8499755859375,1023.8499755859375,2190871.0,0.0
ADANIENSOL.NS,2025-11-17,1021.5499877929688,1021.5499877929688,837345.0,0.0
ADANIENSOL.NS,2025-11-18,1026.6500244140625,1026.6500244140625,1175321.0,0.0
ADANIENSOL.NS,2025-11-19,1006.25,1006.25,1574241.0,0.0
ADANIENSOL.NS,2025-11-20,993.5999755859375,993.5999755859375,852319.0,0.0
ADANIENSOL.NS,2025-11-21,974.7999877929688,974.7999877929688,815816.0,0.0
ADANIENSOL.NS,2025-11-24,970.1500244140625,970.1500244140625,774740.0,0.0
ADANIENSOL.NS,2025-11-25,971.5,971.5,504028.0,0.0
ADANIENSOL.NS,2025-11-26,991.2000122070312,991.2000122070312,646270.0,0.0
ADANIENSOL.NS,2025-11-27,984.3499755859375,984.3499755859375,868201.0,0.0
ADANIENSOL.NS,2025-11-28,994.5499877929688,994.5499877929688,827939.0,0.0
ADANIENSOL.NS,2025-12-01,999.0999755859375,999.0999755859375,1516456.0,0.0
ADANIENSOL.NS,2025-12-02,976.9500122070312,976.9500122070312,1497092.0,0.0
ADANIENSOL.NS,2025-12-03,969.5,969.5,772602.0,0.0
ADANIENSOL.NS,2025-12-04,971.7000122070312,971.7000122070312,612340.0,0.0
ADANIENSOL.NS,2025-12-05,978.8499755859375,978.8499755859375,545222.0,0.0
ADANIENSOL.NS,2025-12-08,960.5,960.5,1414070.0,0.0
ADANIENSOL.NS,2025-12-09,974.5999755859375,974.5999755859375,891748.0,0.0
ADANIENSOL.NS,2025-12-10,982.5499877929688,982.5499877929688,1831768.0,0.0
ADANIENSOL.NS,2025-12-11,999.5999755859375,999.5999755859375,1271880.0,0.0
ADANIENSOL.NS,2025-12-12,1011.2999877929688,1011.2999877929688,2110784.0,0.0
ADANIENSOL.NS,2025-12-15,1016.4500122070312,1016.4500122070312,887627.0,0.0
ADANIENSOL.NS,2025-12-16,994.2999877929688,994.2999877929688,742084.0,0.0
ADANIENSOL.NS,2025-12-17,977.5499877929688,977.5499877929688,742531.0,0.0
ADANIENSOL.NS,2025-12-18,976.2999877929688,976.2999877929688,753721.0,0.0
ADANIENSOL.NS,2025-12-19,988.25,988.25,2708958.0,0.0
ADANIENSOL.NS,2025-12-22,1007.9000244140625,1007.9000244140625,487354.0,0.0
ADANIENSOL.NS,2025-12-23,994.5999755859375,994.5999755859375,597753.0,0.0
ADANIENSOL.NS,2025-12-24,996.5499877929688,996.5499877929688,317485.0,0.0
ADANIENSOL.NS,2025-12-26,1015.2999877929688,1015.2999877929688,894166.0,0.0
ADANIENSOL.NS,2025-12-29,999.3499755859375,999.3499755859375,453491.0,0.0
ADANIENSOL.NS,2025-12-30,1024.1500244140625,1024.1500244140625,879685.0,0.0
ADANIENSOL.NS,2025-12-31,1027.3499755859375,1027.3499755859375,663080.0,0.0
ADANIENSOL.NS,2026-01-01,1046.4000244140625,1046.4000244140625,2771177.0,0.0
ADANIENSOL.NS,2026-01-02,1057.9000244140625,1057.9000244140625,1370725.0,0.0
ADANIENSOL.NS,2026-01-05,1044.9000244140625,1044.9000244140625,783498.0,0.0
ADANIENSOL.NS,2026-01-06,1044.0999755859375,1044.0999755859375,957872.0,0.0
ADANIENSOL.NS,2026-01-07,1033.5,1033.5,489225.0,0.0
ADANIENSOL.NS,2026-01-08,994.2999877929688,994.2999877929688,1182605.0,0.0
ADANIENSOL.NS,2026-01-09,960.5999755859375,960.5999755859375,967758.0,0.0
ADANIENSOL.NS,2026-01-12,950.9000244140625,950.9000244140625,1341852.0,0.0
ADANIENSOL.NS,2026-01-13,932.5,932.5,1847216.0,0.0
ADANIENSOL.NS,2026-01-14,922.5999755859375,922.5999755859375,1589464.0,0.0
ADANIENSOL.NS,2026-01-16,908.7000122070312,908.7000122070312,1741275.0,0.0
ADANIENSOL.NS,2026-01-19,908.4000244140625,908.4000244140625,923693.0,0.0
ADANIENSOL.NS,2026-01-20,885.5,885.5,1936179.0,0.0
ADANIENSOL.NS,2026-01-21,899.2999877929688,899.2999877929688,1645912.0,0.0
ADANIENSOL.NS,2026-01-22,924.7999877929688,924.7999877929688,979746.0,0.0
ADANIENSOL.NS,2026-01-23,812.7000122070312,812.7000122070312,7623697.0,0.0
ADANIENSOL.NS,2026-01-27,849.0999755859375,849.0999755859375,3675055.0,0.0
ADANIENSOL.NS,2026-01-28,882.0,882.0,1896173.0,0.0
ADANIENSOL.NS,2026-01-29,914.0999755859375,914.0999755859375,2161176.0,0.0
ADANIENSOL.NS,2026-01-30,894.7999877929688,894.7999877929688,1140000.0,0.0
ADANIENSOL.NS,2026-02-02,884.5999755859375,884.5999755859375,1530800.0,0.0
ADANIENSOL.NS,2026-02-03,974.4000244140625,974.4000244140625,5085074.0,0.0
ADANIENSOL.NS,2026-02-04,988.1500244140625,988.1500244140625,1645647.0,0.0
ADANIENSOL.NS,2026-02-05,1011.4500122070312,1011.4500122070312,1770119.0,0.0
ADANIENSOL.NS,2026-02-06,1017.7000122070312,1017.7000122070312,1811726.0,0.0
ADANIENSOL.NS,2026-02-09,1032.5,1032.5,1002729.0,0.0
ADANIENSOL.NS,2026-02-10,1016.75,1016.75,1014007.0,0.0
ADANIENSOL.NS,2026-02-11,1033.800048828125,1033.800048828125,929296.0,0.0
ADANIGREEN.NS,2025-02-11,946.2000122070312,946.2000122070312,3770394.0,0.0
ADANIGREEN.NS,2025-02-12,916.9000244140625,916.9000244140625,4095054.0,0.0
ADANIGREEN.NS,2025-02-13,913.75,913.75,2474769.0,0.0
ADANIGREEN.NS,2025-02-14,884.4000244140625,884.4000244140625,2874948.0,0.0
ADANIGREEN.NS,2025-02-17,890.3499755859375,890.3499755859375,4343277.0,0.0
ADANIGREEN.NS,2025-02-18,897.5499877929688,897.5499877929688,2718141.0,0.0
ADANIGREEN.NS,2025-02-19,864.7000122070312,864.7000122070312,4121742.0,0.0
ADANIGREEN.NS,2025-02-20,864.9500122070312,864.9500122070312,3499937.0,0.0
ADANIGREEN.NS,2025-02-21,849.3499755859375,849.3499755859375,2895228.0,0.0
ADANIGREEN.NS,2025-02-24,836.0499877929688,836.0499877929688,3682290.0,0.0
ADANIGREEN.NS,2025-02-25,840.6500244140625,840.6500244140625,5299509.0,0.0
ADANIGREEN.NS,2025-02-27,811.75,811.75,5612214.0,0.0
ADANIGREEN.NS,2025-02-28,774.4000244140625,774.4000244140625,43947584.0,0.0
ADANIGREEN.NS,2025-03-03,804.0999755859375,804.0999755859375,5720645.0,0.0
ADANIGREEN.NS,2025-03-04,768.5499877929688,768.5499877929688,7726332.0,0.0
ADANIGREEN.NS,2025-03-05,848.7000122070312,848.7000122070312,17902240.0,0.0
ADANIGREEN.NS,2025-03-06,845.9500122070312,845.9500122070312,10166566.0,0.0
ADANIGREEN.NS,2025-03-07,837.2000122070312,837.2000122070312,6078435.0,0.0
ADANIGREEN.NS,2025-03-10,826.0499877929688,826.0499877929688,6595111.0,0.0
ADANIGREEN.NS,2025-03-11,824.2000122070312,824.2000122070312,3495317.0,0.0
ADANIGREEN.NS,2025-03-12,853.4500122070312,853.4500122070312,4826264.0,0.0
ADANIGREEN.NS,2025-03-13,873.6500244140625,873.6500244140625,11779180.0,0.0
ADANIGREEN.NS,2025-03-17,896.4500122070312,896.4500122070312,5903492.0,0.0
ADANIGREEN.NS,2025-03-18,896.4500122070312,896.4500122070312,0.0,0.0
ADANIGREEN.NS,2025-03-19,911.2000122070312,911.2000122070312,2980425.0,0.0
ADANIGREEN.NS,2025-03-20,923.4000244140625,923.4000244140625,3210117.0,0.0
ADANIGREEN.NS,2025-03-21,954.25,954.25,8147557.0,0.0
ADANIGREEN.NS,2025-03-24,952.9000244140625,952.9000244140625,3632791.0,0.0
ADANIGREEN.NS,2025-03-25,923.4000244140625,923.4000244140625,3504686.0,0.0
ADANIGREEN.NS,2025-03-26,912.0999755859375,912.0999755859375,3194761.0,0.0
ADANIGREEN.NS,2025-03-27,959.9000244140625,959.9000244140625,5918219.0,0.0
ADANIGREEN.NS,2025-03-28,948.6500244140625,948.6500244140625,4083088.0,0.0
ADANIGREEN.NS,2025-04-01,919.1500244140625,919.1500244140625,3393666.0,0.0
ADANIGREEN.NS,2025-04-02,943.0499877929688,943.0499877929688,2965379.0,0.0
ADANIGREEN.NS,2025-04-03,955.2999877929688,955.2999877929688,3305378.0,0.0
ADANIGREEN.NS,2025-04-04,923.7999877929688,923.7999877929688,3226540.0,0.0
ADANIGREEN.NS,2025-04-07,873.2999877929688,873.2999877929688,3317613.0,0.0
ADANIGREEN.NS,2025-04-08,875.7999877929688,875.7999877929688,3363547.0,0.0
ADANIGREEN.NS,2025-04-09,860.75,860.75,2518172.0,0.0
ADANIGREEN.NS,2025-04-11,893.6500244140625,893.6500244140625,2380909.0,0.0
ADANIGREEN.NS,2025-04-15,936.6500244140625,936.6500244140625,2944940.0,0.0
ADANIGREEN.NS,2025-04-16,945.5999755859375,945.5999755859375,2203548.0,0.0
ADANIGREEN.NS,2025-04-17,947.1500244140625,947.1500244140625,2905274.0,0.0
ADANIGREEN.NS,2025-04-21,956.25,956.25,2149379.0,0.0
ADANIGREEN.NS,2025-04-22,943.2999877929688,943.2999877929688,2283380.0,0.0
ADANIGREEN.NS,2025-04-23,952.5,952.5,2614789.0,0.0
ADANIGREEN.NS,2025-04-24,968.9500122070312,968.9500122070312,3604578.0,0.0
ADANIGREEN.NS,2025-04-25,912.5499877929688,912.5499877929688,6824718.0,0.0
ADANIGREEN.NS,2025-04-28,941.0,941.0,3691409.0,0.0
ADANIGREEN.NS,2025-04-29,922.4000244140625,922.4000244140625,6040053.0,0.0
ADANIGREEN.NS,2025-04-30,900.7000122070312,900.7000122070312,3000004.0,0.0
ADANIGREEN.NS,2025-05-02,905.7000122070312,905.7000122070312,3047594.0,0.0
ADANIGREEN.NS,2025-05-05,965.7000122070312,965.7000122070312,13652180.0,0.0
ADANIGREEN.NS,2025-05-06,923.25,923.25,4153763.0,0.0
ADANIGREEN.NS,2025-05-07,917.25,917.25,3179762.0,0.0
ADANIGREEN.NS,2025-05-08,880.5,880.5,4281975.0,0.0
ADANIGREEN.NS,2025-05-09,879.4500122070312,879.4500122070312,3051122.0,0.0
ADANIGREEN.NS,2025-05-12,940.5499877929688,940.5499877929688,6222615.0,0.0
ADANIGREEN.NS,2025-05-13,958.0499877929688,958.0499877929688,4260617.0,0.0
ADANIGREEN.NS,2025-05-14,967.25,967.25,3634440.0,0.0
ADANIGREEN.NS,2025-05-15,967.9000244140625,967.9000244140625,4951675.0,0.0
ADANIGREEN.NS,2025-05-16,1020.0999755859375,1020.0999755859375,7644511.0,0.0
ADANIGREEN.NS,2025-05-19,1014.0,1014.0,3176879.0,0.0
ADANIGREEN.NS,2025-05-20,983.9500122070312,983.9500122070312,2713486.0,0.0
ADANIGREEN.NS,2025-05-21,996.5,996.5,2228757.0,0.0
ADANIGREEN.NS,2025-05-22,985.8499755859375,985.8499755859375,2233560.0,0.0
ADANIGREEN.NS,2025-05-23,986.9500122070312,986.9500122070312,2538927.0,0.0
ADANIGREEN.NS,2025-05-26,1011.8499755859375,1011.8499755859375,3403161.0,0.0
ADANIGREEN.NS,2025-05-27,1013.0,1013.0,1740741.0,0.0
ADANIGREEN.NS,2025-05-28,1001.8499755859375,1001.8499755859375,2099725.0,0.0
ADANIGREEN.NS,2025-05-29,1019.0499877929688,1019.0499877929688,2700851.0,0.0
ADANIGREEN.NS,2025-05-30,1014.3499755859375,1014.3499755859375,1669801.0,0.0
ADANIGREEN.NS,2025-06-02,1009.0999755859375,1009.0999755859375,2230527.0,0.0
ADANIGREEN.NS,2025-06-03,992.5999755859375,992.5999755859375,2438866.0,0.0
ADANIGREEN.NS,2025-06-04,1004.7999877929688,1004.7999877929688,1700483.0,0.0
ADANIGREEN.NS,2025-06-05,1003.5999755859375,1003.5999755859375,1454736.0,0.0
ADANIGREEN.NS,2025-06-06,1018.7999877929688,1018.7999877929688,2617425.0,0.0
ADANIGREEN.NS,2025-06-09,1034.300048828125,1034.300048828125,3700815.0,0.0
ADANIGREEN.NS,2025-06-10,1060.5,1060.5,5441911.0,0.0
ADANIGREEN.NS,2025-06-11,1046.800048828125,1046.800048828125,2515373.0,0.0
ADANIGREEN.NS,2025-06-12,1015.7999877929688,1015.7999877929688,2183895.0,0.0
ADANIGREEN.NS,2025-06-13,989.5,989.5,2435259.0,0.0
ADANIGREEN.NS,2025-06-16,992.0,992.0,1898670.0,0.0
ADANIGREEN.NS,2025-06-17,977.5,977.5,1281462.0,0.0
ADANIGREEN.NS,2025-06-18,968.9000244140625,968.9000244140625,1632269.0,0.0
ADANIGREEN.NS,2025-06-19,934.0,934.0,2415130.0,0.0
ADANIGREEN.NS,2025-06-20,947.7000122070312,947.7000122070312,3308667.0,0.0
ADANIGREEN.NS,2025-06-23,960.5,960.5,1728394.0,0.0
ADANIGREEN.NS,2025-06-24,987.2999877929688,987.2999877929688,3498494.0,0.0
ADANIGREEN.NS,2025-06-25,981.0999755859375,981.0999755859375,2294587.0,0.0
ADANIGREEN.NS,2025-06-26,992.0,992.0,2254782.0,0.0
ADANIGREEN.NS,2025-06-27,1015.5999755859375,1015.5999755859375,6044564.0,0.0
ADANIGREEN.NS,2025-06-30,1025.5999755859375,1025.5999755859375,2020543.0,0.0
ADANIGREEN.NS,2025-07-01,1015.7000122070312,1015.7000122070312,1836549.0,0.0
ADANIGREEN.NS,2025-07-02,1019.0,1019.0,1307248.0,0.0
ADANIGREEN.NS,2025-07-03,1008.5,1008.5,1234996.0,0.0
ADANIGREEN.NS,2025-07-04,996.7999877929688,996.7999877929688,1565915.0,0.0
ADANIGREEN.NS,2025-07-07,991.0999755859375,991.0999755859375,863077.0,0.0
ADANIGREEN.NS,2025-07-08,992.0,992.0,1069668.0,0.0
ADANIGREEN.NS,2025-07-09,995.2000122070312,995.2000122070312,1480019.0,0.0
ADANIGREEN.NS,2025-07-10,995.7999877929688,995.7999877929688,1057492.0,0.0
ADANIGREEN.NS,2025-07-11,995.2000122070312,995.2000122070312,1850757.0,0.0
ADANIGREEN.NS,2025-07-14,1025.9000244140625,1025.9000244140625,5134094.0,0.0
ADANIGREEN.NS,2025-07-15,1033.0999755859375,1033.0999755859375,2064201.0,0.0
ADANIGREEN.NS,2025-07-16,1038.5999755859375,1038.5999755859375,2548383.0,0.0
ADANIGREEN.NS,2025-07-17,1050.0999755859375,1050.0999755859375,2304002.0,0.0
ADANIGREEN.NS,2025-07-18,1030.199951171875,1030.199951171875,1787665.0,0.0
ADANIGREEN.NS,2025-07-21,1036.5999755859375,1036.5999755859375,877276.0,0.0
ADANIGREEN.NS,2025-07-22,1013.7000122070312,1013.7000122070312,1332756.0,0.0
ADANIGREEN.NS,2025-07-23,1033.9000244140625,1033.9000244140625,1733780.0,0.0
ADANIGREEN.NS,2025-07-24,1020.7000122070312,1020.7000122070312,1295384.0,0.0
ADANIGREEN.NS,2025-07-25,975.9000244140625,975.9000244140625,2521495.0,0.0
ADANIGREEN.NS,2025-07-28,1003.9000244140625,1003.9000244140625,4051716.0,0.0
ADANIGREEN.NS,2025-07-29,1015.5999755859375,1015.5999755859375,3489498.0,0.0
ADANIGREEN.NS,2025-07-30,1009.7000122070312,1009.7000122070312,1365437.0,0.0
ADANIGREEN.NS,2025-07-31,984.7000122070312,984.7000122070312,2062250.0,0.0
ADANIGREEN.NS,2025-08-01,972.5999755859375,972.5999755859375,1800185.0,0.0
ADANIGREEN.NS,2025-08-04,989.7999877929688,989.7999877929688,1280378.0,0.0
ADANIGREEN.NS,2025-08-05,971.75,971.75,1365079.0,0.0
ADANIGREEN.NS,2025-08-06,957.5499877929688,957.5499877929688,1204140.0,0.0
ADANIGREEN.NS,2025-08-07,936.7000122070312,936.7000122070312,3658631.0,0.0
ADANIGREEN.NS,2025-08-08,914.0499877929688,914.0499877929688,2051171.0,0.0
ADANIGREEN.NS,2025-08-11,929.0999755859375,929.0999755859375,1612977.0,0.0
ADANIGREEN.NS,2025-08-12,930.9000244140625,930.9000244140625,1096445.0,0.0
ADANIGREEN.NS,2025-08-13,924.1500244140625,924.1500244140625,1023795.0,0.0
ADANIGREEN.NS,2025-08-14,917.5,917.5,1031515.0,0.0
ADANIGREEN.NS,2025-08-18,941.6500244140625,941.6500244140625,1856211.0,0.0
ADANIGREEN.NS,2025-08-19,973.4000244140625,973.4000244140625,1886130.0,0.0
ADANIGREEN.NS,2025-08-20,975.9500122070312,975.9500122070312,1584174.0,0.0
ADANIGREEN.NS,2025-08-21,966.5999755859375,966.5999755859375,820006.0,0.0
ADANIGREEN.NS,2025-08-22,957.2000122070312,957.2000122070312,946994.0,0.0
ADANIGREEN.NS,2025-08-25,964.0999755859375,964.0999755859375,943859.0,0.0
ADANIGREEN.NS,2025-08-26,931.25,931.25,1462770.0,0.0
ADANIGREEN.NS,2025-08-28,921.1500244140625,921.1500244140625,1308868.0,0.0
ADANIGREEN.NS,2025-08-29,913.5,913.5,1477870.0,0.0
ADANIGREEN.NS,2025-09-01,931.5499877929688,931.5499877929688,839458.0,0.0
ADANIGREEN.NS,2025-09-02,933.8499755859375,933.8499755859375,967218.0,0.0
ADANIGREEN.NS,2025-09-03,935.7000122070312,935.7000122070312,626485.0,0.0
ADANIGREEN.NS,2025-09-04,929.1500244140625,929.1500244140625,865803.0,0.0
ADANIGREEN.NS,2025-09-05,929.3499755859375,929.3499755859375,847676.0,0.0
ADANIGREEN.NS,2025-09-08,937.2000122070312,937.2000122070312,1662382.0,0.0
ADANIGREEN.NS,2025-09-09,943.7000122070312,943.7000122070312,868754.0,0.0
ADANIGREEN.NS,2025-09-10,963.3499755859375,963.3499755859375,1995294.0,0.0
ADANIGREEN.NS,2025-09-11,976.3499755859375,976.3499755859375,3601127.0,0.0
ADANIGREEN.NS,2025-09-12,981.7000122070312,981.7000122070312,1086098.0,0.0
ADANIGREEN.NS,2025-09-15,986.7000122070312,986.7000122070312,924070.0,0.0
ADANIGREEN.NS,2025-09-16,987.8499755859375,987.8499755859375,897176.0,0.0
ADANIGREEN.NS,2025-09-17,979.4500122070312,979.4500122070312,846865.0,0.0
ADANIGREEN.NS,2025-09-18,978.9000244140625,978.9000244140625,992415.0,0.0
ADANIGREEN.NS,2025-09-19,1030.699951171875,1030.699951171875,17650332.0,0.0
ADANIGREEN.NS,2025-09-22,1152.1500244140625,1152.1500244140625,37416287.0,0.0
ADANIGREEN.NS,2025-09-23,1131.449951171875,1131.449951171875,14163567.0,0.0
ADANIGREEN.NS,2025-09-24,1095.25,1095.25,7615653.0,0.0
ADANIGREEN.NS,2025-09-25,1079.550048828125,1079.550048828125,5390958.0,0.0
ADANIGREEN.NS,2025-09-26,1047.4000244140625,1047.4000244140625,3774879.0,0.0
ADANIGREEN.NS,2025-09-29,1035.3499755859375,1035.3499755859375,3108705.0,0.0
ADANIGREEN.NS,2025-09-30,1026.8499755859375,1026.8499755859375,3520751.0,0.0
ADANIGREEN.NS,2025-10-01,1064.699951171875,1064.699951171875,4597346.0,0.0
ADANIGREEN.NS,2025-10-03,1070.300048828125,1070.300048828125,2348127.0,0.0
ADANIGREEN.NS,2025-10-06,1059.4000244140625,1059.4000244140625,1248757.0,0.0
ADANIGREEN.NS,2025-10-07,1060.699951171875,1060.699951171875,3579020.0,0.0
ADANIGREEN.NS,2025-10-08,1045.0999755859375,1045.0999755859375,2026547.0,0.0
ADANIGREEN.NS,2025-10-09,1051.5,1051.5,1148919.0,0.0
ADANIGREEN.NS,2025-10-10,1064.300048828125,1064.300048828125,1335270.0,0.0
ADANIGREEN.NS,2025-10-13,1051.300048828125,1051.300048828125,1572244.0,0.0
ADANIGREEN.NS,2025-10-14,1036.199951171875,1036.199951171875,1757848.0,0.0
ADANIGREEN.NS,2025-10-15,1043.800048828125,1043.800048828125,1161123.0,0.0
ADANIGREEN.NS,2025-10-16,1060.300048828125,1060.300048828125,1742078.0,0.0
ADANIGREEN.NS,2025-10-17,1036.699951171875,1036.699951171875,2132960.0,0.0
ADANIGREEN.NS,2025-10-20,1034.0999755859375,1034.0999755859375,1212007.0,0.0
ADANIGREEN.NS,2025-10-21,1040.0,1040.0,457938.0,0.0
ADANIGREEN.NS,2025-10-23,1044.699951171875,1044.699951171875,1888505.0,0.0
ADANIGREEN.NS,2025-10-24,1031.0999755859375,1031.0999755859375,1202737.0,0.0
ADANIGREEN.NS,2025-10-27,1017.0999755859375,1017.0999755859375,1762358.0,0.0
ADANIGREEN.NS,2025-10-28,1004.2000122070312,1004.2000122070312,1992608.0,0.0
ADANIGREEN.NS,2025-10-29,1112.5999755859375,1112.5999755859375,36232727.0,0.0
ADANIGREEN.NS,2025-10-30,1140.0999755859375,1140.0999755859375,11727335.0,0.0
ADANIGREEN.NS,2025-10-31,1140.0,1140.0,5725034.0,0.0
ADANIGREEN.NS,2025-11-03,1105.199951171875,1105.199951171875,5611025.0,0.0
ADANIGREEN.NS,2025-11-04,1086.4000244140625,1086.4000244140625,3029132.0,0.0
ADANIGREEN.NS,2025-11-06,1060.5,1060.5,2533556.0,0.0
ADANIGREEN.NS,2025-11-07,1059.800048828125,1059.800048828125,3615119.0,0.0
ADANIGREEN.NS,2025-11-10,1041.300048828125,1041.300048828125,2240298.0,0.0
ADANIGREEN.NS,2025-11-11,1044.199951171875,1044.199951171875,1629631.0,0.0
ADANIGREEN.NS,2025-11-12,1070.800048828125,1070.800048828125,4147036.0,0.0
ADANIGREEN.NS,2025-11-13,1076.800048828125,1076.800048828125,1991752.0,0.0
ADANIGREEN.NS,2025-11-14,1068.800048828125,1068.800048828125,3567619.0,0.0
ADANIGREEN.NS,2025-11-17,1088.5999755859375,1088.5999755859375,2888868.0,0.0
ADANIGREEN.NS,2025-11-18,1077.5999755859375,1077.5999755859375,1414894.0,0.0
ADANIGREEN.NS,2025-11-19,1069.9000244140625,1069.9000244140625,2155114.0,0.0
ADANIGREEN.NS,2025-11-20,1060.0,1060.0,1354779.0,0.0
ADANIGREEN.NS,2025-11-21,1030.5,1030.5,2075493.0,0.0
ADANIGREEN.NS,2025-11-24,1009.4000244140625,1009.4000244140625,1618990.0,0.0
ADANIGREEN.NS,2025-11-25,1011.5999755859375,1011.5999755859375,1677553.0,0.0
ADANIGREEN.NS,2025-11-26,1034.4000244140625,1034.4000244140625,1318167.0,0.0
ADANIGREEN.NS,2025-11-27,1031.0999755859375,1031.0999755859375,1543218.0,0.0
ADANIGREEN.NS,2025-11-28,1048.199951171875,1048.199951171875,1626863.0,0.0
ADANIGREEN.NS,2025-12-01,1039.5999755859375,1039.5999755859375,2276452.0,0.0
ADANIGREEN.NS,2025-12-02,1022.5999755859375,1022.5999755859375,1544253.0,0.0
ADANIGREEN.NS,2025-12-03,1012.5999755859375,1012.5999755859375,1508973.0,0.0
ADANIGREEN.NS,2025-12-04,1013.4000244140625,1013.4000244140625,1349599.0,0.0
ADANIGREEN.NS,2025-12-05,1017.7000122070312,1017.7000122070312,1190798.0,0.0
ADANIGREEN.NS,2025-12-08,993.7999877929688,993.7999877929688,1311474.0,0.0
ADANIGREEN.NS,2025-12-09,998.9000244140625,998.9000244140625,2593247.0,0.0
ADANIGREEN.NS,2025-12-10,989.7999877929688,989.7999877929688,3913329.0,0.0
ADANIGREEN.NS,2025-12-11,1018.7999877929688,1018.7999877929688,5927384.0,0.0
ADANIGREEN.NS,2025-12-12,1040.199951171875,1040.199951171875,2615096.0,0.0
ADANIGREEN.NS,2025-12-15,1047.5999755859375,1047.5999755859375,2027683.0,0.0
ADANIGREEN.NS,2025-12-16,1028.199951171875,1028.199951171875,1086779.0,0.0
ADANIGREEN.NS,2025-12-17,1020.7000122070312,1020.7000122070312,1263636.0,0.0
ADANIGREEN.NS,2025-12-18,1011.0,1011.0,1150470.0,0.0
ADANIGREEN.NS,2025-12-19,1020.9000244140625,1020.9000244140625,2498071.0,0.0
ADANIGREEN.NS,2025-12-22,1020.7999877929688,1020.7999877929688,954953.0,0.0
ADANIGREEN.NS,2025-12-23,1016.9000244140625,1016.9000244140625,829273.0,0.0
ADANIGREEN.NS,2025-12-24,1015.0,1015.0,835848.0,0.0
ADANIGREEN.NS,2025-12-26,1018.0999755859375,1018.0999755859375,834022.0,0.0
ADANIGREEN.NS,2025-12-29,1001.9000244140625,1001.9000244140625,830063.0,0.0
ADANIGREEN.NS,2025-12-30,1007.0999755859375,1007.0999755859375,2090689.0,0.0
ADANIGREEN.NS,2025-12-31,1015.0999755859375,1015.0999755859375,637693.0,0.0
ADANIGREEN.NS,2026-01-01,1025.9000244140625,1025.9000244140625,2304811.0,0.0
ADANIGREEN.NS,2026-01-02,1038.800048828125,1038.800048828125,1544713.0,0.0
ADANIGREEN.NS,2026-01-05,1030.5,1030.5,1020610.0,0.0
ADANIGREEN.NS,2026-01-06,1019.4000244140625,1019.4000244140625,891487.0,0.0
ADANIGREEN.NS,2026-01-07,1019.2000122070312,1019.2000122070312,742308.0,0.0
ADANIGREEN.NS,2026-01-08,988.7999877929688,988.7999877929688,1993966.0,0.0
ADANIGREEN.NS,2026-01-09,946.0999755859375,946.0999755859375,2326860.0,0.0
ADANIGREEN.NS,2026-01-12,942.2000122070312,942.2000122070312,2143293.0,0.0
ADANIGREEN.NS,2026-01-13,936.7000122070312,936.7000122070312,2066428.0,0.0
ADANIGREEN.NS,2026-01-14,935.2999877929688,935.2999877929688,774904.0,0.0
ADANIGREEN.NS,2026-01-15,935.2999877929688,935.2999877929688,0.0,0.0
ADANIGREEN.NS,2026-01-16,930.0999755859375,930.0999755859375,1088002.0,0.0
ADANIGREEN.NS,2026-01-19,914.0,914.0,1203147.0,0.0
ADANIGREEN.NS,2026-01-20,883.2000122070312,883.2000122070312,2195862.0,0.0
ADANIGREEN.NS,2026-01-21,878.7000122070312,878.7000122070312,2259912.0,0.0
ADANIGREEN.NS,2026-01-22,904.2999877929688,904.2999877929688,1851769.0,0.0
ADANIGREEN.NS,2026-01-23,772.7999877929688,772.7999877929688,22973223.0,0.0
ADANIGREEN.NS,2026-01-27,799.0999755859375,799.0999755859375,13752483.0,0.0
ADANIGREEN.NS,2026-01-28,822.9000244140625,822.9000244140625,4377377.0,0.0
ADANIGREEN.NS,2026-01-29,858.7999877929688,858.7999877929688,7356835.0,0.0
ADANIGREEN.NS,2026-01-30,852.2999877929688,852.2999877929688,2887230.0,0.0
ADANIGREEN.NS,2026-02-02,843.9500122070312,843.9500122070312,3922655.0,0.0
ADANIGREEN.NS,2026-02-03,932.0999755859375,932.0999755859375,10826968.0,0.0
ADANIGREEN.NS,2026-02-04,954.4500122070312,954.4500122070312,4230654.0,0.0
ADANIGREEN.NS,2026-02-05,967.1500244140625,967.1500244140625,3102511.0,0.0
ADANIGREEN.NS,2026-02-06,971.8499755859375,971.8499755859375,1608144.0,0.0
ADANIGREEN.NS,2026-02-09,982.6500244140625,982.6500244140625,1645440.0,0.0
ADANIGREEN.NS,2026-02-10,978.2999877929688,978.2999877929688,2057124.0,0.0
ADANIGREEN.NS,2026-02-11,994.75,994.75,1489346.0,0.0
ADANIPOWER.NS,2025-02-11,99.62999725341797,99.62999725341797,60082935.0,0.0
ADANIPOWER.NS,2025-02-12,100.3499984741211,100.3499984741211,31586455.0,0.0
ADANIPOWER.NS,2025-02-13,99.62999725341797,99.62999725341797,17541020.0,0.0
ADANIPOWER.NS,2025-02-14,97.7300033569336,97.7300033569336,16464635.0,0.0
ADANIPOWER.NS,2025-02-17,98.05000305175781,98.05000305175781,19312090.0,0.0
ADANIPOWER.NS,2025-02-18,96.94999694824219,96.94999694824219,12557390.0,0.0
ADANIPOWER.NS,2025-02-19,96.51000213623047,96.51000213623047,15965450.0,0.0
ADANIPOWER.NS,2025-02-20,96.86000061035156,96.86000061035156,18905435.0,0.0
ADANIPOWER.NS,2025-02-21,95.7300033569336,95.7300033569336,11697470.0,0.0
ADANIPOWER.NS,2025-02-24,94.0199966430664,94.0199966430664,9630520.0,0.0
ADANIPOWER.NS,2025-02-25,99.55999755859375,99.55999755859375,126181300.0,0.0
ADANIPOWER.NS,2025-02-27,99.44999694824219,99.44999694824219,44184170.0,0.0
ADANIPOWER.NS,2025-02-28,95.79000091552734,95.79000091552734,33023660.0,0.0
ADANIPOWER.NS,2025-03-03,96.62999725341797,96.62999725341797,29216705.0,0.0
ADANIPOWER.NS,2025-03-04,96.6500015258789,96.6500015258789,13614020.0,0.0
ADANIPOWER.NS,2025-03-05,101.11000061035156,101.11000061035156,42530870.0,0.0
ADANIPOWER.NS,2025-03-06,100.62999725341797,100.62999725341797,17804145.0,0.0
ADANIPOWER.NS,2025-03-07,101.2300033569336,101.2300033569336,19450080.0,0.0
ADANIPOWER.NS,2025-03-10,101.01000213623047,101.01000213623047,59513285.0,0.0
ADANIPOWER.NS,2025-03-11,102.02999877929688,102.02999877929688,23043220.0,0.0
ADANIPOWER.NS,2025-03-12,102.47000122070312,102.47000122070312,20615490.0,0.0
ADANIPOWER.NS,2025-03-13,102.4000015258789,102.4000015258789,25513065.0,0.0
ADANIPOWER.NS,2025-03-17,102.23999786376953,102.23999786376953,15531785.0,0.0
ADANIPOWER.NS,2025-03-18,102.23999786376953,102.23999786376953,0.0,0.0
ADANIPOWER.NS,2025-03-19,104.19999694824219,104.19999694824219,18174890.0,0.0
ADANIPOWER.NS,2025-03-20,103.93000030517578,103.93000030517578,12460085.0,0.0
ADANIPOWER.NS,2025-03-21,104.41999816894531,104.41999816894531,39309170.0,0.0
ADANIPOWER.NS,2025-03-24,104.79000091552734,104.79000091552734,17588845.0,0.0
ADANIPOWER.NS,2025-03-25,101.54000091552734,101.54000091552734,17586390.0,0.0
ADANIPOWER.NS,2025-03-26,99.56999969482422,99.56999969482422,18561780.0,0.0
ADANIPOWER.NS,2025-03-27,103.9800033569336,103.9800033569336,36621845.0,0.0
ADANIPOWER.NS,2025-03-28,101.86000061035156,101.86000061035156,25871235.0,0.0
ADANIPOWER.NS,2025-04-01,100.94000244140625,100.94000244140625,11794865.0,0.0
ADANIPOWER.NS,2025-04-02,102.70999908447266,102.70999908447266,15972735.0,0.0
ADANIPOWER.NS,2025-04-03,105.7699966430664,105.7699966430664,41657105.0,0.0
ADANIPOWER.NS,2025-04-04,106.51000213623047,106.51000213623047,44705885.0,0.0
ADANIPOWER.NS,2025-04-07,101.98999786376953,101.98999786376953,39423010.0,0.0
ADANIPOWER.NS,2025-04-08,102.70999908447266,102.70999908447266,19084945.0,0.0
ADANIPOWER.NS,2025-04-09,101.69000244140625,101.69000244140625,9316855.0,0.0
ADANIPOWER.NS,2025-04-11,103.6500015258789,103.6500015258789,15982600.0,0.0
ADANIPOWER.NS,2025-04-15,108.44000244140625,108.44000244140625,40275730.0,0.0
ADANIPOWER.NS,2025-04-16,109.11000061035156,109.11000061035156,13507195.0,0.0
ADANIPOWER.NS,2025-04-17,109.94000244140625,109.94000244140625,32955080.0,0.0
ADANIPOWER.NS,2025-04-21,113.80999755859375,113.80999755859375,49675500.0,0.0
ADANIPOWER.NS,2025-04-22,114.66999816894531,114.66999816894531,19810145.0,0.0
ADANIPOWER.NS,2025-04-23,115.87999725341797,115.87999725341797,21212725.0,0.0
ADANIPOWER.NS,2025-04-24,115.16999816894531,115.16999816894531,14521505.0,0.0
ADANIPOWER.NS,2025-04-25,109.87000274658203,109.87000274658203,38828540.0,0.0
ADANIPOWER.NS,2025-04-28,110.55000305175781,110.55000305175781,19832845.0,0.0
ADANIPOWER.NS,2025-04-29,109.7300033569336,109.7300033569336,14598175.0,0.0
ADANIPOWER.NS,2025-04-30,106.41000366210938,106.41000366210938,26027090.0,0.0
ADANIPOWER.NS,2025-05-02,105.27999877929688,105.27999877929688,18021060.0,0.0
ADANIPOWER.NS,2025-05-05,111.29000091552734,111.29000091552734,136045365.0,0.0
ADANIPOWER.NS,2025-05-06,107.20999908447266,107.20999908447266,40326215.0,0.0
ADANIPOWER.NS,2025-05-07,106.38999938964844,106.38999938964844,30004955.0,0.0
ADANIPOWER.NS,2025-05-08,104.04000091552734,104.04000091552734,26223815.0,0.0
ADANIPOWER.NS,2025-05-09,102.4000015258789,102.4000015258789,21353120.0,0.0
ADANIPOWER.NS,2025-05-12,109.30999755859375,109.30999755859375,32049350.0,0.0
ADANIPOWER.NS,2025-05-13,107.75,107.75,27788610.0,0.0
ADANIPOWER.NS,2025-05-14,107.95999908447266,107.95999908447266,17970600.0,0.0
ADANIPOWER.NS,2025-05-15,108.62000274658203,108.62000274658203,17751625.0,0.0
ADANIPOWER.NS,2025-05-16,113.0999984741211,113.0999984741211,49525610.0,0.0
ADANIPOWER.NS,2025-05-19,112.44999694824219,112.44999694824219,18979610.0,0.0
ADANIPOWER.NS,2025-05-20,111.23999786376953,111.23999786376953,17156030.0,0.0
ADANIPOWER.NS,2025-05-21,110.25,110.25,13376865.0,0.0
ADANIPOWER.NS,2025-05-22,110.73999786376953,110.73999786376953,14943250.0,0.0
ADANIPOWER.NS,2025-05-23,110.63999938964844,110.63999938964844,12026850.0,0.0
ADANIPOWER.NS,2025-05-26,111.72000122070312,111.72000122070312,19173970.0,0.0
ADANIPOWER.NS,2025-05-27,110.51000213623047,110.51000213623047,13868320.0,0.0
ADANIPOWER.NS,2025-05-28,110.13999938964844,110.13999938964844,24560695.0,0.0
ADANIPOWER.NS,2025-05-29,110.38999938964844,110.38999938964844,12881605.0,0.0
ADANIPOWER.NS,2025-05-30,108.76000213623047,108.76000213623047,15370475.0,0.0
ADANIPOWER.NS,2025-06-02,111.0199966430664,111.0199966430664,17794610.0,0.0
ADANIPOWER.NS,2025-06-03,108.91999816894531,108.91999816894531,12927105.0,0.0
ADANIPOWER.NS,2025-06-04,109.02999877929688,109.02999877929688,13008395.0,0.0
ADANIPOWER.NS,2025-06-05,109.52999877929688,109.52999877929688,9616705.0,0.0
ADANIPOWER.NS,2025-06-06,111.05000305175781,111.05000305175781,20056905.0,0.0
ADANIPOWER.NS,2025-06-09,112.62000274658203,112.62000274658203,23617970.0,0.0
ADANIPOWER.NS,2025-06-10,119.20999908447266,119.20999908447266,150425895.0,0.0
ADANIPOWER.NS,2025-06-11,117.41000366210938,117.41000366210938,43819250.0,0.0
ADANIPOWER.NS,2025-06-12,113.43000030517578,113.43000030517578,25698510.0,0.0
ADANIPOWER.NS,2025-06-13,114.18000030517578,114.18000030517578,29630645.0,0.0
ADANIPOWER.NS,2025-06-16,112.58999633789062,112.58999633789062,13945785.0,0.0
ADANIPOWER.NS,2025-06-17,111.63999938964844,111.63999938964844,9820175.0,0.0
ADANIPOWER.NS,2025-06-18,110.16000366210938,110.16000366210938,10063160.0,0.0
ADANIPOWER.NS,2025-06-19,107.30000305175781,107.30000305175781,13568940.0,0.0
ADANIPOWER.NS,2025-06-20,106.05000305175781,106.05000305175781,47738495.0,0.0
ADANIPOWER.NS,2025-06-23,107.5999984741211,107.5999984741211,15234695.0,0.0
ADANIPOWER.NS,2025-06-24,109.37000274658203,109.37000274658203,20572930.0,0.0
ADANIPOWER.NS,2025-06-25,111.4000015258789,111.4000015258789,17171020.0,0.0
ADANIPOWER.NS,2025-06-26,115.62999725341797,115.62999725341797,30618905.0,0.0
ADANIPOWER.NS,2025-06-27,116.87000274658203,116.87000274658203,78220455.0,0.0
ADANIPOWER.NS,2025-06-30,117.1500015258789,117.1500015258789,22731315.0,0.0
ADANIPOWER.NS,2025-07-01,118.27999877929688,118.27999877929688,40265290.0,0.0
ADANIPOWER.NS,2025-07-02,118.27999877929688,118.27999877929688,20389805.0,0.0
ADANIPOWER.NS,2025-07-03,117.58000183105469,117.58000183105469,18364010.0,0.0
ADANIPOWER.NS,2025-07-04,116.95999908447266,116.95999908447266,10892800.0,0.0
ADANIPOWER.NS,2025-07-07,119.43000030517578,119.43000030517578,21546290.0,0.0
ADANIPOWER.NS,2025-07-08,120.0,120.0,49616840.0,0.0
ADANIPOWER.NS,2025-07-09,120.43000030517578,120.43000030517578,27100765.0,0.0
ADANIPOWER.NS,2025-07-10,121.16000366210938,121.16000366210938,74692330.0,0.0
ADANIPOWER.NS,2025-07-11,120.79000091552734,120.79000091552734,20236400.0,0.0
ADANIPOWER.NS,2025-07-14,121.91000366210938,121.91000366210938,37017980.0,0.0
ADANIPOWER.NS,2025-07-15,121.62000274658203,121.62000274658203,19422015.0,0.0
ADANIPOWER.NS,2025-07-16,120.97000122070312,120.97000122070312,18549555.0,0.0
ADANIPOWER.NS,2025-07-17,119.7300033569336,119.7300033569336,17579230.0,0.0
ADANIPOWER.NS,2025-07-18,118.93000030517578,118.93000030517578,15522320.0,0.0
ADANIPOWER.NS,2025-07-21,119.31999969482422,119.31999969482422,10219500.0,0.0
ADANIPOWER.NS,2025-07-22,118.11000061035156,118.11000061035156,10394955.0,0.0
ADANIPOWER.NS,2025-07-23,117.79000091552734,117.79000091552734,9600185.0,0.0
ADANIPOWER.NS,2025-07-24,117.1500015258789,117.1500015258789,8155545.0,0.0
ADANIPOWER.NS,2025-07-25,114.0,114.0,11502865.0,0.0
ADANIPOWER.NS,2025-07-28,114.12999725341797,114.12999725341797,13411220.0,0.0
ADANIPOWER.NS,2025-07-29,118.51000213623047,118.51000213623047,25852680.0,0.0
ADANIPOWER.NS,2025-07-30,117.94000244140625,117.94000244140625,14559345.0,0.0
ADANIPOWER.NS,2025-07-31,117.62000274658203,117.62000274658203,12731180.0,0.0
ADANIPOWER.NS,2025-08-01,113.4000015258789,113.4000015258789,31074800.0,0.0
ADANIPOWER.NS,2025-08-04,116.80000305175781,116.80000305175781,13675050.0,0.0
ADANIPOWER.NS,2025-08-05,115.9000015258789,115.9000015258789,7599355.0,0.0
ADANIPOWER.NS,2025-08-06,113.48999786376953,113.48999786376953,7604560.0,0.0
ADANIPOWER.NS,2025-08-07,115.79000091552734,115.79000091552734,35743505.0,0.0
ADANIPOWER.NS,2025-08-08,115.37999725341797,115.37999725341797,12842060.0,0.0
ADANIPOWER.NS,2025-08-11,118.77999877929688,118.77999877929688,15152450.0,0.0
ADANIPOWER.NS,2025-08-12,118.30000305175781,118.30000305175781,11412935.0,0.0
ADANIPOWER.NS,2025-08-13,117.12000274658203,117.12000274658203,9023465.0,0.0
ADANIPOWER.NS,2025-08-14,116.80999755859375,116.80999755859375,4808835.0,0.0
ADANIPOWER.NS,2025-08-18,119.75,119.75,16063980.0,0.0
ADANIPOWER.NS,2025-08-19,121.19999694824219,121.19999694824219,14088205.0,0.0
ADANIPOWER.NS,2025-08-20,119.98999786376953,119.98999786376953,7009015.0,0.0
ADANIPOWER.NS,2025-08-21,119.23999786376953,119.23999786376953,4971675.0,0.0
ADANIPOWER.NS,2025-08-22,118.86000061035156,118.86000061035156,6382785.0,0.0
ADANIPOWER.NS,2025-08-25,121.12999725341797,121.12999725341797,13437945.0,0.0
ADANIPOWER.NS,2025-08-26,118.41999816894531,118.41999816894531,11295845.0,0.0
ADANIPOWER.NS,2025-08-28,118.98999786376953,118.98999786376953,14019215.0,0.0
ADANIPOWER.NS,2025-08-29,120.12999725341797,120.12999725341797,18095490.0,0.0
ADANIPOWER.NS,2025-09-01,121.37000274658203,121.37000274658203,16641785.0,0.0
ADANIPOWER.NS,2025-09-02,121.66999816894531,121.66999816894531,10754495.0,0.0
ADANIPOWER.NS,2025-09-03,121.86000061035156,121.86000061035156,15352340.0,0.0
ADANIPOWER.NS,2025-09-04,121.73999786376953,121.73999786376953,9098085.0,0.0
ADANIPOWER.NS,2025-09-05,121.94000244140625,121.94000244140625,9972395.0,0.0
ADANIPOWER.NS,2025-09-08,126.7699966430664,126.7699966430664,84739285.0,0.0
ADANIPOWER.NS,2025-09-09,128.72999572753906,128.72999572753906,27736530.0,0.0
ADANIPOWER.NS,2025-09-10,126.88999938964844,126.88999938964844,31778295.0,0.0
ADANIPOWER.NS,2025-09-11,124.93000030517578,124.93000030517578,298010915.0,0.0
ADANIPOWER.NS,2025-09-12,129.7100067138672,129.7100067138672,46407935.0,0.0
ADANIPOWER.NS,2025-09-15,128.8300018310547,128.8300018310547,38903655.0,0.0
ADANIPOWER.NS,2025-09-16,127.47000122070312,127.47000122070312,22723225.0,0.0
ADANIPOWER.NS,2025-09-17,126.0999984741211,126.0999984741211,20887965.0,0.0
ADANIPOWER.NS,2025-09-18,126.2699966430664,126.2699966430664,19876310.0,0.0
ADANIPOWER.NS,2025-09-19,141.8800048828125,141.8800048828125,431620030.0,0.0
ADANIPOWER.NS,2025-09-22,170.25,170.25,134757185.0,5.0
ADANIPOWER.NS,2025-09-23,162.35000610351562,162.35000610351562,192595137.0,0.0
ADANIPOWER.NS,2025-09-24,144.5,144.5,135960455.0,0.0
ADANIPOWER.NS,2025-09-25,149.0,149.0,158371401.0,0.0
ADANIPOWER.NS,2025-09-26,146.25,146.25,65042463.0,0.0
ADANIPOWER.NS,2025-09-29,146.64999389648438,146.64999389648438,43205955.0,0.0
ADANIPOWER.NS,2025-09-30,144.64999389648438,144.64999389648438,22474749.0,0.0
ADANIPOWER.NS,2025-10-01,152.50999450683594,152.50999450683594,63059546.0,0.0
ADANIPOWER.NS,2025-10-03,147.3800048828125,147.3800048828125,124141027.0,0.0
ADANIPOWER.NS,2025-10-06,151.99000549316406,151.99000549316406,68647669.0,0.0
ADANIPOWER.NS,2025-10-07,151.47999572753906,151.47999572753906,55385781.0,0.0
ADANIPOWER.NS,2025-10-08,148.77999877929688,148.77999877929688,45821449.0,0.0
ADANIPOWER.NS,2025-10-09,148.91000366210938,148.91000366210938,26066621.0,0.0
ADANIPOWER.NS,2025-10-10,149.6999969482422,149.6999969482422,23705398.0,0.0
ADANIPOWER.NS,2025-10-13,154.42999267578125,154.42999267578125,64933221.0,0.0
ADANIPOWER.NS,2025-10-14,154.89999389648438,154.89999389648438,52873531.0,0.0
ADANIPOWER.NS,2025-10-15,157.50999450683594,157.50999450683594,64552739.0,0.0
ADANIPOWER.NS,2025-10-16,157.3699951171875,157.3699951171875,111085386.0,0.0
ADANIPOWER.NS,2025-10-17,165.97999572753906,165.97999572753906,170754425.0,0.0
ADANIPOWER.NS,2025-10-20,170.3000030517578,170.3000030517578,107477254.0,0.0
ADANIPOWER.NS,2025-10-21,170.77999877929688,170.77999877929688,26425161.0,0.0
ADANIPOWER.NS,2025-10-23,165.25999450683594,165.25999450683594,55330926.0,0.0
ADANIPOWER.NS,2025-10-24,167.72000122070312,167.72000122070312,44515519.0,0.0
ADANIPOWER.NS,2025-10-27,162.9600067138672,162.9600067138672,51617783.0,0.0
ADANIPOWER.NS,2025-10-28,162.3300018310547,162.3300018310547,29992980.0,0.0
ADANIPOWER.NS,2025-10-29,162.10000610351562,162.10000610351562,67870076.0,0.0
ADANIPOWER.NS,2025-10-30,162.57000732421875,162.57000732421875,64990603.0,0.0
ADANIPOWER.NS,2025-10-31,157.85000610351562,157.85000610351562,44708746.0,0.0
ADANIPOWER.NS,2025-11-03,156.72999572753906,156.72999572753906,22320044.0,0.0
ADANIPOWER.NS,2025-11-04,158.38999938964844,158.38999938964844,41404679.0,0.0
ADANIPOWER.NS,2025-11-06,153.1699981689453,153.1699981689453,24262835.0,0.0
ADANIPOWER.NS,2025-11-07,151.47999572753906,151.47999572753906,36644118.0,0.0
ADANIPOWER.NS,2025-11-10,150.05999755859375,150.05999755859375,19497818.0,0.0
ADANIPOWER.NS,2025-11-11,151.1699981689453,151.1699981689453,42377702.0,0.0
ADANIPOWER.NS,2025-11-12,151.97999572753906,151.97999572753906,27328382.0,0.0
ADANIPOWER.NS,2025-11-13,151.85000610351562,151.85000610351562,20557325.0,0.0
ADANIPOWER.NS,2025-11-14,153.91000366210938,153.91000366210938,26821173.0,0.0
ADANIPOWER.NS,2025-11-17,153.27999877929688,153.27999877929688,15162500.0,0.0
ADANIPOWER.NS,2025-11-18,149.5500030517578,149.5500030517578,22500220.0,0.0
ADANIPOWER.NS,2025-11-19,151.61000061035156,151.61000061035156,21355345.0,0.0
ADANIPOWER.NS,2025-11-20,151.4600067138672,151.4600067138672,11439592.0,0.0
ADANIPOWER.NS,2025-11-21,149.1199951171875,149.1199951171875,9642165.0,0.0
ADANIPOWER.NS,2025-11-24,145.44000244140625,145.44000244140625,13878210.0,0.0
ADANIPOWER.NS,2025-11-25,146.83999633789062,146.83999633789062,10803663.0,0.0
ADANIPOWER.NS,2025-11-26,148.6199951171875,148.6199951171875,10550909.0,0.0
ADANIPOWER.NS,2025-11-27,148.1300048828125,148.1300048828125,19409495.0,0.0
ADANIPOWER.NS,2025-11-28,147.49000549316406,147.49000549316406,10052836.0,0.0
ADANIPOWER.NS,2025-12-01,147.33999633789062,147.33999633789062,7759359.0,0.0
ADANIPOWER.NS,2025-12-02,146.75999450683594,146.75999450683594,6392786.0,0.0
ADANIPOWER.NS,2025-12-03,144.97000122070312,144.97000122070312,10331583.0,0.0
ADANIPOWER.NS,2025-12-04,142.72999572753906,142.72999572753906,11150119.0,0.0
ADANIPOWER.NS,2025-12-05,143.77999877929688,143.77999877929688,7231083.0,0.0
ADANIPOWER.NS,2025-12-08,139.0399932861328,139.0399932861328,14985881.0,0.0
ADANIPOWER.NS,2025-12-09,141.8000030517578,141.8000030517578,20828393.0,0.0
ADANIPOWER.NS,2025-12-10,141.17999267578125,141.17999267578125,7793397.0,0.0
ADANIPOWER.NS,2025-12-11,140.5800018310547,140.5800018310547,10479243.0,0.0
ADANIPOWER.NS,2025-12-12,144.49000549316406,144.49000549316406,13450435.0,0.0
ADANIPOWER.NS,2025-12-15,144.3800048828125,144.3800048828125,8949057.0,0.0
ADANIPOWER.NS,2025-12-16,145.3300018310547,145.3300018310547,12127744.0,0.0
ADANIPOWER.NS,2025-12-17,143.0,143.0,9798422.0,0.0
ADANIPOWER.NS,2025-12-18,141.3000030517578,141.3000030517578,6848190.0,0.0
ADANIPOWER.NS,2025-12-19,141.75999450683594,141.75999450683594,7869675.0,0.0
ADANIPOWER.NS,2025-12-22,143.25,143.25,9612058.0,0.0
ADANIPOWER.NS,2025-12-23,144.3000030517578,144.3000030517578,7437606.0,0.0
ADANIPOWER.NS,2025-12-24,143.16000366210938,143.16000366210938,7905799.0,0.0
ADANIPOWER.NS,2025-12-26,142.19000244140625,142.19000244140625,7682604.0,0.0
ADANIPOWER.NS,2025-12-29,140.44000244140625,140.44000244140625,7527164.0,0.0
ADANIPOWER.NS,2025-12-30,144.64999389648438,144.64999389648438,15926892.0,0.0
ADANIPOWER.NS,2025-12-31,142.99000549316406,142.99000549316406,8469921.0,0.0
ADANIPOWER.NS,2026-01-01,148.75999450683594,148.75999450683594,64003449.0,0.0
ADANIPOWER.NS,2026-01-02,148.1699981689453,148.1699981689453,14413809.0,0.0
ADANIPOWER.NS,2026-01-05,146.1999969482422,146.1999969482422,15844789.0,0.0
ADANIPOWER.NS,2026-01-06,147.5500030517578,147.5500030517578,14511973.0,0.0
ADANIPOWER.NS,2026-01-07,146.3699951171875,146.3699951171875,7285671.0,0.0
ADANIPOWER.NS,2026-01-08,142.88999938964844,142.88999938964844,9862895.0,0.0
ADANIPOWER.NS,2026-01-09,141.67999267578125,141.67999267578125,11323782.0,0.0
ADANIPOWER.NS,2026-01-12,142.5399932861328,142.5399932861328,10353052.0,0.0
ADANIPOWER.NS,2026-01-13,143.3800048828125,143.3800048828125,7267061.0,0.0
ADANIPOWER.NS,2026-01-14,142.77000427246094,142.77000427246094,7290553.0,0.0
ADANIPOWER.NS,2026-01-15,142.77000427246094,142.77000427246094,0.0,0.0
ADANIPOWER.NS,2026-01-16,142.6300048828125,142.6300048828125,8651198.0,0.0
ADANIPOWER.NS,2026-01-19,140.55999755859375,140.55999755859375,8355757.0,0.0
ADANIPOWER.NS,2026-01-20,137.47999572753906,137.47999572753906,15689961.0,0.0
ADANIPOWER.NS,2026-01-21,137.6300048828125,137.6300048828125,19416781.0,0.0
ADANIPOWER.NS,2026-01-22,140.9199981689453,140.9199981689453,10758034.0,0.0
ADANIPOWER.NS,2026-01-23,132.9600067138672,132.9600067138672,52434571.0,0.0
ADANIPOWER.NS,2026-01-27,134.5,134.5,24095155.0,0.0
ADANIPOWER.NS,2026-01-28,134.72000122070312,134.72000122070312,14843718.0,0.0
ADANIPOWER.NS,2026-01-29,133.8800048828125,133.8800048828125,26866171.0,0.0
ADANIPOWER.NS,2026-01-30,135.3800048828125,135.3800048828125,15157606.0,0.0
ADANIPOWER.NS,2026-02-02,134.60000610351562,134.60000610351562,10586714.0,0.0
ADANIPOWER.NS,2026-02-03,143.6199951171875,143.6199951171875,54947535.0,0.0
ADANIPOWER.NS,2026-02-04,155.2899932861328,155.2899932861328,78428934.0,0.0
ADANIPOWER.NS,2026-02-05,153.4499969482422,153.4499969482422,26958184.0,0.0
ADANIPOWER.NS,2026-02-06,152.74000549316406,152.74000549316406,17334858.0,0.0
ADANIPOWER.NS,2026-02-09,151.3699951171875,151.3699951171875,13739514.0,0.0
ADANIPOWER.NS,2026-02-10,149.0500030517578,149.0500030517578,17009549.0,0.0
ADANIPOWER.NS,2026-02-11,150.91000366210938,150.91000366210938,10692968.0,0.0
AMBUJACEM.NS,2025-02-11,499.8999938964844,498.0766906738281,2784189.0,0.0
AMBUJACEM.NS,2025-02-12,501.1000061035156,499.2723388671875,1909072.0,0.0
AMBUJACEM.NS,2025-02-13,502.5,500.6672058105469,1036149.0,0.0
AMBUJACEM.NS,2025-02-14,489.5,487.7146301269531,2619355.0,0.0
AMBUJACEM.NS,2025-02-17,488.29998779296875,486.5190124511719,2529934.0,0.0
AMBUJACEM.NS,2025-02-18,486.75,484.97467041015625,2265606.0,0.0
AMBUJACEM.NS,2025-02-19,479.8999938964844,478.1496276855469,1721933.0,0.0
AMBUJACEM.NS,2025-02-20,482.8500061035156,481.0888977050781,1676642.0,0.0
AMBUJACEM.NS,2025-02-21,481.95001220703125,480.1921691894531,3329038.0,0.0
AMBUJACEM.NS,2025-02-24,470.3999938964844,468.6842956542969,2118594.0,0.0
AMBUJACEM.NS,2025-02-25,469.25,467.5384826660156,3465845.0,0.0
AMBUJACEM.NS,2025-02-27,469.79998779296875,468.08648681640625,4261863.0,0.0
AMBUJACEM.NS,2025-02-28,464.95001220703125,463.2541809082031,3502154.0,0.0
AMBUJACEM.NS,2025-03-03,471.79998779296875,470.0791931152344,2019207.0,0.0
AMBUJACEM.NS,2025-03-04,475.0,473.26751708984375,1247846.0,0.0
AMBUJACEM.NS,2025-03-05,491.1000061035156,489.3088073730469,2223913.0,0.0
AMBUJACEM.NS,2025-03-06,498.5,496.6817932128906,3280234.0,0.0
AMBUJACEM.NS,2025-03-07,499.79998779296875,497.97705078125,1851476.0,0.0
AMBUJACEM.NS,2025-03-10,489.6000061035156,487.81427001953125,1626327.0,0.0
AMBUJACEM.NS,2025-03-11,495.54998779296875,493.7425537109375,1903051.0,0.0
AMBUJACEM.NS,2025-03-12,489.20001220703125,487.4157409667969,2004582.0,0.0
AMBUJACEM.NS,2025-03-13,485.79998779296875,484.0281066894531,1626551.0,0.0
AMBUJACEM.NS,2025-03-17,490.54998779296875,488.76080322265625,2759538.0,0.0
AMBUJACEM.NS,2025-03-18,490.54998779296875,488.76080322265625,0.0,0.0
AMBUJACEM.NS,2025-03-19,507.04998779296875,505.20062255859375,1284144.0,0.0
AMBUJACEM.NS,2025-03-20,504.70001220703125,502.85919189453125,1239801.0,0.0
AMBUJACEM.NS,2025-03-21,514.5,512.6234741210938,4271244.0,0.0
AMBUJACEM.NS,2025-03-24,519.2999877929688,517.4059448242188,2892707.0,0.0
AMBUJACEM.NS,2025-03-25,520.5499877929688,518.6513671875,6690237.0,0.0
AMBUJACEM.NS,2025-03-26,532.4500122070312,530.5079956054688,4409160.0,0.0
AMBUJACEM.NS,2025-03-27,542.7999877929688,540.8201904296875,3250046.0,0.0
AMBUJACEM.NS,2025-03-28,538.3499755859375,536.3864135742188,1557007.0,0.0
AMBUJACEM.NS,2025-04-01,529.9000244140625,527.96728515625,953159.0,0.0
AMBUJACEM.NS,2025-04-02,534.0499877929688,532.1021118164062,1395075.0,0.0
AMBUJACEM.NS,2025-04-03,540.7000122070312,538.7279052734375,857218.0,0.0
AMBUJACEM.NS,2025-04-04,528.2000122070312,526.2734985351562,1254580.0,0.0
AMBUJACEM.NS,2025-04-07,525.2000122070312,523.284423828125,3055609.0,0.0
AMBUJACEM.NS,2025-04-08,536.7999877929688,534.8421020507812,1899103.0,0.0
AMBUJACEM.NS,2025-04-09,547.7999877929688,545.802001953125,4262270.0,0.0
AMBUJACEM.NS,2025-04-11,548.6500244140625,546.64892578125,3541770.0,0.0
AMBUJACEM.NS,2025-04-15,558.0499877929688,556.0145874023438,2937116.0,0.0
AMBUJACEM.NS,2025-04-16,565.75,563.6865234375,3073452.0,0.0
AMBUJACEM.NS,2025-04-17,569.7999877929688,567.7217407226562,2468247.0,0.0
AMBUJACEM.NS,2025-04-21,578.9000244140625,576.78857421875,3429479.0,0.0
AMBUJACEM.NS,2025-04-22,577.9000244140625,575.792236328125,4202944.0,0.0
AMBUJACEM.NS,2025-04-23,574.3499755859375,572.255126953125,2666108.0,0.0
AMBUJACEM.NS,2025-04-24,572.0,569.9137573242188,4092552.0,0.0
AMBUJACEM.NS,2025-04-25,548.7000122070312,546.69873046875,3491060.0,0.0
AMBUJACEM.NS,2025-04-28,544.9500122070312,542.96240234375,2686840.0,0.0
AMBUJACEM.NS,2025-04-29,533.9500122070312,532.0025024414062,7512372.0,0.0
AMBUJACEM.NS,2025-04-30,539.7000122070312,537.7315673828125,5851731.0,0.0
AMBUJACEM.NS,2025-05-02,528.4500122070312,526.5225830078125,2360666.0,0.0
AMBUJACEM.NS,2025-05-05,541.4000244140625,539.4253540039062,8102588.0,0.0
AMBUJACEM.NS,2025-05-06,535.1500244140625,533.1981811523438,3127458.0,0.0
AMBUJACEM.NS,2025-05-07,535.2000122070312,533.2479858398438,4047668.0,0.0
AMBUJACEM.NS,2025-05-08,524.4000244140625,522.4873657226562,3213287.0,0.0
AMBUJACEM.NS,2025-05-09,527.4500122070312,525.5262451171875,1880094.0,0.0
AMBUJACEM.NS,2025-05-12,541.6500244140625,539.6744384765625,1225930.0,0.0
AMBUJACEM.NS,2025-05-13,536.9000244140625,534.9417724609375,3438632.0,0.0
AMBUJACEM.NS,2025-05-14,543.5999755859375,541.6173095703125,2627027.0,0.0
AMBUJACEM.NS,2025-05-15,547.5499877929688,545.5529174804688,3683829.0,0.0
AMBUJACEM.NS,2025-05-16,563.5,561.4447021484375,3560785.0,0.0
AMBUJACEM.NS,2025-05-19,565.5499877929688,563.4872436523438,2203178.0,0.0
AMBUJACEM.NS,2025-05-20,562.0499877929688,560.0,1767473.0,0.0
AMBUJACEM.NS,2025-05-21,567.7999877929688,565.7290649414062,1295557.0,0.0
AMBUJACEM.NS,2025-05-22,567.75,565.6792602539062,1559623.0,0.0
AMBUJACEM.NS,2025-05-23,570.9000244140625,568.8177490234375,1332383.0,0.0
AMBUJACEM.NS,2025-05-26,567.1500244140625,565.0814208984375,1001361.0,0.0
AMBUJACEM.NS,2025-05-27,562.7000122070312,560.6476440429688,1515100.0,0.0
AMBUJACEM.NS,2025-05-28,561.6500244140625,559.6015014648438,1014166.0,0.0
AMBUJACEM.NS,2025-05-29,561.4500122070312,559.4022216796875,1409636.0,0.0
AMBUJACEM.NS,2025-05-30,553.5,551.481201171875,2313117.0,0.0
AMBUJACEM.NS,2025-06-02,555.5499877929688,553.5237426757812,1040982.0,0.0
AMBUJACEM.NS,2025-06-03,552.4000244140625,550.38525390625,1762419.0,0.0
AMBUJACEM.NS,2025-06-04,552.4500122070312,550.43505859375,3448423.0,0.0
AMBUJACEM.NS,2025-06-05,550.1500244140625,548.1434326171875,1079232.0,0.0
AMBUJACEM.NS,2025-06-06,555.1500244140625,553.1251831054688,2821698.0,0.0
AMBUJACEM.NS,2025-06-09,560.0,557.95751953125,3268930.0,0.0
AMBUJACEM.NS,2025-06-10,561.0999755859375,559.053466796875,3239799.0,0.0
AMBUJACEM.NS,2025-06-11,561.25,559.2029418945312,2553077.0,0.0
AMBUJACEM.NS,2025-06-12,548.3499755859375,546.3499755859375,1837409.0,0.0
AMBUJACEM.NS,2025-06-13,542.5,542.5,1348657.0,0.0
AMBUJACEM.NS,2025-06-16,550.1500244140625,550.1500244140625,1253497.0,0.0
AMBUJACEM.NS,2025-06-17,550.9000244140625,550.9000244140625,1406479.0,0.0
AMBUJACEM.NS,2025-06-18,545.0499877929688,545.0499877929688,568472.0,0.0
AMBUJACEM.NS,2025-06-19,532.7999877929688,532.7999877929688,1961693.0,0.0
AMBUJACEM.NS,2025-06-20,533.4500122070312,533.4500122070312,2656096.0,0.0
AMBUJACEM.NS,2025-06-23,535.5499877929688,535.5499877929688,1012046.0,0.0
AMBUJACEM.NS,2025-06-24,554.2000122070312,554.2000122070312,5718874.0,0.0
AMBUJACEM.NS,2025-06-25,559.4000244140625,559.4000244140625,2448107.0,0.0
AMBUJACEM.NS,2025-06-26,566.75,566.75,3048051.0,0.0
AMBUJACEM.NS,2025-06-27,574.9500122070312,574.9500122070312,3563465.0,0.0
AMBUJACEM.NS,2025-06-30,577.4500122070312,577.4500122070312,2003082.0,0.0
AMBUJACEM.NS,2025-07-01,580.25,580.25,2877528.0,0.0
AMBUJACEM.NS,2025-07-02,594.2000122070312,594.2000122070312,3821770.0,0.0
AMBUJACEM.NS,2025-07-03,588.75,588.75,1598094.0,0.0
AMBUJACEM.NS,2025-07-04,595.75,595.75,2859715.0,0.0
AMBUJACEM.NS,2025-07-07,592.0,592.0,2012239.0,0.0
AMBUJACEM.NS,2025-07-08,591.5499877929688,591.5499877929688,2642993.0,0.0
AMBUJACEM.NS,2025-07-09,590.3499755859375,590.3499755859375,1963293.0,0.0
AMBUJACEM.NS,2025-07-10,585.4000244140625,585.4000244140625,3219282.0,0.0
AMBUJACEM.NS,2025-07-11,587.1500244140625,587.1500244140625,1938933.0,0.0
AMBUJACEM.NS,2025-07-14,590.1500244140625,590.1500244140625,1926899.0,0.0
AMBUJACEM.NS,2025-07-15,593.0999755859375,593.0999755859375,1498073.0,0.0
AMBUJACEM.NS,2025-07-16,595.5,595.5,1804740.0,0.0
AMBUJACEM.NS,2025-07-17,594.5999755859375,594.5999755859375,1461633.0,0.0
AMBUJACEM.NS,2025-07-18,596.7000122070312,596.7000122070312,2212883.0,0.0
AMBUJACEM.NS,2025-07-21,613.25,613.25,4226198.0,0.0
AMBUJACEM.NS,2025-07-22,620.5499877929688,620.5499877929688,5876411.0,0.0
AMBUJACEM.NS,2025-07-23,620.4000244140625,620.4000244140625,1165692.0,0.0
AMBUJACEM.NS,2025-07-24,620.4000244140625,620.4000244140625,1389419.0,0.0
AMBUJACEM.NS,2025-07-25,613.0999755859375,613.0999755859375,2413503.0,0.0
AMBUJACEM.NS,2025-07-28,611.0499877929688,611.0499877929688,1834138.0,0.0
AMBUJACEM.NS,2025-07-29,610.0499877929688,610.0499877929688,3278602.0,0.0
AMBUJACEM.NS,2025-07-30,617.8499755859375,617.8499755859375,2616022.0,0.0
AMBUJACEM.NS,2025-07-31,592.7000122070312,592.7000122070312,5782494.0,0.0
AMBUJACEM.NS,2025-08-01,607.9500122070312,607.9500122070312,4599912.0,0.0
AMBUJACEM.NS,2025-08-04,605.25,605.25,1664433.0,0.0
AMBUJACEM.NS,2025-08-05,602.7000122070312,602.7000122070312,795422.0,0.0
AMBUJACEM.NS,2025-08-06,589.9000244140625,589.9000244140625,1895039.0,0.0
AMBUJACEM.NS,2025-08-07,592.3499755859375,592.3499755859375,1936155.0,0.0
AMBUJACEM.NS,2025-08-08,580.0,580.0,1252179.0,0.0
AMBUJACEM.NS,2025-08-11,588.8499755859375,588.8499755859375,839347.0,0.0
AMBUJACEM.NS,2025-08-12,587.1500244140625,587.1500244140625,1053756.0,0.0
AMBUJACEM.NS,2025-08-13,580.8499755859375,580.8499755859375,2109517.0,0.0
AMBUJACEM.NS,2025-08-14,578.0499877929688,578.0499877929688,1974038.0,0.0
AMBUJACEM.NS,2025-08-18,590.0499877929688,590.0499877929688,4190190.0,0.0
AMBUJACEM.NS,2025-08-19,592.4000244140625,592.4000244140625,1898159.0,0.0
AMBUJACEM.NS,2025-08-20,591.9000244140625,591.9000244140625,1086467.0,0.0
AMBUJACEM.NS,2025-08-21,588.75,588.75,1540533.0,0.0
AMBUJACEM.NS,2025-08-22,577.1500244140625,577.1500244140625,1671189.0,0.0
AMBUJACEM.NS,2025-08-25,581.0,581.0,1458400.0,0.0
AMBUJACEM.NS,2025-08-26,572.7999877929688,572.7999877929688,1527366.0,0.0
AMBUJACEM.NS,2025-08-28,561.7999877929688,561.7999877929688,1815158.0,0.0
AMBUJACEM.NS,2025-08-29,563.2000122070312,563.2000122070312,1166207.0,0.0
AMBUJACEM.NS,2025-09-01,567.0999755859375,567.0999755859375,1366250.0,0.0
AMBUJACEM.NS,2025-09-02,567.25,567.25,801958.0,0.0
AMBUJACEM.NS,2025-09-03,573.75,573.75,2203149.0,0.0
AMBUJACEM.NS,2025-09-04,567.7000122070312,567.7000122070312,6090485.0,0.0
AMBUJACEM.NS,2025-09-05,566.7000122070312,566.7000122070312,923506.0,0.0
AMBUJACEM.NS,2025-09-08,570.2999877929688,570.2999877929688,938525.0,0.0
AMBUJACEM.NS,2025-09-09,567.5999755859375,567.5999755859375,1107979.0,0.0
AMBUJACEM.NS,2025-09-10,566.8499755859375,566.8499755859375,1629387.0,0.0
AMBUJACEM.NS,2025-09-11,560.4000244140625,560.4000244140625,39018032.0,0.0
AMBUJACEM.NS,2025-09-12,560.5499877929688,560.5499877929688,3773680.0,0.0
AMBUJACEM.NS,2025-09-15,568.75,568.75,1812617.0,0.0
AMBUJACEM.NS,2025-09-16,573.6500244140625,573.6500244140625,2635252.0,0.0
AMBUJACEM.NS,2025-09-17,582.0499877929688,582.0499877929688,5524985.0,0.0
AMBUJACEM.NS,2025-09-18,581.0,581.0,2063929.0,0.0
AMBUJACEM.NS,2025-09-19,582.4500122070312,582.4500122070312,3482230.0,0.0
AMBUJACEM.NS,2025-09-22,590.2999877929688,590.2999877929688,4982920.0,0.0
AMBUJACEM.NS,2025-09-23,591.5999755859375,591.5999755859375,2989117.0,0.0
AMBUJACEM.NS,2025-09-24,582.6500244140625,582.6500244140625,2053504.0,0.0
AMBUJACEM.NS,2025-09-25,579.4000244140625,579.4000244140625,1932523.0,0.0
AMBUJACEM.NS,2025-09-26,565.2000122070312,565.2000122070312,1858418.0,0.0
AMBUJACEM.NS,2025-09-29,562.1500244140625,562.1500244140625,1344417.0,0.0
AMBUJACEM.NS,2025-09-30,569.9500122070312,569.9500122070312,1873402.0,0.0
AMBUJACEM.NS,2025-10-01,571.0999755859375,571.0999755859375,1195512.0,0.0
AMBUJACEM.NS,2025-10-03,576.1500244140625,576.1500244140625,2062648.0,0.0
AMBUJACEM.NS,2025-10-06,573.7999877929688,573.7999877929688,898456.0,0.0
AMBUJACEM.NS,2025-10-07,569.9500122070312,569.9500122070312,1122712.0,0.0
AMBUJACEM.NS,2025-10-08,566.2999877929688,566.2999877929688,1866324.0,0.0
AMBUJACEM.NS,2025-10-09,565.9000244140625,565.9000244140625,816362.0,0.0
AMBUJACEM.NS,2025-10-10,569.25,569.25,891468.0,0.0
AMBUJACEM.NS,2025-10-13,566.75,566.75,1134328.0,0.0
AMBUJACEM.NS,2025-10-14,563.5999755859375,563.5999755859375,975792.0,0.0
AMBUJACEM.NS,2025-10-15,567.0,567.0,1377329.0,0.0
AMBUJACEM.NS,2025-10-16,569.7000122070312,569.7000122070312,1111183.0,0.0
AMBUJACEM.NS,2025-10-17,563.5999755859375,563.5999755859375,931716.0,0.0
AMBUJACEM.NS,2025-10-20,565.5,565.5,950800.0,0.0
AMBUJACEM.NS,2025-10-21,567.5,567.5,166817.0,0.0
AMBUJACEM.NS,2025-10-23,564.3499755859375,564.3499755859375,2700038.0,0.0
AMBUJACEM.NS,2025-10-24,555.0,555.0,1704636.0,0.0
AMBUJACEM.NS,2025-10-27,560.25,560.25,2124784.0,0.0
AMBUJACEM.NS,2025-10-28,554.9000244140625,554.9000244140625,1487028.0,0.0
AMBUJACEM.NS,2025-10-29,571.75,571.75,3787089.0,0.0
AMBUJACEM.NS,2025-10-30,567.9000244140625,567.9000244140625,928349.0,0.0
AMBUJACEM.NS,2025-10-31,565.4000244140625,565.4000244140625,1161448.0,0.0
AMBUJACEM.NS,2025-11-03,577.2000122070312,577.2000122070312,6022756.0,0.0
AMBUJACEM.NS,2025-11-04,567.4000244140625,567.4000244140625,4438364.0,0.0
AMBUJACEM.NS,2025-11-06,558.4000244140625,558.4000244140625,1388630.0,0.0
AMBUJACEM.NS,2025-11-07,558.7999877929688,558.7999877929688,1593499.0,0.0
AMBUJACEM.NS,2025-11-10,556.0999755859375,556.0999755859375,916236.0,0.0
AMBUJACEM.NS,2025-11-11,557.5499877929688,557.5499877929688,1177397.0,0.0
AMBUJACEM.NS,2025-11-12,562.5499877929688,562.5499877929688,1748539.0,0.0
AMBUJACEM.NS,2025-11-13,559.3499755859375,559.3499755859375,685786.0,0.0
AMBUJACEM.NS,2025-11-14,563.2000122070312,563.2000122070312,1082167.0,0.0
AMBUJACEM.NS,2025-11-17,560.2999877929688,560.2999877929688,618154.0,0.0
AMBUJACEM.NS,2025-11-18,557.7999877929688,557.7999877929688,904843.0,0.0
AMBUJACEM.NS,2025-11-19,555.2999877929688,555.2999877929688,847533.0,0.0
AMBUJACEM.NS,2025-11-20,555.75,555.75,1248817.0,0.0
AMBUJACEM.NS,2025-11-21,547.5499877929688,547.5499877929688,1961101.0,0.0
AMBUJACEM.NS,2025-11-24,544.5999755859375,544.5999755859375,2247682.0,0.0
AMBUJACEM.NS,2025-11-25,545.8499755859375,545.8499755859375,693469.0,0.0
AMBUJACEM.NS,2025-11-26,550.0,550.0,948636.0,0.0
AMBUJACEM.NS,2025-11-27,548.7000122070312,548.7000122070312,481061.0,0.0
AMBUJACEM.NS,2025-11-28,550.2000122070312,550.2000122070312,602009.0,0.0
AMBUJACEM.NS,2025-12-01,543.3499755859375,543.3499755859375,766104.0,0.0
AMBUJACEM.NS,2025-12-02,543.0,543.0,1754719.0,0.0
AMBUJACEM.NS,2025-12-03,535.3499755859375,535.3499755859375,2219149.0,0.0
AMBUJACEM.NS,2025-12-04,536.9000244140625,536.9000244140625,2474836.0,0.0
AMBUJACEM.NS,2025-12-05,533.7999877929688,533.7999877929688,1243514.0,0.0
AMBUJACEM.NS,2025-12-08,528.9500122070312,528.9500122070312,1893815.0,0.0
AMBUJACEM.NS,2025-12-09,533.0499877929688,533.0499877929688,2139922.0,0.0
AMBUJACEM.NS,2025-12-10,529.7000122070312,529.7000122070312,904955.0,0.0
AMBUJACEM.NS,2025-12-11,536.0999755859375,536.0999755859375,2781951.0,0.0
AMBUJACEM.NS,2025-12-12,548.1500244140625,548.1500244140625,2488693.0,0.0
AMBUJACEM.NS,2025-12-15,553.4500122070312,553.4500122070312,1239318.0,0.0
AMBUJACEM.NS,2025-12-16,548.7000122070312,548.7000122070312,1901877.0,0.0
AMBUJACEM.NS,2025-12-17,541.2999877929688,541.2999877929688,518141.0,0.0
AMBUJACEM.NS,2025-12-18,535.7999877929688,535.7999877929688,834090.0,0.0
AMBUJACEM.NS,2025-12-19,539.6500244140625,539.6500244140625,836741.0,0.0
AMBUJACEM.NS,2025-12-22,539.9500122070312,539.9500122070312,872083.0,0.0
AMBUJACEM.NS,2025-12-23,546.9000244140625,546.9000244140625,9559898.0,0.0
AMBUJACEM.NS,2025-12-24,548.0999755859375,548.0999755859375,2136787.0,0.0
AMBUJACEM.NS,2025-12-26,554.6500244140625,554.6500244140625,1919198.0,0.0
AMBUJACEM.NS,2025-12-29,552.0999755859375,552.0999755859375,1228806.0,0.0
AMBUJACEM.NS,2025-12-30,550.0,550.0,2305901.0,0.0
AMBUJACEM.NS,2025-12-31,556.3499755859375,556.3499755859375,1063795.0,0.0
AMBUJACEM.NS,2026-01-01,559.6500244140625,559.6500244140625,1568506.0,0.0
AMBUJACEM.NS,2026-01-02,565.4000244140625,565.4000244140625,1371653.0,0.0
AMBUJACEM.NS,2026-01-05,571.25,571.25,2369536.0,0.0
AMBUJACEM.NS,2026-01-06,563.5499877929688,563.5499877929688,1015560.0,0.0
AMBUJACEM.NS,2026-01-07,562.0,562.0,3920663.0,0.0
AMBUJACEM.NS,2026-01-08,546.7000122070312,546.7000122070312,1330617.0,0.0
AMBUJACEM.NS,2026-01-09,536.9500122070312,536.9500122070312,1242111.0,0.0
AMBUJACEM.NS,2026-01-12,538.7000122070312,538.7000122070312,2484225.0,0.0
AMBUJACEM.NS,2026-01-13,537.6500244140625,537.6500244140625,1093928.0,0.0
AMBUJACEM.NS,2026-01-14,549.5499877929688,549.5499877929688,1736723.0,0.0
AMBUJACEM.NS,2026-01-15,549.5499877929688,549.5499877929688,0.0,0.0
AMBUJACEM.NS,2026-01-16,553.75,553.75,2077235.0,0.0
AMBUJACEM.NS,2026-01-19,552.1500244140625,552.1500244140625,1523060.0,0.0
AMBUJACEM.NS,2026-01-20,536.2999877929688,536.2999877929688,1184287.0,0.0
AMBUJACEM.NS,2026-01-21,538.6500244140625,538.6500244140625,1735277.0,0.0
AMBUJACEM.NS,2026-01-22,546.5999755859375,546.5999755859375,1903090.0,0.0
AMBUJACEM.NS,2026-01-23,518.5999755859375,518.5999755859375,6489381.0,0.0
AMBUJACEM.NS,2026-01-27,532.25,532.25,2374373.0,0.0
AMBUJACEM.NS,2026-01-28,533.9500122070312,533.9500122070312,1738702.0,0.0
AMBUJACEM.NS,2026-01-29,536.0499877929688,536.0499877929688,2837060.0,0.0
AMBUJACEM.NS,2026-01-30,510.1499938964844,510.1499938964844,6130082.0,0.0
AMBUJACEM.NS,2026-02-02,510.5,510.5,2967802.0,0.0
AMBUJACEM.NS,2026-02-03,528.25,528.25,3149032.0,0.0
AMBUJACEM.NS,2026-02-04,536.9500122070312,536.9500122070312,977308.0,0.0
AMBUJACEM.NS,2026-02-05,533.0499877929688,533.0499877929688,1363472.0,0.0
AMBUJACEM.NS,2026-02-06,529.4500122070312,529.4500122070312,554714.0,0.0
AMBUJACEM.NS,2026-02-09,542.4500122070312,542.4500122070312,1236310.0,0.0
AMBUJACEM.NS,2026-02-10,538.5,538.5,1575847.0,0.0
AMBUJACEM.NS,2026-02-11,541.25,541.25,1085571.0,0.0
DMART.NS,2025-02-11,3682.699951171875,3682.699951171875,315000.0,0.0
DMART.NS,2025-02-12,3689.89990234375,3689.89990234375,478915.0,0.0
DMART.NS,2025-02-13,3696.5,3696.5,243492.0,0.0
DMART.NS,2025-02-14,3682.64990234375,3682.64990234375,286886.0,0.0
DMART.NS,2025-02-17,3621.5,3621.5,571642.0,0.0
DMART.NS,2025-02-18,3676.60009765625,3676.60009765625,372638.0,0.0
DMART.NS,2025-02-19,3685.0,3685.0,265834.0,0.0
DMART.NS,2025-02-20,3623.800048828125,3623.800048828125,552762.0,0.0
DMART.NS,2025-02-21,3596.699951171875,3596.699951171875,532244.0,0.0
DMART.NS,2025-02-24,3570.89990234375,3570.89990234375,370764.0,0.0
DMART.NS,2025-02-25,3530.75,3530.75,375510.0,0.0
DMART.NS,2025-02-27,3507.199951171875,3507.199951171875,469275.0,0.0
DMART.NS,2025-02-28,3403.949951171875,3403.949951171875,799598.0,0.0
DMART.NS,2025-03-03,3453.199951171875,3453.199951171875,807297.0,0.0
DMART.NS,2025-03-04,3408.39990234375,3408.39990234375,637407.0,0.0
DMART.NS,2025-03-05,3474.5,3474.5,417930.0,0.0
DMART.NS,2025-03-06,3540.5,3540.5,797590.0,0.0
DMART.NS,2025-03-07,3593.60009765625,3593.60009765625,681832.0,0.0
DMART.NS,2025-03-10,3603.75,3603.75,327825.0,0.0
DMART.NS,2025-03-11,3631.64990234375,3631.64990234375,255758.0,0.0
DMART.NS,2025-03-12,3674.199951171875,3674.199951171875,265757.0,0.0
DMART.NS,2025-03-13,3797.10009765625,3797.10009765625,2325270.0,0.0
DMART.NS,2025-03-17,3825.300048828125,3825.300048828125,425089.0,0.0
DMART.NS,2025-03-18,3825.300048828125,3825.300048828125,0.0,0.0
DMART.NS,2025-03-19,3845.199951171875,3845.199951171875,285707.0,0.0
DMART.NS,2025-03-20,3884.39990234375,3884.39990234375,267764.0,0.0
DMART.NS,2025-03-21,3892.199951171875,3892.199951171875,431562.0,0.0
DMART.NS,2025-03-24,3905.10009765625,3905.10009765625,209015.0,0.0
DMART.NS,2025-03-25,3998.800048828125,3998.800048828125,704455.0,0.0
DMART.NS,2025-03-26,3945.699951171875,3945.699951171875,384630.0,0.0
DMART.NS,2025-03-27,4065.0,4065.0,735787.0,0.0
DMART.NS,2025-03-28,4083.199951171875,4083.199951171875,886798.0,0.0
DMART.NS,2025-04-01,4003.60009765625,4003.60009765625,401323.0,0.0
DMART.NS,2025-04-02,4121.4501953125,4121.4501953125,390709.0,0.0
DMART.NS,2025-04-03,4157.7998046875,4157.7998046875,426311.0,0.0
DMART.NS,2025-04-04,4039.89990234375,4039.89990234375,818952.0,0.0
DMART.NS,2025-04-07,4023.14990234375,4023.14990234375,472568.0,0.0
DMART.NS,2025-04-08,4053.85009765625,4053.85009765625,552578.0,0.0
DMART.NS,2025-04-09,4139.2998046875,4139.2998046875,663300.0,0.0
DMART.NS,2025-04-11,4131.5,4131.5,570955.0,0.0
DMART.NS,2025-04-15,4212.7001953125,4212.7001953125,569335.0,0.0
DMART.NS,2025-04-16,4221.5,4221.5,331624.0,0.0
DMART.NS,2025-04-17,4357.10009765625,4357.10009765625,1020665.0,0.0
DMART.NS,2025-04-21,4342.2998046875,4342.2998046875,561592.0,0.0
DMART.NS,2025-04-22,4435.60009765625,4435.60009765625,998024.0,0.0
DMART.NS,2025-04-23,4508.10009765625,4508.10009765625,1223678.0,0.0
DMART.NS,2025-04-24,4498.7998046875,4498.7998046875,1698949.0,0.0
DMART.NS,2025-04-25,4375.2001953125,4375.2001953125,540513.0,0.0
DMART.NS,2025-04-28,4366.7998046875,4366.7998046875,676462.0,0.0
DMART.NS,2025-04-29,4310.0,4310.0,388125.0,0.0
DMART.NS,2025-04-30,4199.89990234375,4199.89990234375,814008.0,0.0
DMART.NS,2025-05-02,4042.199951171875,4042.199951171875,641655.0,0.0
DMART.NS,2025-05-05,4018.39990234375,4018.39990234375,1405524.0,0.0
DMART.NS,2025-05-06,4006.10009765625,4006.10009765625,399031.0,0.0
DMART.NS,2025-05-07,3999.800048828125,3999.800048828125,387479.0,0.0
DMART.NS,2025-05-08,3974.300048828125,3974.300048828125,473679.0,0.0
DMART.NS,2025-05-09,3972.39990234375,3972.39990234375,422106.0,0.0
DMART.NS,2025-05-12,4023.5,4023.5,330754.0,0.0
DMART.NS,2025-05-13,4064.10009765625,4064.10009765625,368484.0,0.0
DMART.NS,2025-05-14,4049.199951171875,4049.199951171875,393288.0,0.0
DMART.NS,2025-05-15,4073.5,4073.5,263184.0,0.0
DMART.NS,2025-05-16,4189.7001953125,4189.7001953125,386496.0,0.0
DMART.NS,2025-05-19,4206.7998046875,4206.7998046875,301182.0,0.0
DMART.NS,2025-05-20,4071.5,4071.5,497090.0,0.0
DMART.NS,2025-05-21,4112.7001953125,4112.7001953125,194859.0,0.0
DMART.NS,2025-05-22,4082.699951171875,4082.699951171875,277337.0,0.0
DMART.NS,2025-05-23,4140.7998046875,4140.7998046875,269462.0,0.0
DMART.NS,2025-05-26,4138.39990234375,4138.39990234375,139851.0,0.0
DMART.NS,2025-05-27,4094.0,4094.0,324619.0,0.0
DMART.NS,2025-05-28,4042.300048828125,4042.300048828125,254917.0,0.0
DMART.NS,2025-05-29,4042.300048828125,4042.300048828125,252344.0,0.0
DMART.NS,2025-05-30,4002.10009765625,4002.10009765625,448046.0,0.0
DMART.NS,2025-06-02,4025.5,4025.5,232097.0,0.0
DMART.NS,2025-06-03,4055.199951171875,4055.199951171875,310603.0,0.0
DMART.NS,2025-06-04,4074.5,4074.5,196473.0,0.0
DMART.NS,2025-06-05,4153.5,4153.5,783594.0,0.0
DMART.NS,2025-06-06,4201.60009765625,4201.60009765625,354672.0,0.0
DMART.NS,2025-06-09,4179.10009765625,4179.10009765625,213415.0,0.0
DMART.NS,2025-06-10,4080.0,4080.0,3585928.0,0.0
DMART.NS,2025-06-11,4078.199951171875,4078.199951171875,688519.0,0.0
DMART.NS,2025-06-12,4074.0,4074.0,769964.0,0.0
DMART.NS,2025-06-13,4051.89990234375,4051.89990234375,303824.0,0.0
DMART.NS,2025-06-16,4087.0,4087.0,271737.0,0.0
DMART.NS,2025-06-17,4059.10009765625,4059.10009765625,232437.0,0.0
DMART.NS,2025-06-18,4228.39990234375,4228.39990234375,1806132.0,0.0
DMART.NS,2025-06-19,4203.10009765625,4203.10009765625,741827.0,0.0
DMART.NS,2025-06-20,4300.2998046875,4300.2998046875,1012429.0,0.0
DMART.NS,2025-06-23,4335.7998046875,4335.7998046875,824556.0,0.0
DMART.NS,2025-06-24,4250.60009765625,4250.60009765625,439985.0,0.0
DMART.NS,2025-06-25,4276.39990234375,4276.39990234375,533866.0,0.0
DMART.NS,2025-06-26,4315.39990234375,4315.39990234375,326677.0,0.0
DMART.NS,2025-06-27,4313.5,4313.5,251774.0,0.0
DMART.NS,2025-06-30,4372.2998046875,4372.2998046875,811305.0,0.0
DMART.NS,2025-07-01,4452.39990234375,4452.39990234375,953859.0,0.0
DMART.NS,2025-07-02,4391.89990234375,4391.89990234375,772653.0,0.0
DMART.NS,2025-07-03,4348.7001953125,4348.7001953125,1833798.0,0.0
DMART.NS,2025-07-04,4261.10009765625,4261.10009765625,488810.0,0.0
DMART.NS,2025-07-07,4236.2998046875,4236.2998046875,247672.0,0.0
DMART.NS,2025-07-08,4213.0,4213.0,378622.0,0.0
DMART.NS,2025-07-09,4190.89990234375,4190.89990234375,234783.0,0.0
DMART.NS,2025-07-10,4169.0,4169.0,294423.0,0.0
DMART.NS,2025-07-11,4064.199951171875,4064.199951171875,802558.0,0.0
DMART.NS,2025-07-14,4011.300048828125,4011.300048828125,2032633.0,0.0
DMART.NS,2025-07-15,4026.699951171875,4026.699951171875,1541742.0,0.0
DMART.NS,2025-07-16,4086.0,4086.0,759577.0,0.0
DMART.NS,2025-07-17,4055.89990234375,4055.89990234375,168284.0,0.0
DMART.NS,2025-07-18,4048.60009765625,4048.60009765625,247574.0,0.0
DMART.NS,2025-07-21,4023.699951171875,4023.699951171875,403439.0,0.0
DMART.NS,2025-07-22,4033.300048828125,4033.300048828125,960660.0,0.0
DMART.NS,2025-07-23,4043.89990234375,4043.89990234375,709291.0,0.0
DMART.NS,2025-07-24,4021.0,4021.0,402668.0,0.0
DMART.NS,2025-07-25,3997.0,3997.0,431585.0,0.0
DMART.NS,2025-07-28,3949.89990234375,3949.89990234375,325329.0,0.0
DMART.NS,2025-07-29,3999.0,3999.0,277427.0,0.0
DMART.NS,2025-07-30,4281.39990234375,4281.39990234375,3389361.0,0.0
DMART.NS,2025-07-31,4267.39990234375,4267.39990234375,1085879.0,0.0
DMART.NS,2025-08-01,4196.0,4196.0,351617.0,0.0
DMART.NS,2025-08-04,4197.2001953125,4197.2001953125,279716.0,0.0
DMART.NS,2025-08-05,4257.7998046875,4257.7998046875,366011.0,0.0
DMART.NS,2025-08-06,4242.0,4242.0,256136.0,0.0
DMART.NS,2025-08-07,4263.5,4263.5,244170.0,0.0
DMART.NS,2025-08-08,4170.10009765625,4170.10009765625,281763.0,0.0
DMART.NS,2025-08-11,4184.5,4184.5,244806.0,0.0
DMART.NS,2025-08-12,4252.5,4252.5,278164.0,0.0
DMART.NS,2025-08-13,4334.60009765625,4334.60009765625,470225.0,0.0
DMART.NS,2025-08-14,4358.2001953125,4358.2001953125,646059.0,0.0
DMART.NS,2025-08-18,4558.0,4558.0,1589953.0,0.0
DMART.NS,2025-08-19,4653.2001953125,4653.2001953125,856309.0,0.0
DMART.NS,2025-08-20,4737.89990234375,4737.89990234375,1269103.0,0.0
DMART.NS,2025-08-21,4691.89990234375,4691.89990234375,873600.0,0.0
DMART.NS,2025-08-22,4698.7998046875,4698.7998046875,449652.0,0.0
DMART.NS,2025-08-25,4725.2998046875,4725.2998046875,853238.0,0.0
DMART.NS,2025-08-26,4716.39990234375,4716.39990234375,911518.0,0.0
DMART.NS,2025-08-28,4699.89990234375,4699.89990234375,648948.0,0.0
DMART.NS,2025-08-29,4755.60009765625,4755.60009765625,591567.0,0.0
DMART.NS,2025-09-01,4734.89990234375,4734.89990234375,564620.0,0.0
DMART.NS,2025-09-02,4680.0,4680.0,395168.0,0.0
DMART.NS,2025-09-03,4758.5,4758.5,406023.0,0.0
DMART.NS,2025-09-04,4829.2998046875,4829.2998046875,999705.0,0.0
DMART.NS,2025-09-05,4793.2998046875,4793.2998046875,247794.0,0.0
DMART.NS,2025-09-08,4714.2001953125,4714.2001953125,214159.0,0.0
DMART.NS,2025-09-09,4759.7998046875,4759.7998046875,184352.0,0.0
DMART.NS,2025-09-10,4631.2998046875,4631.2998046875,341652.0,0.0
DMART.NS,2025-09-11,4589.7001953125,4589.7001953125,381814.0,0.0
DMART.NS,2025-09-12,4616.60009765625,4616.60009765625,384352.0,0.0
DMART.NS,2025-09-15,4651.0,4651.0,384078.0,0.0
DMART.NS,2025-09-16,4696.2001953125,4696.2001953125,239708.0,0.0
DMART.NS,2025-09-17,4717.2998046875,4717.2998046875,299305.0,0.0
DMART.NS,2025-09-18,4760.2998046875,4760.2998046875,420160.0,0.0
DMART.NS,2025-09-19,4775.2998046875,4775.2998046875,456609.0,0.0
DMART.NS,2025-09-22,4671.2001953125,4671.2001953125,253711.0,0.0
DMART.NS,2025-09-23,4633.89990234375,4633.89990234375,398679.0,0.0
DMART.NS,2025-09-24,4645.7998046875,4645.7998046875,484648.0,0.0
DMART.NS,2025-09-25,4576.2001953125,4576.2001953125,454357.0,0.0
DMART.NS,2025-09-26,4517.7998046875,4517.7998046875,504865.0,0.0
DMART.NS,2025-09-29,4529.89990234375,4529.89990234375,429367.0,0.0
DMART.NS,2025-09-30,4475.39990234375,4475.39990234375,733529.0,0.0
DMART.NS,2025-10-01,4449.89990234375,4449.89990234375,507811.0,0.0
DMART.NS,2025-10-03,4418.39990234375,4418.39990234375,477671.0,0.0
DMART.NS,2025-10-06,4301.60009765625,4301.60009765625,1191976.0,0.0
DMART.NS,2025-10-07,4303.0,4303.0,597770.0,0.0
DMART.NS,2025-10-08,4294.39990234375,4294.39990234375,402659.0,0.0
DMART.NS,2025-10-09,4305.10009765625,4305.10009765625,224961.0,0.0
DMART.NS,2025-10-10,4320.39990234375,4320.39990234375,423959.0,0.0
DMART.NS,2025-10-13,4202.60009765625,4202.60009765625,959344.0,0.0
DMART.NS,2025-10-14,4205.2001953125,4205.2001953125,276492.0,0.0
DMART.NS,2025-10-15,4259.60009765625,4259.60009765625,415827.0,0.0
DMART.NS,2025-10-16,4316.10009765625,4316.10009765625,363379.0,0.0
DMART.NS,2025-10-17,4302.5,4302.5,234370.0,0.0
DMART.NS,2025-10-20,4275.2998046875,4275.2998046875,228477.0,0.0
DMART.NS,2025-10-21,4274.5,4274.5,36984.0,0.0
DMART.NS,2025-10-23,4268.0,4268.0,274317.0,0.0
DMART.NS,2025-10-24,4213.89990234375,4213.89990234375,250190.0,0.0
DMART.NS,2025-10-27,4257.89990234375,4257.89990234375,281638.0,0.0
DMART.NS,2025-10-28,4220.89990234375,4220.89990234375,310562.0,0.0
DMART.NS,2025-10-29,4229.39990234375,4229.39990234375,148520.0,0.0
DMART.NS,2025-10-30,4161.10009765625,4161.10009765625,445095.0,0.0
DMART.NS,2025-10-31,4153.5,4153.5,280621.0,0.0
DMART.NS,2025-11-03,4156.0,4156.0,178823.0,0.0
DMART.NS,2025-11-04,4182.39990234375,4182.39990234375,314080.0,0.0
DMART.NS,2025-11-06,4082.199951171875,4082.199951171875,487314.0,0.0
DMART.NS,2025-11-07,4011.0,4011.0,1195522.0,0.0
DMART.NS,2025-11-10,4019.0,4019.0,290454.0,0.0
DMART.NS,2025-11-11,4072.199951171875,4072.199951171875,272277.0,0.0
DMART.NS,2025-11-12,4058.0,4058.0,381769.0,0.0
DMART.NS,2025-11-13,4062.5,4062.5,252053.0,0.0
DMART.NS,2025-11-14,4053.699951171875,4053.699951171875,305911.0,0.0
DMART.NS,2025-11-17,4036.199951171875,4036.199951171875,186267.0,0.0
DMART.NS,2025-11-18,3997.199951171875,3997.199951171875,311407.0,0.0
DMART.NS,2025-11-19,4026.5,4026.5,378207.0,0.0
DMART.NS,2025-11-20,4085.0,4085.0,387479.0,0.0
DMART.NS,2025-11-21,4038.0,4038.0,330945.0,0.0
DMART.NS,2025-11-24,3987.5,3987.5,724604.0,0.0
DMART.NS,2025-11-25,3988.60009765625,3988.60009765625,446861.0,0.0
DMART.NS,2025-11-26,4019.10009765625,4019.10009765625,360542.0,0.0
DMART.NS,2025-11-27,4007.10009765625,4007.10009765625,237041.0,0.0
DMART.NS,2025-11-28,3996.5,3996.5,211068.0,0.0
DMART.NS,2025-12-01,3963.300048828125,3963.300048828125,256602.0,0.0
DMART.NS,2025-12-02,3961.800048828125,3961.800048828125,292968.0,0.0
DMART.NS,2025-12-03,3909.699951171875,3909.699951171875,359508.0,0.0
DMART.NS,2025-12-04,3913.300048828125,3913.300048828125,200117.0,0.0
DMART.NS,2025-12-05,3952.10009765625,3952.10009765625,184255.0,0.0
DMART.NS,2025-12-08,3867.60009765625,3867.60009765625,268207.0,0.0
DMART.NS,2025-12-09,3910.0,3910.0,255693.0,0.0
DMART.NS,2025-12-10,3816.300048828125,3816.300048828125,576341.0,0.0
DMART.NS,2025-12-11,3830.800048828125,3830.800048828125,396885.0,0.0
DMART.NS,2025-12-12,3843.0,3843.0,248192.0,0.0
DMART.NS,2025-12-15,3825.60009765625,3825.60009765625,241968.0,0.0
DMART.NS,2025-12-16,3856.800048828125,3856.800048828125,667837.0,0.0
DMART.NS,2025-12-17,3826.199951171875,3826.199951171875,401218.0,0.0
DMART.NS,2025-12-18,3757.199951171875,3757.199951171875,327081.0,0.0
DMART.NS,2025-12-19,3819.5,3819.5,265092.0,0.0
DMART.NS,2025-12-22,3818.60009765625,3818.60009765625,207963.0,0.0
DMART.NS,2025-12-23,3828.199951171875,3828.199951171875,240671.0,0.0
DMART.NS,2025-12-24,3800.199951171875,3800.199951171875,363697.0,0.0
DMART.NS,2025-12-26,3787.39990234375,3787.39990234375,245539.0,0.0
DMART.NS,2025-12-29,3788.0,3788.0,239535.0,0.0
DMART.NS,2025-12-30,3753.5,3753.5,489287.0,0.0
DMART.NS,2025-12-31,3782.199951171875,3782.199951171875,638024.0,0.0
DMART.NS,2026-01-01,3716.10009765625,3716.10009765625,517006.0,0.0
DMART.NS,2026-01-02,3719.800048828125,3719.800048828125,295500.0,0.0
DMART.NS,2026-01-05,3646.300048828125,3646.300048828125,567365.0,0.0
DMART.NS,2026-01-06,3663.699951171875,3663.699951171875,585617.0,0.0
DMART.NS,2026-01-07,3841.60009765625,3841.60009765625,1317962.0,0.0
DMART.NS,2026-01-08,3789.800048828125,3789.800048828125,400228.0,0.0
DMART.NS,2026-01-09,3801.300048828125,3801.300048828125,600885.0,0.0
DMART.NS,2026-01-12,3832.5,3832.5,2052645.0,0.0
DMART.NS,2026-01-13,3826.89990234375,3826.89990234375,693948.0,0.0
DMART.NS,2026-01-14,3830.300048828125,3830.300048828125,495104.0,0.0
DMART.NS,2026-01-15,3830.300048828125,3830.300048828125,0.0,0.0
DMART.NS,2026-01-16,3775.699951171875,3775.699951171875,817036.0,0.0
DMART.NS,2026-01-19,3766.699951171875,3766.699951171875,404691.0,0.0
DMART.NS,2026-01-20,3661.60009765625,3661.60009765625,521411.0,0.0
DMART.NS,2026-01-21,3656.699951171875,3656.699951171875,473540.0,0.0
DMART.NS,2026-01-22,3724.10009765625,3724.10009765625,409471.0,0.0
DMART.NS,2026-01-23,3665.60009765625,3665.60009765625,185668.0,0.0
DMART.NS,2026-01-27,3670.60009765625,3670.60009765625,374815.0,0.0
DMART.NS,2026-01-28,3735.699951171875,3735.699951171875,242635.0,0.0
DMART.NS,2026-01-29,3667.199951171875,3667.199951171875,448584.0,0.0
DMART.NS,2026-01-30,3689.5,3689.5,619205.0,0.0
DMART.NS,2026-02-02,3674.199951171875,3674.199951171875,212416.0,0.0
DMART.NS,2026-02-03,3776.60009765625,3776.60009765625,412498.0,0.0
DMART.NS,2026-02-04,3824.300048828125,3824.300048828125,269849.0,0.0
DMART.NS,2026-02-05,3934.89990234375,3934.89990234375,867140.0,0.0
DMART.NS,2026-02-06,3889.89990234375,3889.89990234375,276165.0,0.0
DMART.NS,2026-02-09,3922.39990234375,3922.39990234375,224953.0,0.0
DMART.NS,2026-02-10,4002.199951171875,4002.199951171875,388861.0,0.0
DMART.NS,2026-02-11,4003.699951171875,4003.699951171875,324847.0,0.0
BAJAJHLDNG.NS,2025-02-11,11513.599609375,11433.80078125,87425.0,0.0
BAJAJHLDNG.NS,2025-02-12,11877.099609375,11794.7822265625,88894.0,0.0
BAJAJHLDNG.NS,2025-02-13,12142.650390625,12058.4912109375,102223.0,0.0
BAJAJHLDNG.NS,2025-02-14,12075.2001953125,11991.5087890625,120567.0,0.0
BAJAJHLDNG.NS,2025-02-17,12013.650390625,11930.3857421875,94605.0,0.0
BAJAJHLDNG.NS,2025-02-18,11994.150390625,11911.021484375,33973.0,0.0
BAJAJHLDNG.NS,2025-02-19,11732.099609375,11650.7861328125,78087.0,0.0
BAJAJHLDNG.NS,2025-02-20,12454.2998046875,12367.98046875,118067.0,0.0
BAJAJHLDNG.NS,2025-02-21,12207.849609375,12123.23828125,45778.0,0.0
BAJAJHLDNG.NS,2025-02-24,12001.849609375,11918.6669921875,151381.0,0.0
BAJAJHLDNG.NS,2025-02-25,11642.0498046875,11561.3603515625,69293.0,0.0
BAJAJHLDNG.NS,2025-02-27,12068.650390625,11985.00390625,250322.0,0.0
BAJAJHLDNG.NS,2025-02-28,11574.349609375,11494.12890625,182651.0,0.0
BAJAJHLDNG.NS,2025-03-03,11346.75,11268.107421875,60270.0,0.0
BAJAJHLDNG.NS,2025-03-04,11209.150390625,11131.4609375,69989.0,0.0
BAJAJHLDNG.NS,2025-03-05,11560.0,11479.8798828125,40281.0,0.0
BAJAJHLDNG.NS,2025-03-06,11361.9501953125,11283.2021484375,139333.0,0.0
BAJAJHLDNG.NS,2025-03-07,11774.9501953125,11693.33984375,138683.0,0.0
BAJAJHLDNG.NS,2025-03-10,11637.2001953125,11556.544921875,83095.0,0.0
BAJAJHLDNG.NS,2025-03-11,11384.5498046875,11305.6455078125,78819.0,0.0
BAJAJHLDNG.NS,2025-03-12,11458.2998046875,11378.8837890625,63518.0,0.0
BAJAJHLDNG.NS,2025-03-13,11320.2001953125,11241.7412109375,40038.0,0.0
BAJAJHLDNG.NS,2025-03-17,11566.599609375,11486.4326171875,85256.0,0.0
BAJAJHLDNG.NS,2025-03-18,11566.599609375,11486.4326171875,0.0,0.0
BAJAJHLDNG.NS,2025-03-19,11870.0498046875,11787.7802734375,67825.0,0.0
BAJAJHLDNG.NS,2025-03-20,11998.7001953125,11915.5390625,51283.0,0.0
BAJAJHLDNG.NS,2025-03-21,12273.5498046875,12188.4833984375,161147.0,0.0
BAJAJHLDNG.NS,2025-03-24,12435.5,12349.3115234375,41834.0,0.0
BAJAJHLDNG.NS,2025-03-25,12521.5,12434.7158203125,46286.0,0.0
BAJAJHLDNG.NS,2025-03-26,12599.0498046875,12511.7275390625,63984.0,0.0
BAJAJHLDNG.NS,2025-03-27,12462.5498046875,12376.173828125,116843.0,0.0
BAJAJHLDNG.NS,2025-03-28,12473.0498046875,12386.6015625,51564.0,0.0
BAJAJHLDNG.NS,2025-04-01,11911.4501953125,11828.8935546875,57842.0,0.0
BAJAJHLDNG.NS,2025-04-02,11515.099609375,11435.2900390625,209700.0,0.0
BAJAJHLDNG.NS,2025-04-03,11499.849609375,11420.146484375,61864.0,0.0
BAJAJHLDNG.NS,2025-04-04,11506.900390625,11427.1474609375,63954.0,0.0
BAJAJHLDNG.NS,2025-04-07,10779.599609375,10704.8876953125,82134.0,0.0
BAJAJHLDNG.NS,2025-04-08,10811.75,10736.8154296875,184342.0,0.0
BAJAJHLDNG.NS,2025-04-09,11092.2998046875,11015.4208984375,148878.0,0.0
BAJAJHLDNG.NS,2025-04-11,11282.150390625,11203.955078125,44334.0,0.0
BAJAJHLDNG.NS,2025-04-15,11826.0,11744.0361328125,74599.0,0.0
BAJAJHLDNG.NS,2025-04-16,11585.0,11504.7060546875,62520.0,0.0
BAJAJHLDNG.NS,2025-04-17,11955.0,11872.1416015625,76485.0,0.0
BAJAJHLDNG.NS,2025-04-21,12207.0,12122.3955078125,35641.0,0.0
BAJAJHLDNG.NS,2025-04-22,12324.0,12238.583984375,32407.0,0.0
BAJAJHLDNG.NS,2025-04-23,12422.0,12335.9052734375,53425.0,0.0
BAJAJHLDNG.NS,2025-04-24,12379.0,12293.203125,56181.0,0.0
BAJAJHLDNG.NS,2025-04-25,12198.0,12113.45703125,57428.0,0.0
BAJAJHLDNG.NS,2025-04-28,12354.0,12268.376953125,28811.0,0.0
BAJAJHLDNG.NS,2025-04-29,12316.0,12230.6396484375,31643.0,0.0
BAJAJHLDNG.NS,2025-04-30,11973.0,11890.0166015625,68305.0,0.0
BAJAJHLDNG.NS,2025-05-02,11952.0,11869.162109375,47621.0,0.0
BAJAJHLDNG.NS,2025-05-05,11901.0,11818.515625,56022.0,0.0
BAJAJHLDNG.NS,2025-05-06,11858.0,11775.814453125,31438.0,0.0
BAJAJHLDNG.NS,2025-05-07,11907.0,11824.474609375,37189.0,0.0
BAJAJHLDNG.NS,2025-05-08,11549.0,11468.955078125,55182.0,0.0
BAJAJHLDNG.NS,2025-05-09,11238.0,11160.111328125,33839.0,0.0
BAJAJHLDNG.NS,2025-05-12,12094.0,12010.177734375,52048.0,0.0
BAJAJHLDNG.NS,2025-05-13,11921.0,11838.376953125,31479.0,0.0
BAJAJHLDNG.NS,2025-05-14,12020.0,11936.69140625,30116.0,0.0
BAJAJHLDNG.NS,2025-05-15,12630.0,12542.4638671875,143084.0,0.0
BAJAJHLDNG.NS,2025-05-16,13111.0,13020.12890625,173590.0,0.0
BAJAJHLDNG.NS,2025-05-19,13973.0,13876.1552734375,268741.0,0.0
BAJAJHLDNG.NS,2025-05-20,12932.0,12842.37109375,196316.0,0.0
BAJAJHLDNG.NS,2025-05-21,13142.0,13050.9150390625,113427.0,0.0
BAJAJHLDNG.NS,2025-05-22,13198.0,13106.5263671875,87848.0,0.0
BAJAJHLDNG.NS,2025-05-23,13748.0,13652.71484375,114272.0,0.0
BAJAJHLDNG.NS,2025-05-26,13978.0,13881.12109375,83908.0,0.0
BAJAJHLDNG.NS,2025-05-27,13803.0,13707.333984375,52486.0,0.0
BAJAJHLDNG.NS,2025-05-28,13617.0,13522.6220703125,39327.0,0.0
BAJAJHLDNG.NS,2025-05-29,13327.0,13234.6328125,56660.0,0.0
BAJAJHLDNG.NS,2025-05-30,13414.0,13321.029296875,299062.0,0.0
BAJAJHLDNG.NS,2025-06-02,13418.0,13325.001953125,68285.0,0.0
BAJAJHLDNG.NS,2025-06-03,13158.0,13066.8046875,47907.0,0.0
BAJAJHLDNG.NS,2025-06-04,13414.0,13321.029296875,54760.0,0.0
BAJAJHLDNG.NS,2025-06-05,13482.0,13388.55859375,39215.0,0.0
BAJAJHLDNG.NS,2025-06-06,14251.0,14152.228515625,503230.0,0.0
BAJAJHLDNG.NS,2025-06-09,14251.0,14152.228515625,86582.0,0.0
BAJAJHLDNG.NS,2025-06-10,14382.0,14282.3203125,66433.0,0.0
BAJAJHLDNG.NS,2025-06-11,14361.0,14261.4658203125,51861.0,0.0
BAJAJHLDNG.NS,2025-06-12,14090.0,13992.3447265625,167890.0,0.0
BAJAJHLDNG.NS,2025-06-13,14084.0,13986.3857421875,37393.0,0.0
BAJAJHLDNG.NS,2025-06-16,13978.0,13881.12109375,67774.0,0.0
BAJAJHLDNG.NS,2025-06-17,13789.0,13693.4306640625,36462.0,0.0
BAJAJHLDNG.NS,2025-06-18,13684.0,13589.158203125,45817.0,0.0
BAJAJHLDNG.NS,2025-06-19,13465.0,13371.67578125,35924.0,0.0
BAJAJHLDNG.NS,2025-06-20,13614.0,13519.6435546875,74560.0,0.0
BAJAJHLDNG.NS,2025-06-23,13459.0,13365.7177734375,32073.0,0.0
BAJAJHLDNG.NS,2025-06-24,13774.0,13678.53515625,70253.0,0.0
BAJAJHLDNG.NS,2025-06-25,13721.0,13625.90234375,41533.0,0.0
BAJAJHLDNG.NS,2025-06-26,13870.0,13773.869140625,42047.0,0.0
BAJAJHLDNG.NS,2025-06-27,14134.0,14064.431640625,96693.0,0.0
BAJAJHLDNG.NS,2025-06-30,14379.0,14308.2265625,98360.0,0.0
BAJAJHLDNG.NS,2025-07-01,14341.0,14270.4130859375,87116.0,0.0
BAJAJHLDNG.NS,2025-07-02,14417.0,14346.0390625,35886.0,0.0
BAJAJHLDNG.NS,2025-07-03,14184.0,14114.185546875,32741.0,0.0
BAJAJHLDNG.NS,2025-07-04,14227.0,14156.974609375,28212.0,0.0
BAJAJHLDNG.NS,2025-07-07,14288.0,14217.673828125,21147.0,0.0
BAJAJHLDNG.NS,2025-07-08,13882.0,13813.671875,35627.0,0.0
BAJAJHLDNG.NS,2025-07-09,13862.0,13793.7705078125,33064.0,0.0
BAJAJHLDNG.NS,2025-07-10,13875.0,13806.70703125,22679.0,0.0
BAJAJHLDNG.NS,2025-07-11,13752.0,13684.3125,21532.0,0.0
BAJAJHLDNG.NS,2025-07-14,14148.0,14078.36328125,57795.0,0.0
BAJAJHLDNG.NS,2025-07-15,14164.0,14094.2841796875,39811.0,0.0
BAJAJHLDNG.NS,2025-07-16,14095.0,14025.6240234375,30787.0,0.0
BAJAJHLDNG.NS,2025-07-17,14100.0,14030.599609375,14426.0,0.0
BAJAJHLDNG.NS,2025-07-18,13848.0,13779.83984375,24707.0,0.0
BAJAJHLDNG.NS,2025-07-21,14035.0,13965.9189453125,61972.0,0.0
BAJAJHLDNG.NS,2025-07-22,14070.0,14000.7470703125,22959.0,0.0
BAJAJHLDNG.NS,2025-07-23,13973.0,13904.224609375,21611.0,0.0
BAJAJHLDNG.NS,2025-07-24,14165.0,14095.279296875,108160.0,0.0
BAJAJHLDNG.NS,2025-07-25,13852.0,13783.8203125,83665.0,0.0
BAJAJHLDNG.NS,2025-07-28,13802.0,13734.06640625,50923.0,0.0
BAJAJHLDNG.NS,2025-07-29,14062.0,13992.7861328125,47610.0,0.0
BAJAJHLDNG.NS,2025-07-30,14059.0,13989.80078125,17412.0,0.0
BAJAJHLDNG.NS,2025-07-31,13963.0,13894.2734375,27343.0,0.0
BAJAJHLDNG.NS,2025-08-01,13848.0,13779.83984375,21385.0,0.0
BAJAJHLDNG.NS,2025-08-04,13899.0,13830.5888671875,48902.0,0.0
BAJAJHLDNG.NS,2025-08-05,13861.0,13792.775390625,22438.0,0.0
BAJAJHLDNG.NS,2025-08-06,13607.0,13540.0263671875,49939.0,0.0
BAJAJHLDNG.NS,2025-08-07,13780.0,13712.1748046875,293772.0,0.0
BAJAJHLDNG.NS,2025-08-08,13718.0,13650.4794921875,94466.0,0.0
BAJAJHLDNG.NS,2025-08-11,14047.0,13977.8603515625,45715.0,0.0
BAJAJHLDNG.NS,2025-08-12,13805.0,13737.0517578125,25155.0,0.0
BAJAJHLDNG.NS,2025-08-13,13917.0,13848.5,22910.0,0.0
BAJAJHLDNG.NS,2025-08-14,14136.0,14066.421875,26389.0,0.0
BAJAJHLDNG.NS,2025-08-18,14523.0,14451.517578125,94360.0,0.0
BAJAJHLDNG.NS,2025-08-19,13785.0,13717.1494140625,131464.0,0.0
BAJAJHLDNG.NS,2025-08-20,13642.0,13574.853515625,111820.0,0.0
BAJAJHLDNG.NS,2025-08-21,13700.0,13632.568359375,36999.0,0.0
BAJAJHLDNG.NS,2025-08-22,13545.0,13478.3310546875,33115.0,0.0
BAJAJHLDNG.NS,2025-08-25,13265.0,13199.708984375,61206.0,0.0
BAJAJHLDNG.NS,2025-08-26,12997.0,12933.0283203125,92529.0,0.0
BAJAJHLDNG.NS,2025-08-28,12966.0,12902.1806640625,38487.0,0.0
BAJAJHLDNG.NS,2025-08-29,12770.0,12707.1455078125,38945.0,0.0
BAJAJHLDNG.NS,2025-09-01,12544.0,12482.2578125,89792.0,0.0
BAJAJHLDNG.NS,2025-09-02,12620.0,12557.8837890625,44479.0,0.0
BAJAJHLDNG.NS,2025-09-03,13023.0,12958.900390625,53649.0,0.0
BAJAJHLDNG.NS,2025-09-04,12981.0,12917.107421875,39931.0,0.0
BAJAJHLDNG.NS,2025-09-05,12926.0,12862.3779296875,50777.0,0.0
BAJAJHLDNG.NS,2025-09-08,12771.0,12708.140625,61431.0,0.0
BAJAJHLDNG.NS,2025-09-09,13064.0,12999.6982421875,55948.0,0.0
BAJAJHLDNG.NS,2025-09-10,13054.0,12989.748046875,47841.0,0.0
BAJAJHLDNG.NS,2025-09-11,13099.0,13034.5263671875,25540.0,0.0
BAJAJHLDNG.NS,2025-09-12,13211.0,13145.974609375,66532.0,0.0
BAJAJHLDNG.NS,2025-09-15,13198.0,13133.0390625,51240.0,0.0
BAJAJHLDNG.NS,2025-09-16,13525.0,13458.4296875,53962.0,0.0
BAJAJHLDNG.NS,2025-09-17,13663.0,13595.75,63527.0,0.0
BAJAJHLDNG.NS,2025-09-18,13467.0,13400.71484375,25665.0,0.0
BAJAJHLDNG.NS,2025-09-19,13206.0,13141.0,95999.0,0.0
BAJAJHLDNG.NS,2025-09-22,13279.0,13279.0,29040.0,0.0
BAJAJHLDNG.NS,2025-09-23,13265.0,13265.0,28684.0,0.0
BAJAJHLDNG.NS,2025-09-24,13203.0,13203.0,14576.0,0.0
BAJAJHLDNG.NS,2025-09-25,12899.0,12899.0,31085.0,0.0
BAJAJHLDNG.NS,2025-09-26,12698.0,12698.0,32351.0,0.0
BAJAJHLDNG.NS,2025-09-29,12462.0,12462.0,125091.0,0.0
BAJAJHLDNG.NS,2025-09-30,12247.0,12247.0,103078.0,0.0
BAJAJHLDNG.NS,2025-10-01,11996.0,11996.0,81652.0,0.0
BAJAJHLDNG.NS,2025-10-03,11819.0,11819.0,119815.0,0.0
BAJAJHLDNG.NS,2025-10-06,11802.0,11802.0,57423.0,0.0
BAJAJHLDNG.NS,2025-10-07,12089.0,12089.0,102380.0,0.0
BAJAJHLDNG.NS,2025-10-08,12093.0,12093.0,38642.0,0.0
BAJAJHLDNG.NS,2025-10-09,11909.0,11909.0,33143.0,0.0
BAJAJHLDNG.NS,2025-10-10,12074.0,12074.0,31215.0,0.0
BAJAJHLDNG.NS,2025-10-13,12354.0,12354.0,44409.0,0.0
BAJAJHLDNG.NS,2025-10-14,12211.0,12211.0,39400.0,0.0
BAJAJHLDNG.NS,2025-10-15,12217.0,12217.0,25443.0,0.0
BAJAJHLDNG.NS,2025-10-16,12501.0,12501.0,46094.0,0.0
BAJAJHLDNG.NS,2025-10-17,12655.0,12655.0,46744.0,0.0
BAJAJHLDNG.NS,2025-10-20,12605.0,12605.0,24435.0,0.0
BAJAJHLDNG.NS,2025-10-21,12732.0,12732.0,7414.0,0.0
BAJAJHLDNG.NS,2025-10-23,13144.0,13144.0,102501.0,0.0
BAJAJHLDNG.NS,2025-10-24,13144.0,13144.0,76553.0,0.0
BAJAJHLDNG.NS,2025-10-27,12953.0,12953.0,42072.0,0.0
BAJAJHLDNG.NS,2025-10-28,12787.0,12787.0,78709.0,0.0
BAJAJHLDNG.NS,2025-10-29,12619.0,12619.0,22032.0,0.0
BAJAJHLDNG.NS,2025-10-30,12446.0,12446.0,23844.0,0.0
BAJAJHLDNG.NS,2025-10-31,12303.0,12303.0,29810.0,0.0
BAJAJHLDNG.NS,2025-11-03,12127.0,12127.0,42681.0,0.0
BAJAJHLDNG.NS,2025-11-04,12091.0,12091.0,35113.0,0.0
BAJAJHLDNG.NS,2025-11-06,13139.0,13139.0,706323.0,0.0
BAJAJHLDNG.NS,2025-11-07,12580.0,12580.0,87011.0,0.0
BAJAJHLDNG.NS,2025-11-10,12614.0,12614.0,85196.0,0.0
BAJAJHLDNG.NS,2025-11-11,12156.0,12156.0,73726.0,0.0
BAJAJHLDNG.NS,2025-11-12,11998.0,11998.0,82679.0,0.0
BAJAJHLDNG.NS,2025-11-13,11981.0,11981.0,40621.0,0.0
BAJAJHLDNG.NS,2025-11-14,12570.0,12570.0,174364.0,0.0
BAJAJHLDNG.NS,2025-11-17,12124.0,12124.0,110495.0,0.0
BAJAJHLDNG.NS,2025-11-18,11872.0,11872.0,85666.0,0.0
BAJAJHLDNG.NS,2025-11-19,11733.0,11733.0,61239.0,0.0
BAJAJHLDNG.NS,2025-11-20,11747.0,11747.0,39186.0,0.0
BAJAJHLDNG.NS,2025-11-21,11641.0,11641.0,54164.0,0.0
BAJAJHLDNG.NS,2025-11-24,11473.0,11473.0,161587.0,0.0
BAJAJHLDNG.NS,2025-11-25,11640.0,11640.0,41900.0,0.0
BAJAJHLDNG.NS,2025-11-26,11734.0,11734.0,65740.0,0.0
BAJAJHLDNG.NS,2025-11-27,11246.0,11246.0,112924.0,0.0
BAJAJHLDNG.NS,2025-11-28,11499.0,11499.0,198137.0,0.0
BAJAJHLDNG.NS,2025-12-01,11332.0,11332.0,131948.0,0.0
BAJAJHLDNG.NS,2025-12-02,11049.0,11049.0,359605.0,0.0
BAJAJHLDNG.NS,2025-12-03,11222.0,11222.0,186376.0,0.0
BAJAJHLDNG.NS,2025-12-04,11118.0,11118.0,60360.0,0.0
BAJAJHLDNG.NS,2025-12-05,11181.0,11181.0,194196.0,0.0
BAJAJHLDNG.NS,2025-12-08,10968.0,10968.0,62994.0,0.0
BAJAJHLDNG.NS,2025-12-09,11063.0,11063.0,60470.0,0.0
BAJAJHLDNG.NS,2025-12-10,11102.0,11102.0,43035.0,0.0
BAJAJHLDNG.NS,2025-12-11,10984.0,10984.0,31891.0,0.0
BAJAJHLDNG.NS,2025-12-12,10900.0,10900.0,37619.0,0.0
BAJAJHLDNG.NS,2025-12-15,11062.0,11062.0,52244.0,0.0
BAJAJHLDNG.NS,2025-12-16,11068.0,11068.0,65436.0,0.0
BAJAJHLDNG.NS,2025-12-17,11072.0,11072.0,26971.0,0.0
BAJAJHLDNG.NS,2025-12-18,10941.0,10941.0,29991.0,0.0
BAJAJHLDNG.NS,2025-12-19,11148.0,11148.0,72371.0,0.0
BAJAJHLDNG.NS,2025-12-22,11255.0,11255.0,36705.0,0.0
BAJAJHLDNG.NS,2025-12-23,11279.0,11279.0,25921.0,0.0
BAJAJHLDNG.NS,2025-12-24,11224.0,11224.0,16358.0,0.0
BAJAJHLDNG.NS,2025-12-26,11155.0,11155.0,14887.0,0.0
BAJAJHLDNG.NS,2025-12-29,11250.0,11250.0,21182.0,0.0
BAJAJHLDNG.NS,2025-12-30,10982.0,10982.0,81987.0,0.0
BAJAJHLDNG.NS,2025-12-31,11328.0,11328.0,135869.0,0.0
BAJAJHLDNG.NS,2026-01-01,11342.0,11342.0,37154.0,0.0
BAJAJHLDNG.NS,2026-01-02,11181.0,11181.0,58889.0,0.0
BAJAJHLDNG.NS,2026-01-05,11272.0,11272.0,67952.0,0.0
BAJAJHLDNG.NS,2026-01-06,11202.0,11202.0,54515.0,0.0
BAJAJHLDNG.NS,2026-01-07,11198.0,11198.0,47399.0,0.0
BAJAJHLDNG.NS,2026-01-08,11209.0,11209.0,287380.0,0.0
BAJAJHLDNG.NS,2026-01-09,11043.0,11043.0,61206.0,0.0
BAJAJHLDNG.NS,2026-01-12,10745.0,10745.0,133197.0,0.0
BAJAJHLDNG.NS,2026-01-13,10729.0,10729.0,128939.0,0.0
BAJAJHLDNG.NS,2026-01-14,10741.0,10741.0,88075.0,0.0
BAJAJHLDNG.NS,2026-01-15,10741.0,10741.0,0.0,0.0
BAJAJHLDNG.NS,2026-01-16,10682.0,10682.0,52028.0,0.0
BAJAJHLDNG.NS,2026-01-19,10648.0,10648.0,42224.0,0.0
BAJAJHLDNG.NS,2026-01-20,10560.0,10560.0,45417.0,0.0
BAJAJHLDNG.NS,2026-01-21,10613.0,10613.0,43298.0,0.0
BAJAJHLDNG.NS,2026-01-22,10735.0,10735.0,33459.0,0.0
BAJAJHLDNG.NS,2026-01-23,10668.0,10668.0,131490.0,0.0
BAJAJHLDNG.NS,2026-01-27,10609.0,10609.0,76057.0,0.0
BAJAJHLDNG.NS,2026-01-28,10704.0,10704.0,50260.0,0.0
BAJAJHLDNG.NS,2026-01-29,10727.0,10727.0,37478.0,0.0
BAJAJHLDNG.NS,2026-01-30,10800.0,10800.0,66246.0,0.0
BAJAJHLDNG.NS,2026-02-02,10661.0,10661.0,46807.0,0.0
BAJAJHLDNG.NS,2026-02-03,10915.0,10915.0,83810.0,0.0
BAJAJHLDNG.NS,2026-02-04,10889.0,10889.0,48360.0,0.0
BAJAJHLDNG.NS,2026-02-05,10891.0,10891.0,211732.0,0.0
BAJAJHLDNG.NS,2026-02-06,10999.0,10999.0,53765.0,0.0
BAJAJHLDNG.NS,2026-02-09,11101.0,11101.0,52907.0,0.0
BAJAJHLDNG.NS,2026-02-10,11081.0,11081.0,33459.0,0.0
BAJAJHLDNG.NS,2026-02-11,11111.0,11111.0,28691.0,0.0
BAJAJHFL.NS,2025-02-11,112.01000213623047,112.01000213623047,9721747.0,0.0
BAJAJHFL.NS,2025-02-12,112.88999938964844,112.88999938964844,11775918.0,0.0
BAJAJHFL.NS,2025-02-13,112.45999908447266,112.45999908447266,5780837.0,0.0
BAJAJHFL.NS,2025-02-14,109.72000122070312,109.72000122070312,7295495.0,0.0
BAJAJHFL.NS,2025-02-17,109.44000244140625,109.44000244140625,8636592.0,0.0
BAJAJHFL.NS,2025-02-18,108.41000366210938,108.41000366210938,5154623.0,0.0
BAJAJHFL.NS,2025-02-19,109.02999877929688,109.02999877929688,7778169.0,0.0
BAJAJHFL.NS,2025-02-20,113.86000061035156,113.86000061035156,11736909.0,0.0
BAJAJHFL.NS,2025-02-21,113.54000091552734,113.54000091552734,8415656.0,0.0
BAJAJHFL.NS,2025-02-24,113.43000030517578,113.43000030517578,7865405.0,0.0
BAJAJHFL.NS,2025-02-25,113.91000366210938,113.91000366210938,5486810.0,0.0
BAJAJHFL.NS,2025-02-27,111.52999877929688,111.52999877929688,6022308.0,0.0
BAJAJHFL.NS,2025-02-28,108.7300033569336,108.7300033569336,9174929.0,0.0
BAJAJHFL.NS,2025-03-03,110.0999984741211,110.0999984741211,13326442.0,0.0
BAJAJHFL.NS,2025-03-04,110.86000061035156,110.86000061035156,8288571.0,0.0
BAJAJHFL.NS,2025-03-05,112.23999786376953,112.23999786376953,7616110.0,0.0
BAJAJHFL.NS,2025-03-06,114.45999908447266,114.45999908447266,6400659.0,0.0
BAJAJHFL.NS,2025-03-07,116.37999725341797,116.37999725341797,8715580.0,0.0
BAJAJHFL.NS,2025-03-10,115.33000183105469,115.33000183105469,6538842.0,0.0
BAJAJHFL.NS,2025-03-11,113.51000213623047,113.51000213623047,6485493.0,0.0
BAJAJHFL.NS,2025-03-12,115.88999938964844,115.88999938964844,6512550.0,0.0
BAJAJHFL.NS,2025-03-13,115.25,115.25,4805289.0,0.0
BAJAJHFL.NS,2025-03-17,115.08999633789062,115.08999633789062,6279861.0,0.0
BAJAJHFL.NS,2025-03-18,115.08999633789062,115.08999633789062,0.0,0.0
BAJAJHFL.NS,2025-03-19,121.58999633789062,121.58999633789062,27835210.0,0.0
BAJAJHFL.NS,2025-03-20,121.13999938964844,121.13999938964844,14546046.0,0.0
BAJAJHFL.NS,2025-03-21,123.61000061035156,123.61000061035156,75600670.0,0.0
BAJAJHFL.NS,2025-03-24,121.63999938964844,121.63999938964844,16070684.0,0.0
BAJAJHFL.NS,2025-03-25,119.62999725341797,119.62999725341797,12808904.0,0.0
BAJAJHFL.NS,2025-03-26,115.98999786376953,115.98999786376953,11700585.0,0.0
BAJAJHFL.NS,2025-03-27,125.4800033569336,125.4800033569336,32169741.0,0.0
BAJAJHFL.NS,2025-03-28,123.29000091552734,123.29000091552734,16795731.0,0.0
BAJAJHFL.NS,2025-04-01,121.69000244140625,121.69000244140625,6768024.0,0.0
BAJAJHFL.NS,2025-04-02,121.58000183105469,121.58000183105469,9350556.0,0.0
BAJAJHFL.NS,2025-04-03,124.62000274658203,124.62000274658203,12183590.0,0.0
BAJAJHFL.NS,2025-04-04,121.55999755859375,121.55999755859375,8020551.0,0.0
BAJAJHFL.NS,2025-04-07,118.08000183105469,118.08000183105469,14810796.0,0.0
BAJAJHFL.NS,2025-04-08,118.0199966430664,118.0199966430664,10697770.0,0.0
BAJAJHFL.NS,2025-04-09,118.25,118.25,7629208.0,0.0
BAJAJHFL.NS,2025-04-11,119.37999725341797,119.37999725341797,9650608.0,0.0
BAJAJHFL.NS,2025-04-15,124.2300033569336,124.2300033569336,14915197.0,0.0
BAJAJHFL.NS,2025-04-16,129.8000030517578,129.8000030517578,31248467.0,0.0
BAJAJHFL.NS,2025-04-17,128.69000244140625,128.69000244140625,12512050.0,0.0
BAJAJHFL.NS,2025-04-21,130.72000122070312,130.72000122070312,13733721.0,0.0
BAJAJHFL.NS,2025-04-22,131.16000366210938,131.16000366210938,15295254.0,0.0
BAJAJHFL.NS,2025-04-23,131.8800048828125,131.8800048828125,14314431.0,0.0
BAJAJHFL.NS,2025-04-24,132.3000030517578,132.3000030517578,47219017.0,0.0
BAJAJHFL.NS,2025-04-25,125.04000091552734,125.04000091552734,30209140.0,0.0
BAJAJHFL.NS,2025-04-28,125.0999984741211,125.0999984741211,11208958.0,0.0
BAJAJHFL.NS,2025-04-29,123.5,123.5,9208725.0,0.0
BAJAJHFL.NS,2025-04-30,122.0,122.0,7787174.0,0.0
BAJAJHFL.NS,2025-05-02,122.27999877929688,122.27999877929688,5534692.0,0.0
BAJAJHFL.NS,2025-05-05,122.58000183105469,122.58000183105469,6922724.0,0.0
BAJAJHFL.NS,2025-05-06,118.27999877929688,118.27999877929688,8067775.0,0.0
BAJAJHFL.NS,2025-05-07,119.3499984741211,119.3499984741211,10925273.0,0.0
BAJAJHFL.NS,2025-05-08,118.48999786376953,118.48999786376953,10076183.0,0.0
BAJAJHFL.NS,2025-05-09,117.19000244140625,117.19000244140625,9892137.0,0.0
BAJAJHFL.NS,2025-05-12,120.83999633789062,120.83999633789062,8806737.0,0.0
BAJAJHFL.NS,2025-05-13,121.4000015258789,121.4000015258789,15980265.0,0.0
BAJAJHFL.NS,2025-05-14,122.80000305175781,122.80000305175781,6669100.0,0.0
BAJAJHFL.NS,2025-05-15,122.98999786376953,122.98999786376953,6291111.0,0.0
BAJAJHFL.NS,2025-05-16,123.9000015258789,123.9000015258789,9321846.0,0.0
BAJAJHFL.NS,2025-05-19,126.2300033569336,126.2300033569336,14362198.0,0.0
BAJAJHFL.NS,2025-05-20,123.88999938964844,123.88999938964844,6539164.0,0.0
BAJAJHFL.NS,2025-05-21,124.23999786376953,124.23999786376953,9503829.0,0.0
BAJAJHFL.NS,2025-05-22,124.11000061035156,124.11000061035156,5646227.0,0.0
BAJAJHFL.NS,2025-05-23,124.54000091552734,124.54000091552734,5094784.0,0.0
BAJAJHFL.NS,2025-05-26,124.19000244140625,124.19000244140625,4352773.0,0.0
BAJAJHFL.NS,2025-05-27,123.70999908447266,123.70999908447266,3844479.0,0.0
BAJAJHFL.NS,2025-05-28,123.76000213623047,123.76000213623047,3442612.0,0.0
BAJAJHFL.NS,2025-05-29,123.12000274658203,123.12000274658203,3203380.0,0.0
BAJAJHFL.NS,2025-05-30,122.0,122.0,4631761.0,0.0
BAJAJHFL.NS,2025-06-02,123.91000366210938,123.91000366210938,8996458.0,0.0
BAJAJHFL.NS,2025-06-03,122.44999694824219,122.44999694824219,5342566.0,0.0
BAJAJHFL.NS,2025-06-04,121.75,121.75,5245111.0,0.0
BAJAJHFL.NS,2025-06-05,122.81999969482422,122.81999969482422,5412201.0,0.0
BAJAJHFL.NS,2025-06-06,125.66000366210938,125.66000366210938,21034598.0,0.0
BAJAJHFL.NS,2025-06-09,127.12999725341797,127.12999725341797,10973193.0,0.0
BAJAJHFL.NS,2025-06-10,125.7300033569336,125.7300033569336,6462105.0,0.0
BAJAJHFL.NS,2025-06-11,125.20999908447266,125.20999908447266,7209424.0,0.0
BAJAJHFL.NS,2025-06-12,122.86000061035156,122.86000061035156,5424976.0,0.0
BAJAJHFL.NS,2025-06-13,121.62999725341797,121.62999725341797,7172697.0,0.0
BAJAJHFL.NS,2025-06-16,121.80999755859375,121.80999755859375,5484612.0,0.0
BAJAJHFL.NS,2025-06-17,120.66000366210938,120.66000366210938,4112639.0,0.0
BAJAJHFL.NS,2025-06-18,120.41999816894531,120.41999816894531,3898500.0,0.0
BAJAJHFL.NS,2025-06-19,117.86000061035156,117.86000061035156,6133605.0,0.0
BAJAJHFL.NS,2025-06-20,119.63999938964844,119.63999938964844,5085308.0,0.0
BAJAJHFL.NS,2025-06-23,119.05000305175781,119.05000305175781,3740723.0,0.0
BAJAJHFL.NS,2025-06-24,120.61000061035156,120.61000061035156,5512673.0,0.0
BAJAJHFL.NS,2025-06-25,121.7300033569336,121.7300033569336,4878052.0,0.0
BAJAJHFL.NS,2025-06-26,121.91000366210938,121.91000366210938,3889453.0,0.0
BAJAJHFL.NS,2025-06-27,122.06999969482422,122.06999969482422,5228077.0,0.0
BAJAJHFL.NS,2025-06-30,121.8499984741211,121.8499984741211,4551293.0,0.0
BAJAJHFL.NS,2025-07-01,121.54000091552734,121.54000091552734,4058662.0,0.0
BAJAJHFL.NS,2025-07-02,121.3499984741211,121.3499984741211,4044759.0,0.0
BAJAJHFL.NS,2025-07-03,121.0999984741211,121.0999984741211,3023573.0,0.0
BAJAJHFL.NS,2025-07-04,122.38999938964844,122.38999938964844,10674659.0,0.0
BAJAJHFL.NS,2025-07-07,120.95999908447266,120.95999908447266,4427716.0,0.0
BAJAJHFL.NS,2025-07-08,120.77999877929688,120.77999877929688,3049738.0,0.0
BAJAJHFL.NS,2025-07-09,121.33000183105469,121.33000183105469,4267942.0,0.0
BAJAJHFL.NS,2025-07-10,121.62000274658203,121.62000274658203,4245640.0,0.0
BAJAJHFL.NS,2025-07-11,120.79000091552734,120.79000091552734,2917784.0,0.0
BAJAJHFL.NS,2025-07-14,119.86000061035156,119.86000061035156,3365718.0,0.0
BAJAJHFL.NS,2025-07-15,121.22000122070312,121.22000122070312,3965493.0,0.0
BAJAJHFL.NS,2025-07-16,123.36000061035156,123.36000061035156,12576293.0,0.0
BAJAJHFL.NS,2025-07-17,122.62999725341797,122.62999725341797,4562685.0,0.0
BAJAJHFL.NS,2025-07-18,121.88999938964844,121.88999938964844,4214483.0,0.0
BAJAJHFL.NS,2025-07-21,121.38999938964844,121.38999938964844,3140046.0,0.0
BAJAJHFL.NS,2025-07-22,121.45999908447266,121.45999908447266,2964592.0,0.0
BAJAJHFL.NS,2025-07-23,122.2699966430664,122.2699966430664,6124506.0,0.0
BAJAJHFL.NS,2025-07-24,119.66000366210938,119.66000366210938,9821058.0,0.0
BAJAJHFL.NS,2025-07-25,117.0199966430664,117.0199966430664,7633517.0,0.0
BAJAJHFL.NS,2025-07-28,115.19999694824219,115.19999694824219,4487889.0,0.0
BAJAJHFL.NS,2025-07-29,115.91999816894531,115.91999816894531,4246325.0,0.0
BAJAJHFL.NS,2025-07-30,115.0,115.0,4077130.0,0.0
BAJAJHFL.NS,2025-07-31,113.87000274658203,113.87000274658203,4112735.0,0.0
BAJAJHFL.NS,2025-08-01,112.91000366210938,112.91000366210938,3511376.0,0.0
BAJAJHFL.NS,2025-08-04,114.13999938964844,114.13999938964844,3075027.0,0.0
BAJAJHFL.NS,2025-08-05,114.2300033569336,114.2300033569336,2045957.0,0.0
BAJAJHFL.NS,2025-08-06,113.30000305175781,113.30000305175781,2214411.0,0.0
BAJAJHFL.NS,2025-08-07,113.02999877929688,113.02999877929688,4738658.0,0.0
BAJAJHFL.NS,2025-08-08,112.37000274658203,112.37000274658203,2597037.0,0.0
BAJAJHFL.NS,2025-08-11,112.73999786376953,112.73999786376953,2577956.0,0.0
BAJAJHFL.NS,2025-08-12,112.41000366210938,112.41000366210938,2787190.0,0.0
BAJAJHFL.NS,2025-08-13,108.55999755859375,108.55999755859375,11220829.0,0.0
BAJAJHFL.NS,2025-08-14,112.72000122070312,112.72000122070312,24782953.0,0.0
BAJAJHFL.NS,2025-08-18,114.7699966430664,114.7699966430664,12910248.0,0.0
BAJAJHFL.NS,2025-08-19,114.16000366210938,114.16000366210938,3674484.0,0.0
BAJAJHFL.NS,2025-08-20,114.27999877929688,114.27999877929688,2588487.0,0.0
BAJAJHFL.NS,2025-08-21,113.0199966430664,113.0199966430664,4567065.0,0.0
BAJAJHFL.NS,2025-08-22,112.93000030517578,112.93000030517578,1893053.0,0.0
BAJAJHFL.NS,2025-08-25,113.44000244140625,113.44000244140625,2250639.0,0.0
BAJAJHFL.NS,2025-08-26,112.33000183105469,112.33000183105469,3027242.0,0.0
BAJAJHFL.NS,2025-08-28,111.7699966430664,111.7699966430664,3065953.0,0.0
BAJAJHFL.NS,2025-08-29,111.23999786376953,111.23999786376953,2804386.0,0.0
BAJAJHFL.NS,2025-09-01,113.02999877929688,113.02999877929688,3141708.0,0.0
BAJAJHFL.NS,2025-09-02,113.27999877929688,113.27999877929688,2815623.0,0.0
BAJAJHFL.NS,2025-09-03,113.19000244140625,113.19000244140625,2621040.0,0.0
BAJAJHFL.NS,2025-09-04,112.0,112.0,4710497.0,0.0
BAJAJHFL.NS,2025-09-05,112.20999908447266,112.20999908447266,3445330.0,0.0
BAJAJHFL.NS,2025-09-08,112.22000122070312,112.22000122070312,2697957.0,0.0
BAJAJHFL.NS,2025-09-09,111.83999633789062,111.83999633789062,2416074.0,0.0
BAJAJHFL.NS,2025-09-10,112.06999969482422,112.06999969482422,2456698.0,0.0
BAJAJHFL.NS,2025-09-11,111.95999908447266,111.95999908447266,2464294.0,0.0
BAJAJHFL.NS,2025-09-12,112.02999877929688,112.02999877929688,3050281.0,0.0
BAJAJHFL.NS,2025-09-15,113.3499984741211,113.3499984741211,6851911.0,0.0
BAJAJHFL.NS,2025-09-16,115.91999816894531,115.91999816894531,10070116.0,0.0
BAJAJHFL.NS,2025-09-17,115.48999786376953,115.48999786376953,4799388.0,0.0
BAJAJHFL.NS,2025-09-18,114.80000305175781,114.80000305175781,3447657.0,0.0
BAJAJHFL.NS,2025-09-19,114.58000183105469,114.58000183105469,2684759.0,0.0
BAJAJHFL.NS,2025-09-22,113.23999786376953,113.23999786376953,4167621.0,0.0
BAJAJHFL.NS,2025-09-23,112.5999984741211,112.5999984741211,3274041.0,0.0
BAJAJHFL.NS,2025-09-24,111.80000305175781,111.80000305175781,3410782.0,0.0
BAJAJHFL.NS,2025-09-25,111.26000213623047,111.26000213623047,2401262.0,0.0
BAJAJHFL.NS,2025-09-26,110.43000030517578,110.43000030517578,2586616.0,0.0
BAJAJHFL.NS,2025-09-29,111.61000061035156,111.61000061035156,3113403.0,0.0
BAJAJHFL.NS,2025-09-30,110.01000213623047,110.01000213623047,4185470.0,0.0
BAJAJHFL.NS,2025-10-01,111.47000122070312,111.47000122070312,3483627.0,0.0
BAJAJHFL.NS,2025-10-03,111.51000213623047,111.51000213623047,3322191.0,0.0
BAJAJHFL.NS,2025-10-06,111.7699966430664,111.7699966430664,7265609.0,0.0
BAJAJHFL.NS,2025-10-07,111.0999984741211,111.0999984741211,3871272.0,0.0
BAJAJHFL.NS,2025-10-08,110.55000305175781,110.55000305175781,3156021.0,0.0
BAJAJHFL.NS,2025-10-09,110.08999633789062,110.08999633789062,3502296.0,0.0
BAJAJHFL.NS,2025-10-10,110.0,110.0,3705731.0,0.0
BAJAJHFL.NS,2025-10-13,108.72000122070312,108.72000122070312,4756932.0,0.0
BAJAJHFL.NS,2025-10-14,107.2300033569336,107.2300033569336,5627740.0,0.0
BAJAJHFL.NS,2025-10-15,110.12999725341797,110.12999725341797,6572385.0,0.0
BAJAJHFL.NS,2025-10-16,110.04000091552734,110.04000091552734,3775402.0,0.0
BAJAJHFL.NS,2025-10-17,109.43000030517578,109.43000030517578,2801951.0,0.0
BAJAJHFL.NS,2025-10-20,109.05000305175781,109.05000305175781,3442878.0,0.0
BAJAJHFL.NS,2025-10-21,110.69999694824219,110.69999694824219,2477426.0,0.0
BAJAJHFL.NS,2025-10-23,110.19999694824219,110.19999694824219,4102928.0,0.0
BAJAJHFL.NS,2025-10-24,110.20999908447266,110.20999908447266,2586170.0,0.0
BAJAJHFL.NS,2025-10-27,109.81999969482422,109.81999969482422,2637703.0,0.0
BAJAJHFL.NS,2025-10-28,109.01000213623047,109.01000213623047,3193632.0,0.0
BAJAJHFL.NS,2025-10-29,110.6500015258789,110.6500015258789,3611658.0,0.0
BAJAJHFL.NS,2025-10-30,110.72000122070312,110.72000122070312,4590070.0,0.0
BAJAJHFL.NS,2025-10-31,110.20999908447266,110.20999908447266,2620645.0,0.0
BAJAJHFL.NS,2025-11-03,109.91000366210938,109.91000366210938,2438108.0,0.0
BAJAJHFL.NS,2025-11-04,109.54000091552734,109.54000091552734,2271510.0,0.0
BAJAJHFL.NS,2025-11-06,109.37999725341797,109.37999725341797,3107502.0,0.0
BAJAJHFL.NS,2025-11-07,109.5,109.5,7680492.0,0.0
BAJAJHFL.NS,2025-11-10,108.26000213623047,108.26000213623047,4296347.0,0.0
BAJAJHFL.NS,2025-11-11,107.68000030517578,107.68000030517578,3585935.0,0.0
BAJAJHFL.NS,2025-11-12,108.02999877929688,108.02999877929688,3190792.0,0.0
BAJAJHFL.NS,2025-11-13,107.63999938964844,107.63999938964844,3340350.0,0.0
BAJAJHFL.NS,2025-11-14,107.54000091552734,107.54000091552734,2358748.0,0.0
BAJAJHFL.NS,2025-11-17,107.38999938964844,107.38999938964844,3017120.0,0.0
BAJAJHFL.NS,2025-11-18,106.58000183105469,106.58000183105469,3644902.0,0.0
BAJAJHFL.NS,2025-11-19,106.05999755859375,106.05999755859375,3287975.0,0.0
BAJAJHFL.NS,2025-11-20,106.41000366210938,106.41000366210938,3467514.0,0.0
BAJAJHFL.NS,2025-11-21,105.52999877929688,105.52999877929688,3680420.0,0.0
BAJAJHFL.NS,2025-11-24,105.76000213623047,105.76000213623047,3613388.0,0.0
BAJAJHFL.NS,2025-11-25,104.95999908447266,104.95999908447266,3040209.0,0.0
BAJAJHFL.NS,2025-11-26,105.0,105.0,4718237.0,0.0
BAJAJHFL.NS,2025-11-27,105.3499984741211,105.3499984741211,4640747.0,0.0
BAJAJHFL.NS,2025-11-28,105.06999969482422,105.06999969482422,2871235.0,0.0
BAJAJHFL.NS,2025-12-01,104.48999786376953,104.48999786376953,3659716.0,0.0
BAJAJHFL.NS,2025-12-02,97.0199966430664,97.0199966430664,439586429.0,0.0
BAJAJHFL.NS,2025-12-03,96.97000122070312,96.97000122070312,38848946.0,0.0
BAJAJHFL.NS,2025-12-04,96.30999755859375,96.30999755859375,14815863.0,0.0
BAJAJHFL.NS,2025-12-05,95.55000305175781,95.55000305175781,9783201.0,0.0
BAJAJHFL.NS,2025-12-08,93.6500015258789,93.6500015258789,15501766.0,0.0
BAJAJHFL.NS,2025-12-09,95.52999877929688,95.52999877929688,18628273.0,0.0
BAJAJHFL.NS,2025-12-10,96.2300033569336,96.2300033569336,9610670.0,0.0
BAJAJHFL.NS,2025-12-11,95.81999969482422,95.81999969482422,9525123.0,0.0
BAJAJHFL.NS,2025-12-12,95.62999725341797,95.62999725341797,4074400.0,0.0
BAJAJHFL.NS,2025-12-15,95.79000091552734,95.79000091552734,9224647.0,0.0
BAJAJHFL.NS,2025-12-16,95.44000244140625,95.44000244140625,4340073.0,0.0
BAJAJHFL.NS,2025-12-17,94.58999633789062,94.58999633789062,3782749.0,0.0
BAJAJHFL.NS,2025-12-18,95.04000091552734,95.04000091552734,3735068.0,0.0
BAJAJHFL.NS,2025-12-19,95.30999755859375,95.30999755859375,4729314.0,0.0
BAJAJHFL.NS,2025-12-22,95.9000015258789,95.9000015258789,4205831.0,0.0
BAJAJHFL.NS,2025-12-23,95.8499984741211,95.8499984741211,3799664.0,0.0
BAJAJHFL.NS,2025-12-24,95.16000366210938,95.16000366210938,5148917.0,0.0
BAJAJHFL.NS,2025-12-26,95.12999725341797,95.12999725341797,3669310.0,0.0
BAJAJHFL.NS,2025-12-29,94.16999816894531,94.16999816894531,4003584.0,0.0
BAJAJHFL.NS,2025-12-30,94.16999816894531,94.16999816894531,3298622.0,0.0
BAJAJHFL.NS,2025-12-31,94.33000183105469,94.33000183105469,3641928.0,0.0
BAJAJHFL.NS,2026-01-01,96.11000061035156,96.11000061035156,8661687.0,0.0
BAJAJHFL.NS,2026-01-02,96.62000274658203,96.62000274658203,5951146.0,0.0
BAJAJHFL.NS,2026-01-05,97.44999694824219,97.44999694824219,10565737.0,0.0
BAJAJHFL.NS,2026-01-06,96.94999694824219,96.94999694824219,12396551.0,0.0
BAJAJHFL.NS,2026-01-07,95.88999938964844,95.88999938964844,3689725.0,0.0
BAJAJHFL.NS,2026-01-08,94.91000366210938,94.91000366210938,4562356.0,0.0
BAJAJHFL.NS,2026-01-09,93.5199966430664,93.5199966430664,8253907.0,0.0
BAJAJHFL.NS,2026-01-12,93.48999786376953,93.48999786376953,5493125.0,0.0
BAJAJHFL.NS,2026-01-13,94.2300033569336,94.2300033569336,3591180.0,0.0
BAJAJHFL.NS,2026-01-14,93.48999786376953,93.48999786376953,3192394.0,0.0
BAJAJHFL.NS,2026-01-15,93.48999786376953,93.48999786376953,0.0,0.0
BAJAJHFL.NS,2026-01-16,92.38999938964844,92.38999938964844,5014665.0,0.0
BAJAJHFL.NS,2026-01-19,91.3499984741211,91.3499984741211,5823669.0,0.0
BAJAJHFL.NS,2026-01-20,89.77999877929688,89.77999877929688,7313741.0,0.0
BAJAJHFL.NS,2026-01-21,89.13999938964844,89.13999938964844,6866122.0,0.0
BAJAJHFL.NS,2026-01-22,90.55000305175781,90.55000305175781,3749879.0,0.0
BAJAJHFL.NS,2026-01-23,88.3499984741211,88.3499984741211,4582708.0,0.0
BAJAJHFL.NS,2026-01-27,88.62999725341797,88.62999725341797,10058854.0,0.0
BAJAJHFL.NS,2026-01-28,89.16000366210938,89.16000366210938,5530897.0,0.0
BAJAJHFL.NS,2026-01-29,88.0199966430664,88.0199966430664,5518443.0,0.0
BAJAJHFL.NS,2026-01-30,90.83000183105469,90.83000183105469,25585905.0,0.0
BAJAJHFL.NS,2026-02-02,89.69999694824219,89.69999694824219,6346190.0,0.0
BAJAJHFL.NS,2026-02-03,91.06999969482422,91.06999969482422,12681275.0,0.0
BAJAJHFL.NS,2026-02-04,91.83999633789062,91.83999633789062,4273895.0,0.0
BAJAJHFL.NS,2026-02-05,91.30999755859375,91.30999755859375,2801353.0,0.0
BAJAJHFL.NS,2026-02-06,91.27999877929688,91.27999877929688,3488102.0,0.0
BAJAJHFL.NS,2026-02-09,91.12000274658203,91.12000274658203,5136289.0,0.0
BAJAJHFL.NS,2026-02-10,91.70999908447266,91.70999908447266,4976827.0,0.0
BAJAJHFL.NS,2026-02-11,91.11000061035156,91.11000061035156,2878832.0,0.0
BANKBARODA.NS,2025-02-11,210.77999877929688,203.75791931152344,5669659.0,0.0
BANKBARODA.NS,2025-02-12,212.5399932861328,205.45928955078125,8728432.0,0.0
BANKBARODA.NS,2025-02-13,210.8000030517578,203.7772674560547,5986171.0,0.0
BANKBARODA.NS,2025-02-14,205.16000366210938,198.32516479492188,10600160.0,0.0
BANKBARODA.NS,2025-02-17,206.9600067138672,200.06520080566406,7113238.0,0.0
BANKBARODA.NS,2025-02-18,206.08999633789062,199.2241668701172,6382336.0,0.0
BANKBARODA.NS,2025-02-19,208.88999938964844,201.93089294433594,5908141.0,0.0
BANKBARODA.NS,2025-02-20,213.57000732421875,206.45498657226562,5212633.0,0.0
BANKBARODA.NS,2025-02-21,210.27000427246094,203.26492309570312,7935366.0,0.0
BANKBARODA.NS,2025-02-24,208.6300048828125,201.6795654296875,4609750.0,0.0
BANKBARODA.NS,2025-02-25,204.77000427246094,197.94815063476562,5449460.0,0.0
BANKBARODA.NS,2025-02-27,203.17999267578125,196.41111755371094,9246629.0,0.0
BANKBARODA.NS,2025-02-28,197.07000732421875,190.5046844482422,14293523.0,0.0
BANKBARODA.NS,2025-03-03,195.91000366210938,189.38331604003906,11080593.0,0.0
BANKBARODA.NS,2025-03-04,195.9199981689453,189.39297485351562,15521855.0,0.0
BANKBARODA.NS,2025-03-05,205.22000122070312,198.38316345214844,9984238.0,0.0
BANKBARODA.NS,2025-03-06,207.16000366210938,200.25852966308594,7708374.0,0.0
BANKBARODA.NS,2025-03-07,205.89999389648438,199.04049682617188,6253445.0,0.0
BANKBARODA.NS,2025-03-10,204.02999877929688,197.23280334472656,9737436.0,0.0
BANKBARODA.NS,2025-03-11,202.55999755859375,195.811767578125,12900521.0,0.0
BANKBARODA.NS,2025-03-12,202.39999389648438,195.6571044921875,13928062.0,0.0
BANKBARODA.NS,2025-03-13,205.52000427246094,198.6731719970703,8576303.0,0.0
BANKBARODA.NS,2025-03-17,205.74000549316406,198.88583374023438,6086364.0,0.0
BANKBARODA.NS,2025-03-18,205.74000549316406,198.88583374023438,0.0,0.0
BANKBARODA.NS,2025-03-19,213.75999450683594,206.63864135742188,8786037.0,0.0
BANKBARODA.NS,2025-03-20,215.64999389648438,208.46568298339844,8936273.0,0.0
BANKBARODA.NS,2025-03-21,216.6999969482422,209.48069763183594,9614502.0,0.0
BANKBARODA.NS,2025-03-24,224.47000122070312,216.99185180664062,13453091.0,0.0
BANKBARODA.NS,2025-03-25,223.07000732421875,215.63848876953125,9683595.0,0.0
BANKBARODA.NS,2025-03-26,220.33999633789062,212.9994354248047,8824925.0,0.0
BANKBARODA.NS,2025-03-27,230.97999572753906,223.2849578857422,38539990.0,0.0
BANKBARODA.NS,2025-03-28,228.52999877929688,220.91659545898438,12275939.0,0.0
BANKBARODA.NS,2025-04-01,228.5800018310547,220.9649200439453,5686405.0,0.0
BANKBARODA.NS,2025-04-02,231.52000427246094,223.80697631835938,11817603.0,0.0
BANKBARODA.NS,2025-04-03,236.77999877929688,228.89173889160156,10557954.0,0.0
BANKBARODA.NS,2025-04-04,234.32000732421875,226.51370239257812,13578143.0,0.0
BANKBARODA.NS,2025-04-07,229.36000061035156,221.71893310546875,13391046.0,0.0
BANKBARODA.NS,2025-04-08,235.83999633789062,227.98306274414062,9329948.0,0.0
BANKBARODA.NS,2025-04-09,230.2100067138672,222.54063415527344,9003748.0,0.0
BANKBARODA.NS,2025-04-11,232.5,224.75433349609375,7672071.0,0.0
BANKBARODA.NS,2025-04-15,234.9499969482422,227.12271118164062,11313564.0,0.0
BANKBARODA.NS,2025-04-16,240.7899932861328,232.7681427001953,10650464.0,0.0
BANKBARODA.NS,2025-04-17,242.80999755859375,234.72085571289062,10250305.0,0.0
BANKBARODA.NS,2025-04-21,249.4199981689453,241.1106414794922,13025589.0,0.0
BANKBARODA.NS,2025-04-22,252.4499969482422,244.03970336914062,15802728.0,0.0
BANKBARODA.NS,2025-04-23,251.47000122070312,243.09234619140625,12117005.0,0.0
BANKBARODA.NS,2025-04-24,252.00999450683594,243.61434936523438,10518406.0,0.0
BANKBARODA.NS,2025-04-25,246.7899932861328,238.56825256347656,12840481.0,0.0
BANKBARODA.NS,2025-04-28,252.5500030517578,244.13636779785156,5675324.0,0.0
BANKBARODA.NS,2025-04-29,253.22000122070312,244.7840576171875,13432236.0,0.0
BANKBARODA.NS,2025-04-30,249.92999267578125,241.60365295410156,8286634.0,0.0
BANKBARODA.NS,2025-05-02,247.58999633789062,239.34161376953125,4318300.0,0.0
BANKBARODA.NS,2025-05-05,249.1300048828125,240.83030700683594,5921479.0,0.0
BANKBARODA.NS,2025-05-06,223.91000366210938,216.45050048828125,53589794.0,0.0
BANKBARODA.NS,2025-05-07,224.5,217.02084350585938,29513047.0,0.0
BANKBARODA.NS,2025-05-08,217.27000427246094,210.03172302246094,18639419.0,0.0
BANKBARODA.NS,2025-05-09,220.08999633789062,212.7577667236328,14465684.0,0.0
BANKBARODA.NS,2025-05-12,226.85000610351562,219.29257202148438,13866067.0,0.0
BANKBARODA.NS,2025-05-13,232.75,224.99600219726562,13441966.0,0.0
BANKBARODA.NS,2025-05-14,233.57000732421875,225.7886962890625,7853997.0,0.0
BANKBARODA.NS,2025-05-15,234.3800048828125,226.5717010498047,6356741.0,0.0
BANKBARODA.NS,2025-05-16,236.9199981689453,229.02708435058594,5559444.0,0.0
BANKBARODA.NS,2025-05-19,239.97999572753906,231.98513793945312,10070720.0,0.0
BANKBARODA.NS,2025-05-20,236.42999267578125,228.5533905029297,11889209.0,0.0
BANKBARODA.NS,2025-05-21,241.3000030517578,233.26116943359375,13019580.0,0.0
BANKBARODA.NS,2025-05-22,241.22999572753906,233.19349670410156,9266003.0,0.0
BANKBARODA.NS,2025-05-23,243.0399932861328,234.9431915283203,5933979.0,0.0
BANKBARODA.NS,2025-05-26,241.52000427246094,233.4738311767578,5619161.0,0.0
BANKBARODA.NS,2025-05-27,241.50999450683594,233.4641571044922,7621172.0,0.0
BANKBARODA.NS,2025-05-28,243.02999877929688,234.93353271484375,4536627.0,0.0
BANKBARODA.NS,2025-05-29,243.24000549316406,235.13653564453125,9793256.0,0.0
BANKBARODA.NS,2025-05-30,249.5500030517578,241.23631286621094,18896253.0,0.0
BANKBARODA.NS,2025-06-02,254.77000427246094,246.28240966796875,15650468.0,0.0
BANKBARODA.NS,2025-06-03,253.66000366210938,245.2093963623047,17004787.0,0.0
BANKBARODA.NS,2025-06-04,254.61000061035156,246.12774658203125,8495549.0,0.0
BANKBARODA.NS,2025-06-05,250.63999938964844,242.29000854492188,20759942.0,0.0
BANKBARODA.NS,2025-06-06,246.17999267578125,246.17999267578125,27877160.0,0.0
BANKBARODA.NS,2025-06-09,248.02000427246094,248.02000427246094,11809052.0,0.0
BANKBARODA.NS,2025-06-10,246.92999267578125,246.92999267578125,6397250.0,0.0
BANKBARODA.NS,2025-06-11,242.58999633789062,242.58999633789062,16318275.0,0.0
BANKBARODA.NS,2025-06-12,240.66000366210938,240.66000366210938,9393665.0,0.0
BANKBARODA.NS,2025-06-13,239.22000122070312,239.22000122070312,7993912.0,0.0
BANKBARODA.NS,2025-06-16,240.6199951171875,240.6199951171875,7304944.0,0.0
BANKBARODA.NS,2025-06-17,238.0399932861328,238.0399932861328,7272466.0,0.0
BANKBARODA.NS,2025-06-18,236.50999450683594,236.50999450683594,6655986.0,0.0
BANKBARODA.NS,2025-06-19,231.66000366210938,231.66000366210938,12080316.0,0.0
BANKBARODA.NS,2025-06-20,234.14999389648438,234.14999389648438,8178646.0,0.0
BANKBARODA.NS,2025-06-23,233.85000610351562,233.85000610351562,5706955.0,0.0
BANKBARODA.NS,2025-06-24,237.82000732421875,237.82000732421875,6407993.0,0.0
BANKBARODA.NS,2025-06-25,239.05999755859375,239.05999755859375,4912539.0,0.0
BANKBARODA.NS,2025-06-26,239.33999633789062,239.33999633789062,8947066.0,0.0
BANKBARODA.NS,2025-06-27,241.3300018310547,241.3300018310547,16042284.0,0.0
BANKBARODA.NS,2025-06-30,248.77999877929688,248.77999877929688,19051358.0,0.0
BANKBARODA.NS,2025-07-01,247.5399932861328,247.5399932861328,12791194.0,0.0
BANKBARODA.NS,2025-07-02,243.0500030517578,243.0500030517578,16461168.0,0.0
BANKBARODA.NS,2025-07-03,242.32000732421875,242.32000732421875,6572424.0,0.0
BANKBARODA.NS,2025-07-04,240.77999877929688,240.77999877929688,11400183.0,0.0
BANKBARODA.NS,2025-07-07,241.08999633789062,241.08999633789062,8397404.0,0.0
BANKBARODA.NS,2025-07-08,239.75999450683594,239.75999450683594,5872650.0,0.0
BANKBARODA.NS,2025-07-09,241.1300048828125,241.1300048828125,5927854.0,0.0
BANKBARODA.NS,2025-07-10,238.83999633789062,238.83999633789062,4169988.0,0.0
BANKBARODA.NS,2025-07-11,237.44000244140625,237.44000244140625,6155645.0,0.0
BANKBARODA.NS,2025-07-14,240.9199981689453,240.9199981689453,5818162.0,0.0
BANKBARODA.NS,2025-07-15,244.32000732421875,244.32000732421875,7854584.0,0.0
BANKBARODA.NS,2025-07-16,249.0800018310547,249.0800018310547,13157847.0,0.0
BANKBARODA.NS,2025-07-17,246.52000427246094,246.52000427246094,6291020.0,0.0
BANKBARODA.NS,2025-07-18,244.7100067138672,244.7100067138672,5337640.0,0.0
BANKBARODA.NS,2025-07-21,243.38999938964844,243.38999938964844,4973875.0,0.0
BANKBARODA.NS,2025-07-22,239.47999572753906,239.47999572753906,7142245.0,0.0
BANKBARODA.NS,2025-07-23,243.07000732421875,243.07000732421875,4865685.0,0.0
BANKBARODA.NS,2025-07-24,246.86000061035156,246.86000061035156,11426887.0,0.0
BANKBARODA.NS,2025-07-25,243.4499969482422,243.4499969482422,8703652.0,0.0
BANKBARODA.NS,2025-07-28,240.33999633789062,240.33999633789062,11840807.0,0.0
BANKBARODA.NS,2025-07-29,242.25999450683594,242.25999450683594,5783053.0,0.0
BANKBARODA.NS,2025-07-30,239.6699981689453,239.6699981689453,3131598.0,0.0
BANKBARODA.NS,2025-07-31,237.8699951171875,237.8699951171875,5770571.0,0.0
BANKBARODA.NS,2025-08-01,235.1300048828125,235.1300048828125,4770791.0,0.0
BANKBARODA.NS,2025-08-04,241.1699981689453,241.1699981689453,5286235.0,0.0
BANKBARODA.NS,2025-08-05,240.64999389648438,240.64999389648438,2784149.0,0.0
BANKBARODA.NS,2025-08-06,241.75,241.75,5567926.0,0.0
BANKBARODA.NS,2025-08-07,242.0500030517578,242.0500030517578,5526019.0,0.0
BANKBARODA.NS,2025-08-08,239.22000122070312,239.22000122070312,4393052.0,0.0
BANKBARODA.NS,2025-08-11,243.97000122070312,243.97000122070312,8071890.0,0.0
BANKBARODA.NS,2025-08-12,243.0800018310547,243.0800018310547,5778309.0,0.0
BANKBARODA.NS,2025-08-13,241.80999755859375,241.80999755859375,4734249.0,0.0
BANKBARODA.NS,2025-08-14,242.77000427246094,242.77000427246094,5398813.0,0.0
BANKBARODA.NS,2025-08-18,242.77000427246094,242.77000427246094,6339208.0,0.0
BANKBARODA.NS,2025-08-19,247.0500030517578,247.0500030517578,5767582.0,0.0
BANKBARODA.NS,2025-08-20,244.8800048828125,244.8800048828125,7335347.0,0.0
BANKBARODA.NS,2025-08-21,243.36000061035156,243.36000061035156,4378842.0,0.0
BANKBARODA.NS,2025-08-22,240.22999572753906,240.22999572753906,5946024.0,0.0
BANKBARODA.NS,2025-08-25,241.0800018310547,241.0800018310547,6139415.0,0.0
BANKBARODA.NS,2025-08-26,235.13999938964844,235.13999938964844,9059590.0,0.0
BANKBARODA.NS,2025-08-28,233.24000549316406,233.24000549316406,7496201.0,0.0
BANKBARODA.NS,2025-08-29,232.8300018310547,232.8300018310547,5698267.0,0.0
BANKBARODA.NS,2025-09-01,234.4199981689453,234.4199981689453,5022461.0,0.0
BANKBARODA.NS,2025-09-02,236.6699981689453,236.6699981689453,3798598.0,0.0
BANKBARODA.NS,2025-09-03,238.4199981689453,238.4199981689453,5983296.0,0.0
BANKBARODA.NS,2025-09-04,233.94000244140625,233.94000244140625,4012532.0,0.0
BANKBARODA.NS,2025-09-05,234.25999450683594,234.25999450683594,3555014.0,0.0
BANKBARODA.NS,2025-09-08,234.63999938964844,234.63999938964844,4845778.0,0.0
BANKBARODA.NS,2025-09-09,234.49000549316406,234.49000549316406,8815989.0,0.0
BANKBARODA.NS,2025-09-10,238.00999450683594,238.00999450683594,12351617.0,0.0
BANKBARODA.NS,2025-09-11,238.27000427246094,238.27000427246094,8641633.0,0.0
BANKBARODA.NS,2025-09-12,237.47999572753906,237.47999572753906,7047846.0,0.0
BANKBARODA.NS,2025-09-15,239.0500030517578,239.0500030517578,7165608.0,0.0
BANKBARODA.NS,2025-09-16,240.5800018310547,240.5800018310547,7020684.0,0.0
BANKBARODA.NS,2025-09-17,245.88999938964844,245.88999938964844,13825961.0,0.0
BANKBARODA.NS,2025-09-18,248.9499969482422,248.9499969482422,19663095.0,0.0
BANKBARODA.NS,2025-09-19,252.0800018310547,252.0800018310547,16173486.0,0.0
BANKBARODA.NS,2025-09-22,251.13999938964844,251.13999938964844,8447174.0,0.0
BANKBARODA.NS,2025-09-23,253.22999572753906,253.22999572753906,10937835.0,0.0
BANKBARODA.NS,2025-09-24,254.3699951171875,254.3699951171875,19015206.0,0.0
BANKBARODA.NS,2025-09-25,252.82000732421875,252.82000732421875,10254514.0,0.0
BANKBARODA.NS,2025-09-26,248.4499969482422,248.4499969482422,7652782.0,0.0
BANKBARODA.NS,2025-09-29,253.99000549316406,253.99000549316406,11711402.0,0.0
BANKBARODA.NS,2025-09-30,258.5400085449219,258.5400085449219,16041674.0,0.0
BANKBARODA.NS,2025-10-01,259.6000061035156,259.6000061035156,10553753.0,0.0
BANKBARODA.NS,2025-10-03,263.95001220703125,263.95001220703125,12224432.0,0.0
BANKBARODA.NS,2025-10-06,266.6000061035156,266.6000061035156,13935656.0,0.0
BANKBARODA.NS,2025-10-07,261.8500061035156,261.8500061035156,8742344.0,0.0
BANKBARODA.NS,2025-10-08,261.8999938964844,261.8999938964844,6051759.0,0.0
BANKBARODA.NS,2025-10-09,264.1499938964844,264.1499938964844,5413923.0,0.0
BANKBARODA.NS,2025-10-10,266.95001220703125,266.95001220703125,9459957.0,0.0
BANKBARODA.NS,2025-10-13,268.1000061035156,268.1000061035156,5443095.0,0.0
BANKBARODA.NS,2025-10-14,263.95001220703125,263.95001220703125,4141172.0,0.0
BANKBARODA.NS,2025-10-15,268.3999938964844,268.3999938964844,8534350.0,0.0
BANKBARODA.NS,2025-10-16,266.1499938964844,266.1499938964844,6996551.0,0.0
BANKBARODA.NS,2025-10-17,264.5,264.5,6919725.0,0.0
BANKBARODA.NS,2025-10-20,271.45001220703125,271.45001220703125,17154442.0,0.0
BANKBARODA.NS,2025-10-21,270.20001220703125,270.20001220703125,1137999.0,0.0
BANKBARODA.NS,2025-10-23,266.8999938964844,266.8999938964844,7342137.0,0.0
BANKBARODA.NS,2025-10-24,266.20001220703125,266.20001220703125,6541279.0,0.0
BANKBARODA.NS,2025-10-27,273.6499938964844,273.6499938964844,11187429.0,0.0
BANKBARODA.NS,2025-10-28,276.95001220703125,276.95001220703125,10922577.0,0.0
BANKBARODA.NS,2025-10-29,274.6000061035156,274.6000061035156,6127929.0,0.0
BANKBARODA.NS,2025-10-30,272.75,272.75,13926080.0,0.0
BANKBARODA.NS,2025-10-31,278.3999938964844,278.3999938964844,23120256.0,0.0
BANKBARODA.NS,2025-11-03,291.20001220703125,291.20001220703125,38572616.0,0.0
BANKBARODA.NS,2025-11-04,288.1000061035156,288.1000061035156,11837387.0,0.0
BANKBARODA.NS,2025-11-06,286.3500061035156,286.3500061035156,7681719.0,0.0
BANKBARODA.NS,2025-11-07,289.04998779296875,289.04998779296875,6951797.0,0.0
BANKBARODA.NS,2025-11-10,287.70001220703125,287.70001220703125,7071136.0,0.0
BANKBARODA.NS,2025-11-11,285.8500061035156,285.8500061035156,9114319.0,0.0
BANKBARODA.NS,2025-11-12,285.0,285.0,11257140.0,0.0
BANKBARODA.NS,2025-11-13,283.25,283.25,6205108.0,0.0
BANKBARODA.NS,2025-11-14,286.75,286.75,5767810.0,0.0
BANKBARODA.NS,2025-11-17,287.95001220703125,287.95001220703125,9325390.0,0.0
BANKBARODA.NS,2025-11-18,288.45001220703125,288.45001220703125,6702634.0,0.0
BANKBARODA.NS,2025-11-19,293.29998779296875,293.29998779296875,11205111.0,0.0
BANKBARODA.NS,2025-11-20,288.25,288.25,7321372.0,0.0
BANKBARODA.NS,2025-11-21,284.1499938964844,284.1499938964844,7072694.0,0.0
BANKBARODA.NS,2025-11-24,281.8999938964844,281.8999938964844,8839228.0,0.0
BANKBARODA.NS,2025-11-25,287.25,287.25,7981354.0,0.0
BANKBARODA.NS,2025-11-26,288.3999938964844,288.3999938964844,5874557.0,0.0
BANKBARODA.NS,2025-11-27,287.8999938964844,287.8999938964844,5143734.0,0.0
BANKBARODA.NS,2025-11-28,289.79998779296875,289.79998779296875,7906532.0,0.0
BANKBARODA.NS,2025-12-01,295.54998779296875,295.54998779296875,13719693.0,0.0
BANKBARODA.NS,2025-12-02,296.8999938964844,296.8999938964844,20755587.0,0.0
BANKBARODA.NS,2025-12-03,287.0,287.0,13931844.0,0.0
BANKBARODA.NS,2025-12-04,288.20001220703125,288.20001220703125,8269764.0,0.0
BANKBARODA.NS,2025-12-05,292.6000061035156,292.6000061035156,7376690.0,0.0
BANKBARODA.NS,2025-12-08,285.20001220703125,285.20001220703125,6379707.0,0.0
BANKBARODA.NS,2025-12-09,289.8500061035156,289.8500061035156,7821588.0,0.0
BANKBARODA.NS,2025-12-10,286.1000061035156,286.1000061035156,5900048.0,0.0
BANKBARODA.NS,2025-12-11,285.0,285.0,8448904.0,0.0
BANKBARODA.NS,2025-12-12,284.45001220703125,284.45001220703125,7963115.0,0.0
BANKBARODA.NS,2025-12-15,285.1000061035156,285.1000061035156,6089175.0,0.0
BANKBARODA.NS,2025-12-16,282.8500061035156,282.8500061035156,5839387.0,0.0
BANKBARODA.NS,2025-12-17,287.6000061035156,287.6000061035156,13792834.0,0.0
BANKBARODA.NS,2025-12-18,288.1000061035156,288.1000061035156,5853204.0,0.0
BANKBARODA.NS,2025-12-19,292.04998779296875,292.04998779296875,7073187.0,0.0
BANKBARODA.NS,2025-12-22,294.0,294.0,5388164.0,0.0
BANKBARODA.NS,2025-12-23,292.5,292.5,3676651.0,0.0
BANKBARODA.NS,2025-12-24,290.54998779296875,290.54998779296875,3727361.0,0.0
BANKBARODA.NS,2025-12-26,288.20001220703125,288.20001220703125,3481149.0,0.0
BANKBARODA.NS,2025-12-29,287.6000061035156,287.6000061035156,7261978.0,0.0
BANKBARODA.NS,2025-12-30,293.0,293.0,11505161.0,0.0
BANKBARODA.NS,2025-12-31,295.8999938964844,295.8999938964844,7666538.0,0.0
BANKBARODA.NS,2026-01-01,300.75,300.75,8464712.0,0.0
BANKBARODA.NS,2026-01-02,305.04998779296875,305.04998779296875,10317519.0,0.0
BANKBARODA.NS,2026-01-05,306.8500061035156,306.8500061035156,16328380.0,0.0
BANKBARODA.NS,2026-01-06,305.04998779296875,305.04998779296875,9161270.0,0.0
BANKBARODA.NS,2026-01-07,308.25,308.25,6706773.0,0.0
BANKBARODA.NS,2026-01-08,299.54998779296875,299.54998779296875,8064971.0,0.0
BANKBARODA.NS,2026-01-09,300.6499938964844,300.6499938964844,10210825.0,0.0
BANKBARODA.NS,2026-01-12,302.20001220703125,302.20001220703125,5639635.0,0.0
BANKBARODA.NS,2026-01-13,301.8500061035156,301.8500061035156,5669755.0,0.0
BANKBARODA.NS,2026-01-14,307.70001220703125,307.70001220703125,11134333.0,0.0
BANKBARODA.NS,2026-01-15,307.70001220703125,307.70001220703125,0.0,0.0
BANKBARODA.NS,2026-01-16,308.25,308.25,16690141.0,0.0
BANKBARODA.NS,2026-01-19,307.1499938964844,307.1499938964844,9436591.0,0.0
BANKBARODA.NS,2026-01-20,302.04998779296875,302.04998779296875,8244610.0,0.0
BANKBARODA.NS,2026-01-21,299.04998779296875,299.04998779296875,7777440.0,0.0
BANKBARODA.NS,2026-01-22,305.29998779296875,305.29998779296875,7472657.0,0.0
BANKBARODA.NS,2026-01-23,296.1499938964844,296.1499938964844,7810191.0,0.0
BANKBARODA.NS,2026-01-27,302.0,302.0,11451625.0,0.0
BANKBARODA.NS,2026-01-28,306.20001220703125,306.20001220703125,10161294.0,0.0
BANKBARODA.NS,2026-01-29,302.45001220703125,302.45001220703125,16319863.0,0.0
BANKBARODA.NS,2026-01-30,299.3999938964844,299.3999938964844,11708481.0,0.0
BANKBARODA.NS,2026-02-02,277.6000061035156,277.6000061035156,16234606.0,0.0
BANKBARODA.NS,2026-02-03,285.3999938964844,285.3999938964844,15500999.0,0.0
BANKBARODA.NS,2026-02-04,290.8500061035156,290.8500061035156,9434395.0,0.0
BANKBARODA.NS,2026-02-05,290.45001220703125,290.45001220703125,4970798.0,0.0
BANKBARODA.NS,2026-02-06,289.20001220703125,289.20001220703125,4988298.0,0.0
BANKBARODA.NS,2026-02-09,290.6000061035156,290.6000061035156,8780025.0,0.0
BANKBARODA.NS,2026-02-10,290.3500061035156,290.3500061035156,7522576.0,0.0
BANKBARODA.NS,2026-02-11,291.20001220703125,291.20001220703125,7045603.0,0.0
BPCL.NS,2025-02-11,255.14999389648438,239.48574829101562,6819100.0,0.0
BPCL.NS,2025-02-12,255.60000610351562,239.9081268310547,6568833.0,0.0
BPCL.NS,2025-02-13,255.75,240.0489044189453,5514711.0,0.0
BPCL.NS,2025-02-14,251.0,235.5905303955078,5205573.0,0.0
BPCL.NS,2025-02-17,252.3000030517578,236.8107147216797,5899597.0,0.0
BPCL.NS,2025-02-18,252.75,237.23309326171875,5534272.0,0.0
BPCL.NS,2025-02-19,255.60000610351562,239.9081268310547,6887175.0,0.0
BPCL.NS,2025-02-20,258.6000061035156,242.7239532470703,8155780.0,0.0
BPCL.NS,2025-02-21,251.3000030517578,235.87210083007812,9845416.0,0.0
BPCL.NS,2025-02-24,251.0,235.5905303955078,6773845.0,0.0
BPCL.NS,2025-02-25,248.4499969482422,233.19708251953125,4172676.0,0.0
BPCL.NS,2025-02-27,244.75,229.72422790527344,7376510.0,0.0
BPCL.NS,2025-02-28,237.3000030517578,222.73159790039062,14066882.0,0.0
BPCL.NS,2025-03-03,242.41000366210938,227.52789306640625,6864635.0,0.0
BPCL.NS,2025-03-04,249.9199981689453,234.57684326171875,7201075.0,0.0
BPCL.NS,2025-03-05,255.83999633789062,240.13339233398438,7802519.0,0.0
BPCL.NS,2025-03-06,265.0400085449219,248.76856994628906,12828381.0,0.0
BPCL.NS,2025-03-07,261.260009765625,245.2206573486328,7057204.0,0.0
BPCL.NS,2025-03-10,256.92999267578125,241.15647888183594,8487911.0,0.0
BPCL.NS,2025-03-11,264.5799865722656,248.33680725097656,12306539.0,0.0
BPCL.NS,2025-03-12,266.32000732421875,249.96998596191406,10648004.0,0.0
BPCL.NS,2025-03-13,264.4100036621094,248.17727661132812,4545159.0,0.0
BPCL.NS,2025-03-17,261.4200134277344,245.37083435058594,6482574.0,0.0
BPCL.NS,2025-03-18,261.4200134277344,245.37083435058594,0.0,0.0
BPCL.NS,2025-03-19,265.260009765625,248.97506713867188,4955027.0,0.0
BPCL.NS,2025-03-20,272.1300048828125,255.42330932617188,10789615.0,0.0
BPCL.NS,2025-03-21,279.6600036621094,262.49102783203125,26173451.0,0.0
BPCL.NS,2025-03-24,280.44000244140625,263.22314453125,11376607.0,0.0
BPCL.NS,2025-03-25,279.1099853515625,261.9747619628906,12143699.0,0.0
BPCL.NS,2025-03-26,273.010009765625,256.2492980957031,9475308.0,0.0
BPCL.NS,2025-03-27,276.05999755859375,259.1120300292969,107524873.0,0.0
BPCL.NS,2025-03-28,278.4700012207031,261.3741149902344,12687883.0,0.0
BPCL.NS,2025-04-01,284.6000061035156,267.12774658203125,20780255.0,0.0
BPCL.NS,2025-04-02,286.79998779296875,269.1926574707031,12058406.0,0.0
BPCL.NS,2025-04-03,286.79998779296875,269.1926574707031,6663148.0,0.0
BPCL.NS,2025-04-04,279.45001220703125,262.2939147949219,18852567.0,0.0
BPCL.NS,2025-04-07,273.70001220703125,256.8969421386719,15010047.0,0.0
BPCL.NS,2025-04-08,285.8999938964844,268.3479309082031,18994276.0,0.0
BPCL.NS,2025-04-09,287.95001220703125,270.2720947265625,14519066.0,0.0
BPCL.NS,2025-04-11,293.20001220703125,275.1997985839844,14955235.0,0.0
BPCL.NS,2025-04-15,294.3999938964844,276.3260803222656,8516322.0,0.0
BPCL.NS,2025-04-16,298.75,280.4090270996094,9064723.0,0.0
BPCL.NS,2025-04-17,298.3500061035156,280.0335998535156,7510897.0,0.0
BPCL.NS,2025-04-21,304.04998779296875,285.3836669921875,6455955.0,0.0
BPCL.NS,2025-04-22,306.1000061035156,287.3078308105469,7096150.0,0.0
BPCL.NS,2025-04-23,300.45001220703125,282.0046691894531,7400827.0,0.0
BPCL.NS,2025-04-24,302.0,283.4595031738281,5773985.0,0.0
BPCL.NS,2025-04-25,295.70001220703125,277.5462951660156,7773037.0,0.0
BPCL.NS,2025-04-28,310.0,290.9683837890625,14414879.0,0.0
BPCL.NS,2025-04-29,311.70001220703125,292.5640563964844,9522966.0,0.0
BPCL.NS,2025-04-30,310.04998779296875,291.01531982421875,21424437.0,0.0
BPCL.NS,2025-05-02,311.3999938964844,292.28240966796875,6850147.0,0.0
BPCL.NS,2025-05-05,321.04998779296875,301.3399658203125,16037327.0,0.0
BPCL.NS,2025-05-06,311.45001220703125,292.3293762207031,5444873.0,0.0
BPCL.NS,2025-05-07,316.8999938964844,297.44476318359375,7970668.0,0.0
BPCL.NS,2025-05-08,307.95001220703125,289.04425048828125,5918739.0,0.0
BPCL.NS,2025-05-09,306.8500061035156,288.01177978515625,4955934.0,0.0
BPCL.NS,2025-05-12,309.04998779296875,290.0766906738281,6844271.0,0.0
BPCL.NS,2025-05-13,306.8999938964844,288.0587158203125,7241358.0,0.0
BPCL.NS,2025-05-14,312.5,293.31488037109375,7733320.0,0.0
BPCL.NS,2025-05-15,317.0,297.53863525390625,7055032.0,0.0
BPCL.NS,2025-05-16,320.1000061035156,300.44830322265625,6861786.0,0.0
BPCL.NS,2025-05-19,317.20001220703125,297.7263488769531,2956007.0,0.0
BPCL.NS,2025-05-20,312.8999938964844,293.6903381347656,5016433.0,0.0
BPCL.NS,2025-05-21,315.8500061035156,296.4592590332031,5232094.0,0.0
BPCL.NS,2025-05-22,313.04998779296875,293.83111572265625,4876801.0,0.0
BPCL.NS,2025-05-23,318.8999938964844,299.3219909667969,4257721.0,0.0
BPCL.NS,2025-05-26,322.95001220703125,303.12335205078125,5050848.0,0.0
BPCL.NS,2025-05-27,317.0,297.53863525390625,4716473.0,0.0
BPCL.NS,2025-05-28,321.70001220703125,301.9501037597656,7112876.0,0.0
BPCL.NS,2025-05-29,319.1499938964844,299.556640625,4000772.0,0.0
BPCL.NS,2025-05-30,318.3999938964844,298.8526611328125,9148638.0,0.0
BPCL.NS,2025-06-02,316.6000061035156,297.1632080078125,3086437.0,0.0
BPCL.NS,2025-06-03,309.75,290.7337341308594,7853488.0,0.0
BPCL.NS,2025-06-04,311.54998779296875,292.4232177734375,5925942.0,0.0
BPCL.NS,2025-06-05,309.79998779296875,290.7806701660156,5900170.0,0.0
BPCL.NS,2025-06-06,316.70001220703125,297.257080078125,5825337.0,0.0
BPCL.NS,2025-06-09,320.3999938964844,300.7298889160156,3787426.0,0.0
BPCL.NS,2025-06-10,320.1000061035156,300.44830322265625,6489933.0,0.0
BPCL.NS,2025-06-11,333.8500061035156,313.35418701171875,21739121.0,0.0
BPCL.NS,2025-06-12,318.6499938964844,299.08734130859375,13568848.0,0.0
BPCL.NS,2025-06-13,312.29998779296875,293.1271667480469,13958229.0,0.0
BPCL.NS,2025-06-16,316.3999938964844,296.9754638671875,6893567.0,0.0
BPCL.NS,2025-06-17,312.79998779296875,293.59649658203125,7219608.0,0.0
BPCL.NS,2025-06-18,315.8500061035156,296.4592590332031,10011198.0,0.0
BPCL.NS,2025-06-19,313.45001220703125,294.2065734863281,5399948.0,0.0
BPCL.NS,2025-06-20,313.5,294.2535095214844,8522458.0,0.0
BPCL.NS,2025-06-23,313.45001220703125,294.2065734863281,6848410.0,0.0
BPCL.NS,2025-06-24,319.25,299.6504821777344,11172373.0,0.0
BPCL.NS,2025-06-25,319.6000061035156,299.9790344238281,6658747.0,0.0
BPCL.NS,2025-06-26,329.75,309.5058898925781,15528180.0,0.0
BPCL.NS,2025-06-27,333.0,312.5563659667969,9911738.0,0.0
BPCL.NS,2025-06-30,331.95001220703125,311.5708312988281,5840638.0,0.0
BPCL.NS,2025-07-01,332.04998779296875,311.6646728515625,3921773.0,0.0
BPCL.NS,2025-07-02,331.79998779296875,311.4300231933594,3799017.0,0.0
BPCL.NS,2025-07-03,331.5,311.1484680175781,5049883.0,0.0
BPCL.NS,2025-07-04,346.20001220703125,324.94598388671875,13743465.0,0.0
BPCL.NS,2025-07-07,350.5,328.98199462890625,8603937.0,0.0
BPCL.NS,2025-07-08,355.6000061035156,333.7688903808594,12905482.0,0.0
BPCL.NS,2025-07-09,348.5,327.10479736328125,8039090.0,0.0
BPCL.NS,2025-07-10,350.95001220703125,329.4043884277344,6580919.0,0.0
BPCL.NS,2025-07-11,344.8500061035156,323.6788330078125,4803470.0,0.0
BPCL.NS,2025-07-14,344.3999938964844,323.2564697265625,5372218.0,0.0
BPCL.NS,2025-07-15,348.04998779296875,326.6824035644531,6270256.0,0.0
BPCL.NS,2025-07-16,347.8500061035156,326.49468994140625,8426412.0,0.0
BPCL.NS,2025-07-17,346.75,325.4621887207031,4026086.0,0.0
BPCL.NS,2025-07-18,343.5,322.4117431640625,5631392.0,0.0
BPCL.NS,2025-07-21,342.6000061035156,321.5669860839844,5051058.0,0.0
BPCL.NS,2025-07-22,340.3500061035156,319.45513916015625,4447293.0,0.0
BPCL.NS,2025-07-23,344.45001220703125,323.3034362792969,5089227.0,0.0
BPCL.NS,2025-07-24,341.3999938964844,320.440673828125,3270996.0,0.0
BPCL.NS,2025-07-25,332.8999938964844,312.4624938964844,3514659.0,0.0
BPCL.NS,2025-07-28,333.3999938964844,312.93182373046875,5630809.0,0.0
BPCL.NS,2025-07-29,334.95001220703125,314.38665771484375,7809814.0,0.0
BPCL.NS,2025-07-30,337.04998779296875,316.3576965332031,11366010.0,0.0
BPCL.NS,2025-07-31,329.29998779296875,313.7376403808594,6867024.0,0.0
BPCL.NS,2025-08-01,317.8500061035156,302.82879638671875,4105518.0,0.0
BPCL.NS,2025-08-04,317.8500061035156,302.82879638671875,3536322.0,0.0
BPCL.NS,2025-08-05,315.1000061035156,300.2087707519531,6730701.0,0.0
BPCL.NS,2025-08-06,315.75,300.8280334472656,3601019.0,0.0
BPCL.NS,2025-08-07,310.3500061035156,295.6832275390625,5018154.0,0.0
BPCL.NS,2025-08-08,319.45001220703125,304.3531799316406,10028343.0,0.0
BPCL.NS,2025-08-11,320.95001220703125,305.78228759765625,7957794.0,0.0
BPCL.NS,2025-08-12,323.70001220703125,308.40234375,4392686.0,0.0
BPCL.NS,2025-08-13,322.5,307.2590637207031,2707971.0,0.0
BPCL.NS,2025-08-14,318.04998779296875,303.0193176269531,10549386.0,0.0
BPCL.NS,2025-08-18,314.0,299.1607360839844,8091527.0,0.0
BPCL.NS,2025-08-19,321.45001220703125,306.2586669921875,4343312.0,0.0
BPCL.NS,2025-08-20,319.95001220703125,304.8295593261719,3670375.0,0.0
BPCL.NS,2025-08-21,319.95001220703125,304.8295593261719,3790333.0,0.0
BPCL.NS,2025-08-22,316.45001220703125,301.4949645996094,3007303.0,0.0
BPCL.NS,2025-08-25,315.79998779296875,300.87567138671875,2841339.0,0.0
BPCL.NS,2025-08-26,312.1000061035156,297.35052490234375,10819770.0,0.0
BPCL.NS,2025-08-28,310.70001220703125,296.0167236328125,8888325.0,0.0
BPCL.NS,2025-08-29,308.20001220703125,293.6348571777344,4334416.0,0.0
BPCL.NS,2025-09-01,314.75,299.87530517578125,3672180.0,0.0
BPCL.NS,2025-09-02,314.95001220703125,300.06585693359375,3405312.0,0.0
BPCL.NS,2025-09-03,314.8500061035156,299.9705810546875,6616690.0,0.0
BPCL.NS,2025-09-04,312.8999938964844,298.11273193359375,5225640.0,0.0
BPCL.NS,2025-09-05,312.5,297.73162841796875,6159420.0,0.0
BPCL.NS,2025-09-08,316.45001220703125,301.4949645996094,2002604.0,0.0
BPCL.NS,2025-09-09,313.95001220703125,299.1131286621094,6476251.0,0.0
BPCL.NS,2025-09-10,317.95001220703125,302.924072265625,5214899.0,0.0
BPCL.NS,2025-09-11,320.0,304.877197265625,7529271.0,0.0
BPCL.NS,2025-09-12,318.0,302.9717102050781,4705998.0,0.0
BPCL.NS,2025-09-15,317.75,302.7335205078125,4653626.0,0.0
BPCL.NS,2025-09-16,318.25,303.2098693847656,5381837.0,0.0
BPCL.NS,2025-09-17,323.54998779296875,308.2594299316406,7035565.0,0.0
BPCL.NS,2025-09-18,325.70001220703125,310.3078308105469,5615664.0,0.0
BPCL.NS,2025-09-19,329.54998779296875,313.9758605957031,10022009.0,0.0
BPCL.NS,2025-09-22,325.3999938964844,310.02197265625,4768219.0,0.0
BPCL.NS,2025-09-23,330.3999938964844,314.78570556640625,7992615.0,0.0
BPCL.NS,2025-09-24,330.3500061035156,314.7380676269531,5489995.0,0.0
BPCL.NS,2025-09-25,329.6499938964844,314.0711364746094,5798602.0,0.0
BPCL.NS,2025-09-26,324.3500061035156,309.0216064453125,5692665.0,0.0
BPCL.NS,2025-09-29,338.1000061035156,322.1217956542969,12616059.0,0.0
BPCL.NS,2025-09-30,339.6499938964844,323.5985412597656,6762730.0,0.0
BPCL.NS,2025-10-01,339.70001220703125,323.6462097167969,9814406.0,0.0
BPCL.NS,2025-10-03,341.54998779296875,325.40875244140625,5833883.0,0.0
BPCL.NS,2025-10-06,343.6000061035156,327.36187744140625,5914399.0,0.0
BPCL.NS,2025-10-07,341.8999938964844,325.7422180175781,5934834.0,0.0
BPCL.NS,2025-10-08,345.1000061035156,328.7909851074219,7955678.0,0.0
BPCL.NS,2025-10-09,344.0,327.7429504394531,7028656.0,0.0
BPCL.NS,2025-10-10,338.70001220703125,322.6934509277344,5737637.0,0.0
BPCL.NS,2025-10-13,337.95001220703125,321.9788818359375,6785828.0,0.0
BPCL.NS,2025-10-14,332.45001220703125,316.73883056640625,4343927.0,0.0
BPCL.NS,2025-10-15,337.8999938964844,321.9312438964844,16271995.0,0.0
BPCL.NS,2025-10-16,335.8999938964844,320.0257568359375,6279302.0,0.0
BPCL.NS,2025-10-17,335.8500061035156,319.9781494140625,7824777.0,0.0
BPCL.NS,2025-10-20,337.70001220703125,321.74072265625,6134873.0,0.0
BPCL.NS,2025-10-21,339.04998779296875,323.0268859863281,404063.0,0.0
BPCL.NS,2025-10-23,331.29998779296875,315.64312744140625,8457356.0,0.0
BPCL.NS,2025-10-24,330.45001220703125,314.8333435058594,8260920.0,0.0
BPCL.NS,2025-10-27,343.0,326.79022216796875,11767585.0,0.0
BPCL.NS,2025-10-28,340.6499938964844,324.5513000488281,6156249.0,0.0
BPCL.NS,2025-10-29,348.1000061035156,331.64923095703125,9756868.0,0.0
BPCL.NS,2025-10-30,357.6000061035156,340.70025634765625,14807100.0,0.0
BPCL.NS,2025-10-31,356.79998779296875,339.93804931640625,7532962.0,0.0
BPCL.NS,2025-11-03,367.29998779296875,349.94183349609375,20107281.0,0.0
BPCL.NS,2025-11-04,372.95001220703125,355.3248596191406,12649509.0,0.0
BPCL.NS,2025-11-06,367.95001220703125,350.5611572265625,11803637.0,0.0
BPCL.NS,2025-11-07,367.1499938964844,357.0773010253906,11711108.0,0.0
BPCL.NS,2025-11-10,365.1499938964844,355.1321716308594,6934285.0,0.0
BPCL.NS,2025-11-11,374.1499938964844,363.88525390625,10689646.0,0.0
BPCL.NS,2025-11-12,375.45001220703125,365.14959716796875,9316462.0,0.0
BPCL.NS,2025-11-13,374.95001220703125,364.663330078125,9719258.0,0.0
BPCL.NS,2025-11-14,371.1499938964844,360.9675598144531,6848609.0,0.0
BPCL.NS,2025-11-17,374.25,363.9825134277344,9063998.0,0.0
BPCL.NS,2025-11-18,371.8500061035156,361.64837646484375,7729409.0,0.0
BPCL.NS,2025-11-19,365.6499938964844,355.6184387207031,7056032.0,0.0
BPCL.NS,2025-11-20,365.04998779296875,355.034912109375,9025414.0,0.0
BPCL.NS,2025-11-21,364.54998779296875,354.5486145019531,7177944.0,0.0
BPCL.NS,2025-11-24,359.6499938964844,349.7830505371094,13807356.0,0.0
BPCL.NS,2025-11-25,355.8500061035156,346.0873107910156,4113590.0,0.0
BPCL.NS,2025-11-26,367.6499938964844,357.5635681152344,7651793.0,0.0
BPCL.NS,2025-11-27,364.70001220703125,354.69451904296875,5180488.0,0.0
BPCL.NS,2025-11-28,359.1000061035156,349.2481689453125,3459790.0,0.0
BPCL.NS,2025-12-01,354.0,344.2880859375,4470807.0,0.0
BPCL.NS,2025-12-02,358.75,348.9077453613281,9468149.0,0.0
BPCL.NS,2025-12-03,358.3999938964844,348.5673522949219,6169622.0,0.0
BPCL.NS,2025-12-04,356.0,346.23321533203125,5798181.0,0.0
BPCL.NS,2025-12-05,360.29998779296875,350.41522216796875,3479044.0,0.0
BPCL.NS,2025-12-08,357.54998779296875,347.74066162109375,6762135.0,0.0
BPCL.NS,2025-12-09,355.04998779296875,345.30926513671875,5612269.0,0.0
BPCL.NS,2025-12-10,355.1499938964844,345.4065246582031,8521964.0,0.0
BPCL.NS,2025-12-11,351.29998779296875,341.6621398925781,4491115.0,0.0
BPCL.NS,2025-12-12,365.04998779296875,355.034912109375,6101145.0,0.0
BPCL.NS,2025-12-15,367.0,356.9314270019531,6128925.0,0.0
BPCL.NS,2025-12-16,368.1499938964844,358.04986572265625,4332510.0,0.0
BPCL.NS,2025-12-17,368.3500061035156,358.244384765625,6872112.0,0.0
BPCL.NS,2025-12-18,363.3500061035156,353.3815612792969,3880069.0,0.0
BPCL.NS,2025-12-19,365.95001220703125,355.9102478027344,6515994.0,0.0
BPCL.NS,2025-12-22,369.8999938964844,359.7518615722656,3949754.0,0.0
BPCL.NS,2025-12-23,370.0,359.84912109375,3379297.0,0.0
BPCL.NS,2025-12-24,365.8999938964844,355.8616027832031,2339154.0,0.0
BPCL.NS,2025-12-26,366.0,355.9588623046875,2997958.0,0.0
BPCL.NS,2025-12-29,371.6000061035156,361.40521240234375,4666863.0,0.0
BPCL.NS,2025-12-30,369.5,359.3628234863281,8567519.0,0.0
BPCL.NS,2025-12-31,384.0,373.46502685546875,12051156.0,0.0
BPCL.NS,2026-01-01,381.5,371.0335998535156,6554899.0,0.0
BPCL.NS,2026-01-02,381.45001220703125,370.9849853515625,3614573.0,0.0
BPCL.NS,2026-01-05,377.8999938964844,367.5323791503906,5243413.0,0.0
BPCL.NS,2026-01-06,370.79998779296875,360.6271667480469,6881934.0,0.0
BPCL.NS,2026-01-07,368.20001220703125,358.0985107421875,6613161.0,0.0
BPCL.NS,2026-01-08,354.54998779296875,344.8229675292969,7714421.0,0.0
BPCL.NS,2026-01-09,354.1499938964844,344.4339599609375,5252007.0,0.0
BPCL.NS,2026-01-12,358.75,348.9077453613281,4474234.0,0.0
BPCL.NS,2026-01-13,355.1000061035156,345.35791015625,3681627.0,0.0
BPCL.NS,2026-01-14,356.8999938964844,347.1084899902344,7777436.0,0.0
BPCL.NS,2026-01-15,356.8999938964844,347.1084899902344,0.0,0.0
BPCL.NS,2026-01-16,363.20001220703125,353.2356872558594,6243090.0,0.0
BPCL.NS,2026-01-19,361.25,351.33917236328125,4545354.0,0.0
BPCL.NS,2026-01-20,355.20001220703125,345.4551696777344,6408732.0,0.0
BPCL.NS,2026-01-21,351.95001220703125,342.2943115234375,6076732.0,0.0
BPCL.NS,2026-01-22,354.1499938964844,344.4339599609375,4615713.0,0.0
BPCL.NS,2026-01-23,349.1499938964844,339.5711364746094,5338663.0,0.0
BPCL.NS,2026-01-27,357.3999938964844,347.59478759765625,11887552.0,0.0
BPCL.NS,2026-01-28,362.3500061035156,352.40899658203125,12428097.0,0.0
BPCL.NS,2026-01-29,366.95001220703125,356.8828125,14186586.0,0.0
BPCL.NS,2026-01-30,364.5,354.5,12639803.0,0.0
BPCL.NS,2026-02-02,366.70001220703125,366.70001220703125,12038292.0,0.0
BPCL.NS,2026-02-03,373.45001220703125,373.45001220703125,12411365.0,0.0
BPCL.NS,2026-02-04,382.45001220703125,382.45001220703125,8138573.0,0.0
BPCL.NS,2026-02-05,382.04998779296875,382.04998779296875,8446290.0,0.0
BPCL.NS,2026-02-06,386.3500061035156,386.3500061035156,7988984.0,0.0
BPCL.NS,2026-02-09,388.29998779296875,388.29998779296875,5171617.0,0.0
BPCL.NS,2026-02-10,386.3500061035156,386.3500061035156,3114005.0,0.0
BPCL.NS,2026-02-11,387.6000061035156,387.6000061035156,5156337.0,0.0
BOSCHLTD.NS,2025-02-11,27223.44921875,26858.90234375,41878.0,0.0
BOSCHLTD.NS,2025-02-12,27390.5,27023.716796875,17532.0,0.0
BOSCHLTD.NS,2025-02-13,27350.400390625,26984.154296875,12420.0,0.0
BOSCHLTD.NS,2025-02-14,27004.55078125,26642.935546875,15110.0,0.0
BOSCHLTD.NS,2025-02-17,26911.25,26550.884765625,13329.0,0.0
BOSCHLTD.NS,2025-02-18,26977.599609375,26616.345703125,36286.0,0.0
BOSCHLTD.NS,2025-02-19,27295.400390625,26929.890625,15846.0,0.0
BOSCHLTD.NS,2025-02-20,27417.94921875,27050.798828125,17645.0,0.0
BOSCHLTD.NS,2025-02-21,27334.099609375,26968.072265625,20941.0,0.0
BOSCHLTD.NS,2025-02-24,26998.400390625,26636.8671875,26865.0,0.0
BOSCHLTD.NS,2025-02-25,27164.55078125,26800.79296875,25766.0,0.0
BOSCHLTD.NS,2025-02-27,26822.150390625,26462.978515625,19778.0,0.0
BOSCHLTD.NS,2025-02-28,26544.0,26188.552734375,30508.0,0.0
BOSCHLTD.NS,2025-03-03,26691.55078125,26334.126953125,17747.0,0.0
BOSCHLTD.NS,2025-03-04,26259.69921875,25908.05859375,31707.0,0.0
BOSCHLTD.NS,2025-03-05,27073.44921875,26710.912109375,37194.0,0.0
BOSCHLTD.NS,2025-03-06,27070.05078125,26707.55859375,31682.0,0.0
BOSCHLTD.NS,2025-03-07,27033.400390625,26671.3984375,18774.0,0.0
BOSCHLTD.NS,2025-03-10,26799.349609375,26440.482421875,17291.0,0.0
BOSCHLTD.NS,2025-03-11,26982.55078125,26621.23046875,18143.0,0.0
BOSCHLTD.NS,2025-03-12,26807.099609375,26448.12890625,17579.0,0.0
BOSCHLTD.NS,2025-03-13,26378.349609375,26025.119140625,8806.0,0.0
BOSCHLTD.NS,2025-03-17,26345.849609375,25993.0546875,16075.0,0.0
BOSCHLTD.NS,2025-03-18,26345.849609375,25993.0546875,0.0,0.0
BOSCHLTD.NS,2025-03-19,27557.30078125,27188.283203125,20377.0,0.0
BOSCHLTD.NS,2025-03-20,27623.849609375,27253.94140625,17337.0,0.0
BOSCHLTD.NS,2025-03-21,27432.25,27064.908203125,76189.0,0.0
BOSCHLTD.NS,2025-03-24,28276.80078125,27898.1484375,18555.0,0.0
BOSCHLTD.NS,2025-03-25,27448.099609375,27080.544921875,31106.0,0.0
BOSCHLTD.NS,2025-03-26,28072.05078125,27696.140625,35123.0,0.0
BOSCHLTD.NS,2025-03-27,28355.5,27975.794921875,45542.0,0.0
BOSCHLTD.NS,2025-03-28,28358.44921875,27978.703125,21915.0,0.0
BOSCHLTD.NS,2025-04-01,27884.099609375,27510.70703125,46358.0,0.0
BOSCHLTD.NS,2025-04-02,28024.099609375,27648.83203125,18267.0,0.0
BOSCHLTD.NS,2025-04-03,28013.900390625,27638.76953125,15941.0,0.0
BOSCHLTD.NS,2025-04-04,27289.099609375,26923.673828125,21549.0,0.0
BOSCHLTD.NS,2025-04-07,26588.25,26232.208984375,40276.0,0.0
BOSCHLTD.NS,2025-04-08,26516.30078125,26161.224609375,11659.0,0.0
BOSCHLTD.NS,2025-04-09,26182.69921875,25832.08984375,10681.0,0.0
BOSCHLTD.NS,2025-04-11,26359.25,26006.275390625,21080.0,0.0
BOSCHLTD.NS,2025-04-15,27090.0,26727.240234375,18573.0,0.0
BOSCHLTD.NS,2025-04-16,27370.0,27003.490234375,13059.0,0.0
BOSCHLTD.NS,2025-04-17,27505.0,27136.68359375,10197.0,0.0
BOSCHLTD.NS,2025-04-21,27800.0,27427.732421875,13857.0,0.0
BOSCHLTD.NS,2025-04-22,28020.0,27644.787109375,20011.0,0.0
BOSCHLTD.NS,2025-04-23,28415.0,28034.498046875,18101.0,0.0
BOSCHLTD.NS,2025-04-24,28430.0,28049.296875,19139.0,0.0
BOSCHLTD.NS,2025-04-25,27995.0,27620.12109375,29555.0,0.0
BOSCHLTD.NS,2025-04-28,28315.0,27935.8359375,12875.0,0.0
BOSCHLTD.NS,2025-04-29,29165.0,28774.455078125,34323.0,0.0
BOSCHLTD.NS,2025-04-30,29455.0,29060.5703125,30652.0,0.0
BOSCHLTD.NS,2025-05-02,29445.0,29050.705078125,10630.0,0.0
BOSCHLTD.NS,2025-05-05,30365.0,29958.384765625,21026.0,0.0
BOSCHLTD.NS,2025-05-06,29915.0,29514.412109375,15039.0,0.0
BOSCHLTD.NS,2025-05-07,30475.0,30066.912109375,26296.0,0.0
BOSCHLTD.NS,2025-05-08,30010.0,29608.138671875,17004.0,0.0
BOSCHLTD.NS,2025-05-09,30000.0,29598.2734375,19095.0,0.0
BOSCHLTD.NS,2025-05-12,31005.0,30589.814453125,14375.0,0.0
BOSCHLTD.NS,2025-05-13,31145.0,30727.94140625,18815.0,0.0
BOSCHLTD.NS,2025-05-14,31420.0,30999.2578125,19016.0,0.0
BOSCHLTD.NS,2025-05-15,31730.0,31305.107421875,24393.0,0.0
BOSCHLTD.NS,2025-05-16,31655.0,31231.111328125,18391.0,0.0
BOSCHLTD.NS,2025-05-19,31560.0,31137.3828125,19249.0,0.0
BOSCHLTD.NS,2025-05-20,31515.0,31092.986328125,25442.0,0.0
BOSCHLTD.NS,2025-05-21,31655.0,31231.111328125,14371.0,0.0
BOSCHLTD.NS,2025-05-22,31740.0,31314.97265625,10408.0,0.0
BOSCHLTD.NS,2025-05-23,32130.0,31699.75,10400.0,0.0
BOSCHLTD.NS,2025-05-26,32485.0,32049.99609375,22230.0,0.0
BOSCHLTD.NS,2025-05-27,32485.0,32049.99609375,21918.0,0.0
BOSCHLTD.NS,2025-05-28,31630.0,31206.4453125,79649.0,0.0
BOSCHLTD.NS,2025-05-29,31255.0,30836.466796875,17502.0,0.0
BOSCHLTD.NS,2025-05-30,31415.0,30994.32421875,51998.0,0.0
BOSCHLTD.NS,2025-06-02,31230.0,30811.802734375,14075.0,0.0
BOSCHLTD.NS,2025-06-03,31355.0,30935.12890625,10737.0,0.0
BOSCHLTD.NS,2025-06-04,31415.0,30994.32421875,55704.0,0.0
BOSCHLTD.NS,2025-06-05,31455.0,31033.7890625,62802.0,0.0
BOSCHLTD.NS,2025-06-06,31595.0,31171.9140625,29686.0,0.0
BOSCHLTD.NS,2025-06-09,31690.0,31265.642578125,18145.0,0.0
BOSCHLTD.NS,2025-06-10,31545.0,31122.583984375,21674.0,0.0
BOSCHLTD.NS,2025-06-11,31895.0,31467.896484375,9731.0,0.0
BOSCHLTD.NS,2025-06-12,31520.0,31097.91796875,9072.0,0.0
BOSCHLTD.NS,2025-06-13,31585.0,31162.048828125,12905.0,0.0
BOSCHLTD.NS,2025-06-16,32280.0,31847.7421875,21513.0,0.0
BOSCHLTD.NS,2025-06-17,32215.0,31783.611328125,10902.0,0.0
BOSCHLTD.NS,2025-06-18,32390.0,31956.26953125,15987.0,0.0
BOSCHLTD.NS,2025-06-19,32375.0,31941.46875,20928.0,0.0
BOSCHLTD.NS,2025-06-20,32290.0,31857.607421875,23579.0,0.0
BOSCHLTD.NS,2025-06-23,31575.0,31152.181640625,13460.0,0.0
BOSCHLTD.NS,2025-06-24,31500.0,31078.1875,15696.0,0.0
BOSCHLTD.NS,2025-06-25,31755.0,31329.771484375,28913.0,0.0
BOSCHLTD.NS,2025-06-26,32215.0,31783.611328125,40409.0,0.0
BOSCHLTD.NS,2025-06-27,32260.0,31828.009765625,83020.0,0.0
BOSCHLTD.NS,2025-06-30,32680.0,32242.384765625,32831.0,0.0
BOSCHLTD.NS,2025-07-01,32315.0,31882.2734375,13798.0,0.0
BOSCHLTD.NS,2025-07-02,32445.0,32010.533203125,18343.0,0.0
BOSCHLTD.NS,2025-07-03,34405.0,33944.28515625,120903.0,0.0
BOSCHLTD.NS,2025-07-04,35930.0,35448.86328125,173114.0,0.0
BOSCHLTD.NS,2025-07-07,36045.0,35562.32421875,90278.0,0.0
BOSCHLTD.NS,2025-07-08,35490.0,35014.7578125,83073.0,0.0
BOSCHLTD.NS,2025-07-09,35800.0,35320.60546875,40693.0,0.0
BOSCHLTD.NS,2025-07-10,36195.0,35710.31640625,40853.0,0.0
BOSCHLTD.NS,2025-07-11,36525.0,36035.8984375,81825.0,0.0
BOSCHLTD.NS,2025-07-14,37845.0,37338.22265625,75464.0,0.0
BOSCHLTD.NS,2025-07-15,38320.0,37806.859375,69592.0,0.0
BOSCHLTD.NS,2025-07-16,38475.0,37959.78515625,42632.0,0.0
BOSCHLTD.NS,2025-07-17,38645.0,38127.5078125,40326.0,0.0
BOSCHLTD.NS,2025-07-18,38250.0,37737.796875,32786.0,0.0
BOSCHLTD.NS,2025-07-21,38320.0,37806.859375,24276.0,0.0
BOSCHLTD.NS,2025-07-22,37755.0,37249.42578125,26390.0,0.0
BOSCHLTD.NS,2025-07-23,37980.0,37471.4140625,20844.0,0.0
BOSCHLTD.NS,2025-07-24,37910.0,37402.3515625,19341.0,0.0
BOSCHLTD.NS,2025-07-25,37830.0,37323.421875,17581.0,0.0
BOSCHLTD.NS,2025-07-28,38235.0,37723.0,37336.0,0.0
BOSCHLTD.NS,2025-07-29,39915.0,39915.0,89125.0,0.0
BOSCHLTD.NS,2025-07-30,40060.0,40060.0,100405.0,0.0
BOSCHLTD.NS,2025-07-31,40385.0,40385.0,46071.0,0.0
BOSCHLTD.NS,2025-08-01,40390.0,40390.0,59925.0,0.0
BOSCHLTD.NS,2025-08-04,41115.0,41115.0,66056.0,0.0
BOSCHLTD.NS,2025-08-05,40595.0,40595.0,114355.0,0.0
BOSCHLTD.NS,2025-08-06,38255.0,38255.0,103119.0,0.0
BOSCHLTD.NS,2025-08-07,38570.0,38570.0,54977.0,0.0
BOSCHLTD.NS,2025-08-08,38325.0,38325.0,32516.0,0.0
BOSCHLTD.NS,2025-08-11,38710.0,38710.0,31256.0,0.0
BOSCHLTD.NS,2025-08-12,38610.0,38610.0,20383.0,0.0
BOSCHLTD.NS,2025-08-13,38660.0,38660.0,13806.0,0.0
BOSCHLTD.NS,2025-08-14,38585.0,38585.0,23267.0,0.0
BOSCHLTD.NS,2025-08-18,39335.0,39335.0,28210.0,0.0
BOSCHLTD.NS,2025-08-19,39860.0,39860.0,25516.0,0.0
BOSCHLTD.NS,2025-08-20,39935.0,39935.0,18625.0,0.0
BOSCHLTD.NS,2025-08-21,39475.0,39475.0,21473.0,0.0
BOSCHLTD.NS,2025-08-22,39325.0,39325.0,14967.0,0.0
BOSCHLTD.NS,2025-08-25,39085.0,39085.0,33832.0,0.0
BOSCHLTD.NS,2025-08-26,39510.0,39510.0,32640.0,0.0
BOSCHLTD.NS,2025-08-28,39225.0,39225.0,33810.0,0.0
BOSCHLTD.NS,2025-08-29,39960.0,39960.0,46252.0,0.0
BOSCHLTD.NS,2025-09-01,40785.0,40785.0,45616.0,0.0
BOSCHLTD.NS,2025-09-02,41315.0,41315.0,38339.0,0.0
BOSCHLTD.NS,2025-09-03,41100.0,41100.0,31045.0,0.0
BOSCHLTD.NS,2025-09-04,40740.0,40740.0,27591.0,0.0
BOSCHLTD.NS,2025-09-05,40910.0,40910.0,16404.0,0.0
BOSCHLTD.NS,2025-09-08,41355.0,41355.0,16171.0,0.0
BOSCHLTD.NS,2025-09-09,41495.0,41495.0,25999.0,0.0
BOSCHLTD.NS,2025-09-10,41005.0,41005.0,29476.0,0.0
BOSCHLTD.NS,2025-09-11,40655.0,40655.0,24790.0,0.0
BOSCHLTD.NS,2025-09-12,39885.0,39885.0,24810.0,0.0
BOSCHLTD.NS,2025-09-15,39445.0,39445.0,21503.0,0.0
BOSCHLTD.NS,2025-09-16,39920.0,39920.0,34458.0,0.0
BOSCHLTD.NS,2025-09-17,39775.0,39775.0,29814.0,0.0
BOSCHLTD.NS,2025-09-18,39885.0,39885.0,19976.0,0.0
BOSCHLTD.NS,2025-09-19,39790.0,39790.0,31662.0,0.0
BOSCHLTD.NS,2025-09-22,39570.0,39570.0,32201.0,0.0
BOSCHLTD.NS,2025-09-23,39390.0,39390.0,30113.0,0.0
BOSCHLTD.NS,2025-09-24,38760.0,38760.0,22613.0,0.0
BOSCHLTD.NS,2025-09-25,38525.0,38525.0,34109.0,0.0
BOSCHLTD.NS,2025-09-26,38150.0,38150.0,28075.0,0.0
BOSCHLTD.NS,2025-09-29,38345.0,38345.0,67770.0,0.0
BOSCHLTD.NS,2025-09-30,38145.0,38145.0,16286.0,0.0
BOSCHLTD.NS,2025-10-01,38320.0,38320.0,31571.0,0.0
BOSCHLTD.NS,2025-10-03,38630.0,38630.0,22284.0,0.0
BOSCHLTD.NS,2025-10-06,38800.0,38800.0,11383.0,0.0
BOSCHLTD.NS,2025-10-07,38770.0,38770.0,15407.0,0.0
BOSCHLTD.NS,2025-10-08,38350.0,38350.0,14990.0,0.0
BOSCHLTD.NS,2025-10-09,38465.0,38465.0,17549.0,0.0
BOSCHLTD.NS,2025-10-10,38625.0,38625.0,11241.0,0.0
BOSCHLTD.NS,2025-10-13,38535.0,38535.0,14360.0,0.0
BOSCHLTD.NS,2025-10-14,38010.0,38010.0,32330.0,0.0
BOSCHLTD.NS,2025-10-15,38380.0,38380.0,22583.0,0.0
BOSCHLTD.NS,2025-10-16,38510.0,38510.0,16716.0,0.0
BOSCHLTD.NS,2025-10-17,38755.0,38755.0,19212.0,0.0
BOSCHLTD.NS,2025-10-20,39215.0,39215.0,19865.0,0.0
BOSCHLTD.NS,2025-10-21,39200.0,39200.0,1943.0,0.0
BOSCHLTD.NS,2025-10-23,38920.0,38920.0,11758.0,0.0
BOSCHLTD.NS,2025-10-24,38585.0,38585.0,11903.0,0.0
BOSCHLTD.NS,2025-10-27,39005.0,39005.0,9671.0,0.0
BOSCHLTD.NS,2025-10-28,38540.0,38540.0,16377.0,0.0
BOSCHLTD.NS,2025-10-29,37380.0,37380.0,49599.0,0.0
BOSCHLTD.NS,2025-10-30,37210.0,37210.0,24286.0,0.0
BOSCHLTD.NS,2025-10-31,37245.0,37245.0,19072.0,0.0
BOSCHLTD.NS,2025-11-03,37025.0,37025.0,36510.0,0.0
BOSCHLTD.NS,2025-11-04,37850.0,37850.0,29198.0,0.0
BOSCHLTD.NS,2025-11-06,37020.0,37020.0,28881.0,0.0
BOSCHLTD.NS,2025-11-07,36810.0,36810.0,13122.0,0.0
BOSCHLTD.NS,2025-11-10,37280.0,37280.0,17223.0,0.0
BOSCHLTD.NS,2025-11-11,36680.0,36680.0,36836.0,0.0
BOSCHLTD.NS,2025-11-12,37255.0,37255.0,53670.0,0.0
BOSCHLTD.NS,2025-11-13,37385.0,37385.0,24679.0,0.0
BOSCHLTD.NS,2025-11-14,36955.0,36955.0,23119.0,0.0
BOSCHLTD.NS,2025-11-17,37450.0,37450.0,24671.0,0.0
BOSCHLTD.NS,2025-11-18,37045.0,37045.0,17257.0,0.0
BOSCHLTD.NS,2025-11-19,36870.0,36870.0,18670.0,0.0
BOSCHLTD.NS,2025-11-20,37050.0,37050.0,18123.0,0.0
BOSCHLTD.NS,2025-11-21,36500.0,36500.0,12455.0,0.0
BOSCHLTD.NS,2025-11-24,36200.0,36200.0,30421.0,0.0
BOSCHLTD.NS,2025-11-25,35770.0,35770.0,14140.0,0.0
BOSCHLTD.NS,2025-11-26,36485.0,36485.0,14212.0,0.0
BOSCHLTD.NS,2025-11-27,36320.0,36320.0,12118.0,0.0
BOSCHLTD.NS,2025-11-28,36110.0,36110.0,14473.0,0.0
BOSCHLTD.NS,2025-12-01,36335.0,36335.0,16521.0,0.0
BOSCHLTD.NS,2025-12-02,36660.0,36660.0,26398.0,0.0
BOSCHLTD.NS,2025-12-03,36580.0,36580.0,22910.0,0.0
BOSCHLTD.NS,2025-12-04,36845.0,36845.0,38002.0,0.0
BOSCHLTD.NS,2025-12-05,36920.0,36920.0,9244.0,0.0
BOSCHLTD.NS,2025-12-08,36595.0,36595.0,17000.0,0.0
BOSCHLTD.NS,2025-12-09,36780.0,36780.0,15770.0,0.0
BOSCHLTD.NS,2025-12-10,36400.0,36400.0,8636.0,0.0
BOSCHLTD.NS,2025-12-11,36880.0,36880.0,7160.0,0.0
BOSCHLTD.NS,2025-12-12,36715.0,36715.0,11065.0,0.0
BOSCHLTD.NS,2025-12-15,36400.0,36400.0,4956.0,0.0
BOSCHLTD.NS,2025-12-16,36230.0,36230.0,11179.0,0.0
BOSCHLTD.NS,2025-12-17,35975.0,35975.0,9258.0,0.0
BOSCHLTD.NS,2025-12-18,35720.0,35720.0,10780.0,0.0
BOSCHLTD.NS,2025-12-19,35940.0,35940.0,40192.0,0.0
BOSCHLTD.NS,2025-12-22,36160.0,36160.0,16457.0,0.0
BOSCHLTD.NS,2025-12-23,36305.0,36305.0,11103.0,0.0
BOSCHLTD.NS,2025-12-24,36195.0,36195.0,16626.0,0.0
BOSCHLTD.NS,2025-12-26,35855.0,35855.0,14945.0,0.0
BOSCHLTD.NS,2025-12-29,35630.0,35630.0,13152.0,0.0
BOSCHLTD.NS,2025-12-30,35525.0,35525.0,88747.0,0.0
BOSCHLTD.NS,2025-12-31,36040.0,36040.0,13573.0,0.0
BOSCHLTD.NS,2026-01-01,36140.0,36140.0,6055.0,0.0
BOSCHLTD.NS,2026-01-02,39420.0,39420.0,185984.0,0.0
BOSCHLTD.NS,2026-01-05,39170.0,39170.0,47881.0,0.0
BOSCHLTD.NS,2026-01-06,38960.0,38960.0,31988.0,0.0
BOSCHLTD.NS,2026-01-07,39145.0,39145.0,39290.0,0.0
BOSCHLTD.NS,2026-01-08,38660.0,38660.0,27794.0,0.0
BOSCHLTD.NS,2026-01-09,37995.0,37995.0,33463.0,0.0
BOSCHLTD.NS,2026-01-12,37660.0,37660.0,30844.0,0.0
BOSCHLTD.NS,2026-01-13,37905.0,37905.0,28392.0,0.0
BOSCHLTD.NS,2026-01-14,37455.0,37455.0,22519.0,0.0
BOSCHLTD.NS,2026-01-15,37455.0,37455.0,0.0,0.0
BOSCHLTD.NS,2026-01-16,36835.0,36835.0,34171.0,0.0
BOSCHLTD.NS,2026-01-19,36510.0,36510.0,19572.0,0.0
BOSCHLTD.NS,2026-01-20,35575.0,35575.0,40077.0,0.0
BOSCHLTD.NS,2026-01-21,35130.0,35130.0,34584.0,0.0
BOSCHLTD.NS,2026-01-22,35710.0,35710.0,21264.0,0.0
BOSCHLTD.NS,2026-01-23,35265.0,35265.0,26686.0,0.0
BOSCHLTD.NS,2026-01-27,35310.0,35310.0,18829.0,0.0
BOSCHLTD.NS,2026-01-28,36185.0,36185.0,15229.0,0.0
BOSCHLTD.NS,2026-01-29,36015.0,36015.0,16931.0,0.0
BOSCHLTD.NS,2026-01-30,36530.0,36530.0,24729.0,0.0
BOSCHLTD.NS,2026-02-02,36605.0,36605.0,11666.0,0.0
BOSCHLTD.NS,2026-02-03,37740.0,37740.0,28817.0,0.0
BOSCHLTD.NS,2026-02-04,36710.0,36710.0,33811.0,0.0
BOSCHLTD.NS,2026-02-05,36275.0,36275.0,16466.0,0.0
BOSCHLTD.NS,2026-02-06,36340.0,36340.0,18833.0,0.0
BOSCHLTD.NS,2026-02-09,35630.0,35630.0,31240.0,0.0
BOSCHLTD.NS,2026-02-10,35575.0,35575.0,19847.0,0.0
BOSCHLTD.NS,2026-02-11,36570.0,36570.0,24875.0,0.0
BRITANNIA.NS,2025-02-11,4904.0498046875,4840.61328125,279638.0,0.0
BRITANNIA.NS,2025-02-12,4918.2998046875,4854.67919921875,336331.0,0.0
BRITANNIA.NS,2025-02-13,4888.7001953125,4825.46240234375,341650.0,0.0
BRITANNIA.NS,2025-02-14,4939.64990234375,4875.7529296875,489241.0,0.0
BRITANNIA.NS,2025-02-17,4963.7001953125,4899.4921875,275352.0,0.0
BRITANNIA.NS,2025-02-18,4891.2001953125,4827.93017578125,314216.0,0.0
BRITANNIA.NS,2025-02-19,4837.5,4774.92431640625,215919.0,0.0
BRITANNIA.NS,2025-02-20,4832.39990234375,4769.89013671875,319761.0,0.0
BRITANNIA.NS,2025-02-21,4831.89990234375,4769.39697265625,334003.0,0.0
BRITANNIA.NS,2025-02-24,4804.2998046875,4742.15380859375,259886.0,0.0
BRITANNIA.NS,2025-02-25,4798.0498046875,4735.984375,479647.0,0.0
BRITANNIA.NS,2025-02-27,4782.7998046875,4720.931640625,386556.0,0.0
BRITANNIA.NS,2025-02-28,4595.4501953125,4536.005859375,676501.0,0.0
BRITANNIA.NS,2025-03-03,4596.60009765625,4537.140625,412033.0,0.0
BRITANNIA.NS,2025-03-04,4575.2001953125,4516.017578125,321501.0,0.0
BRITANNIA.NS,2025-03-05,4722.14990234375,4661.06640625,350741.0,0.0
BRITANNIA.NS,2025-03-06,4702.5498046875,4641.7197265625,460852.0,0.0
BRITANNIA.NS,2025-03-07,4748.25,4686.8291015625,191644.0,0.0
BRITANNIA.NS,2025-03-10,4737.7001953125,4676.41552734375,290019.0,0.0
BRITANNIA.NS,2025-03-11,4762.0498046875,4700.4501953125,147357.0,0.0
BRITANNIA.NS,2025-03-12,4792.0498046875,4730.06201171875,223033.0,0.0
BRITANNIA.NS,2025-03-13,4728.25,4667.08740234375,284758.0,0.0
BRITANNIA.NS,2025-03-17,4674.89990234375,4614.427734375,322411.0,0.0
BRITANNIA.NS,2025-03-18,4674.89990234375,4614.427734375,0.0,0.0
BRITANNIA.NS,2025-03-19,4707.10009765625,4646.21142578125,469240.0,0.0
BRITANNIA.NS,2025-03-20,4831.10009765625,4768.607421875,265168.0,0.0
BRITANNIA.NS,2025-03-21,4814.0,4751.728515625,304441.0,0.0
BRITANNIA.NS,2025-03-24,4796.85009765625,4734.80029296875,173845.0,0.0
BRITANNIA.NS,2025-03-25,4845.2001953125,4782.52490234375,422209.0,0.0
BRITANNIA.NS,2025-03-26,4849.7001953125,4786.966796875,453242.0,0.0
BRITANNIA.NS,2025-03-27,4841.2001953125,4778.57666015625,6750074.0,0.0
BRITANNIA.NS,2025-03-28,4936.89990234375,4873.03857421875,415586.0,0.0
BRITANNIA.NS,2025-04-01,4900.7998046875,4837.4052734375,557968.0,0.0
BRITANNIA.NS,2025-04-02,5037.39990234375,4972.23828125,459267.0,0.0
BRITANNIA.NS,2025-04-03,5073.4501953125,5007.822265625,339959.0,0.0
BRITANNIA.NS,2025-04-04,5023.39990234375,4958.41943359375,722283.0,0.0
BRITANNIA.NS,2025-04-07,5055.85009765625,4990.4501953125,841464.0,0.0
BRITANNIA.NS,2025-04-08,5179.35009765625,5112.3525390625,303185.0,0.0
BRITANNIA.NS,2025-04-09,5339.4501953125,5270.3818359375,549745.0,0.0
BRITANNIA.NS,2025-04-11,5350.2001953125,5280.99267578125,304650.0,0.0
BRITANNIA.NS,2025-04-15,5391.2998046875,5321.560546875,446075.0,0.0
BRITANNIA.NS,2025-04-16,5416.2001953125,5346.138671875,215423.0,0.0
BRITANNIA.NS,2025-04-17,5454.60009765625,5384.0419921875,186873.0,0.0
BRITANNIA.NS,2025-04-21,5393.2001953125,5323.4365234375,201975.0,0.0
BRITANNIA.NS,2025-04-22,5435.5,5365.18896484375,286928.0,0.0
BRITANNIA.NS,2025-04-23,5544.2998046875,5472.58154296875,266881.0,0.0
BRITANNIA.NS,2025-04-24,5461.89990234375,5391.24755859375,339754.0,0.0
BRITANNIA.NS,2025-04-25,5420.5,5350.3828125,244513.0,0.0
BRITANNIA.NS,2025-04-28,5428.7998046875,5358.57568359375,107666.0,0.0
BRITANNIA.NS,2025-04-29,5468.2998046875,5397.564453125,294207.0,0.0
BRITANNIA.NS,2025-04-30,5438.89990234375,5368.544921875,284371.0,0.0
BRITANNIA.NS,2025-05-02,5301.0,5232.4287109375,262909.0,0.0
BRITANNIA.NS,2025-05-05,5359.0,5289.6787109375,97149.0,0.0
BRITANNIA.NS,2025-05-06,5393.5,5323.732421875,175899.0,0.0
BRITANNIA.NS,2025-05-07,5351.0,5281.7822265625,168716.0,0.0
BRITANNIA.NS,2025-05-08,5391.0,5321.2646484375,265391.0,0.0
BRITANNIA.NS,2025-05-09,5436.0,5365.6826171875,476782.0,0.0
BRITANNIA.NS,2025-05-12,5608.5,5535.951171875,192712.0,0.0
BRITANNIA.NS,2025-05-13,5485.0,5414.048828125,366566.0,0.0
BRITANNIA.NS,2025-05-14,5484.0,5413.0615234375,389963.0,0.0
BRITANNIA.NS,2025-05-15,5465.0,5394.3076171875,462518.0,0.0
BRITANNIA.NS,2025-05-16,5501.5,5430.33544921875,154274.0,0.0
BRITANNIA.NS,2025-05-19,5519.5,5448.1025390625,147864.0,0.0
BRITANNIA.NS,2025-05-20,5428.0,5357.7861328125,275067.0,0.0
BRITANNIA.NS,2025-05-21,5493.5,5422.43896484375,166304.0,0.0
BRITANNIA.NS,2025-05-22,5437.5,5367.1630859375,211388.0,0.0
BRITANNIA.NS,2025-05-23,5486.5,5415.529296875,100229.0,0.0
BRITANNIA.NS,2025-05-26,5525.0,5453.53125,140009.0,0.0
BRITANNIA.NS,2025-05-27,5496.5,5425.39990234375,166840.0,0.0
BRITANNIA.NS,2025-05-28,5473.0,5402.2041015625,321303.0,0.0
BRITANNIA.NS,2025-05-29,5495.5,5424.4130859375,201350.0,0.0
BRITANNIA.NS,2025-05-30,5510.5,5439.21875,401901.0,0.0
BRITANNIA.NS,2025-06-02,5605.0,5532.49658203125,625172.0,0.0
BRITANNIA.NS,2025-06-03,5575.5,5503.3779296875,166545.0,0.0
BRITANNIA.NS,2025-06-04,5542.0,5470.3115234375,334358.0,0.0
BRITANNIA.NS,2025-06-05,5600.0,5527.56103515625,218004.0,0.0
BRITANNIA.NS,2025-06-06,5607.5,5534.9638671875,152475.0,0.0
BRITANNIA.NS,2025-06-09,5697.0,5623.30615234375,174499.0,0.0
BRITANNIA.NS,2025-06-10,5667.0,5593.6943359375,456712.0,0.0
BRITANNIA.NS,2025-06-11,5650.0,5576.91455078125,138866.0,0.0
BRITANNIA.NS,2025-06-12,5569.5,5497.45556640625,305696.0,0.0
BRITANNIA.NS,2025-06-13,5570.0,5497.94921875,324985.0,0.0
BRITANNIA.NS,2025-06-16,5560.5,5488.572265625,239006.0,0.0
BRITANNIA.NS,2025-06-17,5568.5,5496.46875,277917.0,0.0
BRITANNIA.NS,2025-06-18,5572.5,5500.4169921875,220971.0,0.0
BRITANNIA.NS,2025-06-19,5558.0,5486.1044921875,114523.0,0.0
BRITANNIA.NS,2025-06-20,5587.0,5514.7294921875,395396.0,0.0
BRITANNIA.NS,2025-06-23,5569.5,5497.45556640625,221233.0,0.0
BRITANNIA.NS,2025-06-24,5617.0,5544.34130859375,183157.0,0.0
BRITANNIA.NS,2025-06-25,5708.0,5634.1640625,282474.0,0.0
BRITANNIA.NS,2025-06-26,5828.0,5752.61181640625,456290.0,0.0
BRITANNIA.NS,2025-06-27,5794.5,5719.544921875,350140.0,0.0
BRITANNIA.NS,2025-06-30,5851.0,5775.314453125,257865.0,0.0
BRITANNIA.NS,2025-07-01,5743.5,5669.205078125,178343.0,0.0
BRITANNIA.NS,2025-07-02,5790.0,5715.103515625,300622.0,0.0
BRITANNIA.NS,2025-07-03,5794.5,5719.544921875,224236.0,0.0
BRITANNIA.NS,2025-07-04,5771.5,5696.8427734375,145106.0,0.0
BRITANNIA.NS,2025-07-07,5884.0,5807.88720703125,259829.0,0.0
BRITANNIA.NS,2025-07-08,5839.0,5763.4697265625,423998.0,0.0
BRITANNIA.NS,2025-07-09,5882.0,5805.9130859375,232000.0,0.0
BRITANNIA.NS,2025-07-10,5878.0,5801.96484375,191446.0,0.0
BRITANNIA.NS,2025-07-11,5758.5,5684.0107421875,175941.0,0.0
BRITANNIA.NS,2025-07-14,5778.0,5703.2587890625,218865.0,0.0
BRITANNIA.NS,2025-07-15,5785.5,5710.66162109375,164143.0,0.0
BRITANNIA.NS,2025-07-16,5786.5,5711.6484375,261589.0,0.0
BRITANNIA.NS,2025-07-17,5807.5,5732.376953125,196555.0,0.0
BRITANNIA.NS,2025-07-18,5735.5,5661.30810546875,196043.0,0.0
BRITANNIA.NS,2025-07-21,5681.5,5608.0068359375,329167.0,0.0
BRITANNIA.NS,2025-07-22,5708.5,5634.65771484375,235846.0,0.0
BRITANNIA.NS,2025-07-23,5719.5,5645.51513671875,246735.0,0.0
BRITANNIA.NS,2025-07-24,5673.0,5599.61669921875,229097.0,0.0
BRITANNIA.NS,2025-07-25,5594.0,5521.638671875,233003.0,0.0
BRITANNIA.NS,2025-07-28,5624.5,5551.744140625,173142.0,0.0
BRITANNIA.NS,2025-07-29,5626.0,5553.224609375,363002.0,0.0
BRITANNIA.NS,2025-07-30,5747.0,5672.65966796875,176798.0,0.0
BRITANNIA.NS,2025-07-31,5771.0,5696.34912109375,344973.0,0.0
BRITANNIA.NS,2025-08-01,5798.0,5723.0,244870.0,0.0
BRITANNIA.NS,2025-08-04,5787.0,5787.0,189672.0,0.0
BRITANNIA.NS,2025-08-05,5635.5,5635.5,380387.0,0.0
BRITANNIA.NS,2025-08-06,5402.5,5402.5,1123534.0,0.0
BRITANNIA.NS,2025-08-07,5476.5,5476.5,795974.0,0.0
BRITANNIA.NS,2025-08-08,5387.0,5387.0,551451.0,0.0
BRITANNIA.NS,2025-08-11,5381.5,5381.5,598841.0,0.0
BRITANNIA.NS,2025-08-12,5338.0,5338.0,323204.0,0.0
BRITANNIA.NS,2025-08-13,5375.5,5375.5,388683.0,0.0
BRITANNIA.NS,2025-08-14,5302.5,5302.5,215308.0,0.0
BRITANNIA.NS,2025-08-18,5439.0,5439.0,509058.0,0.0
BRITANNIA.NS,2025-08-19,5499.0,5499.0,153026.0,0.0
BRITANNIA.NS,2025-08-20,5701.0,5701.0,453573.0,0.0
BRITANNIA.NS,2025-08-21,5597.5,5597.5,273141.0,0.0
BRITANNIA.NS,2025-08-22,5545.5,5545.5,269981.0,0.0
BRITANNIA.NS,2025-08-25,5550.5,5550.5,145718.0,0.0
BRITANNIA.NS,2025-08-26,5765.5,5765.5,1307463.0,0.0
BRITANNIA.NS,2025-08-28,5721.0,5721.0,379247.0,0.0
BRITANNIA.NS,2025-08-29,5824.0,5824.0,699161.0,0.0
BRITANNIA.NS,2025-09-01,5846.5,5846.5,210421.0,0.0
BRITANNIA.NS,2025-09-02,5891.5,5891.5,492611.0,0.0
BRITANNIA.NS,2025-09-03,5908.0,5908.0,399664.0,0.0
BRITANNIA.NS,2025-09-04,6083.0,6083.0,1385580.0,0.0
BRITANNIA.NS,2025-09-05,6076.0,6076.0,352302.0,0.0
BRITANNIA.NS,2025-09-08,6115.5,6115.5,250083.0,0.0
BRITANNIA.NS,2025-09-09,6142.5,6142.5,216456.0,0.0
BRITANNIA.NS,2025-09-10,6199.0,6199.0,346491.0,0.0
BRITANNIA.NS,2025-09-11,6300.5,6300.5,406083.0,0.0
BRITANNIA.NS,2025-09-12,6247.0,6247.0,212051.0,0.0
BRITANNIA.NS,2025-09-15,6212.0,6212.0,166253.0,0.0
BRITANNIA.NS,2025-09-16,6202.5,6202.5,261236.0,0.0
BRITANNIA.NS,2025-09-17,6097.5,6097.5,713445.0,0.0
BRITANNIA.NS,2025-09-18,6100.5,6100.5,267540.0,0.0
BRITANNIA.NS,2025-09-19,6069.5,6069.5,345995.0,0.0
BRITANNIA.NS,2025-09-22,6056.5,6056.5,394394.0,0.0
BRITANNIA.NS,2025-09-23,5934.0,5934.0,333112.0,0.0
BRITANNIA.NS,2025-09-24,5970.5,5970.5,360372.0,0.0
BRITANNIA.NS,2025-09-25,5953.5,5953.5,374676.0,0.0
BRITANNIA.NS,2025-09-26,5920.5,5920.5,189383.0,0.0
BRITANNIA.NS,2025-09-29,5929.0,5929.0,259852.0,0.0
BRITANNIA.NS,2025-09-30,5991.0,5991.0,298070.0,0.0
BRITANNIA.NS,2025-10-01,5966.5,5966.5,324111.0,0.0
BRITANNIA.NS,2025-10-03,5992.5,5992.5,268735.0,0.0
BRITANNIA.NS,2025-10-06,6011.0,6011.0,197199.0,0.0
BRITANNIA.NS,2025-10-07,5887.0,5887.0,240923.0,0.0
BRITANNIA.NS,2025-10-08,5836.0,5836.0,239639.0,0.0
BRITANNIA.NS,2025-10-09,5876.0,5876.0,231585.0,0.0
BRITANNIA.NS,2025-10-10,5871.5,5871.5,228395.0,0.0
BRITANNIA.NS,2025-10-13,5862.0,5862.0,238217.0,0.0
BRITANNIA.NS,2025-10-14,5800.5,5800.5,176227.0,0.0
BRITANNIA.NS,2025-10-15,5857.5,5857.5,221062.0,0.0
BRITANNIA.NS,2025-10-16,6025.5,6025.5,364305.0,0.0
BRITANNIA.NS,2025-10-17,6083.0,6083.0,392965.0,0.0
BRITANNIA.NS,2025-10-20,6070.0,6070.0,181283.0,0.0
BRITANNIA.NS,2025-10-21,6075.0,6075.0,9159.0,0.0
BRITANNIA.NS,2025-10-23,6068.0,6068.0,255605.0,0.0
BRITANNIA.NS,2025-10-24,6053.0,6053.0,82081.0,0.0
BRITANNIA.NS,2025-10-27,5912.0,5912.0,433152.0,0.0
BRITANNIA.NS,2025-10-28,5861.0,5861.0,392984.0,0.0
BRITANNIA.NS,2025-10-29,5852.5,5852.5,119742.0,0.0
BRITANNIA.NS,2025-10-30,5859.5,5859.5,258697.0,0.0
BRITANNIA.NS,2025-10-31,5836.5,5836.5,264794.0,0.0
BRITANNIA.NS,2025-11-03,5820.5,5820.5,279737.0,0.0
BRITANNIA.NS,2025-11-04,5892.5,5892.5,363441.0,0.0
BRITANNIA.NS,2025-11-06,6013.5,6013.5,1038063.0,0.0
BRITANNIA.NS,2025-11-07,6157.5,6157.5,715809.0,0.0
BRITANNIA.NS,2025-11-10,6133.5,6133.5,395489.0,0.0
BRITANNIA.NS,2025-11-11,5950.5,5950.5,2154927.0,0.0
BRITANNIA.NS,2025-11-12,5880.0,5880.0,609987.0,0.0
BRITANNIA.NS,2025-11-13,5851.5,5851.5,361321.0,0.0
BRITANNIA.NS,2025-11-14,5803.5,5803.5,415356.0,0.0
BRITANNIA.NS,2025-11-17,5830.5,5830.5,332821.0,0.0
BRITANNIA.NS,2025-11-18,5840.0,5840.0,262201.0,0.0
BRITANNIA.NS,2025-11-19,5874.5,5874.5,280409.0,0.0
BRITANNIA.NS,2025-11-20,5819.0,5819.0,641980.0,0.0
BRITANNIA.NS,2025-11-21,5813.0,5813.0,320317.0,0.0
BRITANNIA.NS,2025-11-24,5815.5,5815.5,696665.0,0.0
BRITANNIA.NS,2025-11-25,5867.0,5867.0,309271.0,0.0
BRITANNIA.NS,2025-11-26,5880.5,5880.5,157291.0,0.0
BRITANNIA.NS,2025-11-27,5826.5,5826.5,156675.0,0.0
BRITANNIA.NS,2025-11-28,5846.0,5846.0,220417.0,0.0
BRITANNIA.NS,2025-12-01,5813.5,5813.5,199275.0,0.0
BRITANNIA.NS,2025-12-02,5875.5,5875.5,290994.0,0.0
BRITANNIA.NS,2025-12-03,5824.5,5824.5,308053.0,0.0
BRITANNIA.NS,2025-12-04,5876.5,5876.5,239085.0,0.0
BRITANNIA.NS,2025-12-05,5961.0,5961.0,244408.0,0.0
BRITANNIA.NS,2025-12-08,5847.5,5847.5,185407.0,0.0
BRITANNIA.NS,2025-12-09,5884.0,5884.0,174714.0,0.0
BRITANNIA.NS,2025-12-10,5828.5,5828.5,329466.0,0.0
BRITANNIA.NS,2025-12-11,5847.0,5847.0,115481.0,0.0
BRITANNIA.NS,2025-12-12,5915.5,5915.5,202721.0,0.0
BRITANNIA.NS,2025-12-15,6038.0,6038.0,244119.0,0.0
BRITANNIA.NS,2025-12-16,6066.0,6066.0,284337.0,0.0
BRITANNIA.NS,2025-12-17,6096.0,6096.0,298257.0,0.0
BRITANNIA.NS,2025-12-18,6040.5,6040.5,199067.0,0.0
BRITANNIA.NS,2025-12-19,6103.0,6103.0,179450.0,0.0
BRITANNIA.NS,2025-12-22,6083.0,6083.0,206588.0,0.0
BRITANNIA.NS,2025-12-23,6061.0,6061.0,216840.0,0.0
BRITANNIA.NS,2025-12-24,6030.0,6030.0,97580.0,0.0
BRITANNIA.NS,2025-12-26,6032.5,6032.5,65992.0,0.0
BRITANNIA.NS,2025-12-29,6041.5,6041.5,103209.0,0.0
BRITANNIA.NS,2025-12-30,6013.0,6013.0,205456.0,0.0
BRITANNIA.NS,2025-12-31,6031.0,6031.0,179577.0,0.0
BRITANNIA.NS,2026-01-01,6009.5,6009.5,138484.0,0.0
BRITANNIA.NS,2026-01-02,5984.5,5984.5,265702.0,0.0
BRITANNIA.NS,2026-01-05,6026.5,6026.5,468880.0,0.0
BRITANNIA.NS,2026-01-06,6129.5,6129.5,300112.0,0.0
BRITANNIA.NS,2026-01-07,6185.0,6185.0,437361.0,0.0
BRITANNIA.NS,2026-01-08,6033.5,6033.5,641813.0,0.0
BRITANNIA.NS,2026-01-09,5977.5,5977.5,139764.0,0.0
BRITANNIA.NS,2026-01-12,5943.5,5943.5,228799.0,0.0
BRITANNIA.NS,2026-01-13,5918.0,5918.0,327794.0,0.0
BRITANNIA.NS,2026-01-14,5906.5,5906.5,307200.0,0.0
BRITANNIA.NS,2026-01-15,5906.5,5906.5,0.0,0.0
BRITANNIA.NS,2026-01-16,5898.5,5898.5,453904.0,0.0
BRITANNIA.NS,2026-01-19,5943.5,5943.5,145915.0,0.0
BRITANNIA.NS,2026-01-20,5884.0,5884.0,350070.0,0.0
BRITANNIA.NS,2026-01-21,5802.5,5802.5,662863.0,0.0
BRITANNIA.NS,2026-01-22,5932.0,5932.0,435081.0,0.0
BRITANNIA.NS,2026-01-23,5835.0,5835.0,142248.0,0.0
BRITANNIA.NS,2026-01-27,5886.0,5886.0,1044402.0,0.0
BRITANNIA.NS,2026-01-28,5748.5,5748.5,442618.0,0.0
BRITANNIA.NS,2026-01-29,5723.0,5723.0,343244.0,0.0
BRITANNIA.NS,2026-01-30,5860.5,5860.5,806045.0,0.0
BRITANNIA.NS,2026-02-02,5888.5,5888.5,279213.0,0.0
BRITANNIA.NS,2026-02-03,5882.0,5882.0,349825.0,0.0
BRITANNIA.NS,2026-02-04,5879.0,5879.0,160343.0,0.0
BRITANNIA.NS,2026-02-05,5870.5,5870.5,275290.0,0.0
BRITANNIA.NS,2026-02-06,5911.0,5911.0,186858.0,0.0
BRITANNIA.NS,2026-02-09,5843.0,5843.0,331118.0,0.0
BRITANNIA.NS,2026-02-10,5873.5,5873.5,276901.0,0.0
BRITANNIA.NS,2026-02-11,6019.0,6019.0,771034.0,0.0
CGPOWER.NS,2025-02-11,588.0,585.5399169921875,2902387.0,0.0
CGPOWER.NS,2025-02-12,576.75,574.3369750976562,2821502.0,0.0
CGPOWER.NS,2025-02-13,579.5,577.075439453125,1632132.0,0.0
CGPOWER.NS,2025-02-14,552.3499755859375,550.0390014648438,3352198.0,0.0
CGPOWER.NS,2025-02-17,583.0,580.560791015625,4714045.0,0.0
CGPOWER.NS,2025-02-18,578.75,576.32861328125,2217415.0,0.0
CGPOWER.NS,2025-02-19,584.2000122070312,581.7557983398438,1964251.0,0.0
CGPOWER.NS,2025-02-20,595.7999877929688,593.3072509765625,2044206.0,0.0
CGPOWER.NS,2025-02-21,589.9500122070312,587.481689453125,1720514.0,0.0
CGPOWER.NS,2025-02-24,602.5,599.979248046875,3126346.0,0.0
CGPOWER.NS,2025-02-25,598.5,595.9959716796875,3637028.0,0.0
CGPOWER.NS,2025-02-27,580.3499755859375,577.921875,10087384.0,0.0
CGPOWER.NS,2025-02-28,572.5999755859375,570.2042846679688,8538196.0,0.0
CGPOWER.NS,2025-03-03,586.7000122070312,584.245361328125,8035267.0,0.0
CGPOWER.NS,2025-03-04,603.2999877929688,600.77587890625,3140173.0,0.0
CGPOWER.NS,2025-03-05,612.9000244140625,610.335693359375,2801610.0,0.0
CGPOWER.NS,2025-03-06,628.0999755859375,625.4721069335938,2970429.0,0.0
CGPOWER.NS,2025-03-07,630.0499877929688,627.4140014648438,2350526.0,0.0
CGPOWER.NS,2025-03-10,596.7999877929688,594.3030395507812,3889248.0,0.0
CGPOWER.NS,2025-03-11,608.1500244140625,605.6056518554688,2092189.0,0.0
CGPOWER.NS,2025-03-12,608.4000244140625,605.8545532226562,2390745.0,0.0
CGPOWER.NS,2025-03-13,599.0999755859375,596.5933837890625,1390950.0,0.0
CGPOWER.NS,2025-03-17,610.0999755859375,607.54736328125,3660246.0,0.0
CGPOWER.NS,2025-03-18,610.0999755859375,607.54736328125,0.0,0.0
CGPOWER.NS,2025-03-19,663.2999877929688,660.5248413085938,3345438.0,0.0
CGPOWER.NS,2025-03-20,654.5999755859375,651.8612060546875,2309340.0,0.0
CGPOWER.NS,2025-03-21,641.25,639.8377685546875,3885409.0,0.0
CGPOWER.NS,2025-03-24,632.9000244140625,631.5062255859375,4241713.0,0.0
CGPOWER.NS,2025-03-25,626.9000244140625,625.5194091796875,3652822.0,0.0
CGPOWER.NS,2025-03-26,635.7999877929688,634.3997802734375,4273715.0,0.0
CGPOWER.NS,2025-03-27,637.1500244140625,635.746826171875,14138019.0,0.0
CGPOWER.NS,2025-03-28,638.5,637.0938720703125,2705597.0,0.0
CGPOWER.NS,2025-04-01,615.0,613.6456298828125,3111743.0,0.0
CGPOWER.NS,2025-04-02,623.5999755859375,622.2266235351562,2398461.0,0.0
CGPOWER.NS,2025-04-03,615.9500122070312,614.593505859375,2331069.0,0.0
CGPOWER.NS,2025-04-04,575.2000122070312,573.9332885742188,4572903.0,0.0
CGPOWER.NS,2025-04-07,540.5,539.3096923828125,4729481.0,0.0
CGPOWER.NS,2025-04-08,549.4000244140625,548.1901245117188,2806157.0,0.0
CGPOWER.NS,2025-04-09,551.0,549.7865600585938,2178868.0,0.0
CGPOWER.NS,2025-04-11,572.4000244140625,571.1394653320312,3044863.0,0.0
CGPOWER.NS,2025-04-15,589.25,587.9523315429688,2132994.0,0.0
CGPOWER.NS,2025-04-16,598.75,597.431396484375,1731321.0,0.0
CGPOWER.NS,2025-04-17,619.8499755859375,618.4849243164062,3434021.0,0.0
CGPOWER.NS,2025-04-21,650.5999755859375,649.1671752929688,3396337.0,0.0
CGPOWER.NS,2025-04-22,645.2999877929688,643.8788452148438,2100885.0,0.0
CGPOWER.NS,2025-04-23,660.1500244140625,658.6961669921875,2495549.0,0.0
CGPOWER.NS,2025-04-24,646.0,644.5773315429688,1828242.0,0.0
CGPOWER.NS,2025-04-25,633.0999755859375,631.7056884765625,3224438.0,0.0
CGPOWER.NS,2025-04-28,633.5999755859375,632.20458984375,1823889.0,0.0
CGPOWER.NS,2025-04-29,638.4500122070312,637.0439453125,1110433.0,0.0
CGPOWER.NS,2025-04-30,626.7999877929688,625.4196166992188,3427523.0,0.0
CGPOWER.NS,2025-05-02,620.5999755859375,619.2332153320312,1467495.0,0.0
CGPOWER.NS,2025-05-05,635.0999755859375,633.7012939453125,1582498.0,0.0
CGPOWER.NS,2025-05-06,598.4500122070312,597.132080078125,6469893.0,0.0
CGPOWER.NS,2025-05-07,609.4000244140625,608.0579833984375,5943433.0,0.0
CGPOWER.NS,2025-05-08,610.25,608.9060668945312,5821580.0,0.0
CGPOWER.NS,2025-05-09,609.5999755859375,608.2574462890625,2595859.0,0.0
CGPOWER.NS,2025-05-12,645.7999877929688,644.3777465820312,2930671.0,0.0
CGPOWER.NS,2025-05-13,652.1500244140625,650.7138061523438,1986578.0,0.0
CGPOWER.NS,2025-05-14,673.0,671.5178833007812,3540920.0,0.0
CGPOWER.NS,2025-05-15,678.2000122070312,676.7064208984375,3293508.0,0.0
CGPOWER.NS,2025-05-16,696.4500122070312,694.916259765625,3577381.0,0.0
CGPOWER.NS,2025-05-19,696.6500244140625,695.1157836914062,1989685.0,0.0
CGPOWER.NS,2025-05-20,691.0,689.4782104492188,3686708.0,0.0
CGPOWER.NS,2025-05-21,694.0,692.4716186523438,2264408.0,0.0
CGPOWER.NS,2025-05-22,696.4500122070312,694.916259765625,2300146.0,0.0
CGPOWER.NS,2025-05-23,696.4500122070312,694.916259765625,943219.0,0.0
CGPOWER.NS,2025-05-26,697.75,696.21337890625,1467009.0,0.0
CGPOWER.NS,2025-05-27,694.7000122070312,693.1701049804688,1226613.0,0.0
CGPOWER.NS,2025-05-28,687.75,686.2354125976562,1549925.0,0.0
CGPOWER.NS,2025-05-29,697.0499877929688,695.514892578125,2397733.0,0.0
CGPOWER.NS,2025-05-30,686.7000122070312,685.1876831054688,3519189.0,0.0
CGPOWER.NS,2025-06-02,679.0999755859375,677.6044311523438,2342623.0,0.0
CGPOWER.NS,2025-06-03,678.3499755859375,676.8560791015625,1854132.0,0.0
CGPOWER.NS,2025-06-04,689.9500122070312,688.4305419921875,1328436.0,0.0
CGPOWER.NS,2025-06-05,696.5,694.9661254882812,1731844.0,0.0
CGPOWER.NS,2025-06-06,681.5999755859375,680.098876953125,3459747.0,0.0
CGPOWER.NS,2025-06-09,694.6500244140625,693.1202392578125,2725376.0,0.0
CGPOWER.NS,2025-06-10,690.5499877929688,689.0292358398438,1349738.0,0.0
CGPOWER.NS,2025-06-11,695.75,694.2177734375,4138741.0,0.0
CGPOWER.NS,2025-06-12,675.9000244140625,674.4114990234375,1798265.0,0.0
CGPOWER.NS,2025-06-13,672.2000122070312,670.7196655273438,1753065.0,0.0
CGPOWER.NS,2025-06-16,682.2000122070312,680.6976318359375,1561914.0,0.0
CGPOWER.NS,2025-06-17,694.0999755859375,692.5713500976562,3110284.0,0.0
CGPOWER.NS,2025-06-18,683.9500122070312,682.4437866210938,1946520.0,0.0
CGPOWER.NS,2025-06-19,666.7000122070312,665.2317504882812,1951336.0,0.0
CGPOWER.NS,2025-06-20,688.25,686.7343139648438,4222770.0,0.0
CGPOWER.NS,2025-06-23,683.2999877929688,681.795166015625,1364842.0,0.0
CGPOWER.NS,2025-06-24,682.4500122070312,680.9470825195312,1058774.0,0.0
CGPOWER.NS,2025-06-25,676.5999755859375,675.1099243164062,1551411.0,0.0
CGPOWER.NS,2025-06-26,674.75,673.2640380859375,1494248.0,0.0
CGPOWER.NS,2025-06-27,672.2000122070312,670.7196655273438,4398286.0,0.0
CGPOWER.NS,2025-06-30,682.1500244140625,680.6477661132812,1960902.0,0.0
CGPOWER.NS,2025-07-01,683.0499877929688,681.5457153320312,5976739.0,0.0
CGPOWER.NS,2025-07-02,666.0999755859375,664.633056640625,3828798.0,0.0
CGPOWER.NS,2025-07-03,667.4500122070312,665.9801025390625,1750812.0,0.0
CGPOWER.NS,2025-07-04,676.5999755859375,675.1099243164062,2011272.0,0.0
CGPOWER.NS,2025-07-07,680.4500122070312,678.9514770507812,1795469.0,0.0
CGPOWER.NS,2025-07-08,675.7999877929688,674.3117065429688,3581235.0,0.0
CGPOWER.NS,2025-07-09,672.0499877929688,670.5699462890625,2188340.0,0.0
CGPOWER.NS,2025-07-10,677.2999877929688,675.8084106445312,3251214.0,0.0
CGPOWER.NS,2025-07-11,667.75,666.2794189453125,2899030.0,0.0
CGPOWER.NS,2025-07-14,674.7999877929688,673.3139038085938,3086468.0,0.0
CGPOWER.NS,2025-07-15,677.4500122070312,675.9580688476562,1536346.0,0.0
CGPOWER.NS,2025-07-16,675.3499755859375,673.8626708984375,1449968.0,0.0
CGPOWER.NS,2025-07-17,689.3499755859375,687.8318481445312,4643649.0,0.0
CGPOWER.NS,2025-07-18,667.5999755859375,666.1297607421875,5168081.0,0.0
CGPOWER.NS,2025-07-21,680.6500244140625,679.1510620117188,2549549.0,0.0
CGPOWER.NS,2025-07-22,683.7999877929688,682.2940673828125,2741733.0,0.0
CGPOWER.NS,2025-07-23,682.9500122070312,681.4459838867188,1701009.0,0.0
CGPOWER.NS,2025-07-24,680.3499755859375,678.8516845703125,7370754.0,0.0
CGPOWER.NS,2025-07-25,662.5499877929688,661.0908813476562,3749364.0,0.0
CGPOWER.NS,2025-07-28,658.9500122070312,657.4988403320312,1927712.0,0.0
CGPOWER.NS,2025-07-29,659.0499877929688,657.5985717773438,2466461.0,0.0
CGPOWER.NS,2025-07-30,660.3499755859375,658.8956909179688,2373174.0,0.0
CGPOWER.NS,2025-07-31,661.7000122070312,660.2427978515625,1943822.0,0.0
CGPOWER.NS,2025-08-01,651.2999877929688,649.8656616210938,2579602.0,0.0
CGPOWER.NS,2025-08-04,662.25,660.7915649414062,2097533.0,0.0
CGPOWER.NS,2025-08-05,680.25,678.7518920898438,4324035.0,0.0
CGPOWER.NS,2025-08-06,680.5499877929688,679.0512084960938,2314824.0,0.0
CGPOWER.NS,2025-08-07,681.5499877929688,680.0490112304688,2399600.0,0.0
CGPOWER.NS,2025-08-08,666.4000244140625,664.9324340820312,1735599.0,0.0
CGPOWER.NS,2025-08-11,664.9000244140625,663.4357299804688,2048345.0,0.0
CGPOWER.NS,2025-08-12,658.5499877929688,657.0996704101562,2337168.0,0.0
CGPOWER.NS,2025-08-13,670.4500122070312,668.9735107421875,2104254.0,0.0
CGPOWER.NS,2025-08-14,665.9500122070312,664.4833984375,1517335.0,0.0
CGPOWER.NS,2025-08-18,669.1500244140625,667.6763916015625,2063230.0,0.0
CGPOWER.NS,2025-08-19,676.7999877929688,675.3095092773438,1354001.0,0.0
CGPOWER.NS,2025-08-20,674.25,672.76513671875,1374929.0,0.0
CGPOWER.NS,2025-08-21,677.5499877929688,676.057861328125,940798.0,0.0
CGPOWER.NS,2025-08-22,679.8499755859375,678.352783203125,3733247.0,0.0
CGPOWER.NS,2025-08-25,677.2000122070312,675.7086181640625,2087411.0,0.0
CGPOWER.NS,2025-08-26,671.2999877929688,669.8215942382812,10450851.0,0.0
CGPOWER.NS,2025-08-28,664.0,662.5377197265625,1945654.0,0.0
CGPOWER.NS,2025-08-29,694.2999877929688,692.7709350585938,14580868.0,0.0
CGPOWER.NS,2025-09-01,717.2000122070312,715.6205444335938,13378545.0,0.0
CGPOWER.NS,2025-09-02,739.6500244140625,738.0211181640625,10341642.0,0.0
CGPOWER.NS,2025-09-03,733.2999877929688,731.68505859375,8977994.0,0.0
CGPOWER.NS,2025-09-04,740.2000122070312,738.5698852539062,5488085.0,0.0
CGPOWER.NS,2025-09-05,736.2999877929688,734.678466796875,2558134.0,0.0
CGPOWER.NS,2025-09-08,746.3499755859375,744.706298828125,2792798.0,0.0
CGPOWER.NS,2025-09-09,740.0999755859375,738.4700927734375,2412384.0,0.0
CGPOWER.NS,2025-09-10,768.9500122070312,767.256591796875,7475889.0,0.0
CGPOWER.NS,2025-09-11,785.2000122070312,783.4707641601562,6078662.0,0.0
CGPOWER.NS,2025-09-12,785.4000244140625,783.6703491210938,3070432.0,0.0
CGPOWER.NS,2025-09-15,791.3499755859375,789.607177734375,2728792.0,0.0
CGPOWER.NS,2025-09-16,792.2000122070312,790.4553833007812,1976546.0,0.0
CGPOWER.NS,2025-09-17,791.9500122070312,790.2059326171875,1720211.0,0.0
CGPOWER.NS,2025-09-18,784.5499877929688,782.8222045898438,3810746.0,0.0
CGPOWER.NS,2025-09-19,779.4000244140625,777.68359375,3287106.0,0.0
CGPOWER.NS,2025-09-22,770.2000122070312,768.5038452148438,1532761.0,0.0
CGPOWER.NS,2025-09-23,773.4500122070312,771.7466430664062,1773399.0,0.0
CGPOWER.NS,2025-09-24,770.0999755859375,768.4039916992188,1284403.0,0.0
CGPOWER.NS,2025-09-25,759.0999755859375,757.42822265625,1069774.0,0.0
CGPOWER.NS,2025-09-26,739.4000244140625,737.7716674804688,1925106.0,0.0
CGPOWER.NS,2025-09-29,747.2999877929688,745.6542358398438,2929682.0,0.0
CGPOWER.NS,2025-09-30,740.9500122070312,739.3182373046875,2526440.0,0.0
CGPOWER.NS,2025-10-01,739.7999877929688,738.1707763671875,1376898.0,0.0
CGPOWER.NS,2025-10-03,747.5,745.8538208007812,1376441.0,0.0
CGPOWER.NS,2025-10-06,745.4000244140625,743.7584228515625,1161208.0,0.0
CGPOWER.NS,2025-10-07,748.0,746.3527221679688,1213013.0,0.0
CGPOWER.NS,2025-10-08,743.9500122070312,742.3116455078125,1563241.0,0.0
CGPOWER.NS,2025-10-09,761.1500244140625,759.4737548828125,2262502.0,0.0
CGPOWER.NS,2025-10-10,753.4000244140625,751.7408447265625,2344143.0,0.0
CGPOWER.NS,2025-10-13,747.0499877929688,745.40478515625,1697894.0,0.0
CGPOWER.NS,2025-10-14,745.9500122070312,744.3072509765625,1513060.0,0.0
CGPOWER.NS,2025-10-15,757.2999877929688,755.6322021484375,1651601.0,0.0
CGPOWER.NS,2025-10-16,760.5999755859375,758.9249267578125,1419387.0,0.0
CGPOWER.NS,2025-10-17,757.7000122070312,756.0313720703125,1830918.0,0.0
CGPOWER.NS,2025-10-20,740.1500244140625,738.52001953125,2816106.0,0.0
CGPOWER.NS,2025-10-21,739.0,737.3724975585938,446174.0,0.0
CGPOWER.NS,2025-10-23,732.8499755859375,731.2360229492188,2611480.0,0.0
CGPOWER.NS,2025-10-24,723.8499755859375,722.255859375,3051200.0,0.0
CGPOWER.NS,2025-10-27,728.3499755859375,726.7459716796875,1573062.0,0.0
CGPOWER.NS,2025-10-28,722.5,720.9088745117188,2309934.0,0.0
CGPOWER.NS,2025-10-29,748.5999755859375,746.9513549804688,6067360.0,0.0
CGPOWER.NS,2025-10-30,734.7000122070312,733.08203125,5090803.0,0.0
CGPOWER.NS,2025-10-31,736.6500244140625,735.0277099609375,2560022.0,0.0
CGPOWER.NS,2025-11-03,745.3499755859375,743.70849609375,3828421.0,0.0
CGPOWER.NS,2025-11-04,747.5999755859375,745.9535522460938,2282860.0,0.0
CGPOWER.NS,2025-11-06,732.7000122070312,731.08642578125,2225547.0,0.0
CGPOWER.NS,2025-11-07,733.25,731.6351928710938,1200551.0,0.0
CGPOWER.NS,2025-11-10,738.1500244140625,736.5244140625,1538280.0,0.0
CGPOWER.NS,2025-11-11,732.9500122070312,731.3358764648438,1544794.0,0.0
CGPOWER.NS,2025-11-12,739.8499755859375,738.2206420898438,2116161.0,0.0
CGPOWER.NS,2025-11-13,745.2000122070312,743.5588989257812,2218794.0,0.0
CGPOWER.NS,2025-11-14,743.5,741.8626098632812,1635386.0,0.0
CGPOWER.NS,2025-11-17,749.75,748.0988159179688,2198843.0,0.0
CGPOWER.NS,2025-11-18,733.75,732.1340942382812,1861651.0,0.0
CGPOWER.NS,2025-11-19,724.0999755859375,722.5053100585938,2048601.0,0.0
CGPOWER.NS,2025-11-20,721.25,719.66162109375,2473529.0,0.0
CGPOWER.NS,2025-11-21,710.2000122070312,708.635986328125,1696270.0,0.0
CGPOWER.NS,2025-11-24,683.0,681.495849609375,5107691.0,0.0
CGPOWER.NS,2025-11-25,682.5499877929688,681.0468139648438,6555328.0,0.0
CGPOWER.NS,2025-11-26,688.4000244140625,686.8839721679688,3691086.0,0.0
CGPOWER.NS,2025-11-27,679.25,677.7540893554688,2013261.0,0.0
CGPOWER.NS,2025-11-28,672.9000244140625,671.4180908203125,1799878.0,0.0
CGPOWER.NS,2025-12-01,669.75,668.2750244140625,1353139.0,0.0
CGPOWER.NS,2025-12-02,659.7000122070312,658.2471923828125,2550266.0,0.0
CGPOWER.NS,2025-12-03,664.2000122070312,662.7372436523438,3642142.0,0.0
CGPOWER.NS,2025-12-04,662.3499755859375,660.8912963867188,1865431.0,0.0
CGPOWER.NS,2025-12-05,661.3499755859375,659.8934936523438,2092532.0,0.0
CGPOWER.NS,2025-12-08,647.1500244140625,645.724853515625,1950560.0,0.0
CGPOWER.NS,2025-12-09,667.7999877929688,666.3292846679688,3303762.0,0.0
CGPOWER.NS,2025-12-10,665.4500122070312,663.9844970703125,2210570.0,0.0
CGPOWER.NS,2025-12-11,666.5,665.0321655273438,1630019.0,0.0
CGPOWER.NS,2025-12-12,665.9000244140625,664.4335327148438,1769892.0,0.0
CGPOWER.NS,2025-12-15,670.1500244140625,668.6741943359375,995882.0,0.0
CGPOWER.NS,2025-12-16,673.0499877929688,671.5677490234375,1137760.0,0.0
CGPOWER.NS,2025-12-17,670.4000244140625,668.9236450195312,3601375.0,0.0
CGPOWER.NS,2025-12-18,661.7999877929688,660.342529296875,1899785.0,0.0
CGPOWER.NS,2025-12-19,671.5999755859375,670.1209106445312,2130862.0,0.0
CGPOWER.NS,2025-12-22,671.0499877929688,669.5721435546875,1514056.0,0.0
CGPOWER.NS,2025-12-23,666.2999877929688,664.8326416015625,1294033.0,0.0
CGPOWER.NS,2025-12-24,660.9000244140625,659.4445190429688,1910047.0,0.0
CGPOWER.NS,2025-12-26,656.0,654.5552978515625,698129.0,0.0
CGPOWER.NS,2025-12-29,647.25,645.8245849609375,1234659.0,0.0
CGPOWER.NS,2025-12-30,641.0499877929688,639.6382446289062,1954985.0,0.0
CGPOWER.NS,2025-12-31,647.9000244140625,646.47314453125,1685843.0,0.0
CGPOWER.NS,2026-01-01,637.9000244140625,636.4951782226562,2758184.0,0.0
CGPOWER.NS,2026-01-02,649.0999755859375,647.6704711914062,2285838.0,0.0
CGPOWER.NS,2026-01-05,645.25,643.8289794921875,2008772.0,0.0
CGPOWER.NS,2026-01-06,637.8499755859375,636.4452514648438,1948899.0,0.0
CGPOWER.NS,2026-01-07,636.9500122070312,635.5473022460938,1169857.0,0.0
CGPOWER.NS,2026-01-08,614.25,612.8972778320312,12895177.0,0.0
CGPOWER.NS,2026-01-09,594.75,593.440185546875,13331565.0,0.0
CGPOWER.NS,2026-01-12,585.7999877929688,584.5098876953125,6209951.0,0.0
CGPOWER.NS,2026-01-13,581.5999755859375,580.3191528320312,3362663.0,0.0
CGPOWER.NS,2026-01-14,576.9000244140625,575.6295166015625,1928785.0,0.0
CGPOWER.NS,2026-01-15,576.9000244140625,575.6295166015625,0.0,0.0
CGPOWER.NS,2026-01-16,561.7000122070312,560.4630126953125,3677834.0,0.0
CGPOWER.NS,2026-01-19,590.0,588.70068359375,17314136.0,0.0
CGPOWER.NS,2026-01-20,573.75,572.4864501953125,4163249.0,0.0
CGPOWER.NS,2026-01-21,575.2999877929688,574.0330200195312,5174187.0,0.0
CGPOWER.NS,2026-01-22,574.25,572.9853515625,1591278.0,0.0
CGPOWER.NS,2026-01-23,549.0999755859375,547.8906860351562,3868313.0,0.0
CGPOWER.NS,2026-01-27,530.6500244140625,529.4813842773438,10101452.0,0.0
CGPOWER.NS,2026-01-28,581.9500122070312,580.6683959960938,12172783.0,0.0
CGPOWER.NS,2026-01-29,590.2999877929688,589.0,5474860.0,0.0
CGPOWER.NS,2026-01-30,584.0499877929688,584.0499877929688,3742695.0,0.0
CGPOWER.NS,2026-02-02,608.3499755859375,608.3499755859375,3460394.0,0.0
CGPOWER.NS,2026-02-03,661.5499877929688,661.5499877929688,14524072.0,0.0
CGPOWER.NS,2026-02-04,669.5999755859375,669.5999755859375,5225273.0,0.0
CGPOWER.NS,2026-02-05,668.0,668.0,2521396.0,0.0
CGPOWER.NS,2026-02-06,674.8499755859375,674.8499755859375,2721504.0,0.0
CGPOWER.NS,2026-02-09,690.3499755859375,690.3499755859375,2569205.0,0.0
CGPOWER.NS,2026-02-10,681.5499877929688,681.5499877929688,3481303.0,0.0
CGPOWER.NS,2026-02-11,685.5999755859375,685.5999755859375,2139524.0,0.0
CANBK.NS,2025-02-11,90.08999633789062,86.97377014160156,23695177.0,0.0
CANBK.NS,2025-02-12,90.54000091552734,87.40821075439453,21437438.0,0.0
CANBK.NS,2025-02-13,88.72000122070312,85.65116882324219,27030641.0,0.0
CANBK.NS,2025-02-14,85.62000274658203,82.65839385986328,29190700.0,0.0
CANBK.NS,2025-02-17,85.08999633789062,82.14672088623047,23885790.0,0.0
CANBK.NS,2025-02-18,84.6500015258789,81.7219467163086,21927534.0,0.0
CANBK.NS,2025-02-19,85.55999755859375,82.6004638671875,27545822.0,0.0
CANBK.NS,2025-02-20,88.05999755859375,85.01399230957031,26398555.0,0.0
CANBK.NS,2025-02-21,87.33000183105469,84.30924987792969,18438389.0,0.0
CANBK.NS,2025-02-24,86.94999694824219,83.9423828125,11551998.0,0.0
CANBK.NS,2025-02-25,85.0199966430664,82.07914733886719,13249250.0,0.0
CANBK.NS,2025-02-27,83.45999908447266,80.57310485839844,25101806.0,0.0
CANBK.NS,2025-02-28,80.9000015258789,78.1016616821289,36424489.0,0.0
CANBK.NS,2025-03-03,81.41999816894531,78.60366821289062,30406353.0,0.0
CANBK.NS,2025-03-04,81.94000244140625,79.1056900024414,25682844.0,0.0
CANBK.NS,2025-03-05,85.0199966430664,82.07914733886719,17408359.0,0.0
CANBK.NS,2025-03-06,85.3499984741211,82.3977279663086,19427907.0,0.0
CANBK.NS,2025-03-07,85.0199966430664,82.07914733886719,12988687.0,0.0
CANBK.NS,2025-03-10,82.48999786376953,79.63665771484375,14634696.0,0.0
CANBK.NS,2025-03-11,83.27999877929688,80.39933013916016,21742642.0,0.0
CANBK.NS,2025-03-12,82.45999908447266,79.60769653320312,14726763.0,0.0
CANBK.NS,2025-03-13,82.9000015258789,80.03247833251953,25685980.0,0.0
CANBK.NS,2025-03-17,82.48999786376953,79.63665771484375,13115634.0,0.0
CANBK.NS,2025-03-18,82.48999786376953,79.63665771484375,0.0,0.0
CANBK.NS,2025-03-19,85.56999969482422,82.61012268066406,22116696.0,0.0
CANBK.NS,2025-03-20,85.83999633789062,82.87078094482422,17359824.0,0.0
CANBK.NS,2025-03-21,87.54000091552734,84.51197814941406,26691971.0,0.0
CANBK.NS,2025-03-24,91.31999969482422,88.1612319946289,36771697.0,0.0
CANBK.NS,2025-03-25,88.45999908447266,85.40015411376953,23478508.0,0.0
CANBK.NS,2025-03-26,87.23999786376953,84.22235870361328,21455219.0,0.0
CANBK.NS,2025-03-27,89.6500015258789,86.54899597167969,58399584.0,0.0
CANBK.NS,2025-03-28,89.0,85.92147827148438,30188247.0,0.0
CANBK.NS,2025-04-01,90.0,86.88688659667969,14596862.0,0.0
CANBK.NS,2025-04-02,91.0999984741211,87.94883728027344,18479410.0,0.0
CANBK.NS,2025-04-03,94.37999725341797,91.1153793334961,38514763.0,0.0
CANBK.NS,2025-04-04,90.38999938964844,87.26339721679688,33552098.0,0.0
CANBK.NS,2025-04-07,87.0999984741211,84.08719635009766,29326338.0,0.0
CANBK.NS,2025-04-08,89.43000030517578,86.33660888671875,21516232.0,0.0
CANBK.NS,2025-04-09,88.41999816894531,85.36154174804688,21829542.0,0.0
CANBK.NS,2025-04-11,90.54000091552734,87.40821075439453,22091340.0,0.0
CANBK.NS,2025-04-15,92.69000244140625,89.48384094238281,31990152.0,0.0
CANBK.NS,2025-04-16,94.69999694824219,91.42430877685547,27215945.0,0.0
CANBK.NS,2025-04-17,96.0199966430664,92.69865417480469,31763625.0,0.0
CANBK.NS,2025-04-21,99.0,95.57557678222656,27799862.0,0.0
CANBK.NS,2025-04-22,100.66000366210938,97.17816162109375,49276193.0,0.0
CANBK.NS,2025-04-23,99.44999694824219,96.010009765625,41477808.0,0.0
CANBK.NS,2025-04-24,99.38999938964844,95.95208740234375,27747894.0,0.0
CANBK.NS,2025-04-25,96.52999877929688,93.1910171508789,41413435.0,0.0
CANBK.NS,2025-04-28,98.44999694824219,95.04460144042969,28301422.0,0.0
CANBK.NS,2025-04-29,99.33000183105469,95.8941650390625,47026479.0,0.0
CANBK.NS,2025-04-30,97.44999694824219,94.07919311523438,23757351.0,0.0
CANBK.NS,2025-05-02,96.66000366210938,93.31652069091797,12615367.0,0.0
CANBK.NS,2025-05-05,97.16000366210938,93.79922485351562,13789187.0,0.0
CANBK.NS,2025-05-06,92.37999725341797,89.18456268310547,27373024.0,0.0
CANBK.NS,2025-05-07,93.66999816894531,90.42993927001953,25189656.0,0.0
CANBK.NS,2025-05-08,95.37000274658203,92.0711441040039,78481304.0,0.0
CANBK.NS,2025-05-09,97.63999938964844,94.26261901855469,41029403.0,0.0
CANBK.NS,2025-05-12,100.86000061035156,97.3712387084961,49391352.0,0.0
CANBK.NS,2025-05-13,104.77999877929688,101.15564727783203,59518073.0,0.0
CANBK.NS,2025-05-14,105.66999816894531,102.01486206054688,46744208.0,0.0
CANBK.NS,2025-05-15,105.16000366210938,101.52250671386719,22577353.0,0.0
CANBK.NS,2025-05-16,107.76000213623047,104.0325698852539,33164805.0,0.0
CANBK.NS,2025-05-19,107.95999908447266,104.22564697265625,26144154.0,0.0
CANBK.NS,2025-05-20,107.04000091552734,103.33747100830078,24579486.0,0.0
CANBK.NS,2025-05-21,107.83999633789062,104.10979461669922,20965817.0,0.0
CANBK.NS,2025-05-22,106.83999633789062,103.1443862915039,18266891.0,0.0
CANBK.NS,2025-05-23,107.20999908447266,103.50159454345703,16155459.0,0.0
CANBK.NS,2025-05-26,107.4800033569336,103.76225280761719,17383646.0,0.0
CANBK.NS,2025-05-27,108.43000030517578,104.67938995361328,19199151.0,0.0
CANBK.NS,2025-05-28,110.94000244140625,107.10257720947266,29822557.0,0.0
CANBK.NS,2025-05-29,110.7300033569336,106.89984130859375,29174369.0,0.0
CANBK.NS,2025-05-30,114.76000213623047,110.79043579101562,70759040.0,0.0
CANBK.NS,2025-06-02,116.83999633789062,112.7984848022461,47869167.0,0.0
CANBK.NS,2025-06-03,115.91000366210938,111.90066528320312,29821086.0,0.0
CANBK.NS,2025-06-04,117.31999969482422,113.26188659667969,20540175.0,0.0
CANBK.NS,2025-06-05,116.37999725341797,112.35440063476562,13566294.0,0.0
CANBK.NS,2025-06-06,115.70999908447266,111.70757293701172,49884802.0,0.0
CANBK.NS,2025-06-09,117.69000244140625,113.61908721923828,34703106.0,0.0
CANBK.NS,2025-06-10,117.76000213623047,113.6866683959961,32755500.0,0.0
CANBK.NS,2025-06-11,117.08999633789062,113.03984069824219,41718080.0,0.0
CANBK.NS,2025-06-12,115.63999938964844,111.63999938964844,33242141.0,0.0
CANBK.NS,2025-06-13,111.45999908447266,111.45999908447266,32522564.0,0.0
CANBK.NS,2025-06-16,111.23999786376953,111.23999786376953,24551800.0,0.0
CANBK.NS,2025-06-17,109.2300033569336,109.2300033569336,14822292.0,0.0
CANBK.NS,2025-06-18,108.22000122070312,108.22000122070312,11798762.0,0.0
CANBK.NS,2025-06-19,104.88999938964844,104.88999938964844,25631663.0,0.0
CANBK.NS,2025-06-20,107.22000122070312,107.22000122070312,23310134.0,0.0
CANBK.NS,2025-06-23,107.81999969482422,107.81999969482422,13114898.0,0.0
CANBK.NS,2025-06-24,110.61000061035156,110.61000061035156,25341633.0,0.0
CANBK.NS,2025-06-25,110.70999908447266,110.70999908447266,19878446.0,0.0
CANBK.NS,2025-06-26,111.06999969482422,111.06999969482422,21835265.0,0.0
CANBK.NS,2025-06-27,110.9800033569336,110.9800033569336,34489264.0,0.0
CANBK.NS,2025-06-30,114.19999694824219,114.19999694824219,34766391.0,0.0
CANBK.NS,2025-07-01,115.41999816894531,115.41999816894531,30511659.0,0.0
CANBK.NS,2025-07-02,114.2300033569336,114.2300033569336,20734163.0,0.0
CANBK.NS,2025-07-03,114.16000366210938,114.16000366210938,13257229.0,0.0
CANBK.NS,2025-07-04,114.37000274658203,114.37000274658203,10569354.0,0.0
CANBK.NS,2025-07-07,114.30999755859375,114.30999755859375,15821152.0,0.0
CANBK.NS,2025-07-08,113.73999786376953,113.73999786376953,12740671.0,0.0
CANBK.NS,2025-07-09,113.95999908447266,113.95999908447266,13519733.0,0.0
CANBK.NS,2025-07-10,112.38999938964844,112.38999938964844,16076230.0,0.0
CANBK.NS,2025-07-11,111.91999816894531,111.91999816894531,13374647.0,0.0
CANBK.NS,2025-07-14,113.66999816894531,113.66999816894531,27221603.0,0.0
CANBK.NS,2025-07-15,114.87000274658203,114.87000274658203,25377145.0,0.0
CANBK.NS,2025-07-16,117.02999877929688,117.02999877929688,40471492.0,0.0
CANBK.NS,2025-07-17,115.52999877929688,115.52999877929688,15765452.0,0.0
CANBK.NS,2025-07-18,114.44999694824219,114.44999694824219,18085327.0,0.0
CANBK.NS,2025-07-21,112.02999877929688,112.02999877929688,23975731.0,0.0
CANBK.NS,2025-07-22,108.05000305175781,108.05000305175781,42331690.0,0.0
CANBK.NS,2025-07-23,107.80000305175781,107.80000305175781,38208234.0,0.0
CANBK.NS,2025-07-24,113.51000213623047,113.51000213623047,86127146.0,0.0
CANBK.NS,2025-07-25,110.76000213623047,110.76000213623047,41767665.0,0.0
CANBK.NS,2025-07-28,110.41000366210938,110.41000366210938,23234791.0,0.0
CANBK.NS,2025-07-29,110.08999633789062,110.08999633789062,32038885.0,0.0
CANBK.NS,2025-07-30,108.19999694824219,108.19999694824219,23534777.0,0.0
CANBK.NS,2025-07-31,107.25,107.25,48203474.0,0.0
CANBK.NS,2025-08-01,105.88999938964844,105.88999938964844,13286442.0,0.0
CANBK.NS,2025-08-04,107.75,107.75,21300202.0,0.0
CANBK.NS,2025-08-05,107.45999908447266,107.45999908447266,11549473.0,0.0
CANBK.NS,2025-08-06,108.7699966430664,108.7699966430664,40662042.0,0.0
CANBK.NS,2025-08-07,108.80000305175781,108.80000305175781,12014876.0,0.0
CANBK.NS,2025-08-08,107.88999938964844,107.88999938964844,14136544.0,0.0
CANBK.NS,2025-08-11,109.4800033569336,109.4800033569336,16773203.0,0.0
CANBK.NS,2025-08-12,109.55000305175781,109.55000305175781,10606131.0,0.0
CANBK.NS,2025-08-13,108.98999786376953,108.98999786376953,12096926.0,0.0
CANBK.NS,2025-08-14,109.26000213623047,109.26000213623047,10879799.0,0.0
CANBK.NS,2025-08-18,109.33999633789062,109.33999633789062,15704185.0,0.0
CANBK.NS,2025-08-19,111.66999816894531,111.66999816894531,20003557.0,0.0
CANBK.NS,2025-08-20,112.27999877929688,112.27999877929688,14596666.0,0.0
CANBK.NS,2025-08-21,111.06999969482422,111.06999969482422,13162672.0,0.0
CANBK.NS,2025-08-22,109.93000030517578,109.93000030517578,12854408.0,0.0
CANBK.NS,2025-08-25,108.81999969482422,108.81999969482422,16134641.0,0.0
CANBK.NS,2025-08-26,106.01000213623047,106.01000213623047,27014374.0,0.0
CANBK.NS,2025-08-28,104.62999725341797,104.62999725341797,14184569.0,0.0
CANBK.NS,2025-08-29,103.83000183105469,103.83000183105469,13999620.0,0.0
CANBK.NS,2025-09-01,105.13999938964844,105.13999938964844,9174103.0,0.0
CANBK.NS,2025-09-02,106.16000366210938,106.16000366210938,9179806.0,0.0
CANBK.NS,2025-09-03,108.33000183105469,108.33000183105469,12012180.0,0.0
CANBK.NS,2025-09-04,106.08000183105469,106.08000183105469,12953562.0,0.0
CANBK.NS,2025-09-05,107.13999938964844,107.13999938964844,8009273.0,0.0
CANBK.NS,2025-09-08,108.11000061035156,108.11000061035156,8138600.0,0.0
CANBK.NS,2025-09-09,108.04000091552734,108.04000091552734,7104394.0,0.0
CANBK.NS,2025-09-10,110.63999938964844,110.63999938964844,18306308.0,0.0
CANBK.NS,2025-09-11,112.06999969482422,112.06999969482422,18795548.0,0.0
CANBK.NS,2025-09-12,110.95999908447266,110.95999908447266,10893570.0,0.0
CANBK.NS,2025-09-15,112.51000213623047,112.51000213623047,9013604.0,0.0
CANBK.NS,2025-09-16,113.2300033569336,113.2300033569336,15104682.0,0.0
CANBK.NS,2025-09-17,116.25,116.25,34943043.0,0.0
CANBK.NS,2025-09-18,115.41000366210938,115.41000366210938,26965142.0,0.0
CANBK.NS,2025-09-19,117.76000213623047,117.76000213623047,46393129.0,0.0
CANBK.NS,2025-09-22,118.87000274658203,118.87000274658203,31509156.0,0.0
CANBK.NS,2025-09-23,121.9000015258789,121.9000015258789,44544453.0,0.0
CANBK.NS,2025-09-24,122.91000366210938,122.91000366210938,55162500.0,0.0
CANBK.NS,2025-09-25,121.44000244140625,121.44000244140625,30764727.0,0.0
CANBK.NS,2025-09-26,118.08000183105469,118.08000183105469,25531804.0,0.0
CANBK.NS,2025-09-29,120.4800033569336,120.4800033569336,28333195.0,0.0
CANBK.NS,2025-09-30,123.70999908447266,123.70999908447266,47473634.0,0.0
CANBK.NS,2025-10-01,123.76000213623047,123.76000213623047,38045288.0,0.0
CANBK.NS,2025-10-03,125.9000015258789,125.9000015258789,34668909.0,0.0
CANBK.NS,2025-10-06,126.76000213623047,126.76000213623047,27335116.0,0.0
CANBK.NS,2025-10-07,128.05999755859375,128.05999755859375,30539720.0,0.0
CANBK.NS,2025-10-08,126.04000091552734,126.04000091552734,38012061.0,0.0
CANBK.NS,2025-10-09,126.16999816894531,126.16999816894531,16981691.0,0.0
CANBK.NS,2025-10-10,127.38999938964844,127.38999938964844,23836453.0,0.0
CANBK.NS,2025-10-13,127.63999938964844,127.63999938964844,21132831.0,0.0
CANBK.NS,2025-10-14,125.22000122070312,125.22000122070312,19638720.0,0.0
CANBK.NS,2025-10-15,128.41000366210938,128.41000366210938,22108228.0,0.0
CANBK.NS,2025-10-16,127.37000274658203,127.37000274658203,20085575.0,0.0
CANBK.NS,2025-10-17,125.48999786376953,125.48999786376953,20351565.0,0.0
CANBK.NS,2025-10-20,127.58999633789062,127.58999633789062,27681896.0,0.0
CANBK.NS,2025-10-21,127.12000274658203,127.12000274658203,7993166.0,0.0
CANBK.NS,2025-10-23,126.23999786376953,126.23999786376953,34824359.0,0.0
CANBK.NS,2025-10-24,125.69999694824219,125.69999694824219,17014666.0,0.0
CANBK.NS,2025-10-27,129.1300048828125,129.1300048828125,30460506.0,0.0
CANBK.NS,2025-10-28,129.97999572753906,129.97999572753906,44849817.0,0.0
CANBK.NS,2025-10-29,128.77000427246094,128.77000427246094,37842782.0,0.0
CANBK.NS,2025-10-30,132.88999938964844,132.88999938964844,93428789.0,0.0
CANBK.NS,2025-10-31,136.99000549316406,136.99000549316406,80524287.0,0.0
CANBK.NS,2025-11-03,139.60000610351562,139.60000610351562,57720656.0,0.0
CANBK.NS,2025-11-04,139.60000610351562,139.60000610351562,34484844.0,0.0
CANBK.NS,2025-11-06,139.24000549316406,139.24000549316406,22293737.0,0.0
CANBK.NS,2025-11-07,140.6699981689453,140.6699981689453,27498022.0,0.0
CANBK.NS,2025-11-10,141.0399932861328,141.0399932861328,28309612.0,0.0
CANBK.NS,2025-11-11,140.8699951171875,140.8699951171875,21813910.0,0.0
CANBK.NS,2025-11-12,143.57000732421875,143.57000732421875,39711769.0,0.0
CANBK.NS,2025-11-13,143.4499969482422,143.4499969482422,27528003.0,0.0
CANBK.NS,2025-11-14,146.07000732421875,146.07000732421875,26463777.0,0.0
CANBK.NS,2025-11-17,149.1199951171875,149.1199951171875,44625403.0,0.0
CANBK.NS,2025-11-18,149.0,149.0,29594222.0,0.0
CANBK.NS,2025-11-19,150.3800048828125,150.3800048828125,26500324.0,0.0
CANBK.NS,2025-11-20,147.94000244140625,147.94000244140625,19144061.0,0.0
CANBK.NS,2025-11-21,145.77000427246094,145.77000427246094,22283701.0,0.0
CANBK.NS,2025-11-24,146.6699981689453,146.6699981689453,35398447.0,0.0
CANBK.NS,2025-11-25,148.69000244140625,148.69000244140625,24048863.0,0.0
CANBK.NS,2025-11-26,150.16000366210938,150.16000366210938,30511761.0,0.0
CANBK.NS,2025-11-27,151.75999450683594,151.75999450683594,20130369.0,0.0
CANBK.NS,2025-11-28,151.5800018310547,151.5800018310547,19414509.0,0.0
CANBK.NS,2025-12-01,150.5,150.5,17845829.0,0.0
CANBK.NS,2025-12-02,152.02999877929688,152.02999877929688,42353933.0,0.0
CANBK.NS,2025-12-03,146.0800018310547,146.0800018310547,43621493.0,0.0
CANBK.NS,2025-12-04,147.38999938964844,147.38999938964844,23552476.0,0.0
CANBK.NS,2025-12-05,148.63999938964844,148.63999938964844,23212483.0,0.0
CANBK.NS,2025-12-08,142.83999633789062,142.83999633789062,27695937.0,0.0
CANBK.NS,2025-12-09,146.19000244140625,146.19000244140625,30373958.0,0.0
CANBK.NS,2025-12-10,145.55999755859375,145.55999755859375,24139924.0,0.0
CANBK.NS,2025-12-11,146.8000030517578,146.8000030517578,19389862.0,0.0
CANBK.NS,2025-12-12,146.6300048828125,146.6300048828125,14181844.0,0.0
CANBK.NS,2025-12-15,148.2899932861328,148.2899932861328,16431186.0,0.0
CANBK.NS,2025-12-16,147.1699981689453,147.1699981689453,14586929.0,0.0
CANBK.NS,2025-12-17,150.2100067138672,150.2100067138672,26335842.0,0.0
CANBK.NS,2025-12-18,149.8300018310547,149.8300018310547,16158407.0,0.0
CANBK.NS,2025-12-19,148.5800018310547,148.5800018310547,26225514.0,0.0
CANBK.NS,2025-12-22,150.3000030517578,150.3000030517578,15647315.0,0.0
CANBK.NS,2025-12-23,150.22000122070312,150.22000122070312,16025851.0,0.0
CANBK.NS,2025-12-24,149.6699981689453,149.6699981689453,16461725.0,0.0
CANBK.NS,2025-12-26,150.07000732421875,150.07000732421875,12422858.0,0.0
CANBK.NS,2025-12-29,150.9199981689453,150.9199981689453,19512200.0,0.0
CANBK.NS,2025-12-30,154.02999877929688,154.02999877929688,76140412.0,0.0
CANBK.NS,2025-12-31,154.91000366210938,154.91000366210938,35538921.0,0.0
CANBK.NS,2026-01-01,154.24000549316406,154.24000549316406,18111681.0,0.0
CANBK.NS,2026-01-02,154.8699951171875,154.8699951171875,29236511.0,0.0
CANBK.NS,2026-01-05,154.22999572753906,154.22999572753906,19385780.0,0.0
CANBK.NS,2026-01-06,153.8800048828125,153.8800048828125,17196220.0,0.0
CANBK.NS,2026-01-07,152.9600067138672,152.9600067138672,22810626.0,0.0
CANBK.NS,2026-01-08,150.4600067138672,150.4600067138672,17324688.0,0.0
CANBK.NS,2026-01-09,150.5399932861328,150.5399932861328,18132919.0,0.0
CANBK.NS,2026-01-12,150.02000427246094,150.02000427246094,25793554.0,0.0
CANBK.NS,2026-01-13,150.86000061035156,150.86000061035156,13262673.0,0.0
CANBK.NS,2026-01-14,153.88999938964844,153.88999938964844,21735599.0,0.0
CANBK.NS,2026-01-15,153.88999938964844,153.88999938964844,0.0,0.0
CANBK.NS,2026-01-16,157.1300048828125,157.1300048828125,35174000.0,0.0
CANBK.NS,2026-01-19,156.86000061035156,156.86000061035156,24657963.0,0.0
CANBK.NS,2026-01-20,153.67999267578125,153.67999267578125,35087078.0,0.0
CANBK.NS,2026-01-21,150.75999450683594,150.75999450683594,24315864.0,0.0
CANBK.NS,2026-01-22,154.67999267578125,154.67999267578125,18824351.0,0.0
CANBK.NS,2026-01-23,151.80999755859375,151.80999755859375,26875350.0,0.0
CANBK.NS,2026-01-27,154.72000122070312,154.72000122070312,23086886.0,0.0
CANBK.NS,2026-01-28,157.74000549316406,157.74000549316406,28198960.0,0.0
CANBK.NS,2026-01-29,150.32000732421875,150.32000732421875,88706121.0,0.0
CANBK.NS,2026-01-30,147.4199981689453,147.4199981689453,43411151.0,0.0
CANBK.NS,2026-02-02,146.47000122070312,146.47000122070312,32606697.0,0.0
CANBK.NS,2026-02-03,147.33999633789062,147.33999633789062,40510681.0,0.0
CANBK.NS,2026-02-04,147.5,147.5,26421597.0,0.0
CANBK.NS,2026-02-05,148.2899932861328,148.2899932861328,16041047.0,0.0
CANBK.NS,2026-02-06,147.30999755859375,147.30999755859375,21884724.0,0.0
CANBK.NS,2026-02-09,147.92999267578125,147.92999267578125,31077822.0,0.0
CANBK.NS,2026-02-10,146.8300018310547,146.8300018310547,18264415.0,0.0
CANBK.NS,2026-02-11,145.50999450683594,145.50999450683594,31368119.0,0.0
CHOLAFIN.NS,2025-02-11,1310.300048828125,1308.7318115234375,1165281.0,0.0
CHOLAFIN.NS,2025-02-12,1351.8499755859375,1350.2320556640625,1486866.0,0.0
CHOLAFIN.NS,2025-02-13,1390.800048828125,1389.135498046875,3103262.0,0.0
CHOLAFIN.NS,2025-02-14,1376.0,1374.3531494140625,1380204.0,0.0
CHOLAFIN.NS,2025-02-17,1356.949951171875,1355.325927734375,1159828.0,0.0
CHOLAFIN.NS,2025-02-18,1350.4000244140625,1348.7838134765625,1120095.0,0.0
CHOLAFIN.NS,2025-02-19,1375.4000244140625,1373.75390625,1493355.0,0.0
CHOLAFIN.NS,2025-02-20,1395.25,1393.580078125,1137492.0,0.0
CHOLAFIN.NS,2025-02-21,1384.1500244140625,1382.493408203125,1316473.0,0.0
CHOLAFIN.NS,2025-02-24,1377.25,1375.6016845703125,933976.0,0.0
CHOLAFIN.NS,2025-02-25,1367.800048828125,1366.1629638671875,1043022.0,0.0
CHOLAFIN.NS,2025-02-27,1438.6500244140625,1436.9281005859375,4929552.0,0.0
CHOLAFIN.NS,2025-02-28,1400.75,1399.0736083984375,2802181.0,0.0
CHOLAFIN.NS,2025-03-03,1419.75,1418.05078125,1551965.0,0.0
CHOLAFIN.NS,2025-03-04,1449.5999755859375,1447.864990234375,1971854.0,0.0
CHOLAFIN.NS,2025-03-05,1446.9000244140625,1445.1683349609375,2724065.0,0.0
CHOLAFIN.NS,2025-03-06,1458.5999755859375,1456.854248046875,1086379.0,0.0
CHOLAFIN.NS,2025-03-07,1457.3499755859375,1455.6058349609375,1722090.0,0.0
CHOLAFIN.NS,2025-03-10,1419.550048828125,1417.85107421875,1482590.0,0.0
CHOLAFIN.NS,2025-03-11,1448.75,1447.01611328125,1204847.0,0.0
CHOLAFIN.NS,2025-03-12,1451.5,1449.7628173828125,1194307.0,0.0
CHOLAFIN.NS,2025-03-13,1444.699951171875,1442.9708251953125,754263.0,0.0
CHOLAFIN.NS,2025-03-17,1455.5999755859375,1453.85791015625,849819.0,0.0
CHOLAFIN.NS,2025-03-18,1455.5999755859375,1453.85791015625,0.0,0.0
CHOLAFIN.NS,2025-03-19,1513.25,1511.43896484375,1564937.0,0.0
CHOLAFIN.NS,2025-03-20,1493.199951171875,1491.4129638671875,3216107.0,0.0
CHOLAFIN.NS,2025-03-21,1538.5,1536.65869140625,1902342.0,0.0
CHOLAFIN.NS,2025-03-24,1529.300048828125,1527.4698486328125,5381367.0,0.0
CHOLAFIN.NS,2025-03-25,1529.050048828125,1527.2200927734375,2103349.0,0.0
CHOLAFIN.NS,2025-03-26,1522.25,1520.42822265625,1863135.0,0.0
CHOLAFIN.NS,2025-03-27,1531.699951171875,1529.8668212890625,1773298.0,0.0
CHOLAFIN.NS,2025-03-28,1519.949951171875,1518.130859375,975450.0,0.0
CHOLAFIN.NS,2025-04-01,1468.25,1466.49267578125,1585585.0,0.0
CHOLAFIN.NS,2025-04-02,1460.25,1458.5023193359375,1356661.0,0.0
CHOLAFIN.NS,2025-04-03,1445.449951171875,1443.719970703125,1029616.0,0.0
CHOLAFIN.NS,2025-04-04,1453.300048828125,1451.560791015625,1303321.0,0.0
CHOLAFIN.NS,2025-04-07,1386.0999755859375,1384.4410400390625,2219214.0,0.0
CHOLAFIN.NS,2025-04-08,1463.300048828125,1461.548828125,2682517.0,0.0
CHOLAFIN.NS,2025-04-09,1430.5999755859375,1428.8878173828125,2837371.0,0.0
CHOLAFIN.NS,2025-04-11,1475.699951171875,1473.933837890625,1785510.0,0.0
CHOLAFIN.NS,2025-04-15,1560.300048828125,1558.4326171875,2497699.0,0.0
CHOLAFIN.NS,2025-04-16,1611.9000244140625,1609.9708251953125,2052940.0,0.0
CHOLAFIN.NS,2025-04-17,1587.300048828125,1585.4002685546875,1816329.0,0.0
CHOLAFIN.NS,2025-04-21,1659.800048828125,1657.8135986328125,3338149.0,0.0
CHOLAFIN.NS,2025-04-22,1566.4000244140625,1564.5252685546875,4574218.0,0.0
CHOLAFIN.NS,2025-04-23,1566.800048828125,1564.9249267578125,3560465.0,0.0
CHOLAFIN.NS,2025-04-24,1547.9000244140625,1546.0474853515625,3030697.0,0.0
CHOLAFIN.NS,2025-04-25,1543.5,1541.6527099609375,1777628.0,0.0
CHOLAFIN.NS,2025-04-28,1525.800048828125,1523.9739990234375,2705277.0,0.0
CHOLAFIN.NS,2025-04-29,1484.5,1482.723388671875,2398360.0,0.0
CHOLAFIN.NS,2025-04-30,1492.199951171875,1490.4140625,2525455.0,0.0
CHOLAFIN.NS,2025-05-02,1492.0999755859375,1490.314208984375,1150273.0,0.0
CHOLAFIN.NS,2025-05-05,1551.5,1549.6431884765625,1794084.0,0.0
CHOLAFIN.NS,2025-05-06,1530.5999755859375,1528.7681884765625,1385877.0,0.0
CHOLAFIN.NS,2025-05-07,1574.5,1572.6156005859375,2446093.0,0.0
CHOLAFIN.NS,2025-05-08,1531.5,1529.6671142578125,1490280.0,0.0
CHOLAFIN.NS,2025-05-09,1513.5999755859375,1511.7884521484375,2126114.0,0.0
CHOLAFIN.NS,2025-05-12,1579.199951171875,1577.3099365234375,825674.0,0.0
CHOLAFIN.NS,2025-05-13,1578.800048828125,1576.910400390625,1222774.0,0.0
CHOLAFIN.NS,2025-05-14,1596.5999755859375,1594.689208984375,1240552.0,0.0
CHOLAFIN.NS,2025-05-15,1609.199951171875,1607.27392578125,801332.0,0.0
CHOLAFIN.NS,2025-05-16,1619.300048828125,1617.362060546875,652281.0,0.0
CHOLAFIN.NS,2025-05-19,1634.4000244140625,1632.4439697265625,893304.0,0.0
CHOLAFIN.NS,2025-05-20,1609.300048828125,1607.3740234375,1110122.0,0.0
CHOLAFIN.NS,2025-05-21,1656.0,1654.01806640625,2599619.0,0.0
CHOLAFIN.NS,2025-05-22,1626.9000244140625,1624.952880859375,1163741.0,0.0
CHOLAFIN.NS,2025-05-23,1628.0,1626.051513671875,648628.0,0.0
CHOLAFIN.NS,2025-05-26,1644.800048828125,1642.8314208984375,537043.0,0.0
CHOLAFIN.NS,2025-05-27,1665.199951171875,1663.20703125,1146178.0,0.0
CHOLAFIN.NS,2025-05-28,1647.0,1645.02880859375,982297.0,0.0
CHOLAFIN.NS,2025-05-29,1607.800048828125,1605.8758544921875,1535436.0,0.0
CHOLAFIN.NS,2025-05-30,1601.0,1599.083984375,1453818.0,0.0
CHOLAFIN.NS,2025-06-02,1581.0,1579.1077880859375,2123000.0,0.0
CHOLAFIN.NS,2025-06-03,1566.300048828125,1564.4254150390625,860899.0,0.0
CHOLAFIN.NS,2025-06-04,1512.699951171875,1510.8895263671875,4168598.0,0.0
CHOLAFIN.NS,2025-06-05,1511.5999755859375,1509.7908935546875,2623833.0,0.0
CHOLAFIN.NS,2025-06-06,1593.199951171875,1591.2930908203125,6915310.0,0.0
CHOLAFIN.NS,2025-06-09,1644.5999755859375,1642.6317138671875,2938014.0,0.0
CHOLAFIN.NS,2025-06-10,1637.699951171875,1635.7398681640625,1392757.0,0.0
CHOLAFIN.NS,2025-06-11,1608.199951171875,1606.275146484375,1851871.0,0.0
CHOLAFIN.NS,2025-06-12,1581.699951171875,1579.8070068359375,1483626.0,0.0
CHOLAFIN.NS,2025-06-13,1553.800048828125,1551.9404296875,3191325.0,0.0
CHOLAFIN.NS,2025-06-16,1566.5999755859375,1564.7249755859375,1213574.0,0.0
CHOLAFIN.NS,2025-06-17,1555.199951171875,1553.338623046875,1189553.0,0.0
CHOLAFIN.NS,2025-06-18,1586.800048828125,1584.90087890625,1561533.0,0.0
CHOLAFIN.NS,2025-06-19,1544.4000244140625,1542.5516357421875,1062384.0,0.0
CHOLAFIN.NS,2025-06-20,1557.5,1555.635986328125,2149247.0,0.0
CHOLAFIN.NS,2025-06-23,1583.5999755859375,1581.7047119140625,838061.0,0.0
CHOLAFIN.NS,2025-06-24,1598.5,1596.5869140625,1464575.0,0.0
CHOLAFIN.NS,2025-06-25,1608.800048828125,1606.8746337890625,1252727.0,0.0
CHOLAFIN.NS,2025-06-26,1627.0,1625.052734375,1809115.0,0.0
CHOLAFIN.NS,2025-06-27,1654.0999755859375,1652.1202392578125,5837341.0,0.0
CHOLAFIN.NS,2025-06-30,1628.0,1626.051513671875,1489109.0,0.0
CHOLAFIN.NS,2025-07-01,1599.800048828125,1597.8853759765625,2353507.0,0.0
CHOLAFIN.NS,2025-07-02,1554.5999755859375,1552.7393798828125,2875195.0,0.0
CHOLAFIN.NS,2025-07-03,1527.0999755859375,1525.2723388671875,4522465.0,0.0
CHOLAFIN.NS,2025-07-04,1526.699951171875,1524.8726806640625,1751430.0,0.0
CHOLAFIN.NS,2025-07-07,1514.300048828125,1512.4876708984375,2553187.0,0.0
CHOLAFIN.NS,2025-07-08,1521.699951171875,1519.8787841796875,2437495.0,0.0
CHOLAFIN.NS,2025-07-09,1563.0999755859375,1561.229248046875,2507920.0,0.0
CHOLAFIN.NS,2025-07-10,1546.800048828125,1544.94873046875,1072022.0,0.0
CHOLAFIN.NS,2025-07-11,1532.5,1530.6658935546875,1178845.0,0.0
CHOLAFIN.NS,2025-07-14,1528.4000244140625,1526.57080078125,1189763.0,0.0
CHOLAFIN.NS,2025-07-15,1557.0,1555.1365966796875,2169391.0,0.0
CHOLAFIN.NS,2025-07-16,1559.0,1557.1341552734375,3694875.0,0.0
CHOLAFIN.NS,2025-07-17,1564.300048828125,1562.4278564453125,912552.0,0.0
CHOLAFIN.NS,2025-07-18,1554.5999755859375,1552.7393798828125,1194869.0,0.0
CHOLAFIN.NS,2025-07-21,1573.800048828125,1571.91650390625,1632384.0,0.0
CHOLAFIN.NS,2025-07-22,1565.4000244140625,1563.526611328125,731619.0,0.0
CHOLAFIN.NS,2025-07-23,1556.0999755859375,1554.237548828125,790498.0,0.0
CHOLAFIN.NS,2025-07-24,1551.4000244140625,1550.2406005859375,2287825.0,0.0
CHOLAFIN.NS,2025-07-25,1503.800048828125,1502.67626953125,4161435.0,0.0
CHOLAFIN.NS,2025-07-28,1490.300048828125,1489.186279296875,1228097.0,0.0
CHOLAFIN.NS,2025-07-29,1484.800048828125,1483.6904296875,1288099.0,0.0
CHOLAFIN.NS,2025-07-30,1478.0999755859375,1476.995361328125,738799.0,0.0
CHOLAFIN.NS,2025-07-31,1443.199951171875,1442.1214599609375,6484530.0,0.0
CHOLAFIN.NS,2025-08-01,1422.5,1421.4368896484375,4717925.0,0.0
CHOLAFIN.NS,2025-08-04,1472.0999755859375,1470.9998779296875,1765076.0,0.0
CHOLAFIN.NS,2025-08-05,1472.0999755859375,1470.9998779296875,1537683.0,0.0
CHOLAFIN.NS,2025-08-06,1454.9000244140625,1453.812744140625,2136451.0,0.0
CHOLAFIN.NS,2025-08-07,1488.0,1486.887939453125,1097782.0,0.0
CHOLAFIN.NS,2025-08-08,1451.0999755859375,1450.0155029296875,840293.0,0.0
CHOLAFIN.NS,2025-08-11,1483.0,1481.8917236328125,842409.0,0.0
CHOLAFIN.NS,2025-08-12,1450.699951171875,1449.6158447265625,755391.0,0.0
CHOLAFIN.NS,2025-08-13,1460.5,1459.4085693359375,672021.0,0.0
CHOLAFIN.NS,2025-08-14,1461.5,1460.4078369140625,1612053.0,0.0
CHOLAFIN.NS,2025-08-18,1522.5999755859375,1521.462158203125,1354862.0,0.0
CHOLAFIN.NS,2025-08-19,1527.9000244140625,1526.7581787109375,953552.0,0.0
CHOLAFIN.NS,2025-08-20,1522.9000244140625,1521.761962890625,1272429.0,0.0
CHOLAFIN.NS,2025-08-21,1518.300048828125,1517.1654052734375,728673.0,0.0
CHOLAFIN.NS,2025-08-22,1524.0999755859375,1522.9609375,559123.0,0.0
CHOLAFIN.NS,2025-08-25,1509.4000244140625,1508.27197265625,701737.0,0.0
CHOLAFIN.NS,2025-08-26,1476.199951171875,1475.0968017578125,2035044.0,0.0
CHOLAFIN.NS,2025-08-28,1439.800048828125,1438.7239990234375,1548977.0,0.0
CHOLAFIN.NS,2025-08-29,1420.699951171875,1419.63818359375,871127.0,0.0
CHOLAFIN.NS,2025-09-01,1453.800048828125,1452.713623046875,909205.0,0.0
CHOLAFIN.NS,2025-09-02,1431.4000244140625,1430.330322265625,1087452.0,0.0
CHOLAFIN.NS,2025-09-03,1439.800048828125,1438.7239990234375,989265.0,0.0
CHOLAFIN.NS,2025-09-04,1461.199951171875,1460.10791015625,1738436.0,0.0
CHOLAFIN.NS,2025-09-05,1490.9000244140625,1489.785888671875,1103269.0,0.0
CHOLAFIN.NS,2025-09-08,1494.0,1492.883544921875,869279.0,0.0
CHOLAFIN.NS,2025-09-09,1507.0999755859375,1505.9736328125,854933.0,0.0
CHOLAFIN.NS,2025-09-10,1522.4000244140625,1521.2623291015625,847153.0,0.0
CHOLAFIN.NS,2025-09-11,1495.699951171875,1494.5821533203125,1286327.0,0.0
CHOLAFIN.NS,2025-09-12,1512.300048828125,1511.169921875,466301.0,0.0
CHOLAFIN.NS,2025-09-15,1517.699951171875,1516.5657958984375,844483.0,0.0
CHOLAFIN.NS,2025-09-16,1583.0999755859375,1581.9168701171875,3343241.0,0.0
CHOLAFIN.NS,2025-09-17,1573.4000244140625,1572.2242431640625,1113217.0,0.0
CHOLAFIN.NS,2025-09-18,1586.5999755859375,1585.414306640625,1022359.0,0.0
CHOLAFIN.NS,2025-09-19,1590.9000244140625,1589.7110595703125,2436924.0,0.0
CHOLAFIN.NS,2025-09-22,1630.0,1628.7818603515625,2983892.0,0.0
CHOLAFIN.NS,2025-09-23,1623.800048828125,1622.5865478515625,1724892.0,0.0
CHOLAFIN.NS,2025-09-24,1630.199951171875,1628.981689453125,1640747.0,0.0
CHOLAFIN.NS,2025-09-25,1592.800048828125,1591.6097412109375,1350066.0,0.0
CHOLAFIN.NS,2025-09-26,1569.9000244140625,1568.726806640625,1273246.0,0.0
CHOLAFIN.NS,2025-09-29,1591.699951171875,1590.510498046875,1415978.0,0.0
CHOLAFIN.NS,2025-09-30,1610.800048828125,1609.5963134765625,2707464.0,0.0
CHOLAFIN.NS,2025-10-01,1605.300048828125,1604.100341796875,2199531.0,0.0
CHOLAFIN.NS,2025-10-03,1570.9000244140625,1569.72607421875,1515769.0,0.0
CHOLAFIN.NS,2025-10-06,1634.0999755859375,1632.8787841796875,1859040.0,0.0
CHOLAFIN.NS,2025-10-07,1631.5999755859375,1630.380615234375,1722326.0,0.0
CHOLAFIN.NS,2025-10-08,1607.300048828125,1606.098876953125,885008.0,0.0
CHOLAFIN.NS,2025-10-09,1621.4000244140625,1620.1883544921875,1404177.0,0.0
CHOLAFIN.NS,2025-10-10,1614.199951171875,1612.99365234375,451903.0,0.0
CHOLAFIN.NS,2025-10-13,1647.199951171875,1645.968994140625,1392973.0,0.0
CHOLAFIN.NS,2025-10-14,1645.699951171875,1644.4700927734375,1887000.0,0.0
CHOLAFIN.NS,2025-10-15,1698.4000244140625,1697.1307373046875,2004535.0,0.0
CHOLAFIN.NS,2025-10-16,1668.0999755859375,1666.8533935546875,3202080.0,0.0
CHOLAFIN.NS,2025-10-17,1654.300048828125,1653.063720703125,654858.0,0.0
CHOLAFIN.NS,2025-10-20,1673.300048828125,1672.049560546875,715202.0,0.0
CHOLAFIN.NS,2025-10-21,1670.300048828125,1669.0517578125,132071.0,0.0
CHOLAFIN.NS,2025-10-23,1684.699951171875,1683.44091796875,1348437.0,0.0
CHOLAFIN.NS,2025-10-24,1733.5999755859375,1732.304443359375,2128154.0,0.0
CHOLAFIN.NS,2025-10-27,1732.4000244140625,1731.1053466796875,2981176.0,0.0
CHOLAFIN.NS,2025-10-28,1723.199951171875,1721.912109375,2017814.0,0.0
CHOLAFIN.NS,2025-10-29,1710.4000244140625,1709.121826171875,2012855.0,0.0
CHOLAFIN.NS,2025-10-30,1711.800048828125,1710.520751953125,654163.0,0.0
CHOLAFIN.NS,2025-10-31,1696.800048828125,1695.531982421875,1093387.0,0.0
CHOLAFIN.NS,2025-11-03,1718.5,1717.2156982421875,1170459.0,0.0
CHOLAFIN.NS,2025-11-04,1745.9000244140625,1744.59521484375,1886397.0,0.0
CHOLAFIN.NS,2025-11-06,1683.4000244140625,1682.1419677734375,2300974.0,0.0
CHOLAFIN.NS,2025-11-07,1703.9000244140625,1702.626708984375,2353603.0,0.0
CHOLAFIN.NS,2025-11-10,1754.4000244140625,1753.0888671875,1647003.0,0.0
CHOLAFIN.NS,2025-11-11,1741.800048828125,1740.4984130859375,1659318.0,0.0
CHOLAFIN.NS,2025-11-12,1718.800048828125,1717.5155029296875,1343153.0,0.0
CHOLAFIN.NS,2025-11-13,1710.5999755859375,1709.3216552734375,831622.0,0.0
CHOLAFIN.NS,2025-11-14,1714.5999755859375,1713.318603515625,912397.0,0.0
CHOLAFIN.NS,2025-11-17,1699.699951171875,1698.4296875,888281.0,0.0
CHOLAFIN.NS,2025-11-18,1695.300048828125,1694.0330810546875,1069184.0,0.0
CHOLAFIN.NS,2025-11-19,1678.0999755859375,1676.845947265625,1108061.0,0.0
CHOLAFIN.NS,2025-11-20,1703.199951171875,1701.9271240234375,880665.0,0.0
CHOLAFIN.NS,2025-11-21,1659.699951171875,1658.4595947265625,1888141.0,0.0
CHOLAFIN.NS,2025-11-24,1651.699951171875,1650.465576171875,2099027.0,0.0
CHOLAFIN.NS,2025-11-25,1685.4000244140625,1684.1405029296875,1092627.0,0.0
CHOLAFIN.NS,2025-11-26,1712.9000244140625,1711.6199951171875,908178.0,0.0
CHOLAFIN.NS,2025-11-27,1724.5999755859375,1723.3111572265625,1544531.0,0.0
CHOLAFIN.NS,2025-11-28,1736.0,1734.70263671875,963424.0,0.0
CHOLAFIN.NS,2025-12-01,1724.9000244140625,1723.6109619140625,1110164.0,0.0
CHOLAFIN.NS,2025-12-02,1711.5999755859375,1710.32080078125,638234.0,0.0
CHOLAFIN.NS,2025-12-03,1668.9000244140625,1667.65283203125,898959.0,0.0
CHOLAFIN.NS,2025-12-04,1675.699951171875,1674.4476318359375,1291711.0,0.0
CHOLAFIN.NS,2025-12-05,1730.4000244140625,1729.1068115234375,1344984.0,0.0
CHOLAFIN.NS,2025-12-08,1724.4000244140625,1723.111328125,1060177.0,0.0
CHOLAFIN.NS,2025-12-09,1731.199951171875,1729.9061279296875,1381604.0,0.0
CHOLAFIN.NS,2025-12-10,1744.0,1742.6966552734375,1194602.0,0.0
CHOLAFIN.NS,2025-12-11,1719.4000244140625,1718.1151123046875,1613630.0,0.0
CHOLAFIN.NS,2025-12-12,1735.5999755859375,1734.302978515625,2309890.0,0.0
CHOLAFIN.NS,2025-12-15,1733.699951171875,1732.404296875,1622531.0,0.0
CHOLAFIN.NS,2025-12-16,1715.4000244140625,1714.1180419921875,504325.0,0.0
CHOLAFIN.NS,2025-12-17,1673.5,1672.2493896484375,1133450.0,0.0
CHOLAFIN.NS,2025-12-18,1679.0,1677.7452392578125,744184.0,0.0
CHOLAFIN.NS,2025-12-19,1648.0999755859375,1646.8682861328125,2356435.0,0.0
CHOLAFIN.NS,2025-12-22,1584.9000244140625,1583.715576171875,5780153.0,0.0
CHOLAFIN.NS,2025-12-23,1678.5,1677.24560546875,7716481.0,0.0
CHOLAFIN.NS,2025-12-24,1697.800048828125,1696.53125,1861216.0,0.0
CHOLAFIN.NS,2025-12-26,1698.0,1696.7310791015625,1309836.0,0.0
CHOLAFIN.NS,2025-12-29,1698.800048828125,1697.530517578125,1016727.0,0.0
CHOLAFIN.NS,2025-12-30,1701.5,1700.2283935546875,3270983.0,0.0
CHOLAFIN.NS,2025-12-31,1702.199951171875,1700.9278564453125,707240.0,0.0
CHOLAFIN.NS,2026-01-01,1724.0,1722.711669921875,390859.0,0.0
CHOLAFIN.NS,2026-01-02,1781.0999755859375,1779.7689208984375,1793036.0,0.0
CHOLAFIN.NS,2026-01-05,1772.4000244140625,1771.075439453125,716553.0,0.0
CHOLAFIN.NS,2026-01-06,1805.4000244140625,1804.05078125,1783196.0,0.0
CHOLAFIN.NS,2026-01-07,1786.5,1785.1649169921875,656441.0,0.0
CHOLAFIN.NS,2026-01-08,1754.0,1752.689208984375,1408255.0,0.0
CHOLAFIN.NS,2026-01-09,1717.0999755859375,1715.8167724609375,1493038.0,0.0
CHOLAFIN.NS,2026-01-12,1710.800048828125,1709.521484375,2424388.0,0.0
CHOLAFIN.NS,2026-01-13,1701.0999755859375,1699.8287353515625,1914112.0,0.0
CHOLAFIN.NS,2026-01-14,1689.5,1688.2374267578125,2111292.0,0.0
CHOLAFIN.NS,2026-01-15,1689.5,1688.2374267578125,0.0,0.0
CHOLAFIN.NS,2026-01-16,1699.199951171875,1697.9300537109375,2796464.0,0.0
CHOLAFIN.NS,2026-01-19,1700.4000244140625,1699.1292724609375,1233939.0,0.0
CHOLAFIN.NS,2026-01-20,1649.9000244140625,1648.6669921875,1974356.0,0.0
CHOLAFIN.NS,2026-01-21,1627.800048828125,1626.58349609375,1024168.0,0.0
CHOLAFIN.NS,2026-01-22,1664.0,1662.7564697265625,1241584.0,0.0
CHOLAFIN.NS,2026-01-23,1643.199951171875,1641.971923828125,1068908.0,0.0
CHOLAFIN.NS,2026-01-27,1639.699951171875,1638.474609375,1673143.0,0.0
CHOLAFIN.NS,2026-01-28,1636.800048828125,1635.5767822265625,1066301.0,0.0
CHOLAFIN.NS,2026-01-29,1648.9000244140625,1647.667724609375,2289696.0,0.0
CHOLAFIN.NS,2026-01-30,1631.5999755859375,1630.380615234375,1716319.0,0.0
CHOLAFIN.NS,2026-02-02,1594.300048828125,1593.108642578125,2789681.0,0.0
CHOLAFIN.NS,2026-02-03,1694.4000244140625,1693.1337890625,2972692.0,0.0
CHOLAFIN.NS,2026-02-04,1739.5,1738.2000732421875,2366864.0,0.0
CHOLAFIN.NS,2026-02-05,1722.300048828125,1722.300048828125,391219.0,0.0
CHOLAFIN.NS,2026-02-06,1742.199951171875,1742.199951171875,1197294.0,0.0
CHOLAFIN.NS,2026-02-09,1770.199951171875,1770.199951171875,1602785.0,0.0
CHOLAFIN.NS,2026-02-10,1726.199951171875,1726.199951171875,1161279.0,0.0
CHOLAFIN.NS,2026-02-11,1723.0,1723.0,321547.0,0.0
DLF.NS,2025-02-11,709.0999755859375,703.9509887695312,3036850.0,0.0
DLF.NS,2025-02-12,680.0499877929688,675.1119384765625,7283534.0,0.0
DLF.NS,2025-02-13,680.6500244140625,675.7076416015625,6643970.0,0.0
DLF.NS,2025-02-14,673.2999877929688,668.4109497070312,3262328.0,0.0
DLF.NS,2025-02-17,674.75,669.8504638671875,2808264.0,0.0
DLF.NS,2025-02-18,672.0999755859375,667.2196655273438,2872673.0,0.0
DLF.NS,2025-02-19,690.1500244140625,685.138671875,3466893.0,0.0
DLF.NS,2025-02-20,694.9000244140625,689.8541870117188,1903490.0,0.0
DLF.NS,2025-02-21,686.25,681.2669677734375,3053379.0,0.0
DLF.NS,2025-02-24,673.7000122070312,668.80810546875,2459765.0,0.0
DLF.NS,2025-02-25,656.7999877929688,652.03076171875,4142697.0,0.0
DLF.NS,2025-02-27,642.4000244140625,637.7353515625,3207791.0,0.0
DLF.NS,2025-02-28,635.5499877929688,630.93505859375,5887750.0,0.0
DLF.NS,2025-03-03,647.2999877929688,642.5997924804688,3527932.0,0.0
DLF.NS,2025-03-04,643.2999877929688,638.6287841796875,2270848.0,0.0
DLF.NS,2025-03-05,661.3499755859375,656.5477294921875,2310187.0,0.0
DLF.NS,2025-03-06,665.2999877929688,660.4690551757812,2348012.0,0.0
DLF.NS,2025-03-07,667.0499877929688,662.2063598632812,5371744.0,0.0
DLF.NS,2025-03-10,647.0999755859375,642.4011840820312,2379990.0,0.0
DLF.NS,2025-03-11,674.0999755859375,669.2051391601562,3958044.0,0.0
DLF.NS,2025-03-12,668.7000122070312,663.8444213867188,4082620.0,0.0
DLF.NS,2025-03-13,658.0999755859375,653.3213500976562,2911477.0,0.0
DLF.NS,2025-03-17,655.5499877929688,650.7898559570312,1805199.0,0.0
DLF.NS,2025-03-18,655.5499877929688,650.7898559570312,0.0,0.0
DLF.NS,2025-03-19,697.5499877929688,692.48486328125,3398422.0,0.0
DLF.NS,2025-03-20,694.2999877929688,689.2584838867188,4635864.0,0.0
DLF.NS,2025-03-21,695.9000244140625,690.846923828125,7145524.0,0.0
DLF.NS,2025-03-24,706.0,700.87353515625,6247058.0,0.0
DLF.NS,2025-03-25,695.2000122070312,690.1519775390625,2989679.0,0.0
DLF.NS,2025-03-26,680.4500122070312,675.5090942382812,5591317.0,0.0
DLF.NS,2025-03-27,688.5,683.5006103515625,2634496.0,0.0
DLF.NS,2025-03-28,680.5,675.5587158203125,2797361.0,0.0
DLF.NS,2025-04-01,663.0999755859375,658.2850341796875,3528179.0,0.0
DLF.NS,2025-04-02,683.1500244140625,678.189453125,3607433.0,0.0
DLF.NS,2025-04-03,680.0499877929688,675.1119384765625,1979635.0,0.0
DLF.NS,2025-04-04,653.9500122070312,649.2014770507812,2860941.0,0.0
DLF.NS,2025-04-07,608.0499877929688,603.634765625,4377794.0,0.0
DLF.NS,2025-04-08,621.5499877929688,617.0367431640625,3688073.0,0.0
DLF.NS,2025-04-09,612.8499755859375,608.39990234375,2405075.0,0.0
DLF.NS,2025-04-11,623.5999755859375,619.0718383789062,2743770.0,0.0
DLF.NS,2025-04-15,662.7999877929688,657.9872436523438,5255187.0,0.0
DLF.NS,2025-04-16,656.25,651.4848022460938,2166202.0,0.0
DLF.NS,2025-04-17,669.4000244140625,664.539306640625,3423114.0,0.0
DLF.NS,2025-04-21,675.9000244140625,670.9921264648438,3481313.0,0.0
DLF.NS,2025-04-22,685.0,680.0260009765625,3717001.0,0.0
DLF.NS,2025-04-23,687.7000122070312,682.7064208984375,3113518.0,0.0
DLF.NS,2025-04-24,680.5,675.5587158203125,1968312.0,0.0
DLF.NS,2025-04-25,653.5499877929688,648.8043823242188,4496994.0,0.0
DLF.NS,2025-04-28,663.9000244140625,659.0792846679688,2545802.0,0.0
DLF.NS,2025-04-29,658.8499755859375,654.0658569335938,3145915.0,0.0
DLF.NS,2025-04-30,674.2999877929688,669.4036865234375,7339914.0,0.0
DLF.NS,2025-05-02,685.2999877929688,680.3238525390625,3039236.0,0.0
DLF.NS,2025-05-05,693.75,688.7124633789062,2634868.0,0.0
DLF.NS,2025-05-06,677.1500244140625,672.2330322265625,3346141.0,0.0
DLF.NS,2025-05-07,679.25,674.3177490234375,2855850.0,0.0
DLF.NS,2025-05-08,655.0499877929688,650.2935180664062,2824149.0,0.0
DLF.NS,2025-05-09,631.7000122070312,627.113037109375,9789600.0,0.0
DLF.NS,2025-05-12,680.5,675.5587158203125,4980754.0,0.0
DLF.NS,2025-05-13,677.8499755859375,672.9279174804688,2028681.0,0.0
DLF.NS,2025-05-14,688.7000122070312,683.6991577148438,4041177.0,0.0
DLF.NS,2025-05-15,709.0499877929688,703.9013671875,3545961.0,0.0
DLF.NS,2025-05-16,715.9000244140625,710.70166015625,4044539.0,0.0
DLF.NS,2025-05-19,737.6500244140625,732.2937622070312,5036812.0,0.0
DLF.NS,2025-05-20,753.5,748.0286254882812,22921338.0,0.0
DLF.NS,2025-05-21,775.1500244140625,769.5214233398438,8436181.0,0.0
DLF.NS,2025-05-22,775.7999877929688,770.1666870117188,3524173.0,0.0
DLF.NS,2025-05-23,776.5,770.8616333007812,2652923.0,0.0
DLF.NS,2025-05-26,777.7999877929688,772.1521606445312,3757056.0,0.0
DLF.NS,2025-05-27,774.0499877929688,768.4293823242188,4213811.0,0.0
DLF.NS,2025-05-28,772.0,766.394287109375,2474259.0,0.0
DLF.NS,2025-05-29,793.75,787.9863891601562,5339086.0,0.0
DLF.NS,2025-05-30,797.8499755859375,792.0565795898438,6655557.0,0.0
DLF.NS,2025-06-02,810.7000122070312,804.8132934570312,3575806.0,0.0
DLF.NS,2025-06-03,804.5499877929688,798.7079467773438,3447783.0,0.0
DLF.NS,2025-06-04,803.4000244140625,797.5663452148438,2205496.0,0.0
DLF.NS,2025-06-05,825.7000122070312,819.7044067382812,5496684.0,0.0
DLF.NS,2025-06-06,880.3499755859375,873.95751953125,13717251.0,0.0
DLF.NS,2025-06-09,878.5999755859375,872.22021484375,3012214.0,0.0
DLF.NS,2025-06-10,868.0,861.6972045898438,2393636.0,0.0
DLF.NS,2025-06-11,868.5499877929688,862.2432250976562,2499361.0,0.0
DLF.NS,2025-06-12,847.8499755859375,841.6934814453125,2751252.0,0.0
DLF.NS,2025-06-13,851.25,845.06884765625,3951233.0,0.0
DLF.NS,2025-06-16,859.0,852.7625732421875,2204028.0,0.0
DLF.NS,2025-06-17,851.4500122070312,845.2673950195312,5285974.0,0.0
DLF.NS,2025-06-18,844.7999877929688,838.6656494140625,4708094.0,0.0
DLF.NS,2025-06-19,839.9000244140625,833.80126953125,4347684.0,0.0
DLF.NS,2025-06-20,854.25,848.0470581054688,4388235.0,0.0
DLF.NS,2025-06-23,852.4500122070312,846.2601318359375,2520182.0,0.0
DLF.NS,2025-06-24,849.5,843.33154296875,3345722.0,0.0
DLF.NS,2025-06-25,854.3499755859375,848.1463012695312,2739707.0,0.0
DLF.NS,2025-06-26,847.0999755859375,840.948974609375,5014664.0,0.0
DLF.NS,2025-06-27,845.7999877929688,839.6583862304688,3690392.0,0.0
DLF.NS,2025-06-30,837.7999877929688,831.7164916992188,2198839.0,0.0
DLF.NS,2025-07-01,843.4500122070312,837.3255004882812,3414388.0,0.0
DLF.NS,2025-07-02,831.9000244140625,825.859375,3762205.0,0.0
DLF.NS,2025-07-03,829.7000122070312,823.6753540039062,1521725.0,0.0
DLF.NS,2025-07-04,836.0,829.9295654296875,1218416.0,0.0
DLF.NS,2025-07-07,832.5,826.4550170898438,989754.0,0.0
DLF.NS,2025-07-08,842.9000244140625,836.7794799804688,2418815.0,0.0
DLF.NS,2025-07-09,829.6500244140625,823.625732421875,2367307.0,0.0
DLF.NS,2025-07-10,831.5499877929688,825.5119018554688,2347785.0,0.0
DLF.NS,2025-07-11,815.0999755859375,809.1813354492188,1997098.0,0.0
DLF.NS,2025-07-14,826.9000244140625,820.8956909179688,3604322.0,0.0
DLF.NS,2025-07-15,833.5,827.44775390625,2678446.0,0.0
DLF.NS,2025-07-16,844.2999877929688,838.1693115234375,2082060.0,0.0
DLF.NS,2025-07-17,847.0499877929688,840.8993530273438,3537631.0,0.0
DLF.NS,2025-07-18,845.2000122070312,839.0628051757812,1809369.0,0.0
DLF.NS,2025-07-21,852.5999755859375,846.4089965820312,1581419.0,0.0
DLF.NS,2025-07-22,845.5,839.360595703125,2580530.0,0.0
DLF.NS,2025-07-23,841.9500122070312,835.8363647460938,3083239.0,0.0
DLF.NS,2025-07-24,828.9500122070312,822.9307861328125,1695817.0,0.0
DLF.NS,2025-07-25,826.2999877929688,820.2999877929688,2916944.0,0.0
DLF.NS,2025-07-28,787.2000122070312,787.2000122070312,3684452.0,0.0
DLF.NS,2025-07-29,800.3499755859375,800.3499755859375,1706638.0,0.0
DLF.NS,2025-07-30,788.7999877929688,788.7999877929688,1601532.0,0.0
DLF.NS,2025-07-31,784.25,784.25,2252239.0,0.0
DLF.NS,2025-08-01,777.4000244140625,777.4000244140625,2572230.0,0.0
DLF.NS,2025-08-04,792.8499755859375,792.8499755859375,1554859.0,0.0
DLF.NS,2025-08-05,780.9500122070312,780.9500122070312,4368329.0,0.0
DLF.NS,2025-08-06,764.5,764.5,4917073.0,0.0
DLF.NS,2025-08-07,759.6500244140625,759.6500244140625,3898418.0,0.0
DLF.NS,2025-08-08,747.2000122070312,747.2000122070312,1923910.0,0.0
DLF.NS,2025-08-11,764.9500122070312,764.9500122070312,2614700.0,0.0
DLF.NS,2025-08-12,757.4000244140625,757.4000244140625,2771092.0,0.0
DLF.NS,2025-08-13,757.6500244140625,757.6500244140625,1366582.0,0.0
DLF.NS,2025-08-14,751.5499877929688,751.5499877929688,1437774.0,0.0
DLF.NS,2025-08-18,768.9000244140625,768.9000244140625,3501272.0,0.0
DLF.NS,2025-08-19,776.0999755859375,776.0999755859375,1883917.0,0.0
DLF.NS,2025-08-20,770.5,770.5,1715213.0,0.0
DLF.NS,2025-08-21,773.2000122070312,773.2000122070312,1946556.0,0.0
DLF.NS,2025-08-22,762.5499877929688,762.5499877929688,1302086.0,0.0
DLF.NS,2025-08-25,772.0,772.0,1718841.0,0.0
DLF.NS,2025-08-26,754.5999755859375,754.5999755859375,2452380.0,0.0
DLF.NS,2025-08-28,749.4500122070312,749.4500122070312,2806487.0,0.0
DLF.NS,2025-08-29,739.0499877929688,739.0499877929688,3054170.0,0.0
DLF.NS,2025-09-01,748.2999877929688,748.2999877929688,1427328.0,0.0
DLF.NS,2025-09-02,754.7999877929688,754.7999877929688,1726671.0,0.0
DLF.NS,2025-09-03,764.4000244140625,764.4000244140625,1432401.0,0.0
DLF.NS,2025-09-04,758.0999755859375,758.0999755859375,1949211.0,0.0
DLF.NS,2025-09-05,755.5499877929688,755.5499877929688,2128432.0,0.0
DLF.NS,2025-09-08,757.5,757.5,1292430.0,0.0
DLF.NS,2025-09-09,751.0999755859375,751.0999755859375,1667910.0,0.0
DLF.NS,2025-09-10,754.2999877929688,754.2999877929688,2342062.0,0.0
DLF.NS,2025-09-11,756.3499755859375,756.3499755859375,1490945.0,0.0
DLF.NS,2025-09-12,758.4000244140625,758.4000244140625,1594096.0,0.0
DLF.NS,2025-09-15,775.7000122070312,775.7000122070312,3676193.0,0.0
DLF.NS,2025-09-16,786.75,786.75,2886766.0,0.0
DLF.NS,2025-09-17,786.4500122070312,786.4500122070312,2071167.0,0.0
DLF.NS,2025-09-18,783.0999755859375,783.0999755859375,2060110.0,0.0
DLF.NS,2025-09-19,777.7000122070312,777.7000122070312,4131716.0,0.0
DLF.NS,2025-09-22,773.75,773.75,1647107.0,0.0
DLF.NS,2025-09-23,759.4000244140625,759.4000244140625,3258299.0,0.0
DLF.NS,2025-09-24,733.6500244140625,733.6500244140625,3640021.0,0.0
DLF.NS,2025-09-25,721.0499877929688,721.0499877929688,4485383.0,0.0
DLF.NS,2025-09-26,716.0499877929688,716.0499877929688,2092671.0,0.0
DLF.NS,2025-09-29,722.1500244140625,722.1500244140625,1927913.0,0.0
DLF.NS,2025-09-30,713.0,713.0,3248618.0,0.0
DLF.NS,2025-10-01,722.2999877929688,722.2999877929688,3535085.0,0.0
DLF.NS,2025-10-03,729.2000122070312,729.2000122070312,3313673.0,0.0
DLF.NS,2025-10-06,735.25,735.25,1893389.0,0.0
DLF.NS,2025-10-07,737.1500244140625,737.1500244140625,1940228.0,0.0
DLF.NS,2025-10-08,724.9000244140625,724.9000244140625,2211742.0,0.0
DLF.NS,2025-10-09,729.0,729.0,2025840.0,0.0
DLF.NS,2025-10-10,740.2000122070312,740.2000122070312,2131129.0,0.0
DLF.NS,2025-10-13,741.2000122070312,741.2000122070312,1376145.0,0.0
DLF.NS,2025-10-14,740.9000244140625,740.9000244140625,1964076.0,0.0
DLF.NS,2025-10-15,756.2999877929688,756.2999877929688,3280013.0,0.0
DLF.NS,2025-10-16,769.7000122070312,769.7000122070312,2587449.0,0.0
DLF.NS,2025-10-17,767.9500122070312,767.9500122070312,3164486.0,0.0
DLF.NS,2025-10-20,773.9500122070312,773.9500122070312,1256775.0,0.0
DLF.NS,2025-10-21,771.75,771.75,165784.0,0.0
DLF.NS,2025-10-23,774.2999877929688,774.2999877929688,3194015.0,0.0
DLF.NS,2025-10-24,772.4500122070312,772.4500122070312,1843887.0,0.0
DLF.NS,2025-10-27,779.5,779.5,1711268.0,0.0
DLF.NS,2025-10-28,774.0499877929688,774.0499877929688,1775002.0,0.0
DLF.NS,2025-10-29,778.7000122070312,778.7000122070312,2757524.0,0.0
DLF.NS,2025-10-30,776.5499877929688,776.5499877929688,1835761.0,0.0
DLF.NS,2025-10-31,756.25,756.25,3438729.0,0.0
DLF.NS,2025-11-03,777.2000122070312,777.2000122070312,3774129.0,0.0
DLF.NS,2025-11-04,774.5999755859375,774.5999755859375,3229495.0,0.0
DLF.NS,2025-11-06,758.3499755859375,758.3499755859375,2753925.0,0.0
DLF.NS,2025-11-07,759.4500122070312,759.4500122070312,1968749.0,0.0
DLF.NS,2025-11-10,760.0,760.0,1418071.0,0.0
DLF.NS,2025-11-11,765.25,765.25,1497577.0,0.0
DLF.NS,2025-11-12,761.2000122070312,761.2000122070312,2364484.0,0.0
DLF.NS,2025-11-13,764.7999877929688,764.7999877929688,2212671.0,0.0
DLF.NS,2025-11-14,764.8499755859375,764.8499755859375,1171600.0,0.0
DLF.NS,2025-11-17,768.5,768.5,1312234.0,0.0
DLF.NS,2025-11-18,750.3499755859375,750.3499755859375,1247505.0,0.0
DLF.NS,2025-11-19,743.6500244140625,743.6500244140625,2600689.0,0.0
DLF.NS,2025-11-20,741.0999755859375,741.0999755859375,1529401.0,0.0
DLF.NS,2025-11-21,725.3499755859375,725.3499755859375,3588983.0,0.0
DLF.NS,2025-11-24,717.7000122070312,717.7000122070312,4800336.0,0.0
DLF.NS,2025-11-25,721.2999877929688,721.2999877929688,2298762.0,0.0
DLF.NS,2025-11-26,730.75,730.75,1965769.0,0.0
DLF.NS,2025-11-27,725.4000244140625,725.4000244140625,1086614.0,0.0
DLF.NS,2025-11-28,723.5999755859375,723.5999755859375,1444662.0,0.0
DLF.NS,2025-12-01,712.5,712.5,2400147.0,0.0
DLF.NS,2025-12-02,712.2000122070312,712.2000122070312,2424169.0,0.0
DLF.NS,2025-12-03,708.0,708.0,1396559.0,0.0
DLF.NS,2025-12-04,709.3499755859375,709.3499755859375,2869711.0,0.0
DLF.NS,2025-12-05,719.75,719.75,2301587.0,0.0
DLF.NS,2025-12-08,687.4500122070312,687.4500122070312,3505750.0,0.0
DLF.NS,2025-12-09,690.0499877929688,690.0499877929688,3060901.0,0.0
DLF.NS,2025-12-10,684.7999877929688,684.7999877929688,2350392.0,0.0
DLF.NS,2025-12-11,693.6500244140625,693.6500244140625,1705673.0,0.0
DLF.NS,2025-12-12,699.4000244140625,699.4000244140625,2447290.0,0.0
DLF.NS,2025-12-15,697.9000244140625,697.9000244140625,1519781.0,0.0
DLF.NS,2025-12-16,691.9500122070312,691.9500122070312,1299419.0,0.0
DLF.NS,2025-12-17,683.0999755859375,683.0999755859375,1751896.0,0.0
DLF.NS,2025-12-18,679.0499877929688,679.0499877929688,1597174.0,0.0
DLF.NS,2025-12-19,691.2000122070312,691.2000122070312,1311420.0,0.0
DLF.NS,2025-12-22,692.0499877929688,692.0499877929688,1007869.0,0.0
DLF.NS,2025-12-23,694.25,694.25,1843580.0,0.0
DLF.NS,2025-12-24,694.9000244140625,694.9000244140625,2407071.0,0.0
DLF.NS,2025-12-26,695.0,695.0,1226524.0,0.0
DLF.NS,2025-12-29,688.75,688.75,1236240.0,0.0
DLF.NS,2025-12-30,680.6500244140625,680.6500244140625,1717351.0,0.0
DLF.NS,2025-12-31,687.4000244140625,687.4000244140625,1781196.0,0.0
DLF.NS,2026-01-01,691.4000244140625,691.4000244140625,1564403.0,0.0
DLF.NS,2026-01-02,698.2000122070312,698.2000122070312,4064871.0,0.0
DLF.NS,2026-01-05,711.3499755859375,711.3499755859375,4016984.0,0.0
DLF.NS,2026-01-06,706.2999877929688,706.2999877929688,2417169.0,0.0
DLF.NS,2026-01-07,703.25,703.25,2701653.0,0.0
DLF.NS,2026-01-08,692.4000244140625,692.4000244140625,3614003.0,0.0
DLF.NS,2026-01-09,670.9000244140625,670.9000244140625,3796350.0,0.0
DLF.NS,2026-01-12,659.6500244140625,659.6500244140625,4901801.0,0.0
DLF.NS,2026-01-13,652.4000244140625,652.4000244140625,8029667.0,0.0
DLF.NS,2026-01-14,651.0499877929688,651.0499877929688,7138253.0,0.0
DLF.NS,2026-01-15,651.0499877929688,651.0499877929688,0.0,0.0
DLF.NS,2026-01-16,649.8499755859375,649.8499755859375,5189752.0,0.0
DLF.NS,2026-01-19,641.8499755859375,641.8499755859375,2279973.0,0.0
DLF.NS,2026-01-20,612.9000244140625,612.9000244140625,7084565.0,0.0
DLF.NS,2026-01-21,617.6500244140625,617.6500244140625,5619055.0,0.0
DLF.NS,2026-01-22,613.2999877929688,613.2999877929688,7416397.0,0.0
DLF.NS,2026-01-23,588.4500122070312,588.4500122070312,10792256.0,0.0
DLF.NS,2026-01-27,609.5499877929688,609.5499877929688,9013655.0,0.0
DLF.NS,2026-01-28,625.5499877929688,625.5499877929688,6678297.0,0.0
DLF.NS,2026-01-29,638.5499877929688,638.5499877929688,4990065.0,0.0
DLF.NS,2026-01-30,635.75,635.75,3937443.0,0.0
DLF.NS,2026-02-02,626.2999877929688,626.2999877929688,2411331.0,0.0
DLF.NS,2026-02-03,650.4000244140625,650.4000244140625,5722963.0,0.0
DLF.NS,2026-02-04,659.8499755859375,659.8499755859375,2438362.0,0.0
DLF.NS,2026-02-05,661.2999877929688,661.2999877929688,2184966.0,0.0
DLF.NS,2026-02-06,663.75,663.75,2687146.0,0.0
DLF.NS,2026-02-09,671.1500244140625,671.1500244140625,1727533.0,0.0
DLF.NS,2026-02-10,671.7999877929688,671.7999877929688,2932204.0,0.0
DLF.NS,2026-02-11,672.0499877929688,672.0499877929688,2011349.0,0.0
DIVISLAB.NS,2025-02-11,5946.75,5919.794921875,443166.0,0.0
DIVISLAB.NS,2025-02-12,5969.85009765625,5942.7900390625,292103.0,0.0
DIVISLAB.NS,2025-02-13,6010.5,5983.255859375,667461.0,0.0
DIVISLAB.NS,2025-02-14,5843.75,5817.26171875,294685.0,0.0
DIVISLAB.NS,2025-02-17,5923.75,5896.89892578125,207670.0,0.0
DIVISLAB.NS,2025-02-18,5839.7001953125,5813.23046875,283564.0,0.0
DIVISLAB.NS,2025-02-19,5934.89990234375,5907.99853515625,337225.0,0.0
DIVISLAB.NS,2025-02-20,5978.2998046875,5951.20166015625,292029.0,0.0
DIVISLAB.NS,2025-02-21,5757.0498046875,5730.95458984375,1003530.0,0.0
DIVISLAB.NS,2025-02-24,5702.5498046875,5676.70166015625,306309.0,0.0
DIVISLAB.NS,2025-02-25,5726.39990234375,5700.443359375,188012.0,0.0
DIVISLAB.NS,2025-02-27,5615.7998046875,5590.3447265625,257921.0,0.0
DIVISLAB.NS,2025-02-28,5480.25,5455.4091796875,564464.0,0.0
DIVISLAB.NS,2025-03-03,5540.25,5515.13720703125,308548.0,0.0
DIVISLAB.NS,2025-03-04,5517.7001953125,5492.68994140625,142095.0,0.0
DIVISLAB.NS,2025-03-05,5516.5498046875,5491.54443359375,392202.0,0.0
DIVISLAB.NS,2025-03-06,5568.7001953125,5543.45849609375,280218.0,0.0
DIVISLAB.NS,2025-03-07,5578.75,5553.462890625,187672.0,0.0
DIVISLAB.NS,2025-03-10,5514.25,5489.25537109375,281666.0,0.0
DIVISLAB.NS,2025-03-11,5546.25,5521.1103515625,211471.0,0.0
DIVISLAB.NS,2025-03-12,5667.14990234375,5641.4619140625,345394.0,0.0
DIVISLAB.NS,2025-03-13,5620.4501953125,5594.97412109375,219553.0,0.0
DIVISLAB.NS,2025-03-17,5670.85009765625,5645.1455078125,133663.0,0.0
DIVISLAB.NS,2025-03-18,5670.85009765625,5645.1455078125,0.0,0.0
DIVISLAB.NS,2025-03-19,5818.10009765625,5791.72802734375,231264.0,0.0
DIVISLAB.NS,2025-03-20,5822.10009765625,5795.7099609375,252148.0,0.0
DIVISLAB.NS,2025-03-21,5797.35009765625,5771.072265625,537097.0,0.0
DIVISLAB.NS,2025-03-24,5910.7001953125,5883.908203125,322013.0,0.0
DIVISLAB.NS,2025-03-25,5840.64990234375,5814.17578125,330676.0,0.0
DIVISLAB.NS,2025-03-26,5839.2001953125,5812.732421875,238411.0,0.0
DIVISLAB.NS,2025-03-27,5872.64990234375,5846.03076171875,385946.0,0.0
DIVISLAB.NS,2025-03-28,5775.4501953125,5749.271484375,291524.0,0.0
DIVISLAB.NS,2025-04-01,5549.7001953125,5524.544921875,341053.0,0.0
DIVISLAB.NS,2025-04-02,5666.0,5640.3173828125,316866.0,0.0
DIVISLAB.NS,2025-04-03,5763.0,5736.8779296875,537669.0,0.0
DIVISLAB.NS,2025-04-04,5482.85009765625,5457.99755859375,681423.0,0.0
DIVISLAB.NS,2025-04-07,5258.9501953125,5235.11279296875,565168.0,0.0
DIVISLAB.NS,2025-04-08,5387.2998046875,5362.88037109375,369634.0,0.0
DIVISLAB.NS,2025-04-09,5386.14990234375,5361.73583984375,458062.0,0.0
DIVISLAB.NS,2025-04-11,5589.2998046875,5563.96484375,794543.0,0.0
DIVISLAB.NS,2025-04-15,5734.5,5708.5068359375,586197.0,0.0
DIVISLAB.NS,2025-04-16,5754.0,5727.91845703125,280947.0,0.0
DIVISLAB.NS,2025-04-17,5640.0,5614.43505859375,531948.0,0.0
DIVISLAB.NS,2025-04-21,5891.5,5864.79541015625,717346.0,0.0
DIVISLAB.NS,2025-04-22,5911.5,5884.70458984375,666774.0,0.0
DIVISLAB.NS,2025-04-23,5924.5,5897.6455078125,637067.0,0.0
DIVISLAB.NS,2025-04-24,6215.5,6187.32666015625,2081063.0,0.0
DIVISLAB.NS,2025-04-25,6012.5,5985.24658203125,964571.0,0.0
DIVISLAB.NS,2025-04-28,6026.5,5999.18359375,317230.0,0.0
DIVISLAB.NS,2025-04-29,6108.0,6080.31396484375,640125.0,0.0
DIVISLAB.NS,2025-04-30,6087.0,6059.4091796875,489551.0,0.0
DIVISLAB.NS,2025-05-02,6079.5,6051.943359375,957962.0,0.0
DIVISLAB.NS,2025-05-05,6124.5,6096.7392578125,399200.0,0.0
DIVISLAB.NS,2025-05-06,6161.0,6133.07373046875,344379.0,0.0
DIVISLAB.NS,2025-05-07,6148.0,6120.1328125,346799.0,0.0
DIVISLAB.NS,2025-05-08,5960.5,5933.482421875,364862.0,0.0
DIVISLAB.NS,2025-05-09,6025.5,5998.18798828125,449984.0,0.0
DIVISLAB.NS,2025-05-12,5942.0,5915.06640625,705516.0,0.0
DIVISLAB.NS,2025-05-13,6076.5,6048.95654296875,759310.0,0.0
DIVISLAB.NS,2025-05-14,6215.5,6187.32666015625,576348.0,0.0
DIVISLAB.NS,2025-05-15,6214.5,6186.3310546875,462230.0,0.0
DIVISLAB.NS,2025-05-16,6279.5,6251.03662109375,556329.0,0.0
DIVISLAB.NS,2025-05-19,6580.0,6550.17431640625,2712326.0,0.0
DIVISLAB.NS,2025-05-20,6452.5,6423.25244140625,448280.0,0.0
DIVISLAB.NS,2025-05-21,6552.0,6522.30126953125,510445.0,0.0
DIVISLAB.NS,2025-05-22,6538.0,6508.36474609375,326992.0,0.0
DIVISLAB.NS,2025-05-23,6483.0,6453.6142578125,224119.0,0.0
DIVISLAB.NS,2025-05-26,6737.0,6706.462890625,1467231.0,0.0
DIVISLAB.NS,2025-05-27,6698.0,6667.6396484375,294304.0,0.0
DIVISLAB.NS,2025-05-28,6636.0,6605.92041015625,312692.0,0.0
DIVISLAB.NS,2025-05-29,6631.5,6601.44091796875,364770.0,0.0
DIVISLAB.NS,2025-05-30,6612.0,6582.029296875,786589.0,0.0
DIVISLAB.NS,2025-06-02,6539.0,6509.3603515625,283232.0,0.0
DIVISLAB.NS,2025-06-03,6530.0,6500.40087890625,398776.0,0.0
DIVISLAB.NS,2025-06-04,6618.0,6588.00244140625,407206.0,0.0
DIVISLAB.NS,2025-06-05,6628.5,6598.45458984375,200706.0,0.0
DIVISLAB.NS,2025-06-06,6544.5,6514.83544921875,361092.0,0.0
DIVISLAB.NS,2025-06-09,6633.0,6602.93408203125,254156.0,0.0
DIVISLAB.NS,2025-06-10,6674.0,6643.74853515625,288574.0,0.0
DIVISLAB.NS,2025-06-11,6719.0,6688.54443359375,539922.0,0.0
DIVISLAB.NS,2025-06-12,6725.0,6694.51708984375,647651.0,0.0
DIVISLAB.NS,2025-06-13,6667.0,6636.7802734375,431430.0,0.0
DIVISLAB.NS,2025-06-16,6687.5,6657.18701171875,166374.0,0.0
DIVISLAB.NS,2025-06-17,6538.0,6508.36474609375,341004.0,0.0
DIVISLAB.NS,2025-06-18,6549.0,6519.31494140625,447218.0,0.0
DIVISLAB.NS,2025-06-19,6493.0,6463.56884765625,240502.0,0.0
DIVISLAB.NS,2025-06-20,6592.0,6562.1201171875,560932.0,0.0
DIVISLAB.NS,2025-06-23,6636.0,6605.92041015625,478962.0,0.0
DIVISLAB.NS,2025-06-24,6565.5,6535.740234375,270144.0,0.0
DIVISLAB.NS,2025-06-25,6586.5,6556.64501953125,234226.0,0.0
DIVISLAB.NS,2025-06-26,6616.0,6586.01123046875,404238.0,0.0
DIVISLAB.NS,2025-06-27,6658.0,6627.82080078125,545217.0,0.0
DIVISLAB.NS,2025-06-30,6809.5,6778.63427734375,599664.0,0.0
DIVISLAB.NS,2025-07-01,6856.5,6825.42138671875,385716.0,0.0
DIVISLAB.NS,2025-07-02,6859.5,6828.40771484375,437491.0,0.0
DIVISLAB.NS,2025-07-03,6876.0,6844.8330078125,302964.0,0.0
DIVISLAB.NS,2025-07-04,6906.5,6875.1943359375,243498.0,0.0
DIVISLAB.NS,2025-07-07,6888.5,6857.27587890625,85574.0,0.0
DIVISLAB.NS,2025-07-08,6938.0,6906.5517578125,531444.0,0.0
DIVISLAB.NS,2025-07-09,6983.5,6951.845703125,382020.0,0.0
DIVISLAB.NS,2025-07-10,6844.5,6813.4755859375,183664.0,0.0
DIVISLAB.NS,2025-07-11,6835.0,6804.0185546875,224031.0,0.0
DIVISLAB.NS,2025-07-14,6778.5,6747.77490234375,968781.0,0.0
DIVISLAB.NS,2025-07-15,6790.0,6759.22265625,132235.0,0.0
DIVISLAB.NS,2025-07-16,6831.0,6800.03662109375,327289.0,0.0
DIVISLAB.NS,2025-07-17,6790.5,6759.72021484375,291956.0,0.0
DIVISLAB.NS,2025-07-18,6731.5,6700.98779296875,196816.0,0.0
DIVISLAB.NS,2025-07-21,6688.0,6657.68505859375,152442.0,0.0
DIVISLAB.NS,2025-07-22,6613.0,6583.02490234375,272172.0,0.0
DIVISLAB.NS,2025-07-23,6653.0,6622.84375,206835.0,0.0
DIVISLAB.NS,2025-07-24,6618.5,6588.5,183852.0,0.0
DIVISLAB.NS,2025-07-25,6616.5,6616.5,179064.0,0.0
DIVISLAB.NS,2025-07-28,6584.0,6584.0,155158.0,0.0
DIVISLAB.NS,2025-07-29,6676.5,6676.5,207710.0,0.0
DIVISLAB.NS,2025-07-30,6650.0,6650.0,226974.0,0.0
DIVISLAB.NS,2025-07-31,6595.5,6595.5,208301.0,0.0
DIVISLAB.NS,2025-08-01,6361.5,6361.5,467222.0,0.0
DIVISLAB.NS,2025-08-04,6489.5,6489.5,351237.0,0.0
DIVISLAB.NS,2025-08-05,6409.0,6409.0,377699.0,0.0
DIVISLAB.NS,2025-08-06,6133.5,6133.5,984259.0,0.0
DIVISLAB.NS,2025-08-07,6131.5,6131.5,1004420.0,0.0
DIVISLAB.NS,2025-08-08,5914.5,5914.5,541367.0,0.0
DIVISLAB.NS,2025-08-11,5992.0,5992.0,677693.0,0.0
DIVISLAB.NS,2025-08-12,5961.0,5961.0,477759.0,0.0
DIVISLAB.NS,2025-08-13,6100.5,6100.5,394932.0,0.0
DIVISLAB.NS,2025-08-14,6132.5,6132.5,407062.0,0.0
DIVISLAB.NS,2025-08-18,6164.5,6164.5,362833.0,0.0
DIVISLAB.NS,2025-08-19,6079.5,6079.5,246497.0,0.0
DIVISLAB.NS,2025-08-20,6005.0,6005.0,544008.0,0.0
DIVISLAB.NS,2025-08-21,6028.0,6028.0,219909.0,0.0
DIVISLAB.NS,2025-08-22,6151.5,6151.5,681524.0,0.0
DIVISLAB.NS,2025-08-25,6248.5,6248.5,439686.0,0.0
DIVISLAB.NS,2025-08-26,6190.5,6190.5,546739.0,0.0
DIVISLAB.NS,2025-08-28,6132.0,6132.0,415482.0,0.0
DIVISLAB.NS,2025-08-29,6131.5,6131.5,283850.0,0.0
DIVISLAB.NS,2025-09-01,6093.0,6093.0,192062.0,0.0
DIVISLAB.NS,2025-09-02,6120.5,6120.5,307162.0,0.0
DIVISLAB.NS,2025-09-03,6164.0,6164.0,281110.0,0.0
DIVISLAB.NS,2025-09-04,6133.5,6133.5,294429.0,0.0
DIVISLAB.NS,2025-09-05,6009.0,6009.0,213926.0,0.0
DIVISLAB.NS,2025-09-08,6027.5,6027.5,519368.0,0.0
DIVISLAB.NS,2025-09-09,6002.5,6002.5,254569.0,0.0
DIVISLAB.NS,2025-09-10,6031.5,6031.5,810989.0,0.0
DIVISLAB.NS,2025-09-11,6015.5,6015.5,258301.0,0.0
DIVISLAB.NS,2025-09-12,6026.5,6026.5,487571.0,0.0
DIVISLAB.NS,2025-09-15,6057.0,6057.0,152355.0,0.0
DIVISLAB.NS,2025-09-16,6099.5,6099.5,285215.0,0.0
DIVISLAB.NS,2025-09-17,6051.5,6051.5,413995.0,0.0
DIVISLAB.NS,2025-09-18,6112.0,6112.0,480382.0,0.0
DIVISLAB.NS,2025-09-19,6200.0,6200.0,734989.0,0.0
DIVISLAB.NS,2025-09-22,6092.5,6092.5,290634.0,0.0
DIVISLAB.NS,2025-09-23,6051.0,6051.0,264356.0,0.0
DIVISLAB.NS,2025-09-24,5984.0,5984.0,253046.0,0.0
DIVISLAB.NS,2025-09-25,5897.0,5897.0,210498.0,0.0
DIVISLAB.NS,2025-09-26,5689.5,5689.5,672699.0,0.0
DIVISLAB.NS,2025-09-29,5697.5,5697.5,467714.0,0.0
DIVISLAB.NS,2025-09-30,5689.5,5689.5,281179.0,0.0
DIVISLAB.NS,2025-10-01,5710.0,5710.0,721666.0,0.0
DIVISLAB.NS,2025-10-03,5866.0,5866.0,655087.0,0.0
DIVISLAB.NS,2025-10-06,5826.5,5826.5,196219.0,0.0
DIVISLAB.NS,2025-10-07,6104.5,6104.5,1024126.0,0.0
DIVISLAB.NS,2025-10-08,6120.5,6120.5,874932.0,0.0
DIVISLAB.NS,2025-10-09,6132.0,6132.0,336390.0,0.0
DIVISLAB.NS,2025-10-10,6474.5,6474.5,1651908.0,0.0
DIVISLAB.NS,2025-10-13,6556.0,6556.0,905107.0,0.0
DIVISLAB.NS,2025-10-14,6561.0,6561.0,321275.0,0.0
DIVISLAB.NS,2025-10-15,6573.0,6573.0,462127.0,0.0
DIVISLAB.NS,2025-10-16,6600.5,6600.5,335444.0,0.0
DIVISLAB.NS,2025-10-17,6621.5,6621.5,302575.0,0.0
DIVISLAB.NS,2025-10-20,6604.0,6604.0,368513.0,0.0
DIVISLAB.NS,2025-10-21,6587.0,6587.0,32977.0,0.0
DIVISLAB.NS,2025-10-23,6565.5,6565.5,286780.0,0.0
DIVISLAB.NS,2025-10-24,6593.0,6593.0,250640.0,0.0
DIVISLAB.NS,2025-10-27,6490.0,6490.0,342190.0,0.0
DIVISLAB.NS,2025-10-28,6438.5,6438.5,305957.0,0.0
DIVISLAB.NS,2025-10-29,6512.0,6512.0,325673.0,0.0
DIVISLAB.NS,2025-10-30,6655.0,6655.0,537064.0,0.0
DIVISLAB.NS,2025-10-31,6738.0,6738.0,507645.0,0.0
DIVISLAB.NS,2025-11-03,6804.0,6804.0,499591.0,0.0
DIVISLAB.NS,2025-11-04,6804.5,6804.5,801413.0,0.0
DIVISLAB.NS,2025-11-06,6883.5,6883.5,721954.0,0.0
DIVISLAB.NS,2025-11-07,6656.5,6656.5,855609.0,0.0
DIVISLAB.NS,2025-11-10,6691.5,6691.5,418569.0,0.0
DIVISLAB.NS,2025-11-11,6539.5,6539.5,388972.0,0.0
DIVISLAB.NS,2025-11-12,6520.0,6520.0,476290.0,0.0
DIVISLAB.NS,2025-11-13,6593.5,6593.5,397401.0,0.0
DIVISLAB.NS,2025-11-14,6511.5,6511.5,147365.0,0.0
DIVISLAB.NS,2025-11-17,6518.5,6518.5,242726.0,0.0
DIVISLAB.NS,2025-11-18,6473.5,6473.5,162830.0,0.0
DIVISLAB.NS,2025-11-19,6454.0,6454.0,128134.0,0.0
DIVISLAB.NS,2025-11-20,6462.5,6462.5,114162.0,0.0
DIVISLAB.NS,2025-11-21,6373.0,6373.0,130843.0,0.0
DIVISLAB.NS,2025-11-24,6359.0,6359.0,393803.0,0.0
DIVISLAB.NS,2025-11-25,6412.0,6412.0,179873.0,0.0
DIVISLAB.NS,2025-11-26,6510.0,6510.0,126970.0,0.0
DIVISLAB.NS,2025-11-27,6490.5,6490.5,95681.0,0.0
DIVISLAB.NS,2025-11-28,6477.0,6477.0,250130.0,0.0
DIVISLAB.NS,2025-12-01,6422.5,6422.5,100192.0,0.0
DIVISLAB.NS,2025-12-02,6417.5,6417.5,151910.0,0.0
DIVISLAB.NS,2025-12-03,6455.0,6455.0,278865.0,0.0
DIVISLAB.NS,2025-12-04,6469.0,6469.0,200558.0,0.0
DIVISLAB.NS,2025-12-05,6473.5,6473.5,148911.0,0.0
DIVISLAB.NS,2025-12-08,6328.5,6328.5,179082.0,0.0
DIVISLAB.NS,2025-12-09,6294.0,6294.0,236524.0,0.0
DIVISLAB.NS,2025-12-10,6294.5,6294.5,270852.0,0.0
DIVISLAB.NS,2025-12-11,6430.0,6430.0,264850.0,0.0
DIVISLAB.NS,2025-12-12,6426.5,6426.5,128635.0,0.0
DIVISLAB.NS,2025-12-15,6347.5,6347.5,131176.0,0.0
DIVISLAB.NS,2025-12-16,6335.5,6335.5,169831.0,0.0
DIVISLAB.NS,2025-12-17,6293.0,6293.0,194825.0,0.0
DIVISLAB.NS,2025-12-18,6380.0,6380.0,396678.0,0.0
DIVISLAB.NS,2025-12-19,6478.5,6478.5,785205.0,0.0
DIVISLAB.NS,2025-12-22,6511.5,6511.5,255434.0,0.0
DIVISLAB.NS,2025-12-23,6476.5,6476.5,192477.0,0.0
DIVISLAB.NS,2025-12-24,6496.5,6496.5,252785.0,0.0
DIVISLAB.NS,2025-12-26,6427.5,6427.5,252704.0,0.0
DIVISLAB.NS,2025-12-29,6390.5,6390.5,244981.0,0.0
DIVISLAB.NS,2025-12-30,6360.5,6360.5,1927570.0,0.0
DIVISLAB.NS,2025-12-31,6392.5,6392.5,273233.0,0.0
DIVISLAB.NS,2026-01-01,6344.0,6344.0,146473.0,0.0
DIVISLAB.NS,2026-01-02,6392.5,6392.5,108528.0,0.0
DIVISLAB.NS,2026-01-05,6363.5,6363.5,145454.0,0.0
DIVISLAB.NS,2026-01-06,6642.5,6642.5,732441.0,0.0
DIVISLAB.NS,2026-01-07,6642.5,6642.5,423884.0,0.0
DIVISLAB.NS,2026-01-08,6600.5,6600.5,331547.0,0.0
DIVISLAB.NS,2026-01-09,6616.5,6616.5,351042.0,0.0
DIVISLAB.NS,2026-01-12,6485.5,6485.5,665870.0,0.0
DIVISLAB.NS,2026-01-13,6436.5,6436.5,253726.0,0.0
DIVISLAB.NS,2026-01-14,6355.5,6355.5,524643.0,0.0
DIVISLAB.NS,2026-01-15,6355.5,6355.5,0.0,0.0
DIVISLAB.NS,2026-01-16,6236.0,6236.0,409423.0,0.0
DIVISLAB.NS,2026-01-19,6140.0,6140.0,351743.0,0.0
DIVISLAB.NS,2026-01-20,6013.0,6013.0,204440.0,0.0
DIVISLAB.NS,2026-01-21,6010.0,6010.0,324388.0,0.0
DIVISLAB.NS,2026-01-22,6071.0,6071.0,372206.0,0.0
DIVISLAB.NS,2026-01-23,6011.5,6011.5,460503.0,0.0
DIVISLAB.NS,2026-01-27,6056.0,6056.0,367912.0,0.0
DIVISLAB.NS,2026-01-28,6188.0,6188.0,335259.0,0.0
DIVISLAB.NS,2026-01-29,6041.0,6041.0,405502.0,0.0
DIVISLAB.NS,2026-01-30,6051.0,6051.0,347165.0,0.0
DIVISLAB.NS,2026-02-02,5952.5,5952.5,400656.0,0.0
DIVISLAB.NS,2026-02-03,6209.0,6209.0,454227.0,0.0
DIVISLAB.NS,2026-02-04,6054.5,6054.5,327213.0,0.0
DIVISLAB.NS,2026-02-05,6141.5,6141.5,370561.0,0.0
DIVISLAB.NS,2026-02-06,6024.5,6024.5,433945.0,0.0
DIVISLAB.NS,2026-02-09,6113.5,6113.5,219396.0,0.0
DIVISLAB.NS,2026-02-10,6175.5,6175.5,237887.0,0.0
DIVISLAB.NS,2026-02-11,6386.5,6386.5,1262957.0,0.0
GAIL.NS,2025-02-11,161.69000244140625,155.90330505371094,19520499.0,0.0
GAIL.NS,2025-02-12,159.75999450683594,154.04237365722656,20114096.0,0.0
GAIL.NS,2025-02-13,162.3300018310547,156.52040100097656,12193757.0,0.0
GAIL.NS,2025-02-14,162.2899932861328,156.48182678222656,18449659.0,0.0
GAIL.NS,2025-02-17,160.1699981689453,154.4376983642578,14124277.0,0.0
GAIL.NS,2025-02-18,164.07000732421875,158.19813537597656,13591407.0,0.0
GAIL.NS,2025-02-19,163.52999877929688,157.6774444580078,9842304.0,0.0
GAIL.NS,2025-02-20,167.13999938964844,161.15826416015625,10110659.0,0.0
GAIL.NS,2025-02-21,164.2100067138672,158.3331298828125,10215346.0,0.0
GAIL.NS,2025-02-24,164.5800018310547,158.68988037109375,7411226.0,0.0
GAIL.NS,2025-02-25,160.74000549316406,154.9873046875,6520927.0,0.0
GAIL.NS,2025-02-27,159.3699951171875,153.6663360595703,8836252.0,0.0
GAIL.NS,2025-02-28,156.0399932861328,150.45550537109375,24910367.0,0.0
GAIL.NS,2025-03-03,154.0500030517578,148.53672790527344,21947511.0,0.0
GAIL.NS,2025-03-04,153.1699981689453,147.688232421875,11758879.0,0.0
GAIL.NS,2025-03-05,158.9499969482422,153.2613525390625,11875941.0,0.0
GAIL.NS,2025-03-06,161.4600067138672,155.68153381347656,9112943.0,0.0
GAIL.NS,2025-03-07,158.13999938964844,152.48036193847656,12554271.0,0.0
GAIL.NS,2025-03-10,155.13999938964844,149.5877227783203,12901373.0,0.0
GAIL.NS,2025-03-11,156.77999877929688,151.1690216064453,8510794.0,0.0
GAIL.NS,2025-03-12,159.1999969482422,153.50242614746094,12855790.0,0.0
GAIL.NS,2025-03-13,157.9600067138672,152.3068084716797,9241718.0,0.0
GAIL.NS,2025-03-17,156.5800018310547,150.97618103027344,9745451.0,0.0
GAIL.NS,2025-03-18,156.5800018310547,150.97618103027344,0.0,0.0
GAIL.NS,2025-03-19,165.9600067138672,160.02049255371094,11002564.0,0.0
GAIL.NS,2025-03-20,168.4600067138672,162.4310302734375,10268944.0,0.0
GAIL.NS,2025-03-21,175.0500030517578,168.78517150878906,33864565.0,0.0
GAIL.NS,2025-03-24,181.27999877929688,174.79220581054688,33972530.0,0.0
GAIL.NS,2025-03-25,177.6999969482422,171.34031677246094,15135251.0,0.0
GAIL.NS,2025-03-26,174.07000732421875,167.84024047851562,15788440.0,0.0
GAIL.NS,2025-03-27,181.55999755859375,175.0621795654297,23986738.0,0.0
GAIL.NS,2025-03-28,183.0399932861328,176.48919677734375,22871476.0,0.0
GAIL.NS,2025-04-01,186.32000732421875,179.65184020996094,16373953.0,0.0
GAIL.NS,2025-04-02,184.05999755859375,177.4727020263672,13488498.0,0.0
GAIL.NS,2025-04-03,183.6300048828125,177.05810546875,10999215.0,0.0
GAIL.NS,2025-04-04,176.61000061035156,170.28933715820312,12870074.0,0.0
GAIL.NS,2025-04-07,169.02999877929688,162.98060607910156,14675014.0,0.0
GAIL.NS,2025-04-08,172.57000732421875,166.3939208984375,11262619.0,0.0
GAIL.NS,2025-04-09,168.86000061035156,162.8166961669922,8093175.0,0.0
GAIL.NS,2025-04-11,171.7100067138672,165.564697265625,11757223.0,0.0
GAIL.NS,2025-04-15,178.99000549316406,172.5841522216797,15842566.0,0.0
GAIL.NS,2025-04-16,184.6999969482422,178.08981323242188,20404245.0,0.0
GAIL.NS,2025-04-17,186.99000549316406,180.2978515625,19477011.0,0.0
GAIL.NS,2025-04-21,195.32000732421875,188.32974243164062,31364829.0,0.0
GAIL.NS,2025-04-22,193.24000549316406,186.3241729736328,15312211.0,0.0
GAIL.NS,2025-04-23,193.5,186.5748748779297,8545702.0,0.0
GAIL.NS,2025-04-24,193.24000549316406,186.3241729736328,12332917.0,0.0
GAIL.NS,2025-04-25,186.74000549316406,180.05679321289062,9791154.0,0.0
GAIL.NS,2025-04-28,189.32000732421875,182.54446411132812,8332481.0,0.0
GAIL.NS,2025-04-29,189.60000610351562,182.81443786621094,6147630.0,0.0
GAIL.NS,2025-04-30,189.08999633789062,182.32269287109375,11049144.0,0.0
GAIL.NS,2025-05-02,188.4199981689453,181.67666625976562,6381498.0,0.0
GAIL.NS,2025-05-05,191.19000244140625,184.3475341796875,11170518.0,0.0
GAIL.NS,2025-05-06,186.41000366210938,179.7386016845703,6179703.0,0.0
GAIL.NS,2025-05-07,189.22999572753906,182.45767211914062,7734600.0,0.0
GAIL.NS,2025-05-08,184.27000427246094,177.67518615722656,10327093.0,0.0
GAIL.NS,2025-05-09,181.60000610351562,175.1007537841797,13961118.0,0.0
GAIL.NS,2025-05-12,187.8000030517578,181.07887268066406,12160088.0,0.0
GAIL.NS,2025-05-13,183.8300018310547,177.25094604492188,18769044.0,0.0
GAIL.NS,2025-05-14,185.92999267578125,179.27577209472656,13578551.0,0.0
GAIL.NS,2025-05-15,185.02000427246094,178.39834594726562,14364503.0,0.0
GAIL.NS,2025-05-16,186.27999877929688,179.61325073242188,17089599.0,0.0
GAIL.NS,2025-05-19,189.47999572753906,182.69873046875,14465387.0,0.0
GAIL.NS,2025-05-20,191.10000610351562,184.26075744628906,21788836.0,0.0
GAIL.NS,2025-05-21,190.63999938964844,183.8172149658203,10013046.0,0.0
GAIL.NS,2025-05-22,192.61000061035156,185.7167205810547,10157103.0,0.0
GAIL.NS,2025-05-23,191.27999877929688,184.43431091308594,9709796.0,0.0
GAIL.NS,2025-05-26,193.14999389648438,186.2373809814453,7364228.0,0.0
GAIL.NS,2025-05-27,193.97999572753906,187.0376739501953,9676557.0,0.0
GAIL.NS,2025-05-28,194.33999633789062,187.38479614257812,11799541.0,0.0
GAIL.NS,2025-05-29,191.75,184.88748168945312,15154707.0,0.0
GAIL.NS,2025-05-30,189.8000030517578,183.0072784423828,26351115.0,0.0
GAIL.NS,2025-06-02,191.7100067138672,184.8489227294922,8101618.0,0.0
GAIL.NS,2025-06-03,191.91000366210938,185.04176330566406,10598180.0,0.0
GAIL.NS,2025-06-04,189.52000427246094,182.7373046875,17603834.0,0.0
GAIL.NS,2025-06-05,190.6199951171875,183.7979278564453,7467344.0,0.0
GAIL.NS,2025-06-06,191.14999389648438,184.3089599609375,6637216.0,0.0
GAIL.NS,2025-06-09,193.63999938964844,186.70985412597656,7485555.0,0.0
GAIL.NS,2025-06-10,195.6699981689453,188.6671905517578,11402867.0,0.0
GAIL.NS,2025-06-11,200.08999633789062,192.92901611328125,24303718.0,0.0
GAIL.NS,2025-06-12,192.17999267578125,185.30210876464844,27331751.0,0.0
GAIL.NS,2025-06-13,191.33999633789062,184.49215698242188,15290087.0,0.0
GAIL.NS,2025-06-16,191.6300048828125,184.77178955078125,7728599.0,0.0
GAIL.NS,2025-06-17,190.47000122070312,183.65330505371094,8847687.0,0.0
GAIL.NS,2025-06-18,185.72000122070312,179.07330322265625,11903224.0,0.0
GAIL.NS,2025-06-19,180.41000366210938,173.95333862304688,18702293.0,0.0
GAIL.NS,2025-06-20,181.85000610351562,175.34181213378906,18520686.0,0.0
GAIL.NS,2025-06-23,184.75999450683594,178.14764404296875,11308631.0,0.0
GAIL.NS,2025-06-24,185.49000549316406,178.85153198242188,7404157.0,0.0
GAIL.NS,2025-06-25,183.97999572753906,177.39556884765625,8112854.0,0.0
GAIL.NS,2025-06-26,186.7899932861328,180.10499572753906,12858332.0,0.0
GAIL.NS,2025-06-27,191.02000427246094,184.18362426757812,13050123.0,0.0
GAIL.NS,2025-06-30,190.83999633789062,184.0100555419922,9866638.0,0.0
GAIL.NS,2025-07-01,189.6199951171875,182.83372497558594,8969214.0,0.0
GAIL.NS,2025-07-02,190.75999450683594,183.9329071044922,13834006.0,0.0
GAIL.NS,2025-07-03,192.74000549316406,185.84207153320312,14497014.0,0.0
GAIL.NS,2025-07-04,193.41000366210938,186.4880828857422,11748872.0,0.0
GAIL.NS,2025-07-07,193.14999389648438,186.2373809814453,10135456.0,0.0
GAIL.NS,2025-07-08,192.6300048828125,185.73599243164062,10024889.0,0.0
GAIL.NS,2025-07-09,185.02999877929688,178.4080047607422,27312219.0,0.0
GAIL.NS,2025-07-10,185.6699981689453,179.02508544921875,13016217.0,0.0
GAIL.NS,2025-07-11,181.88999938964844,175.38037109375,13793909.0,0.0
GAIL.NS,2025-07-14,183.63999938964844,177.06773376464844,15937447.0,0.0
GAIL.NS,2025-07-15,184.7100067138672,178.09945678710938,7678880.0,0.0
GAIL.NS,2025-07-16,184.3300018310547,177.73304748535156,8484342.0,0.0
GAIL.NS,2025-07-17,185.2899932861328,178.65867614746094,7030843.0,0.0
GAIL.NS,2025-07-18,185.22999572753906,178.600830078125,7725761.0,0.0
GAIL.NS,2025-07-21,184.1199951171875,177.5305633544922,5533832.0,0.0
GAIL.NS,2025-07-22,184.02999877929688,177.4437713623047,6991724.0,0.0
GAIL.NS,2025-07-23,186.38999938964844,179.7193145751953,7798034.0,0.0
GAIL.NS,2025-07-24,187.97000122070312,181.24278259277344,11684679.0,0.0
GAIL.NS,2025-07-25,183.50999450683594,176.9423828125,10429865.0,0.0
GAIL.NS,2025-07-28,180.6300048828125,174.16546630859375,11229894.0,0.0
GAIL.NS,2025-07-29,182.97999572753906,176.4313507080078,13852750.0,0.0
GAIL.NS,2025-07-30,180.57000732421875,174.1076202392578,8784760.0,0.0
GAIL.NS,2025-07-31,177.67999267578125,171.321044921875,7939221.0,0.0
GAIL.NS,2025-08-01,174.38999938964844,168.14878845214844,12964065.0,0.0
GAIL.NS,2025-08-04,174.5399932861328,169.26402282714844,9781181.0,0.0
GAIL.NS,2025-08-05,171.33999633789062,166.16075134277344,14688223.0,0.0
GAIL.NS,2025-08-06,169.91000366210938,164.77398681640625,16492438.0,0.0
GAIL.NS,2025-08-07,169.49000549316406,164.36668395996094,13072513.0,0.0
GAIL.NS,2025-08-08,171.14999389648438,165.9764862060547,15908370.0,0.0
GAIL.NS,2025-08-11,173.02000427246094,167.78997802734375,5576496.0,0.0
GAIL.NS,2025-08-12,174.3000030517578,169.03128051757812,7141744.0,0.0
GAIL.NS,2025-08-13,173.36000061035156,168.11968994140625,6019021.0,0.0
GAIL.NS,2025-08-14,173.92999267578125,168.67245483398438,8864011.0,0.0
GAIL.NS,2025-08-18,173.66000366210938,168.41062927246094,6363956.0,0.0
GAIL.NS,2025-08-19,174.88999938964844,169.6034393310547,6732317.0,0.0
GAIL.NS,2025-08-20,178.1199951171875,172.73580932617188,10610680.0,0.0
GAIL.NS,2025-08-21,177.77000427246094,172.39639282226562,7252426.0,0.0
GAIL.NS,2025-08-22,176.80999755859375,171.4654083251953,6424964.0,0.0
GAIL.NS,2025-08-25,175.89999389648438,170.58290100097656,8324913.0,0.0
GAIL.NS,2025-08-26,171.63999938964844,166.45167541503906,9987523.0,0.0
GAIL.NS,2025-08-28,171.22000122070312,166.0443878173828,8495627.0,0.0
GAIL.NS,2025-08-29,173.07000732421875,167.83847045898438,8823629.0,0.0
GAIL.NS,2025-09-01,175.94000244140625,170.6217041015625,6770507.0,0.0
GAIL.NS,2025-09-02,179.2899932861328,173.8704376220703,8668666.0,0.0
GAIL.NS,2025-09-03,178.02000427246094,172.6388397216797,6209706.0,0.0
GAIL.NS,2025-09-04,174.66000366210938,169.38040161132812,9769773.0,0.0
GAIL.NS,2025-09-05,173.97000122070312,168.7112579345703,7598903.0,0.0
GAIL.NS,2025-09-08,172.3699951171875,167.15960693359375,5686270.0,0.0
GAIL.NS,2025-09-09,172.9600067138672,167.73179626464844,8186535.0,0.0
GAIL.NS,2025-09-10,173.89999389648438,168.6433563232422,7050241.0,0.0
GAIL.NS,2025-09-11,179.00999450683594,173.59889221191406,13059152.0,0.0
GAIL.NS,2025-09-12,178.5500030517578,173.15281677246094,19079692.0,0.0
GAIL.NS,2025-09-15,179.92999267578125,174.4910888671875,4509947.0,0.0
GAIL.NS,2025-09-16,182.24000549316406,176.7312774658203,6383724.0,0.0
GAIL.NS,2025-09-17,181.60000610351562,176.11062622070312,4834786.0,0.0
GAIL.NS,2025-09-18,180.9499969482422,175.48025512695312,5872596.0,0.0
GAIL.NS,2025-09-19,181.64999389648438,176.1591033935547,6567199.0,0.0
GAIL.NS,2025-09-22,180.9499969482422,175.48025512695312,5333007.0,0.0
GAIL.NS,2025-09-23,178.66000366210938,173.25949096679688,6368313.0,0.0
GAIL.NS,2025-09-24,175.91000366210938,170.59262084960938,10054492.0,0.0
GAIL.NS,2025-09-25,174.4199981689453,169.14764404296875,8858607.0,0.0
GAIL.NS,2025-09-26,172.02000427246094,166.82020568847656,8760356.0,0.0
GAIL.NS,2025-09-29,176.49000549316406,171.15509033203125,12460294.0,0.0
GAIL.NS,2025-09-30,176.2899932861328,170.96112060546875,9899684.0,0.0
GAIL.NS,2025-10-01,174.55999755859375,169.28341674804688,6383909.0,0.0
GAIL.NS,2025-10-03,177.36000061035156,171.998779296875,7695671.0,0.0
GAIL.NS,2025-10-06,176.6199951171875,171.28114318847656,5015866.0,0.0
GAIL.NS,2025-10-07,179.89999389648438,174.4619903564453,8793661.0,0.0
GAIL.NS,2025-10-08,177.52000427246094,172.15394592285156,9739699.0,0.0
GAIL.NS,2025-10-09,178.4499969482422,173.0558319091797,5696104.0,0.0
GAIL.NS,2025-10-10,179.2100067138672,173.79286193847656,12004977.0,0.0
GAIL.NS,2025-10-13,180.3300018310547,174.87899780273438,11256078.0,0.0
GAIL.NS,2025-10-14,175.3699951171875,170.0689239501953,13393866.0,0.0
GAIL.NS,2025-10-15,177.3699951171875,172.0084686279297,10456218.0,0.0
GAIL.NS,2025-10-16,179.1699981689453,173.75405883789062,11918586.0,0.0
GAIL.NS,2025-10-17,177.60000610351562,172.23153686523438,10653158.0,0.0
GAIL.NS,2025-10-20,178.4199981689453,173.0267333984375,5945439.0,0.0
GAIL.NS,2025-10-21,178.38999938964844,172.99765014648438,550754.0,0.0
GAIL.NS,2025-10-23,180.0800018310547,174.63656616210938,6890426.0,0.0
GAIL.NS,2025-10-24,181.02000427246094,175.54815673828125,14617812.0,0.0
GAIL.NS,2025-10-27,180.1699981689453,174.7238311767578,7633630.0,0.0
GAIL.NS,2025-10-28,178.4600067138672,173.06553649902344,4486173.0,0.0
GAIL.NS,2025-10-29,184.63999938964844,179.0587158203125,16216434.0,0.0
GAIL.NS,2025-10-30,183.08999633789062,177.55557250976562,10890893.0,0.0
GAIL.NS,2025-10-31,182.75999450683594,177.2355499267578,12162645.0,0.0
GAIL.NS,2025-11-03,183.69000244140625,178.13743591308594,11050075.0,0.0
GAIL.NS,2025-11-04,181.6199951171875,176.1300048828125,11320462.0,0.0
GAIL.NS,2025-11-06,178.97999572753906,173.56980895996094,8609714.0,0.0
GAIL.NS,2025-11-07,180.47000122070312,175.0147705078125,5863620.0,0.0
GAIL.NS,2025-11-10,181.52000427246094,176.0330352783203,6801002.0,0.0
GAIL.NS,2025-11-11,182.33999633789062,176.8282470703125,4352265.0,0.0
GAIL.NS,2025-11-12,182.4499969482422,176.93492126464844,9245014.0,0.0
GAIL.NS,2025-11-13,183.6699981689453,178.1180419921875,8521444.0,0.0
GAIL.NS,2025-11-14,183.41000366210938,177.86590576171875,5496277.0,0.0
GAIL.NS,2025-11-17,185.3000030517578,179.6987762451172,6749568.0,0.0
GAIL.NS,2025-11-18,184.30999755859375,178.7386932373047,6258414.0,0.0
GAIL.NS,2025-11-19,184.0500030517578,178.48655700683594,3032584.0,0.0
GAIL.NS,2025-11-20,184.30999755859375,178.7386932373047,6809330.0,0.0
GAIL.NS,2025-11-21,182.99000549316406,177.45860290527344,8936258.0,0.0
GAIL.NS,2025-11-24,181.08999633789062,175.61602783203125,13399523.0,0.0
GAIL.NS,2025-11-25,180.22000122070312,174.77232360839844,5775748.0,0.0
GAIL.NS,2025-11-26,185.16000366210938,179.56300354003906,7831961.0,0.0
GAIL.NS,2025-11-27,183.8000030517578,178.24411010742188,3082841.0,0.0
GAIL.NS,2025-11-28,176.08999633789062,170.7671661376953,60244650.0,0.0
GAIL.NS,2025-12-01,175.41000366210938,170.10772705078125,14586098.0,0.0
GAIL.NS,2025-12-02,175.0,169.71011352539062,6840703.0,0.0
GAIL.NS,2025-12-03,170.27000427246094,165.1230926513672,19784622.0,0.0
GAIL.NS,2025-12-04,170.6300048828125,165.4722137451172,7624463.0,0.0
GAIL.NS,2025-12-05,169.97999572753906,164.84185791015625,5577375.0,0.0
GAIL.NS,2025-12-08,166.80999755859375,161.76768493652344,10883405.0,0.0
GAIL.NS,2025-12-09,167.88999938964844,162.81503295898438,12988637.0,0.0
GAIL.NS,2025-12-10,168.02000427246094,162.9411163330078,6217163.0,0.0
GAIL.NS,2025-12-11,168.9499969482422,163.84298706054688,4976531.0,0.0
GAIL.NS,2025-12-12,170.7100067138672,165.5498046875,18497271.0,0.0
GAIL.NS,2025-12-15,169.86000061035156,164.72549438476562,6675122.0,0.0
GAIL.NS,2025-12-16,168.32000732421875,163.23204040527344,7581502.0,0.0
GAIL.NS,2025-12-17,169.07000732421875,163.95938110351562,3369805.0,0.0
GAIL.NS,2025-12-18,167.5500030517578,162.48532104492188,3743055.0,0.0
GAIL.NS,2025-12-19,169.75999450683594,164.62850952148438,8766941.0,0.0
GAIL.NS,2025-12-22,171.72000122070312,166.52926635742188,4118436.0,0.0
GAIL.NS,2025-12-23,172.0399932861328,166.83958435058594,3548499.0,0.0
GAIL.NS,2025-12-24,171.0,165.83102416992188,4467016.0,0.0
GAIL.NS,2025-12-26,171.02000427246094,165.85043334960938,1942413.0,0.0
GAIL.NS,2025-12-29,170.4199981689453,165.2685546875,2857519.0,0.0
GAIL.NS,2025-12-30,170.6300048828125,165.4722137451172,4526325.0,0.0
GAIL.NS,2025-12-31,172.16000366210938,166.95596313476562,6139095.0,0.0
GAIL.NS,2026-01-01,171.77000427246094,166.5777587890625,2897460.0,0.0
GAIL.NS,2026-01-02,175.3800048828125,170.07862854003906,13698712.0,0.0
GAIL.NS,2026-01-05,173.0500030517578,167.81906127929688,7405173.0,0.0
GAIL.NS,2026-01-06,169.38999938964844,164.2696990966797,8771407.0,0.0
GAIL.NS,2026-01-07,168.47999572753906,163.38719177246094,7890426.0,0.0
GAIL.NS,2026-01-08,163.52999877929688,158.5868377685547,9689093.0,0.0
GAIL.NS,2026-01-09,164.36000061035156,159.39173889160156,7540855.0,0.0
GAIL.NS,2026-01-12,166.5500030517578,161.5155487060547,8511255.0,0.0
GAIL.NS,2026-01-13,165.25999450683594,160.2645263671875,7864353.0,0.0
GAIL.NS,2026-01-14,165.1699981689453,160.17726135253906,12730825.0,0.0
GAIL.NS,2026-01-15,165.1699981689453,160.17726135253906,0.0,0.0
GAIL.NS,2026-01-16,164.24000549316406,159.27537536621094,20549276.0,0.0
GAIL.NS,2026-01-19,164.72000122070312,159.74085998535156,4566527.0,0.0
GAIL.NS,2026-01-20,161.2100067138672,156.3369598388672,6841149.0,0.0
GAIL.NS,2026-01-21,162.67999267578125,157.76251220703125,16082935.0,0.0
GAIL.NS,2026-01-22,163.57000732421875,158.62562561035156,12111105.0,0.0
GAIL.NS,2026-01-23,160.80999755859375,155.9490509033203,8178368.0,0.0
GAIL.NS,2026-01-27,159.97999572753906,155.14413452148438,20808770.0,0.0
GAIL.NS,2026-01-28,168.13999938964844,163.05747985839844,11194053.0,0.0
GAIL.NS,2026-01-29,167.3800048828125,162.32046508789062,15216722.0,0.0
GAIL.NS,2026-01-30,167.2899932861328,162.23316955566406,15845745.0,0.0
GAIL.NS,2026-02-02,160.38999938964844,155.541748046875,17376481.0,0.0
GAIL.NS,2026-02-03,162.8000030517578,157.87890625,32679436.0,0.0
GAIL.NS,2026-02-04,165.41000366210938,160.41000366210938,15626744.0,0.0
GAIL.NS,2026-02-05,160.17999267578125,160.17999267578125,13323350.0,0.0
GAIL.NS,2026-02-06,162.99000549316406,162.99000549316406,15057595.0,0.0
GAIL.NS,2026-02-09,163.63999938964844,163.63999938964844,14553493.0,0.0
GAIL.NS,2026-02-10,164.5500030517578,164.5500030517578,14629394.0,0.0
GAIL.NS,2026-02-11,163.47000122070312,163.47000122070312,8849396.0,0.0
GODREJCP.NS,2025-02-11,1071.25,1053.4365234375,599851.0,0.0
GODREJCP.NS,2025-02-12,1072.75,1054.91162109375,709401.0,0.0
GODREJCP.NS,2025-02-13,1052.800048828125,1035.29345703125,898637.0,0.0
GODREJCP.NS,2025-02-14,1058.9000244140625,1041.2919921875,690182.0,0.0
GODREJCP.NS,2025-02-17,1039.25,1021.9685668945312,477531.0,0.0
GODREJCP.NS,2025-02-18,1015.5499877929688,998.6627807617188,959493.0,0.0
GODREJCP.NS,2025-02-19,1024.5,1007.4639282226562,2757447.0,0.0
GODREJCP.NS,2025-02-20,1074.5999755859375,1056.7308349609375,2578907.0,0.0
GODREJCP.NS,2025-02-21,1052.199951171875,1034.7032470703125,1656549.0,0.0
GODREJCP.NS,2025-02-24,1044.5999755859375,1027.229736328125,1464427.0,0.0
GODREJCP.NS,2025-02-25,1057.0999755859375,1039.521728515625,1746207.0,0.0
GODREJCP.NS,2025-02-27,1051.4000244140625,1033.916748046875,1348747.0,0.0
GODREJCP.NS,2025-02-28,1005.1500244140625,988.4357299804688,2316444.0,0.0
GODREJCP.NS,2025-03-03,998.3499755859375,981.7487182617188,693968.0,0.0
GODREJCP.NS,2025-03-04,990.25,973.783447265625,935737.0,0.0
GODREJCP.NS,2025-03-05,991.3499755859375,974.8651733398438,1621637.0,0.0
GODREJCP.NS,2025-03-06,1030.300048828125,1013.1676025390625,1863854.0,0.0
GODREJCP.NS,2025-03-07,1045.300048828125,1027.918212890625,607186.0,0.0
GODREJCP.NS,2025-03-10,1044.0,1026.6397705078125,793821.0,0.0
GODREJCP.NS,2025-03-11,1039.1500244140625,1021.8704833984375,721342.0,0.0
GODREJCP.NS,2025-03-12,1043.4000244140625,1026.0498046875,436216.0,0.0
GODREJCP.NS,2025-03-13,1025.800048828125,1008.7423706054688,631099.0,0.0
GODREJCP.NS,2025-03-17,1052.300048828125,1034.8017578125,1266046.0,0.0
GODREJCP.NS,2025-03-18,1052.300048828125,1034.8017578125,0.0,0.0
GODREJCP.NS,2025-03-19,1074.300048828125,1056.43603515625,1274199.0,0.0
GODREJCP.NS,2025-03-20,1101.5,1083.18359375,1422712.0,0.0
GODREJCP.NS,2025-03-21,1111.949951171875,1093.459716796875,1775108.0,0.0
GODREJCP.NS,2025-03-24,1106.300048828125,1087.9036865234375,880326.0,0.0
GODREJCP.NS,2025-03-25,1129.8499755859375,1111.0621337890625,2339818.0,0.0
GODREJCP.NS,2025-03-26,1130.300048828125,1111.5047607421875,2080701.0,0.0
GODREJCP.NS,2025-03-27,1144.550048828125,1125.517822265625,3571049.0,0.0
GODREJCP.NS,2025-03-28,1159.25,1139.9732666015625,1494348.0,0.0
GODREJCP.NS,2025-04-01,1143.5999755859375,1124.5836181640625,637877.0,0.0
GODREJCP.NS,2025-04-02,1162.6500244140625,1143.316650390625,728473.0,0.0
GODREJCP.NS,2025-04-03,1162.050048828125,1142.726806640625,927323.0,0.0
GODREJCP.NS,2025-04-04,1156.5999755859375,1137.3673095703125,893054.0,0.0
GODREJCP.NS,2025-04-07,1160.0999755859375,1140.8092041015625,5114215.0,0.0
GODREJCP.NS,2025-04-08,1197.25,1177.34130859375,2006049.0,0.0
GODREJCP.NS,2025-04-09,1242.3499755859375,1221.69140625,3686650.0,0.0
GODREJCP.NS,2025-04-11,1223.5999755859375,1203.253173828125,1327101.0,0.0
GODREJCP.NS,2025-04-15,1216.300048828125,1196.07470703125,1563410.0,0.0
GODREJCP.NS,2025-04-16,1244.5999755859375,1223.9039306640625,779550.0,0.0
GODREJCP.NS,2025-04-17,1239.300048828125,1218.6922607421875,1217599.0,0.0
GODREJCP.NS,2025-04-21,1213.4000244140625,1193.222900390625,769474.0,0.0
GODREJCP.NS,2025-04-22,1231.4000244140625,1210.9234619140625,1281722.0,0.0
GODREJCP.NS,2025-04-23,1268.5,1247.406494140625,1908019.0,0.0
GODREJCP.NS,2025-04-24,1267.9000244140625,1246.8165283203125,2200361.0,0.0
GODREJCP.NS,2025-04-25,1266.5,1245.4398193359375,1485280.0,0.0
GODREJCP.NS,2025-04-28,1265.9000244140625,1244.8497314453125,466160.0,0.0
GODREJCP.NS,2025-04-29,1262.699951171875,1241.702880859375,1089795.0,0.0
GODREJCP.NS,2025-04-30,1260.5,1239.5396728515625,1344364.0,0.0
GODREJCP.NS,2025-05-02,1258.5,1237.5728759765625,306189.0,0.0
GODREJCP.NS,2025-05-05,1262.0999755859375,1241.113037109375,1604829.0,0.0
GODREJCP.NS,2025-05-06,1250.800048828125,1230.0009765625,1155139.0,0.0
GODREJCP.NS,2025-05-07,1246.9000244140625,1226.165771484375,1800027.0,0.0
GODREJCP.NS,2025-05-08,1240.5999755859375,1219.9705810546875,1119558.0,0.0
GODREJCP.NS,2025-05-09,1242.0999755859375,1221.4454345703125,649047.0,0.0
GODREJCP.NS,2025-05-12,1289.5,1268.057373046875,1386761.0,0.0
GODREJCP.NS,2025-05-13,1266.300048828125,1250.09033203125,895398.0,0.0
GODREJCP.NS,2025-05-14,1282.0,1265.58935546875,1102055.0,0.0
GODREJCP.NS,2025-05-15,1290.4000244140625,1273.8818359375,734151.0,0.0
GODREJCP.NS,2025-05-16,1299.5,1282.8653564453125,912957.0,0.0
GODREJCP.NS,2025-05-19,1291.5,1274.9676513671875,915695.0,0.0
GODREJCP.NS,2025-05-20,1260.800048828125,1244.6607666015625,664154.0,0.0
GODREJCP.NS,2025-05-21,1280.0,1263.614990234375,762035.0,0.0
GODREJCP.NS,2025-05-22,1264.0,1247.8197021484375,234851.0,0.0
GODREJCP.NS,2025-05-23,1277.4000244140625,1261.0482177734375,312877.0,0.0
GODREJCP.NS,2025-05-26,1284.5,1268.0572509765625,269355.0,0.0
GODREJCP.NS,2025-05-27,1269.5999755859375,1253.3480224609375,847346.0,0.0
GODREJCP.NS,2025-05-28,1259.0,1242.8837890625,232166.0,0.0
GODREJCP.NS,2025-05-29,1246.0999755859375,1230.14892578125,1471954.0,0.0
GODREJCP.NS,2025-05-30,1231.4000244140625,1215.6370849609375,1382707.0,0.0
GODREJCP.NS,2025-06-02,1266.0999755859375,1249.892822265625,2571867.0,0.0
GODREJCP.NS,2025-06-03,1238.5,1222.6461181640625,892994.0,0.0
GODREJCP.NS,2025-06-04,1227.199951171875,1211.4908447265625,683760.0,0.0
GODREJCP.NS,2025-06-05,1214.9000244140625,1199.3482666015625,1088686.0,0.0
GODREJCP.NS,2025-06-06,1210.0999755859375,1194.609619140625,878031.0,0.0
GODREJCP.NS,2025-06-09,1217.5999755859375,1202.013671875,750227.0,0.0
GODREJCP.NS,2025-06-10,1213.9000244140625,1198.361083984375,585966.0,0.0
GODREJCP.NS,2025-06-11,1223.800048828125,1208.1343994140625,893989.0,0.0
GODREJCP.NS,2025-06-12,1203.9000244140625,1188.4891357421875,645386.0,0.0
GODREJCP.NS,2025-06-13,1188.800048828125,1173.5823974609375,952711.0,0.0
GODREJCP.NS,2025-06-16,1188.0,1172.792724609375,1436358.0,0.0
GODREJCP.NS,2025-06-17,1195.5999755859375,1180.2952880859375,1402108.0,0.0
GODREJCP.NS,2025-06-18,1196.5999755859375,1181.2825927734375,988611.0,0.0
GODREJCP.NS,2025-06-19,1194.0,1178.7158203125,698066.0,0.0
GODREJCP.NS,2025-06-20,1189.4000244140625,1174.1748046875,3630336.0,0.0
GODREJCP.NS,2025-06-23,1171.0,1156.01025390625,1750263.0,0.0
GODREJCP.NS,2025-06-24,1173.800048828125,1158.7744140625,1157475.0,0.0
GODREJCP.NS,2025-06-25,1185.300048828125,1170.127197265625,1064107.0,0.0
GODREJCP.NS,2025-06-26,1184.300048828125,1169.1400146484375,790228.0,0.0
GODREJCP.NS,2025-06-27,1176.4000244140625,1161.341064453125,3293143.0,0.0
GODREJCP.NS,2025-06-30,1178.4000244140625,1163.3155517578125,742606.0,0.0
GODREJCP.NS,2025-07-01,1168.5999755859375,1153.640869140625,539601.0,0.0
GODREJCP.NS,2025-07-02,1174.5999755859375,1159.5640869140625,775759.0,0.0
GODREJCP.NS,2025-07-03,1171.199951171875,1156.20751953125,622284.0,0.0
GODREJCP.NS,2025-07-04,1192.9000244140625,1177.6298828125,654700.0,0.0
GODREJCP.NS,2025-07-07,1268.4000244140625,1252.1634521484375,7790654.0,0.0
GODREJCP.NS,2025-07-08,1277.4000244140625,1261.0482177734375,2393198.0,0.0
GODREJCP.NS,2025-07-09,1293.800048828125,1277.23828125,1944978.0,0.0
GODREJCP.NS,2025-07-10,1286.699951171875,1270.2291259765625,650984.0,0.0
GODREJCP.NS,2025-07-11,1285.0,1268.5509033203125,979619.0,0.0
GODREJCP.NS,2025-07-14,1266.5999755859375,1250.3863525390625,888983.0,0.0
GODREJCP.NS,2025-07-15,1270.0999755859375,1253.8416748046875,856686.0,0.0
GODREJCP.NS,2025-07-16,1264.800048828125,1248.609619140625,922089.0,0.0
GODREJCP.NS,2025-07-17,1278.199951171875,1261.8380126953125,506788.0,0.0
GODREJCP.NS,2025-07-18,1251.300048828125,1235.2823486328125,646598.0,0.0
GODREJCP.NS,2025-07-21,1238.699951171875,1222.843505859375,625660.0,0.0
GODREJCP.NS,2025-07-22,1242.4000244140625,1226.496337890625,920681.0,0.0
GODREJCP.NS,2025-07-23,1232.5,1216.7230224609375,524821.0,0.0
GODREJCP.NS,2025-07-24,1224.4000244140625,1208.7266845703125,604864.0,0.0
GODREJCP.NS,2025-07-25,1217.0999755859375,1201.5201416015625,487767.0,0.0
GODREJCP.NS,2025-07-28,1215.0,1199.447021484375,1468450.0,0.0
GODREJCP.NS,2025-07-29,1210.5999755859375,1195.103271484375,789889.0,0.0
GODREJCP.NS,2025-07-30,1216.5999755859375,1201.026611328125,1893697.0,0.0
GODREJCP.NS,2025-07-31,1259.0,1242.8837890625,1600452.0,0.0
GODREJCP.NS,2025-08-01,1266.5,1250.2877197265625,1565728.0,0.0
GODREJCP.NS,2025-08-04,1249.4000244140625,1233.40673828125,1763667.0,0.0
GODREJCP.NS,2025-08-05,1219.4000244140625,1203.7906494140625,1442317.0,0.0
GODREJCP.NS,2025-08-06,1202.5999755859375,1187.2056884765625,1170361.0,0.0
GODREJCP.NS,2025-08-07,1220.0,1204.383056640625,1121402.0,0.0
GODREJCP.NS,2025-08-08,1186.0999755859375,1170.9168701171875,2018271.0,0.0
GODREJCP.NS,2025-08-11,1200.0,1184.6390380859375,940924.0,0.0
GODREJCP.NS,2025-08-12,1200.5,1185.132568359375,1119857.0,0.0
GODREJCP.NS,2025-08-13,1198.800048828125,1188.404052734375,886544.0,0.0
GODREJCP.NS,2025-08-14,1184.9000244140625,1174.62451171875,934906.0,0.0
GODREJCP.NS,2025-08-18,1208.9000244140625,1198.41650390625,1585452.0,0.0
GODREJCP.NS,2025-08-19,1218.699951171875,1208.13134765625,1149699.0,0.0
GODREJCP.NS,2025-08-20,1246.9000244140625,1236.0869140625,1010033.0,0.0
GODREJCP.NS,2025-08-21,1247.4000244140625,1236.5826416015625,1860416.0,0.0
GODREJCP.NS,2025-08-22,1257.199951171875,1246.2974853515625,1481336.0,0.0
GODREJCP.NS,2025-08-25,1261.699951171875,1250.758544921875,992053.0,0.0
GODREJCP.NS,2025-08-26,1258.5999755859375,1247.685302734375,1876432.0,0.0
GODREJCP.NS,2025-08-28,1250.5999755859375,1239.7547607421875,1711790.0,0.0
GODREJCP.NS,2025-08-29,1242.5999755859375,1231.82421875,1808734.0,0.0
GODREJCP.NS,2025-09-01,1256.800048828125,1245.9010009765625,1182160.0,0.0
GODREJCP.NS,2025-09-02,1283.800048828125,1272.6668701171875,1240114.0,0.0
GODREJCP.NS,2025-09-03,1275.5,1264.4388427734375,1560468.0,0.0
GODREJCP.NS,2025-09-04,1245.300048828125,1234.500732421875,2797394.0,0.0
GODREJCP.NS,2025-09-05,1231.5,1220.8204345703125,1501553.0,0.0
GODREJCP.NS,2025-09-08,1229.9000244140625,1219.234375,443869.0,0.0
GODREJCP.NS,2025-09-09,1244.9000244140625,1234.104248046875,959107.0,0.0
GODREJCP.NS,2025-09-10,1256.199951171875,1245.3062744140625,954046.0,0.0
GODREJCP.NS,2025-09-11,1266.5,1255.516845703125,1998029.0,0.0
GODREJCP.NS,2025-09-12,1249.699951171875,1238.862548828125,1708052.0,0.0
GODREJCP.NS,2025-09-15,1257.5999755859375,1246.694091796875,740947.0,0.0
GODREJCP.NS,2025-09-16,1229.4000244140625,1218.7386474609375,1294534.0,0.0
GODREJCP.NS,2025-09-17,1243.4000244140625,1232.6171875,1271749.0,0.0
GODREJCP.NS,2025-09-18,1238.4000244140625,1227.66064453125,1983386.0,0.0
GODREJCP.NS,2025-09-19,1238.9000244140625,1228.15625,914559.0,0.0
GODREJCP.NS,2025-09-22,1232.199951171875,1221.5142822265625,1092796.0,0.0
GODREJCP.NS,2025-09-23,1192.199951171875,1181.8612060546875,1902576.0,0.0
GODREJCP.NS,2025-09-24,1186.0,1175.7149658203125,1837893.0,0.0
GODREJCP.NS,2025-09-25,1189.199951171875,1178.88720703125,1908855.0,0.0
GODREJCP.NS,2025-09-26,1163.9000244140625,1153.806640625,1224351.0,0.0
GODREJCP.NS,2025-09-29,1177.5999755859375,1167.3878173828125,2461758.0,0.0
GODREJCP.NS,2025-09-30,1166.9000244140625,1156.78076171875,1684611.0,0.0
GODREJCP.NS,2025-10-01,1148.5999755859375,1138.6392822265625,1897357.0,0.0
GODREJCP.NS,2025-10-03,1149.0,1139.035888671875,686196.0,0.0
GODREJCP.NS,2025-10-06,1147.5999755859375,1137.64794921875,1339794.0,0.0
GODREJCP.NS,2025-10-07,1152.800048828125,1142.802978515625,990996.0,0.0
GODREJCP.NS,2025-10-08,1130.699951171875,1120.89453125,2397531.0,0.0
GODREJCP.NS,2025-10-09,1128.800048828125,1119.010986328125,2161078.0,0.0
GODREJCP.NS,2025-10-10,1129.800048828125,1120.00244140625,1721671.0,0.0
GODREJCP.NS,2025-10-13,1110.800048828125,1101.167236328125,1256718.0,0.0
GODREJCP.NS,2025-10-14,1101.4000244140625,1091.8486328125,1831340.0,0.0
GODREJCP.NS,2025-10-15,1110.5999755859375,1100.9688720703125,809694.0,0.0
GODREJCP.NS,2025-10-16,1120.0999755859375,1110.386474609375,1474182.0,0.0
GODREJCP.NS,2025-10-17,1132.199951171875,1122.3814697265625,903877.0,0.0
GODREJCP.NS,2025-10-20,1136.5,1126.6441650390625,1249233.0,0.0
GODREJCP.NS,2025-10-21,1133.800048828125,1123.9676513671875,88180.0,0.0
GODREJCP.NS,2025-10-23,1132.300048828125,1122.480712890625,2429490.0,0.0
GODREJCP.NS,2025-10-24,1130.4000244140625,1120.59716796875,1376917.0,0.0
GODREJCP.NS,2025-10-27,1124.699951171875,1114.946533203125,1544159.0,0.0
GODREJCP.NS,2025-10-28,1115.5,1105.826416015625,1725668.0,0.0
GODREJCP.NS,2025-10-29,1106.800048828125,1097.2017822265625,2535908.0,0.0
GODREJCP.NS,2025-10-30,1113.0999755859375,1103.4471435546875,1587968.0,0.0
GODREJCP.NS,2025-10-31,1118.5999755859375,1108.8994140625,1297881.0,0.0
GODREJCP.NS,2025-11-03,1178.5999755859375,1168.379150390625,4842181.0,0.0
GODREJCP.NS,2025-11-04,1163.4000244140625,1153.31103515625,1858002.0,0.0
GODREJCP.NS,2025-11-06,1146.0,1136.0618896484375,2222520.0,0.0
GODREJCP.NS,2025-11-07,1121.800048828125,1116.945068359375,1985895.0,0.0
GODREJCP.NS,2025-11-10,1126.699951171875,1121.82373046875,1046353.0,0.0
GODREJCP.NS,2025-11-11,1138.4000244140625,1133.47314453125,1406507.0,0.0
GODREJCP.NS,2025-11-12,1135.9000244140625,1130.9840087890625,901827.0,0.0
GODREJCP.NS,2025-11-13,1133.4000244140625,1128.4947509765625,1850071.0,0.0
GODREJCP.NS,2025-11-14,1146.5,1141.5380859375,2094535.0,0.0
GODREJCP.NS,2025-11-17,1152.300048828125,1147.31298828125,789222.0,0.0
GODREJCP.NS,2025-11-18,1142.0999755859375,1137.1571044921875,1655215.0,0.0
GODREJCP.NS,2025-11-19,1139.9000244140625,1134.9666748046875,1671330.0,0.0
GODREJCP.NS,2025-11-20,1127.300048828125,1122.4212646484375,1175797.0,0.0
GODREJCP.NS,2025-11-21,1125.199951171875,1120.3302001953125,4264238.0,0.0
GODREJCP.NS,2025-11-24,1111.4000244140625,1106.5899658203125,1732808.0,0.0
GODREJCP.NS,2025-11-25,1144.5,1139.5467529296875,3033523.0,0.0
GODREJCP.NS,2025-11-26,1154.199951171875,1149.2047119140625,1448380.0,0.0
GODREJCP.NS,2025-11-27,1144.5999755859375,1139.646240234375,1138374.0,0.0
GODREJCP.NS,2025-11-28,1145.5999755859375,1140.6419677734375,1513316.0,0.0
GODREJCP.NS,2025-12-01,1129.4000244140625,1124.5120849609375,766007.0,0.0
GODREJCP.NS,2025-12-02,1132.0999755859375,1127.2003173828125,678672.0,0.0
GODREJCP.NS,2025-12-03,1120.699951171875,1115.8497314453125,429245.0,0.0
GODREJCP.NS,2025-12-04,1132.5999755859375,1127.6982421875,455483.0,0.0
GODREJCP.NS,2025-12-05,1136.0,1131.08349609375,339262.0,0.0
GODREJCP.NS,2025-12-08,1121.5999755859375,1116.745849609375,790413.0,0.0
GODREJCP.NS,2025-12-09,1128.800048828125,1123.9146728515625,417028.0,0.0
GODREJCP.NS,2025-12-10,1130.5,1125.6072998046875,805545.0,0.0
GODREJCP.NS,2025-12-11,1147.9000244140625,1142.9320068359375,292217.0,0.0
GODREJCP.NS,2025-12-12,1153.800048828125,1148.8065185546875,966615.0,0.0
GODREJCP.NS,2025-12-15,1166.0999755859375,1161.05322265625,916589.0,0.0
GODREJCP.NS,2025-12-16,1182.4000244140625,1177.28271484375,2230112.0,0.0
GODREJCP.NS,2025-12-17,1179.699951171875,1174.5943603515625,929901.0,0.0
GODREJCP.NS,2025-12-18,1186.800048828125,1181.6636962890625,540181.0,0.0
GODREJCP.NS,2025-12-19,1186.199951171875,1181.066162109375,641297.0,0.0
GODREJCP.NS,2025-12-22,1185.4000244140625,1180.269775390625,338201.0,0.0
GODREJCP.NS,2025-12-23,1196.5,1191.3216552734375,655798.0,0.0
GODREJCP.NS,2025-12-24,1192.199951171875,1187.040283203125,393130.0,0.0
GODREJCP.NS,2025-12-26,1206.199951171875,1200.9796142578125,510416.0,0.0
GODREJCP.NS,2025-12-29,1206.300048828125,1201.079345703125,770670.0,0.0
GODREJCP.NS,2025-12-30,1212.199951171875,1206.9537353515625,1368744.0,0.0
GODREJCP.NS,2025-12-31,1222.199951171875,1216.910400390625,1360567.0,0.0
GODREJCP.NS,2026-01-01,1243.4000244140625,1238.0186767578125,644338.0,0.0
GODREJCP.NS,2026-01-02,1235.199951171875,1229.8541259765625,860507.0,0.0
GODREJCP.NS,2026-01-05,1244.300048828125,1238.914794921875,741943.0,0.0
GODREJCP.NS,2026-01-06,1254.0,1248.5728759765625,603708.0,0.0
GODREJCP.NS,2026-01-07,1247.699951171875,1242.300048828125,1553698.0,0.0
GODREJCP.NS,2026-01-08,1243.199951171875,1237.8194580078125,680283.0,0.0
GODREJCP.NS,2026-01-09,1229.5999755859375,1224.2784423828125,870444.0,0.0
GODREJCP.NS,2026-01-12,1236.199951171875,1230.849853515625,1078105.0,0.0
GODREJCP.NS,2026-01-13,1239.4000244140625,1234.0360107421875,774177.0,0.0
GODREJCP.NS,2026-01-14,1226.9000244140625,1221.590087890625,785823.0,0.0
GODREJCP.NS,2026-01-15,1226.9000244140625,1221.590087890625,0.0,0.0
GODREJCP.NS,2026-01-16,1236.9000244140625,1231.546875,895547.0,0.0
GODREJCP.NS,2026-01-19,1232.199951171875,1226.8670654296875,488514.0,0.0
GODREJCP.NS,2026-01-20,1234.300048828125,1228.9581298828125,1806384.0,0.0
GODREJCP.NS,2026-01-21,1222.5,1217.2091064453125,396761.0,0.0
GODREJCP.NS,2026-01-22,1246.0,1240.607421875,1010238.0,0.0
GODREJCP.NS,2026-01-23,1240.4000244140625,1235.03173828125,863131.0,0.0
GODREJCP.NS,2026-01-27,1173.9000244140625,1168.8194580078125,4434898.0,0.0
GODREJCP.NS,2026-01-28,1171.800048828125,1166.7286376953125,1360639.0,0.0
GODREJCP.NS,2026-01-29,1155.300048828125,1150.300048828125,1814669.0,0.0
GODREJCP.NS,2026-01-30,1154.0999755859375,1154.0999755859375,1816812.0,0.0
GODREJCP.NS,2026-02-02,1170.0999755859375,1170.0999755859375,1430428.0,0.0
GODREJCP.NS,2026-02-03,1146.4000244140625,1146.4000244140625,2098632.0,0.0
GODREJCP.NS,2026-02-04,1155.699951171875,1155.699951171875,2605761.0,0.0
GODREJCP.NS,2026-02-05,1170.199951171875,1170.199951171875,510890.0,0.0
GODREJCP.NS,2026-02-06,1181.800048828125,1181.800048828125,808406.0,0.0
GODREJCP.NS,2026-02-09,1197.699951171875,1197.699951171875,2516858.0,0.0
GODREJCP.NS,2026-02-10,1206.5999755859375,1206.5999755859375,581843.0,0.0
GODREJCP.NS,2026-02-11,1208.5999755859375,1208.5999755859375,638568.0,0.0
HAVELLS.NS,2025-02-11,1548.550048828125,1537.91455078125,566945.0,0.0
HAVELLS.NS,2025-02-12,1528.949951171875,1518.4490966796875,289847.0,0.0
HAVELLS.NS,2025-02-13,1522.550048828125,1512.0931396484375,598449.0,0.0
HAVELLS.NS,2025-02-14,1498.25,1487.9600830078125,896376.0,0.0
HAVELLS.NS,2025-02-17,1532.550048828125,1522.0244140625,473270.0,0.0
HAVELLS.NS,2025-02-18,1510.949951171875,1500.57275390625,773114.0,0.0
HAVELLS.NS,2025-02-19,1515.6500244140625,1505.2406005859375,904580.0,0.0
HAVELLS.NS,2025-02-20,1528.550048828125,1518.052001953125,941417.0,0.0
HAVELLS.NS,2025-02-21,1520.300048828125,1509.858642578125,393223.0,0.0
HAVELLS.NS,2025-02-24,1522.8499755859375,1512.39111328125,570593.0,0.0
HAVELLS.NS,2025-02-25,1547.9000244140625,1537.26904296875,550271.0,0.0
HAVELLS.NS,2025-02-27,1451.25,1441.28271484375,6037735.0,0.0
HAVELLS.NS,2025-02-28,1421.800048828125,1412.0350341796875,1845171.0,0.0
HAVELLS.NS,2025-03-03,1429.300048828125,1419.483642578125,1035355.0,0.0
HAVELLS.NS,2025-03-04,1407.0999755859375,1397.43603515625,710232.0,0.0
HAVELLS.NS,2025-03-05,1443.199951171875,1433.2880859375,768353.0,0.0
HAVELLS.NS,2025-03-06,1450.75,1440.7862548828125,1036317.0,0.0
HAVELLS.NS,2025-03-07,1460.550048828125,1450.51904296875,527443.0,0.0
HAVELLS.NS,2025-03-10,1469.0999755859375,1459.0101318359375,1125377.0,0.0
HAVELLS.NS,2025-03-11,1470.050048828125,1459.9537353515625,494941.0,0.0
HAVELLS.NS,2025-03-12,1480.050048828125,1469.8851318359375,722230.0,0.0
HAVELLS.NS,2025-03-13,1458.6500244140625,1448.6319580078125,964862.0,0.0
HAVELLS.NS,2025-03-17,1462.1500244140625,1452.10791015625,723248.0,0.0
HAVELLS.NS,2025-03-18,1462.1500244140625,1452.10791015625,0.0,0.0
HAVELLS.NS,2025-03-19,1557.949951171875,1547.2498779296875,1120632.0,0.0
HAVELLS.NS,2025-03-20,1501.3499755859375,1491.0386962890625,3969488.0,0.0
HAVELLS.NS,2025-03-21,1480.800048828125,1470.6298828125,2203224.0,0.0
HAVELLS.NS,2025-03-24,1483.199951171875,1473.0133056640625,1347968.0,0.0
HAVELLS.NS,2025-03-25,1477.25,1467.104248046875,1302829.0,0.0
HAVELLS.NS,2025-03-26,1493.0,1482.7459716796875,1027318.0,0.0
HAVELLS.NS,2025-03-27,1515.3499755859375,1504.9425048828125,1077299.0,0.0
HAVELLS.NS,2025-03-28,1528.9000244140625,1518.3995361328125,751781.0,0.0
HAVELLS.NS,2025-04-01,1501.300048828125,1490.9891357421875,723671.0,0.0
HAVELLS.NS,2025-04-02,1510.449951171875,1500.076171875,802612.0,0.0
HAVELLS.NS,2025-04-03,1518.699951171875,1508.26953125,452802.0,0.0
HAVELLS.NS,2025-04-04,1469.25,1459.1591796875,753027.0,0.0
HAVELLS.NS,2025-04-07,1456.0999755859375,1446.0994873046875,857804.0,0.0
HAVELLS.NS,2025-04-08,1463.1500244140625,1453.10107421875,1232475.0,0.0
HAVELLS.NS,2025-04-09,1469.699951171875,1459.60595703125,441153.0,0.0
HAVELLS.NS,2025-04-11,1532.8499755859375,1522.3223876953125,1019197.0,0.0
HAVELLS.NS,2025-04-15,1571.699951171875,1560.905517578125,1878333.0,0.0
HAVELLS.NS,2025-04-16,1613.9000244140625,1602.8157958984375,1102376.0,0.0
HAVELLS.NS,2025-04-17,1638.5,1627.246826171875,1468556.0,0.0
HAVELLS.NS,2025-04-21,1647.199951171875,1635.886962890625,917439.0,0.0
HAVELLS.NS,2025-04-22,1664.699951171875,1653.266845703125,926695.0,0.0
HAVELLS.NS,2025-04-23,1612.0,1600.9287109375,4912430.0,0.0
HAVELLS.NS,2025-04-24,1604.5999755859375,1593.5794677734375,1594861.0,0.0
HAVELLS.NS,2025-04-25,1599.800048828125,1588.8126220703125,2010475.0,0.0
HAVELLS.NS,2025-04-28,1609.5999755859375,1598.5452880859375,770118.0,0.0
HAVELLS.NS,2025-04-29,1622.800048828125,1611.6546630859375,895483.0,0.0
HAVELLS.NS,2025-04-30,1601.0,1590.0042724609375,911924.0,0.0
HAVELLS.NS,2025-05-02,1561.5999755859375,1550.8748779296875,1112942.0,0.0
HAVELLS.NS,2025-05-05,1582.300048828125,1571.4327392578125,672439.0,0.0
HAVELLS.NS,2025-05-06,1580.4000244140625,1569.5458984375,723699.0,0.0
HAVELLS.NS,2025-05-07,1579.0999755859375,1568.2547607421875,343957.0,0.0
HAVELLS.NS,2025-05-08,1537.199951171875,1526.6424560546875,801061.0,0.0
HAVELLS.NS,2025-05-09,1548.300048828125,1537.666259765625,743978.0,0.0
HAVELLS.NS,2025-05-12,1583.0999755859375,1572.2271728515625,570891.0,0.0
HAVELLS.NS,2025-05-13,1593.9000244140625,1582.953125,735186.0,0.0
HAVELLS.NS,2025-05-14,1598.199951171875,1587.2235107421875,723943.0,0.0
HAVELLS.NS,2025-05-15,1593.199951171875,1582.2578125,963117.0,0.0
HAVELLS.NS,2025-05-16,1577.4000244140625,1566.56640625,1795856.0,0.0
HAVELLS.NS,2025-05-19,1585.0,1574.1141357421875,1325871.0,0.0
HAVELLS.NS,2025-05-20,1559.800048828125,1549.0872802734375,1597769.0,0.0
HAVELLS.NS,2025-05-21,1577.199951171875,1566.36767578125,662434.0,0.0
HAVELLS.NS,2025-05-22,1566.4000244140625,1555.6419677734375,619942.0,0.0
HAVELLS.NS,2025-05-23,1573.5999755859375,1568.8016357421875,701082.0,0.0
HAVELLS.NS,2025-05-26,1567.4000244140625,1562.62060546875,566200.0,0.0
HAVELLS.NS,2025-05-27,1572.800048828125,1568.004150390625,787007.0,0.0
HAVELLS.NS,2025-05-28,1548.800048828125,1544.077392578125,1504866.0,0.0
HAVELLS.NS,2025-05-29,1550.699951171875,1545.971435546875,282508.0,0.0
HAVELLS.NS,2025-05-30,1527.0,1522.34375,1067726.0,0.0
HAVELLS.NS,2025-06-02,1514.800048828125,1510.1810302734375,543472.0,0.0
HAVELLS.NS,2025-06-03,1502.300048828125,1497.7191162109375,1180380.0,0.0
HAVELLS.NS,2025-06-04,1500.0,1495.4261474609375,656425.0,0.0
HAVELLS.NS,2025-06-05,1488.0,1483.4627685546875,1934068.0,0.0
HAVELLS.NS,2025-06-06,1523.199951171875,1518.5552978515625,707150.0,0.0
HAVELLS.NS,2025-06-09,1543.800048828125,1539.0926513671875,616827.0,0.0
HAVELLS.NS,2025-06-10,1569.5999755859375,1564.8138427734375,1021695.0,0.0
HAVELLS.NS,2025-06-11,1579.0999755859375,1574.284912109375,656673.0,0.0
HAVELLS.NS,2025-06-12,1556.800048828125,1552.052978515625,819293.0,0.0
HAVELLS.NS,2025-06-13,1541.0999755859375,1536.4007568359375,711058.0,0.0
HAVELLS.NS,2025-06-16,1553.0999755859375,1548.3641357421875,428063.0,0.0
HAVELLS.NS,2025-06-17,1528.5999755859375,1523.9388427734375,870615.0,0.0
HAVELLS.NS,2025-06-18,1535.699951171875,1531.0172119140625,253794.0,0.0
HAVELLS.NS,2025-06-19,1518.300048828125,1513.67041015625,329625.0,0.0
HAVELLS.NS,2025-06-20,1533.5,1528.823974609375,1032126.0,0.0
HAVELLS.NS,2025-06-23,1563.0999755859375,1558.333740234375,661255.0,0.0
HAVELLS.NS,2025-06-24,1573.300048828125,1568.502685546875,1138399.0,0.0
HAVELLS.NS,2025-06-25,1569.300048828125,1564.514892578125,1082601.0,0.0
HAVELLS.NS,2025-06-26,1574.0,1569.200439453125,1376736.0,0.0
HAVELLS.NS,2025-06-27,1566.800048828125,1562.0224609375,1884791.0,0.0
HAVELLS.NS,2025-06-30,1551.0999755859375,1546.3702392578125,1565123.0,0.0
HAVELLS.NS,2025-07-01,1547.9000244140625,1543.1800537109375,662726.0,0.0
HAVELLS.NS,2025-07-02,1550.5,1545.7720947265625,580598.0,0.0
HAVELLS.NS,2025-07-03,1572.5999755859375,1567.8046875,1087139.0,0.0
HAVELLS.NS,2025-07-04,1577.5999755859375,1572.7894287109375,639702.0,0.0
HAVELLS.NS,2025-07-07,1537.5999755859375,1532.9114990234375,1114712.0,0.0
HAVELLS.NS,2025-07-08,1532.0999755859375,1527.42822265625,890061.0,0.0
HAVELLS.NS,2025-07-09,1523.699951171875,1519.0538330078125,888113.0,0.0
HAVELLS.NS,2025-07-10,1529.699951171875,1525.0355224609375,736380.0,0.0
HAVELLS.NS,2025-07-11,1527.800048828125,1523.141357421875,1687155.0,0.0
HAVELLS.NS,2025-07-14,1526.4000244140625,1521.74560546875,981425.0,0.0
HAVELLS.NS,2025-07-15,1538.0,1533.310302734375,705444.0,0.0
HAVELLS.NS,2025-07-16,1525.0,1520.349853515625,755182.0,0.0
HAVELLS.NS,2025-07-17,1532.5999755859375,1527.9266357421875,1502245.0,0.0
HAVELLS.NS,2025-07-18,1518.5,1513.8697509765625,1342857.0,0.0
HAVELLS.NS,2025-07-21,1531.5999755859375,1526.9296875,847973.0,0.0
HAVELLS.NS,2025-07-22,1578.5999755859375,1573.786376953125,5086878.0,0.0
HAVELLS.NS,2025-07-23,1572.699951171875,1567.9044189453125,1664830.0,0.0
HAVELLS.NS,2025-07-24,1552.199951171875,1547.4669189453125,935752.0,0.0
HAVELLS.NS,2025-07-25,1523.5999755859375,1518.9541015625,942201.0,0.0
HAVELLS.NS,2025-07-28,1507.800048828125,1503.202392578125,756595.0,0.0
HAVELLS.NS,2025-07-29,1510.300048828125,1505.6947021484375,728746.0,0.0
HAVELLS.NS,2025-07-30,1528.0,1523.3406982421875,704672.0,0.0
HAVELLS.NS,2025-07-31,1500.5999755859375,1496.0242919921875,705250.0,0.0
HAVELLS.NS,2025-08-01,1482.5999755859375,1478.0791015625,721140.0,0.0
HAVELLS.NS,2025-08-04,1508.5999755859375,1503.9998779296875,418757.0,0.0
HAVELLS.NS,2025-08-05,1502.800048828125,1498.2176513671875,494352.0,0.0
HAVELLS.NS,2025-08-06,1488.699951171875,1484.1605224609375,881779.0,0.0
HAVELLS.NS,2025-08-07,1494.699951171875,1490.1422119140625,822755.0,0.0
HAVELLS.NS,2025-08-08,1491.5999755859375,1487.0517578125,716786.0,0.0
HAVELLS.NS,2025-08-11,1474.199951171875,1469.7047119140625,1445173.0,0.0
HAVELLS.NS,2025-08-12,1464.800048828125,1460.33349609375,1076222.0,0.0
HAVELLS.NS,2025-08-13,1465.9000244140625,1461.43017578125,557221.0,0.0
HAVELLS.NS,2025-08-14,1479.199951171875,1474.689453125,861774.0,0.0
HAVELLS.NS,2025-08-18,1552.5999755859375,1547.86572265625,1496208.0,0.0
HAVELLS.NS,2025-08-19,1570.0,1565.212646484375,604629.0,0.0
HAVELLS.NS,2025-08-20,1567.9000244140625,1563.119140625,643628.0,0.0
HAVELLS.NS,2025-08-21,1553.5999755859375,1548.8626708984375,442684.0,0.0
HAVELLS.NS,2025-08-22,1556.0,1551.25537109375,457314.0,0.0
HAVELLS.NS,2025-08-25,1562.0,1557.237060546875,586960.0,0.0
HAVELLS.NS,2025-08-26,1517.9000244140625,1513.2716064453125,4779697.0,0.0
HAVELLS.NS,2025-08-28,1519.4000244140625,1514.7669677734375,655530.0,0.0
HAVELLS.NS,2025-08-29,1525.5999755859375,1520.947998046875,1112664.0,0.0
HAVELLS.NS,2025-09-01,1574.199951171875,1569.3997802734375,897681.0,0.0
HAVELLS.NS,2025-09-02,1582.800048828125,1577.9736328125,1448767.0,0.0
HAVELLS.NS,2025-09-03,1566.0999755859375,1561.3245849609375,795321.0,0.0
HAVELLS.NS,2025-09-04,1584.699951171875,1579.8677978515625,937677.0,0.0
HAVELLS.NS,2025-09-05,1582.5,1577.674560546875,463270.0,0.0
HAVELLS.NS,2025-09-08,1579.199951171875,1574.384521484375,606915.0,0.0
HAVELLS.NS,2025-09-09,1587.0999755859375,1582.260498046875,417622.0,0.0
HAVELLS.NS,2025-09-10,1575.4000244140625,1570.59619140625,458241.0,0.0
HAVELLS.NS,2025-09-11,1574.4000244140625,1569.5992431640625,580706.0,0.0
HAVELLS.NS,2025-09-12,1572.5999755859375,1567.8046875,428195.0,0.0
HAVELLS.NS,2025-09-15,1595.199951171875,1590.3358154296875,506002.0,0.0
HAVELLS.NS,2025-09-16,1614.800048828125,1609.8760986328125,833915.0,0.0
HAVELLS.NS,2025-09-17,1593.5,1588.6409912109375,719829.0,0.0
HAVELLS.NS,2025-09-18,1594.300048828125,1589.4385986328125,940785.0,0.0
HAVELLS.NS,2025-09-19,1590.800048828125,1585.9493408203125,551120.0,0.0
HAVELLS.NS,2025-09-22,1581.300048828125,1576.478271484375,396646.0,0.0
HAVELLS.NS,2025-09-23,1572.300048828125,1567.5057373046875,436090.0,0.0
HAVELLS.NS,2025-09-24,1544.5,1539.7904052734375,732959.0,0.0
HAVELLS.NS,2025-09-25,1539.5999755859375,1534.9053955078125,727426.0,0.0
HAVELLS.NS,2025-09-26,1507.4000244140625,1502.8035888671875,953494.0,0.0
HAVELLS.NS,2025-09-29,1505.199951171875,1500.6102294921875,794772.0,0.0
HAVELLS.NS,2025-09-30,1502.0,1497.4200439453125,853021.0,0.0
HAVELLS.NS,2025-10-01,1485.199951171875,1480.671142578125,786430.0,0.0
HAVELLS.NS,2025-10-03,1488.0999755859375,1483.5623779296875,1019221.0,0.0
HAVELLS.NS,2025-10-06,1497.699951171875,1493.133056640625,499550.0,0.0
HAVELLS.NS,2025-10-07,1502.300048828125,1497.7191162109375,615736.0,0.0
HAVELLS.NS,2025-10-08,1503.5,1498.9154052734375,416913.0,0.0
HAVELLS.NS,2025-10-09,1485.800048828125,1481.2694091796875,561521.0,0.0
HAVELLS.NS,2025-10-10,1495.9000244140625,1491.338623046875,817076.0,0.0
HAVELLS.NS,2025-10-13,1473.0999755859375,1468.608154296875,720965.0,0.0
HAVELLS.NS,2025-10-14,1449.0999755859375,1444.6812744140625,1392203.0,0.0
HAVELLS.NS,2025-10-15,1464.199951171875,1459.7352294921875,794127.0,0.0
HAVELLS.NS,2025-10-16,1475.800048828125,1471.2999267578125,1288100.0,0.0
HAVELLS.NS,2025-10-17,1491.5,1486.9520263671875,905801.0,0.0
HAVELLS.NS,2025-10-20,1485.4000244140625,1480.87060546875,1277994.0,0.0
HAVELLS.NS,2025-10-21,1484.0999755859375,1479.5745849609375,72699.0,0.0
HAVELLS.NS,2025-10-23,1496.4000244140625,1491.837158203125,1050285.0,0.0
HAVELLS.NS,2025-10-24,1494.9000244140625,1490.3416748046875,1009492.0,0.0
HAVELLS.NS,2025-10-27,1492.5999755859375,1488.0487060546875,589156.0,0.0
HAVELLS.NS,2025-10-28,1480.5999755859375,1476.085205078125,954761.0,0.0
HAVELLS.NS,2025-10-29,1509.4000244140625,1504.7974853515625,625897.0,0.0
HAVELLS.NS,2025-10-30,1506.300048828125,1501.7069091796875,644881.0,0.0
HAVELLS.NS,2025-10-31,1493.9000244140625,1489.3447265625,1154138.0,0.0
HAVELLS.NS,2025-11-03,1497.300048828125,1492.734375,349232.0,0.0
HAVELLS.NS,2025-11-04,1486.4000244140625,1481.8675537109375,776103.0,0.0
HAVELLS.NS,2025-11-06,1442.300048828125,1437.902099609375,1209100.0,0.0
HAVELLS.NS,2025-11-07,1448.5,1444.0831298828125,586545.0,0.0
HAVELLS.NS,2025-11-10,1457.699951171875,1453.2550048828125,944575.0,0.0
HAVELLS.NS,2025-11-11,1443.5999755859375,1439.1981201171875,613786.0,0.0
HAVELLS.NS,2025-11-12,1458.0,1453.55419921875,430648.0,0.0
HAVELLS.NS,2025-11-13,1466.0999755859375,1461.6295166015625,392270.0,0.0
HAVELLS.NS,2025-11-14,1469.4000244140625,1464.91943359375,247053.0,0.0
HAVELLS.NS,2025-11-17,1480.4000244140625,1475.8858642578125,545878.0,0.0
HAVELLS.NS,2025-11-18,1468.0,1463.523681640625,708532.0,0.0
HAVELLS.NS,2025-11-19,1440.4000244140625,1436.0079345703125,1021976.0,0.0
HAVELLS.NS,2025-11-20,1448.5,1444.0831298828125,650084.0,0.0
HAVELLS.NS,2025-11-21,1441.0999755859375,1436.7056884765625,978674.0,0.0
HAVELLS.NS,2025-11-24,1424.5999755859375,1420.2559814453125,1766273.0,0.0
HAVELLS.NS,2025-11-25,1419.4000244140625,1415.0718994140625,773716.0,0.0
HAVELLS.NS,2025-11-26,1439.800048828125,1435.4097900390625,609827.0,0.0
HAVELLS.NS,2025-11-27,1434.5999755859375,1430.2254638671875,578302.0,0.0
HAVELLS.NS,2025-11-28,1441.9000244140625,1437.5032958984375,574515.0,0.0
HAVELLS.NS,2025-12-01,1435.300048828125,1430.9234619140625,418134.0,0.0
HAVELLS.NS,2025-12-02,1422.5,1418.1624755859375,529711.0,0.0
HAVELLS.NS,2025-12-03,1420.5999755859375,1416.2681884765625,501288.0,0.0
HAVELLS.NS,2025-12-04,1433.5,1429.12890625,360610.0,0.0
HAVELLS.NS,2025-12-05,1436.5,1432.1197509765625,440018.0,0.0
HAVELLS.NS,2025-12-08,1407.300048828125,1403.0087890625,642925.0,0.0
HAVELLS.NS,2025-12-09,1419.800048828125,1415.470703125,730475.0,0.0
HAVELLS.NS,2025-12-10,1389.9000244140625,1385.661865234375,806272.0,0.0
HAVELLS.NS,2025-12-11,1402.4000244140625,1398.123779296875,707388.0,0.0
HAVELLS.NS,2025-12-12,1409.5999755859375,1405.3017578125,430872.0,0.0
HAVELLS.NS,2025-12-15,1412.300048828125,1407.9935302734375,732814.0,0.0
HAVELLS.NS,2025-12-16,1412.0,1407.6944580078125,298684.0,0.0
HAVELLS.NS,2025-12-17,1397.0,1392.740234375,348931.0,0.0
HAVELLS.NS,2025-12-18,1401.199951171875,1396.9273681640625,223572.0,0.0
HAVELLS.NS,2025-12-19,1416.9000244140625,1412.57958984375,705789.0,0.0
HAVELLS.NS,2025-12-22,1431.199951171875,1426.8358154296875,479639.0,0.0
HAVELLS.NS,2025-12-23,1426.800048828125,1422.4493408203125,274659.0,0.0
HAVELLS.NS,2025-12-24,1424.4000244140625,1420.056640625,661762.0,0.0
HAVELLS.NS,2025-12-26,1418.199951171875,1413.87548828125,217465.0,0.0
HAVELLS.NS,2025-12-29,1415.199951171875,1410.8846435546875,235094.0,0.0
HAVELLS.NS,2025-12-30,1413.0,1408.69140625,466114.0,0.0
HAVELLS.NS,2025-12-31,1424.9000244140625,1420.55517578125,217229.0,0.0
HAVELLS.NS,2026-01-01,1417.5,1413.177734375,320747.0,0.0
HAVELLS.NS,2026-01-02,1439.9000244140625,1435.5093994140625,256390.0,0.0
HAVELLS.NS,2026-01-05,1451.4000244140625,1446.974365234375,454648.0,0.0
HAVELLS.NS,2026-01-06,1501.699951171875,1497.120849609375,1346661.0,0.0
HAVELLS.NS,2026-01-07,1496.199951171875,1491.6376953125,421633.0,0.0
HAVELLS.NS,2026-01-08,1483.699951171875,1479.17578125,761222.0,0.0
HAVELLS.NS,2026-01-09,1464.9000244140625,1460.4332275390625,1297815.0,0.0
HAVELLS.NS,2026-01-12,1450.4000244140625,1445.9774169921875,1832938.0,0.0
HAVELLS.NS,2026-01-13,1431.699951171875,1427.3343505859375,684472.0,0.0
HAVELLS.NS,2026-01-14,1437.0999755859375,1432.7178955078125,788769.0,0.0
HAVELLS.NS,2026-01-15,1437.0999755859375,1432.7178955078125,0.0,0.0
HAVELLS.NS,2026-01-16,1426.0999755859375,1421.75146484375,406281.0,0.0
HAVELLS.NS,2026-01-19,1447.0999755859375,1442.6873779296875,1337059.0,0.0
HAVELLS.NS,2026-01-20,1346.300048828125,1342.19482421875,4182464.0,0.0
HAVELLS.NS,2026-01-21,1316.0,1311.9871826171875,2232518.0,0.0
HAVELLS.NS,2026-01-22,1311.800048828125,1307.800048828125,808021.0,0.0
HAVELLS.NS,2026-01-23,1287.0,1287.0,783770.0,0.0
HAVELLS.NS,2026-01-27,1288.9000244140625,1288.9000244140625,1086332.0,0.0
HAVELLS.NS,2026-01-28,1286.800048828125,1286.800048828125,802524.0,0.0
HAVELLS.NS,2026-01-29,1273.9000244140625,1273.9000244140625,1124235.0,0.0
HAVELLS.NS,2026-01-30,1285.0,1285.0,2002060.0,0.0
HAVELLS.NS,2026-02-02,1278.5,1278.5,823663.0,0.0
HAVELLS.NS,2026-02-03,1318.0,1318.0,1080071.0,0.0
HAVELLS.NS,2026-02-04,1344.199951171875,1344.199951171875,410223.0,0.0
HAVELLS.NS,2026-02-05,1350.199951171875,1350.199951171875,392787.0,0.0
HAVELLS.NS,2026-02-06,1355.0,1355.0,417229.0,0.0
HAVELLS.NS,2026-02-09,1371.9000244140625,1371.9000244140625,482069.0,0.0
HAVELLS.NS,2026-02-10,1373.0999755859375,1373.0999755859375,418360.0,0.0
HAVELLS.NS,2026-02-11,1383.800048828125,1383.800048828125,472507.0,0.0
HAL.NS,2025-02-11,3649.449951171875,3611.037353515625,1551384.0,0.0
HAL.NS,2025-02-12,3594.14990234375,3556.3193359375,3099846.0,0.0
HAL.NS,2025-02-13,3660.300048828125,3621.773193359375,2224171.0,0.0
HAL.NS,2025-02-14,3513.699951171875,3476.71630859375,2355500.0,0.0
HAL.NS,2025-02-17,3475.699951171875,3439.1162109375,1606401.0,0.0
HAL.NS,2025-02-18,3344.60009765625,3333.37255859375,2310841.0,0.0
HAL.NS,2025-02-19,3363.75,3352.4580078125,2689414.0,0.0
HAL.NS,2025-02-20,3408.550048828125,3397.107666015625,1492723.0,0.0
HAL.NS,2025-02-21,3368.5,3357.192138671875,1456123.0,0.0
HAL.NS,2025-02-24,3350.39990234375,3339.15283203125,1026035.0,0.0
HAL.NS,2025-02-25,3287.39990234375,3276.3642578125,1135200.0,0.0
HAL.NS,2025-02-27,3242.64990234375,3231.7646484375,1573040.0,0.0
HAL.NS,2025-02-28,3088.199951171875,3077.8330078125,2413864.0,0.0
HAL.NS,2025-03-03,3187.050048828125,3176.351318359375,2306313.0,0.0
HAL.NS,2025-03-04,3311.14990234375,3300.03466796875,2598027.0,0.0
HAL.NS,2025-03-05,3424.5,3413.004150390625,1884731.0,0.0
HAL.NS,2025-03-06,3417.699951171875,3406.22705078125,1331348.0,0.0
HAL.NS,2025-03-07,3452.050048828125,3440.461669921875,1732838.0,0.0
HAL.NS,2025-03-10,3417.89990234375,3406.42626953125,2150456.0,0.0
HAL.NS,2025-03-11,3459.85009765625,3448.235595703125,1502808.0,0.0
HAL.NS,2025-03-12,3415.39990234375,3403.9345703125,1076349.0,0.0
HAL.NS,2025-03-13,3396.14990234375,3384.749267578125,1229721.0,0.0
HAL.NS,2025-03-17,3439.89990234375,3428.352294921875,1130061.0,0.0
HAL.NS,2025-03-18,3439.89990234375,3428.352294921875,0.0,0.0
HAL.NS,2025-03-19,3740.64990234375,3728.0927734375,2913829.0,0.0
HAL.NS,2025-03-20,3818.949951171875,3806.1298828125,2956442.0,0.0
HAL.NS,2025-03-21,3891.25,3878.187255859375,3311452.0,0.0
HAL.NS,2025-03-24,4129.7998046875,4115.9365234375,4251655.0,0.0
HAL.NS,2025-03-25,4012.449951171875,3998.98046875,3634045.0,0.0
HAL.NS,2025-03-26,4128.2998046875,4114.44140625,4882801.0,0.0
HAL.NS,2025-03-27,4160.9501953125,4146.98193359375,2966370.0,0.0
HAL.NS,2025-03-28,4177.4501953125,4163.4267578125,3295702.0,0.0
HAL.NS,2025-04-01,4223.7001953125,4209.521484375,6632420.0,0.0
HAL.NS,2025-04-02,4234.39990234375,4220.185546875,2520516.0,0.0
HAL.NS,2025-04-03,4319.2001953125,4304.70068359375,2369383.0,0.0
HAL.NS,2025-04-04,4239.10009765625,4224.86962890625,2499556.0,0.0
HAL.NS,2025-04-07,4008.199951171875,3994.74462890625,3022372.0,0.0
HAL.NS,2025-04-08,4041.949951171875,4028.38134765625,2071394.0,0.0
HAL.NS,2025-04-09,4030.699951171875,4017.169189453125,1585051.0,0.0
HAL.NS,2025-04-11,4107.2001953125,4093.41259765625,1518828.0,0.0
HAL.NS,2025-04-15,4206.10009765625,4191.98046875,1572706.0,0.0
HAL.NS,2025-04-16,4209.2001953125,4195.0703125,1487536.0,0.0
HAL.NS,2025-04-17,4220.39990234375,4206.232421875,1216496.0,0.0
HAL.NS,2025-04-21,4309.10009765625,4294.634765625,1508314.0,0.0
HAL.NS,2025-04-22,4286.0,4271.6123046875,1224641.0,0.0
HAL.NS,2025-04-23,4307.0,4292.54150390625,1803742.0,0.0
HAL.NS,2025-04-24,4300.0,4285.5654296875,1554043.0,0.0
HAL.NS,2025-04-25,4196.39990234375,4182.31298828125,2298293.0,0.0
HAL.NS,2025-04-28,4426.2998046875,4411.44091796875,4014638.0,0.0
HAL.NS,2025-04-29,4609.2998046875,4593.82666015625,5185900.0,0.0
HAL.NS,2025-04-30,4487.89990234375,4472.83447265625,2513611.0,0.0
HAL.NS,2025-05-02,4484.2998046875,4469.24609375,1735022.0,0.0
HAL.NS,2025-05-05,4590.7998046875,4575.388671875,1497722.0,0.0
HAL.NS,2025-05-06,4507.5,4492.36865234375,2269493.0,0.0
HAL.NS,2025-05-07,4470.2998046875,4455.29345703125,2829729.0,0.0
HAL.NS,2025-05-08,4422.89990234375,4408.052734375,2292121.0,0.0
HAL.NS,2025-05-09,4501.2001953125,4486.08984375,3536326.0,0.0
HAL.NS,2025-05-12,4439.7001953125,4424.79638671875,4022655.0,0.0
HAL.NS,2025-05-13,4609.7998046875,4594.3251953125,4339805.0,0.0
HAL.NS,2025-05-14,4768.0,4751.994140625,8438062.0,0.0
HAL.NS,2025-05-15,4864.7998046875,4848.46923828125,4873995.0,0.0
HAL.NS,2025-05-16,5127.7001953125,5110.48681640625,6753397.0,0.0
HAL.NS,2025-05-19,5016.2998046875,4999.46044921875,4803284.0,0.0
HAL.NS,2025-05-20,4851.2998046875,4835.01416015625,3939528.0,0.0
HAL.NS,2025-05-21,5001.10009765625,4984.3115234375,3488551.0,0.0
HAL.NS,2025-05-22,5040.0,5023.0810546875,2323924.0,0.0
HAL.NS,2025-05-23,4961.60009765625,4944.9443359375,2318665.0,0.0
HAL.NS,2025-05-26,5003.2001953125,4986.40478515625,1593646.0,0.0
HAL.NS,2025-05-27,5029.10009765625,5012.2177734375,2490282.0,0.0
HAL.NS,2025-05-28,5017.7998046875,5000.95556640625,1273825.0,0.0
HAL.NS,2025-05-29,5000.7001953125,4983.9130859375,1401179.0,0.0
HAL.NS,2025-05-30,4974.10009765625,4957.40234375,1852727.0,0.0
HAL.NS,2025-06-02,5017.10009765625,5000.2578125,1084257.0,0.0
HAL.NS,2025-06-03,4989.2001953125,4972.45166015625,1164102.0,0.0
HAL.NS,2025-06-04,4959.7998046875,4943.14990234375,2172800.0,0.0
HAL.NS,2025-06-05,5071.60009765625,5054.5751953125,2465458.0,0.0
HAL.NS,2025-06-06,4989.2998046875,4972.55126953125,2141012.0,0.0
HAL.NS,2025-06-09,5008.60009765625,4991.78662109375,1054807.0,0.0
HAL.NS,2025-06-10,5112.10009765625,5094.93896484375,3023426.0,0.0
HAL.NS,2025-06-11,5039.7998046875,5022.88134765625,1759168.0,0.0
HAL.NS,2025-06-12,4956.0,4939.36328125,1248236.0,0.0
HAL.NS,2025-06-13,5026.0,5009.1279296875,2521739.0,0.0
HAL.NS,2025-06-16,5063.7001953125,5046.70166015625,1615417.0,0.0
HAL.NS,2025-06-17,5047.2998046875,5030.3564453125,1692373.0,0.0
HAL.NS,2025-06-18,4994.0,4977.2353515625,1044099.0,0.0
HAL.NS,2025-06-19,4902.2998046875,4885.84326171875,1743152.0,0.0
HAL.NS,2025-06-20,4973.10009765625,4956.40576171875,1902384.0,0.0
HAL.NS,2025-06-23,5028.2001953125,5011.32080078125,1864791.0,0.0
HAL.NS,2025-06-24,4886.5,4870.09619140625,2435417.0,0.0
HAL.NS,2025-06-25,4792.7001953125,4776.611328125,2084409.0,0.0
HAL.NS,2025-06-26,4817.10009765625,4800.92919921875,1293102.0,0.0
HAL.NS,2025-06-27,4897.89990234375,4881.4580078125,1454498.0,0.0
HAL.NS,2025-06-30,4869.7998046875,4853.4521484375,985412.0,0.0
HAL.NS,2025-07-01,4912.2001953125,4895.71044921875,1332940.0,0.0
HAL.NS,2025-07-02,4898.2998046875,4881.8564453125,819887.0,0.0
HAL.NS,2025-07-03,4931.2001953125,4914.646484375,1120740.0,0.0
HAL.NS,2025-07-04,4993.2001953125,4976.4384765625,1700709.0,0.0
HAL.NS,2025-07-07,5012.60009765625,4995.77294921875,967116.0,0.0
HAL.NS,2025-07-08,5002.5,4985.70703125,940950.0,0.0
HAL.NS,2025-07-09,5007.39990234375,4990.59033203125,750110.0,0.0
HAL.NS,2025-07-10,4915.60009765625,4899.0986328125,1330883.0,0.0
HAL.NS,2025-07-11,4866.10009765625,4849.76513671875,1091444.0,0.0
HAL.NS,2025-07-14,4886.2001953125,4869.79736328125,831409.0,0.0
HAL.NS,2025-07-15,4896.7998046875,4880.36181640625,753058.0,0.0
HAL.NS,2025-07-16,4871.60009765625,4855.24658203125,571414.0,0.0
HAL.NS,2025-07-17,4789.2998046875,4773.22265625,886157.0,0.0
HAL.NS,2025-07-18,4651.7001953125,4636.0849609375,1677004.0,0.0
HAL.NS,2025-07-21,4751.0,4735.05126953125,1126412.0,0.0
HAL.NS,2025-07-22,4758.2001953125,4742.22705078125,908904.0,0.0
HAL.NS,2025-07-23,4715.7998046875,4699.96923828125,866289.0,0.0
HAL.NS,2025-07-24,4680.60009765625,4664.8876953125,861599.0,0.0
HAL.NS,2025-07-25,4552.7001953125,4537.4169921875,973552.0,0.0
HAL.NS,2025-07-28,4506.60009765625,4491.4716796875,689011.0,0.0
HAL.NS,2025-07-29,4498.0,4482.900390625,1431472.0,0.0
HAL.NS,2025-07-30,4545.0,4529.74267578125,727643.0,0.0
HAL.NS,2025-07-31,4533.89990234375,4518.6796875,770343.0,0.0
HAL.NS,2025-08-01,4438.7001953125,4423.7998046875,649120.0,0.0
HAL.NS,2025-08-04,4537.89990234375,4522.66650390625,742464.0,0.0
HAL.NS,2025-08-05,4578.2001953125,4562.83154296875,776247.0,0.0
HAL.NS,2025-08-06,4538.60009765625,4523.3642578125,880916.0,0.0
HAL.NS,2025-08-07,4550.60009765625,4535.32421875,719816.0,0.0
HAL.NS,2025-08-08,4440.60009765625,4425.693359375,659530.0,0.0
HAL.NS,2025-08-11,4444.89990234375,4429.978515625,1022011.0,0.0
HAL.NS,2025-08-12,4409.39990234375,4394.59765625,2942539.0,0.0
HAL.NS,2025-08-13,4524.39990234375,4509.2119140625,2711914.0,0.0
HAL.NS,2025-08-14,4555.10009765625,4539.80908203125,1265929.0,0.0
HAL.NS,2025-08-18,4514.2998046875,4499.1455078125,1132386.0,0.0
HAL.NS,2025-08-19,4452.60009765625,4437.65283203125,1264131.0,0.0
HAL.NS,2025-08-20,4468.39990234375,4453.39990234375,3108635.0,0.0
HAL.NS,2025-08-21,4474.0,4474.0,1833004.0,0.0
HAL.NS,2025-08-22,4473.0,4473.0,1422976.0,0.0
HAL.NS,2025-08-25,4457.60009765625,4457.60009765625,1205292.0,0.0
HAL.NS,2025-08-26,4383.60009765625,4383.60009765625,1118397.0,0.0
HAL.NS,2025-08-28,4344.7001953125,4344.7001953125,1163967.0,0.0
HAL.NS,2025-08-29,4332.60009765625,4332.60009765625,1036537.0,0.0
HAL.NS,2025-09-01,4429.60009765625,4429.60009765625,803109.0,0.0
HAL.NS,2025-09-02,4451.5,4451.5,871222.0,0.0
HAL.NS,2025-09-03,4451.0,4451.0,764001.0,0.0
HAL.NS,2025-09-04,4436.89990234375,4436.89990234375,1018902.0,0.0
HAL.NS,2025-09-05,4404.7998046875,4404.7998046875,721098.0,0.0
HAL.NS,2025-09-08,4443.60009765625,4443.60009765625,599045.0,0.0
HAL.NS,2025-09-09,4454.0,4454.0,888000.0,0.0
HAL.NS,2025-09-10,4557.5,4557.5,1716953.0,0.0
HAL.NS,2025-09-11,4581.2001953125,4581.2001953125,1528168.0,0.0
HAL.NS,2025-09-12,4745.60009765625,4745.60009765625,2816230.0,0.0
HAL.NS,2025-09-15,4795.2001953125,4795.2001953125,2021855.0,0.0
HAL.NS,2025-09-16,4840.0,4840.0,1180944.0,0.0
HAL.NS,2025-09-17,4890.2001953125,4890.2001953125,1549098.0,0.0
HAL.NS,2025-09-18,4856.7998046875,4856.7998046875,926593.0,0.0
HAL.NS,2025-09-19,4916.2001953125,4916.2001953125,1173208.0,0.0
HAL.NS,2025-09-22,4808.7001953125,4808.7001953125,976357.0,0.0
HAL.NS,2025-09-23,4799.89990234375,4799.89990234375,746869.0,0.0
HAL.NS,2025-09-24,4723.89990234375,4723.89990234375,718629.0,0.0
HAL.NS,2025-09-25,4775.2001953125,4775.2001953125,1926254.0,0.0
HAL.NS,2025-09-26,4736.10009765625,4736.10009765625,1794960.0,0.0
HAL.NS,2025-09-29,4740.0,4740.0,1307604.0,0.0
HAL.NS,2025-09-30,4746.5,4746.5,697341.0,0.0
HAL.NS,2025-10-01,4803.39990234375,4803.39990234375,790730.0,0.0
HAL.NS,2025-10-03,4870.39990234375,4870.39990234375,982333.0,0.0
HAL.NS,2025-10-06,4845.2001953125,4845.2001953125,555394.0,0.0
HAL.NS,2025-10-07,4837.60009765625,4837.60009765625,607428.0,0.0
HAL.NS,2025-10-08,4789.10009765625,4789.10009765625,704075.0,0.0
HAL.NS,2025-10-09,4846.2998046875,4846.2998046875,1003478.0,0.0
HAL.NS,2025-10-10,4832.89990234375,4832.89990234375,678453.0,0.0
HAL.NS,2025-10-13,4745.39990234375,4745.39990234375,1046492.0,0.0
HAL.NS,2025-10-14,4746.7998046875,4746.7998046875,790981.0,0.0
HAL.NS,2025-10-15,4845.2001953125,4845.2001953125,991768.0,0.0
HAL.NS,2025-10-16,4861.2998046875,4861.2998046875,721461.0,0.0
HAL.NS,2025-10-17,4878.5,4878.5,1832920.0,0.0
HAL.NS,2025-10-20,4860.0,4860.0,616095.0,0.0
HAL.NS,2025-10-21,4858.2001953125,4858.2001953125,128987.0,0.0
HAL.NS,2025-10-23,4810.2001953125,4810.2001953125,678729.0,0.0
HAL.NS,2025-10-24,4814.2001953125,4814.2001953125,627200.0,0.0
HAL.NS,2025-10-27,4756.7998046875,4756.7998046875,738996.0,0.0
HAL.NS,2025-10-28,4724.5,4724.5,947982.0,0.0
HAL.NS,2025-10-29,4695.10009765625,4695.10009765625,916228.0,0.0
HAL.NS,2025-10-30,4650.2001953125,4650.2001953125,1151821.0,0.0
HAL.NS,2025-10-31,4679.7998046875,4679.7998046875,1176002.0,0.0
HAL.NS,2025-11-03,4694.7001953125,4694.7001953125,470190.0,0.0
HAL.NS,2025-11-04,4685.7998046875,4685.7998046875,851904.0,0.0
HAL.NS,2025-11-06,4593.60009765625,4593.60009765625,768664.0,0.0
HAL.NS,2025-11-07,4626.60009765625,4626.60009765625,536730.0,0.0
HAL.NS,2025-11-10,4789.7998046875,4789.7998046875,1434763.0,0.0
HAL.NS,2025-11-11,4862.60009765625,4862.60009765625,1333303.0,0.0
HAL.NS,2025-11-12,4748.5,4748.5,2723105.0,0.0
HAL.NS,2025-11-13,4751.0,4751.0,1280728.0,0.0
HAL.NS,2025-11-14,4729.7998046875,4729.7998046875,681735.0,0.0
HAL.NS,2025-11-17,4795.2001953125,4795.2001953125,1177546.0,0.0
HAL.NS,2025-11-18,4807.89990234375,4807.89990234375,958797.0,0.0
HAL.NS,2025-11-19,4744.2001953125,4744.2001953125,847006.0,0.0
HAL.NS,2025-11-20,4716.60009765625,4716.60009765625,798346.0,0.0
HAL.NS,2025-11-21,4595.0,4595.0,1158530.0,0.0
HAL.NS,2025-11-24,4445.10009765625,4445.10009765625,3443005.0,0.0
HAL.NS,2025-11-25,4441.60009765625,4441.60009765625,1197615.0,0.0
HAL.NS,2025-11-26,4517.7998046875,4517.7998046875,717411.0,0.0
HAL.NS,2025-11-27,4483.2001953125,4483.2001953125,721812.0,0.0
HAL.NS,2025-11-28,4542.39990234375,4542.39990234375,786275.0,0.0
HAL.NS,2025-12-01,4530.7001953125,4530.7001953125,750897.0,0.0
HAL.NS,2025-12-02,4508.5,4508.5,652604.0,0.0
HAL.NS,2025-12-03,4436.2998046875,4436.2998046875,1027500.0,0.0
HAL.NS,2025-12-04,4496.7998046875,4496.7998046875,1020941.0,0.0
HAL.NS,2025-12-05,4443.0,4443.0,1473356.0,0.0
HAL.NS,2025-12-08,4287.10009765625,4287.10009765625,1757606.0,0.0
HAL.NS,2025-12-09,4303.0,4303.0,1674288.0,0.0
HAL.NS,2025-12-10,4294.10009765625,4294.10009765625,949813.0,0.0
HAL.NS,2025-12-11,4320.7998046875,4320.7998046875,460221.0,0.0
HAL.NS,2025-12-12,4302.5,4302.5,791726.0,0.0
HAL.NS,2025-12-15,4321.60009765625,4321.60009765625,827861.0,0.0
HAL.NS,2025-12-16,4261.39990234375,4261.39990234375,1006671.0,0.0
HAL.NS,2025-12-17,4228.39990234375,4228.39990234375,645807.0,0.0
HAL.NS,2025-12-18,4259.5,4259.5,557768.0,0.0
HAL.NS,2025-12-19,4305.2998046875,4305.2998046875,650177.0,0.0
HAL.NS,2025-12-22,4386.10009765625,4386.10009765625,657486.0,0.0
HAL.NS,2025-12-23,4407.39990234375,4407.39990234375,587365.0,0.0
HAL.NS,2025-12-24,4421.2998046875,4421.2998046875,486359.0,0.0
HAL.NS,2025-12-26,4409.2001953125,4409.2001953125,690425.0,0.0
HAL.NS,2025-12-29,4374.2998046875,4374.2998046875,778626.0,0.0
HAL.NS,2025-12-30,4325.5,4325.5,1064901.0,0.0
HAL.NS,2025-12-31,4388.7001953125,4388.7001953125,512109.0,0.0
HAL.NS,2026-01-01,4397.89990234375,4397.89990234375,384408.0,0.0
HAL.NS,2026-01-02,4417.7998046875,4417.7998046875,597270.0,0.0
HAL.NS,2026-01-05,4526.10009765625,4526.10009765625,1256096.0,0.0
HAL.NS,2026-01-06,4516.0,4516.0,530874.0,0.0
HAL.NS,2026-01-07,4525.10009765625,4525.10009765625,439887.0,0.0
HAL.NS,2026-01-08,4479.7998046875,4479.7998046875,966719.0,0.0
HAL.NS,2026-01-09,4462.10009765625,4462.10009765625,1017357.0,0.0
HAL.NS,2026-01-12,4518.39990234375,4518.39990234375,744251.0,0.0
HAL.NS,2026-01-13,4452.39990234375,4452.39990234375,753776.0,0.0
HAL.NS,2026-01-14,4461.39990234375,4461.39990234375,597515.0,0.0
HAL.NS,2026-01-15,4461.39990234375,4461.39990234375,0.0,0.0
HAL.NS,2026-01-16,4428.7001953125,4428.7001953125,1576883.0,0.0
HAL.NS,2026-01-19,4504.2998046875,4504.2998046875,792050.0,0.0
HAL.NS,2026-01-20,4355.2001953125,4355.2001953125,1194605.0,0.0
HAL.NS,2026-01-21,4259.39990234375,4259.39990234375,1113913.0,0.0
HAL.NS,2026-01-22,4353.2001953125,4353.2001953125,725419.0,0.0
HAL.NS,2026-01-23,4305.7001953125,4305.7001953125,704843.0,0.0
HAL.NS,2026-01-27,4348.5,4348.5,1042386.0,0.0
HAL.NS,2026-01-28,4624.0,4624.0,1837685.0,0.0
HAL.NS,2026-01-29,4601.0,4601.0,1301527.0,0.0
HAL.NS,2026-01-30,4619.39990234375,4619.39990234375,1582165.0,0.0
HAL.NS,2026-02-02,4338.7001953125,4338.7001953125,2563637.0,0.0
HAL.NS,2026-02-03,4470.39990234375,4470.39990234375,1450873.0,0.0
HAL.NS,2026-02-04,4217.10009765625,4217.10009765625,5290920.0,0.0
HAL.NS,2026-02-05,4035.5,4035.5,6343724.0,0.0
HAL.NS,2026-02-06,4067.5,4067.5,2094080.0,0.0
HAL.NS,2026-02-09,4131.0,4131.0,1664057.0,0.0
HAL.NS,2026-02-10,4168.2998046875,4168.2998046875,1000376.0,0.0
HAL.NS,2026-02-11,4133.0,4133.0,916823.0,0.0
HINDZINC.NS,2025-02-11,416.8500061035156,408.7234802246094,1597914.0,0.0
HINDZINC.NS,2025-02-12,420.3500061035156,412.1552429199219,1334554.0,0.0
HINDZINC.NS,2025-02-13,411.79998779296875,403.77191162109375,1237837.0,0.0
HINDZINC.NS,2025-02-14,416.54998779296875,408.4293212890625,2778054.0,0.0
HINDZINC.NS,2025-02-17,415.54998779296875,407.4488220214844,1569698.0,0.0
HINDZINC.NS,2025-02-18,409.04998779296875,401.0755310058594,763874.0,0.0
HINDZINC.NS,2025-02-19,413.45001220703125,405.3897705078125,984098.0,0.0
HINDZINC.NS,2025-02-20,422.8500061035156,414.60650634765625,971143.0,0.0
HINDZINC.NS,2025-02-21,426.6499938964844,418.3324279785156,1071716.0,0.0
HINDZINC.NS,2025-02-24,415.6499938964844,407.546875,1024804.0,0.0
HINDZINC.NS,2025-02-25,407.25,399.3106384277344,732520.0,0.0
HINDZINC.NS,2025-02-27,411.75,403.722900390625,1034655.0,0.0
HINDZINC.NS,2025-02-28,390.79998779296875,383.1813049316406,1613553.0,0.0
HINDZINC.NS,2025-03-03,387.45001220703125,379.8966369628906,2004706.0,0.0
HINDZINC.NS,2025-03-04,395.45001220703125,387.7406921386719,1558931.0,0.0
HINDZINC.NS,2025-03-05,411.25,403.232666015625,1925095.0,0.0
HINDZINC.NS,2025-03-06,426.1000061035156,417.79315185546875,2634281.0,0.0
HINDZINC.NS,2025-03-07,429.3500061035156,420.97979736328125,2097278.0,0.0
HINDZINC.NS,2025-03-10,426.45001220703125,418.1363525390625,1448034.0,0.0
HINDZINC.NS,2025-03-11,427.3999938964844,419.06781005859375,2153628.0,0.0
HINDZINC.NS,2025-03-12,427.6499938964844,419.31292724609375,1225552.0,0.0
HINDZINC.NS,2025-03-13,430.0,421.61712646484375,1372791.0,0.0
HINDZINC.NS,2025-03-17,435.3500061035156,426.8628234863281,1569517.0,0.0
HINDZINC.NS,2025-03-18,435.3500061035156,426.8628234863281,0.0,0.0
HINDZINC.NS,2025-03-19,454.25,445.3943786621094,7177341.0,0.0
HINDZINC.NS,2025-03-20,456.3500061035156,447.45343017578125,2796560.0,0.0
HINDZINC.NS,2025-03-21,446.3999938964844,437.6973876953125,3772285.0,0.0
HINDZINC.NS,2025-03-24,453.29998779296875,444.4628601074219,1406526.0,0.0
HINDZINC.NS,2025-03-25,444.45001220703125,435.7854309082031,1269831.0,0.0
HINDZINC.NS,2025-03-26,442.20001220703125,433.57928466796875,1445183.0,0.0
HINDZINC.NS,2025-03-27,447.8999938964844,439.16815185546875,1972572.0,0.0
HINDZINC.NS,2025-03-28,461.8999938964844,452.8952331542969,5676960.0,0.0
HINDZINC.NS,2025-04-01,453.75,444.90411376953125,1437487.0,0.0
HINDZINC.NS,2025-04-02,460.79998779296875,451.816650390625,1214886.0,0.0
HINDZINC.NS,2025-04-03,459.1499938964844,450.1988220214844,1882318.0,0.0
HINDZINC.NS,2025-04-04,426.95001220703125,418.6265869140625,3061033.0,0.0
HINDZINC.NS,2025-04-07,406.75,398.82037353515625,2436376.0,0.0
HINDZINC.NS,2025-04-08,412.04998779296875,404.0170593261719,1514564.0,0.0
HINDZINC.NS,2025-04-09,400.6000061035156,392.790283203125,1432174.0,0.0
HINDZINC.NS,2025-04-11,411.04998779296875,403.0365295410156,1561497.0,0.0
HINDZINC.NS,2025-04-15,433.8999938964844,425.4410705566406,1872997.0,0.0
HINDZINC.NS,2025-04-16,438.0,429.4611511230469,1675647.0,0.0
HINDZINC.NS,2025-04-17,439.70001220703125,431.1280212402344,2032014.0,0.0
HINDZINC.NS,2025-04-21,452.45001220703125,443.62945556640625,1888265.0,0.0
HINDZINC.NS,2025-04-22,445.75,437.06005859375,2048339.0,0.0
HINDZINC.NS,2025-04-23,449.04998779296875,440.29571533203125,1607303.0,0.0
HINDZINC.NS,2025-04-24,459.3500061035156,450.39495849609375,2639584.0,0.0
HINDZINC.NS,2025-04-25,445.0,436.32470703125,4251762.0,0.0
HINDZINC.NS,2025-04-28,452.5,443.678466796875,3587317.0,0.0
HINDZINC.NS,2025-04-29,445.45001220703125,436.76593017578125,1568483.0,0.0
HINDZINC.NS,2025-04-30,439.20001220703125,430.6377868652344,1278436.0,0.0
HINDZINC.NS,2025-05-02,428.6000061035156,420.2444152832031,1644950.0,0.0
HINDZINC.NS,2025-05-05,428.25,419.9012451171875,850003.0,0.0
HINDZINC.NS,2025-05-06,413.45001220703125,405.3897705078125,1985510.0,0.0
HINDZINC.NS,2025-05-07,422.70001220703125,414.4594421386719,1550266.0,0.0
HINDZINC.NS,2025-05-08,409.3500061035156,401.36968994140625,1372171.0,0.0
HINDZINC.NS,2025-05-09,408.3500061035156,400.3891906738281,1511686.0,0.0
HINDZINC.NS,2025-05-12,434.95001220703125,426.47064208984375,2766591.0,0.0
HINDZINC.NS,2025-05-13,428.8999938964844,420.5385437011719,1485369.0,0.0
HINDZINC.NS,2025-05-14,438.95001220703125,430.39263916015625,2432511.0,0.0
HINDZINC.NS,2025-05-15,440.75,432.1575622558594,2087164.0,0.0
HINDZINC.NS,2025-05-16,442.29998779296875,433.67730712890625,1416394.0,0.0
HINDZINC.NS,2025-05-19,448.20001220703125,439.4623107910156,2755475.0,0.0
HINDZINC.NS,2025-05-20,435.29998779296875,426.81378173828125,2712376.0,0.0
HINDZINC.NS,2025-05-21,442.04998779296875,433.43218994140625,1683181.0,0.0
HINDZINC.NS,2025-05-22,442.3999938964844,433.7753601074219,2701432.0,0.0
HINDZINC.NS,2025-05-23,447.04998779296875,438.334716796875,2040334.0,0.0
HINDZINC.NS,2025-05-26,450.95001220703125,442.1587219238281,1255104.0,0.0
HINDZINC.NS,2025-05-27,451.5,442.6979675292969,1283321.0,0.0
HINDZINC.NS,2025-05-28,452.6000061035156,443.77655029296875,1806651.0,0.0
HINDZINC.NS,2025-05-29,464.75,455.6896667480469,3994727.0,0.0
HINDZINC.NS,2025-05-30,458.20001220703125,449.2673645019531,3055427.0,0.0
HINDZINC.NS,2025-06-02,453.1499938964844,444.3157958984375,2132482.0,0.0
HINDZINC.NS,2025-06-03,468.75,459.6116943359375,8004970.0,0.0
HINDZINC.NS,2025-06-04,468.0,458.8763122558594,4555219.0,0.0
HINDZINC.NS,2025-06-05,491.6000061035156,482.0162353515625,7873786.0,0.0
HINDZINC.NS,2025-06-06,502.25,492.4585876464844,15506056.0,0.0
HINDZINC.NS,2025-06-09,525.0,514.7650756835938,12608520.0,0.0
HINDZINC.NS,2025-06-10,534.0499877929688,523.638671875,11077729.0,0.0
HINDZINC.NS,2025-06-11,520.5499877929688,510.4018249511719,8771715.0,0.0
HINDZINC.NS,2025-06-12,517.25,507.1661682128906,5827617.0,0.0
HINDZINC.NS,2025-06-13,514.25,504.22467041015625,5153341.0,0.0
HINDZINC.NS,2025-06-16,512.9500122070312,502.95001220703125,4005115.0,0.0
HINDZINC.NS,2025-06-17,486.3500061035156,486.3500061035156,9622550.0,0.0
HINDZINC.NS,2025-06-18,452.79998779296875,452.79998779296875,142069446.0,0.0
HINDZINC.NS,2025-06-19,437.45001220703125,437.45001220703125,16137205.0,0.0
HINDZINC.NS,2025-06-20,438.6000061035156,438.6000061035156,9792306.0,0.0
HINDZINC.NS,2025-06-23,440.54998779296875,440.54998779296875,7981302.0,0.0
HINDZINC.NS,2025-06-24,442.8999938964844,442.8999938964844,5259572.0,0.0
HINDZINC.NS,2025-06-25,442.1000061035156,442.1000061035156,3318519.0,0.0
HINDZINC.NS,2025-06-26,448.8999938964844,448.8999938964844,6976812.0,0.0
HINDZINC.NS,2025-06-27,451.1499938964844,451.1499938964844,7428769.0,0.0
HINDZINC.NS,2025-06-30,450.8500061035156,450.8500061035156,3717240.0,0.0
HINDZINC.NS,2025-07-01,450.3500061035156,450.3500061035156,4010078.0,0.0
HINDZINC.NS,2025-07-02,447.20001220703125,447.20001220703125,2979489.0,0.0
HINDZINC.NS,2025-07-03,445.54998779296875,445.54998779296875,2050922.0,0.0
HINDZINC.NS,2025-07-04,445.1000061035156,445.1000061035156,1786418.0,0.0
HINDZINC.NS,2025-07-07,437.5,437.5,2682662.0,0.0
HINDZINC.NS,2025-07-08,436.20001220703125,436.20001220703125,1567143.0,0.0
HINDZINC.NS,2025-07-09,425.0,425.0,7244683.0,0.0
HINDZINC.NS,2025-07-10,422.79998779296875,422.79998779296875,2431803.0,0.0
HINDZINC.NS,2025-07-11,424.8999938964844,424.8999938964844,3289049.0,0.0
HINDZINC.NS,2025-07-14,436.3500061035156,436.3500061035156,3867360.0,0.0
HINDZINC.NS,2025-07-15,437.45001220703125,437.45001220703125,2384363.0,0.0
HINDZINC.NS,2025-07-16,435.20001220703125,435.20001220703125,1930300.0,0.0
HINDZINC.NS,2025-07-17,437.1000061035156,437.1000061035156,1749870.0,0.0
HINDZINC.NS,2025-07-18,435.5,435.5,4662210.0,0.0
HINDZINC.NS,2025-07-21,444.6499938964844,444.6499938964844,3834004.0,0.0
HINDZINC.NS,2025-07-22,443.20001220703125,443.20001220703125,1623314.0,0.0
HINDZINC.NS,2025-07-23,446.8500061035156,446.8500061035156,1808120.0,0.0
HINDZINC.NS,2025-07-24,446.1000061035156,446.1000061035156,1568590.0,0.0
HINDZINC.NS,2025-07-25,439.20001220703125,439.20001220703125,1769660.0,0.0
HINDZINC.NS,2025-07-28,432.04998779296875,432.04998779296875,1958546.0,0.0
HINDZINC.NS,2025-07-29,437.3999938964844,437.3999938964844,1325115.0,0.0
HINDZINC.NS,2025-07-30,432.45001220703125,432.45001220703125,1275211.0,0.0
HINDZINC.NS,2025-07-31,424.04998779296875,424.04998779296875,2114797.0,0.0
HINDZINC.NS,2025-08-01,415.3999938964844,415.3999938964844,2163538.0,0.0
HINDZINC.NS,2025-08-04,421.6000061035156,421.6000061035156,1093131.0,0.0
HINDZINC.NS,2025-08-05,421.20001220703125,421.20001220703125,990246.0,0.0
HINDZINC.NS,2025-08-06,419.95001220703125,419.95001220703125,1418372.0,0.0
HINDZINC.NS,2025-08-07,424.6499938964844,424.6499938964844,1528302.0,0.0
HINDZINC.NS,2025-08-08,420.70001220703125,420.70001220703125,1210138.0,0.0
HINDZINC.NS,2025-08-11,417.3999938964844,417.3999938964844,1862022.0,0.0
HINDZINC.NS,2025-08-12,423.45001220703125,423.45001220703125,1597032.0,0.0
HINDZINC.NS,2025-08-13,430.20001220703125,430.20001220703125,2072932.0,0.0
HINDZINC.NS,2025-08-14,426.6499938964844,426.6499938964844,1367682.0,0.0
HINDZINC.NS,2025-08-18,427.1000061035156,427.1000061035156,1443684.0,0.0
HINDZINC.NS,2025-08-19,428.6499938964844,428.6499938964844,3077711.0,0.0
HINDZINC.NS,2025-08-20,430.0,430.0,1945943.0,0.0
HINDZINC.NS,2025-08-21,430.8500061035156,430.8500061035156,1159668.0,0.0
HINDZINC.NS,2025-08-22,424.8999938964844,424.8999938964844,826451.0,0.0
HINDZINC.NS,2025-08-25,434.70001220703125,434.70001220703125,2994389.0,0.0
HINDZINC.NS,2025-08-26,430.1499938964844,430.1499938964844,1117706.0,0.0
HINDZINC.NS,2025-08-28,421.70001220703125,421.70001220703125,1139531.0,0.0
HINDZINC.NS,2025-08-29,419.25,419.25,1268832.0,0.0
HINDZINC.NS,2025-09-01,435.8999938964844,435.8999938964844,7587040.0,0.0
HINDZINC.NS,2025-09-02,440.8999938964844,440.8999938964844,2817685.0,0.0
HINDZINC.NS,2025-09-03,444.6000061035156,444.6000061035156,4756092.0,0.0
HINDZINC.NS,2025-09-04,437.54998779296875,437.54998779296875,2265053.0,0.0
HINDZINC.NS,2025-09-05,440.1000061035156,440.1000061035156,1953089.0,0.0
HINDZINC.NS,2025-09-08,435.6000061035156,435.6000061035156,1752942.0,0.0
HINDZINC.NS,2025-09-09,433.45001220703125,433.45001220703125,2291407.0,0.0
HINDZINC.NS,2025-09-10,432.8500061035156,432.8500061035156,1863865.0,0.0
HINDZINC.NS,2025-09-11,446.25,446.25,5122099.0,0.0
HINDZINC.NS,2025-09-12,462.95001220703125,462.95001220703125,11582146.0,0.0
HINDZINC.NS,2025-09-15,460.1499938964844,460.1499938964844,5717417.0,0.0
HINDZINC.NS,2025-09-16,462.25,462.25,3378600.0,0.0
HINDZINC.NS,2025-09-17,459.45001220703125,459.45001220703125,3397670.0,0.0
HINDZINC.NS,2025-09-18,454.8500061035156,454.8500061035156,2208920.0,0.0
HINDZINC.NS,2025-09-19,453.04998779296875,453.04998779296875,2190231.0,0.0
HINDZINC.NS,2025-09-22,459.25,459.25,5390225.0,0.0
HINDZINC.NS,2025-09-23,461.5,461.5,4028797.0,0.0
HINDZINC.NS,2025-09-24,452.8999938964844,452.8999938964844,2695976.0,0.0
HINDZINC.NS,2025-09-25,466.75,466.75,7193012.0,0.0
HINDZINC.NS,2025-09-26,449.1000061035156,449.1000061035156,6524790.0,0.0
HINDZINC.NS,2025-09-29,466.1499938964844,466.1499938964844,14939041.0,0.0
HINDZINC.NS,2025-09-30,482.45001220703125,482.45001220703125,15167002.0,0.0
HINDZINC.NS,2025-10-01,481.3500061035156,481.3500061035156,7265353.0,0.0
HINDZINC.NS,2025-10-03,491.5,491.5,9118935.0,0.0
HINDZINC.NS,2025-10-06,491.5,491.5,4193824.0,0.0
HINDZINC.NS,2025-10-07,489.8999938964844,489.8999938964844,3536988.0,0.0
HINDZINC.NS,2025-10-08,490.5,490.5,3971075.0,0.0
HINDZINC.NS,2025-10-09,512.25,512.25,16377426.0,0.0
HINDZINC.NS,2025-10-10,498.29998779296875,498.29998779296875,11928283.0,0.0
HINDZINC.NS,2025-10-13,505.54998779296875,505.54998779296875,7796400.0,0.0
HINDZINC.NS,2025-10-14,505.6499938964844,505.6499938964844,15420228.0,0.0
HINDZINC.NS,2025-10-15,513.2000122070312,513.2000122070312,6882125.0,0.0
HINDZINC.NS,2025-10-16,506.70001220703125,506.70001220703125,3256458.0,0.0
HINDZINC.NS,2025-10-17,500.25,500.25,8202471.0,0.0
HINDZINC.NS,2025-10-20,486.3999938964844,486.3999938964844,7340096.0,0.0
HINDZINC.NS,2025-10-21,483.8500061035156,483.8500061035156,2018621.0,0.0
HINDZINC.NS,2025-10-23,482.1499938964844,482.1499938964844,7890661.0,0.0
HINDZINC.NS,2025-10-24,486.70001220703125,486.70001220703125,6837879.0,0.0
HINDZINC.NS,2025-10-27,482.29998779296875,482.29998779296875,3767112.0,0.0
HINDZINC.NS,2025-10-28,471.20001220703125,471.20001220703125,5637647.0,0.0
HINDZINC.NS,2025-10-29,483.6000061035156,483.6000061035156,4830935.0,0.0
HINDZINC.NS,2025-10-30,477.6000061035156,477.6000061035156,3047179.0,0.0
HINDZINC.NS,2025-10-31,476.5,476.5,1821466.0,0.0
HINDZINC.NS,2025-11-03,480.6499938964844,480.6499938964844,1981640.0,0.0
HINDZINC.NS,2025-11-04,473.3500061035156,473.3500061035156,2221861.0,0.0
HINDZINC.NS,2025-11-06,467.20001220703125,467.20001220703125,1874384.0,0.0
HINDZINC.NS,2025-11-07,474.5,474.5,3011457.0,0.0
HINDZINC.NS,2025-11-10,484.6000061035156,484.6000061035156,4039654.0,0.0
HINDZINC.NS,2025-11-11,487.5,487.5,3280695.0,0.0
HINDZINC.NS,2025-11-12,481.8999938964844,481.8999938964844,1977730.0,0.0
HINDZINC.NS,2025-11-13,495.20001220703125,495.20001220703125,12867167.0,0.0
HINDZINC.NS,2025-11-14,487.04998779296875,487.04998779296875,3057432.0,0.0
HINDZINC.NS,2025-11-17,483.8999938964844,483.8999938964844,2199172.0,0.0
HINDZINC.NS,2025-11-18,475.95001220703125,475.95001220703125,6175474.0,0.0
HINDZINC.NS,2025-11-19,476.54998779296875,476.54998779296875,2595527.0,0.0
HINDZINC.NS,2025-11-20,472.1499938964844,472.1499938964844,1407005.0,0.0
HINDZINC.NS,2025-11-21,458.29998779296875,458.29998779296875,2368431.0,0.0
HINDZINC.NS,2025-11-24,454.0,454.0,1729282.0,0.0
HINDZINC.NS,2025-11-25,462.6000061035156,462.6000061035156,2226516.0,0.0
HINDZINC.NS,2025-11-26,470.25,470.25,2138803.0,0.0
HINDZINC.NS,2025-11-27,474.54998779296875,474.54998779296875,2611675.0,0.0
HINDZINC.NS,2025-11-28,485.20001220703125,485.20001220703125,5889839.0,0.0
HINDZINC.NS,2025-12-01,499.8500061035156,499.8500061035156,12744627.0,0.0
HINDZINC.NS,2025-12-02,495.6499938964844,495.6499938964844,4196609.0,0.0
HINDZINC.NS,2025-12-03,504.3999938964844,504.3999938964844,11256116.0,0.0
HINDZINC.NS,2025-12-04,496.75,496.75,5322624.0,0.0
HINDZINC.NS,2025-12-05,498.1000061035156,498.1000061035156,3027296.0,0.0
HINDZINC.NS,2025-12-08,490.45001220703125,490.45001220703125,2799520.0,0.0
HINDZINC.NS,2025-12-09,491.45001220703125,491.45001220703125,2767639.0,0.0
HINDZINC.NS,2025-12-10,512.6500244140625,512.6500244140625,21067651.0,0.0
HINDZINC.NS,2025-12-11,522.6500244140625,522.6500244140625,20968349.0,0.0
HINDZINC.NS,2025-12-12,561.6500244140625,561.6500244140625,39406555.0,0.0
HINDZINC.NS,2025-12-15,568.0499877929688,568.0499877929688,23289407.0,0.0
HINDZINC.NS,2025-12-16,567.7000122070312,567.7000122070312,9187083.0,0.0
HINDZINC.NS,2025-12-17,578.2999877929688,578.2999877929688,18632926.0,0.0
HINDZINC.NS,2025-12-18,592.1500244140625,592.1500244140625,15414612.0,0.0
HINDZINC.NS,2025-12-19,588.75,588.75,9490652.0,0.0
HINDZINC.NS,2025-12-22,606.5,606.5,12145672.0,0.0
HINDZINC.NS,2025-12-23,609.7999877929688,609.7999877929688,9277131.0,0.0
HINDZINC.NS,2025-12-24,624.8499755859375,624.8499755859375,13964315.0,0.0
HINDZINC.NS,2025-12-26,636.8499755859375,636.8499755859375,13459241.0,0.0
HINDZINC.NS,2025-12-29,618.5499877929688,618.5499877929688,27992946.0,0.0
HINDZINC.NS,2025-12-30,625.2999877929688,625.2999877929688,11718688.0,0.0
HINDZINC.NS,2025-12-31,612.4500122070312,612.4500122070312,9599983.0,0.0
HINDZINC.NS,2026-01-01,611.9500122070312,611.9500122070312,4767635.0,0.0
HINDZINC.NS,2026-01-02,628.7999877929688,628.7999877929688,6324442.0,0.0
HINDZINC.NS,2026-01-05,628.5999755859375,628.5999755859375,6488033.0,0.0
HINDZINC.NS,2026-01-06,643.0999755859375,643.0999755859375,10451587.0,0.0
HINDZINC.NS,2026-01-07,630.0,630.0,8304312.0,0.0
HINDZINC.NS,2026-01-08,590.75,590.75,20818517.0,0.0
HINDZINC.NS,2026-01-09,606.4500122070312,606.4500122070312,10779863.0,0.0
HINDZINC.NS,2026-01-12,628.25,628.25,13671026.0,0.0
HINDZINC.NS,2026-01-13,629.8499755859375,629.8499755859375,7856745.0,0.0
HINDZINC.NS,2026-01-14,654.2000122070312,654.2000122070312,27694609.0,0.0
HINDZINC.NS,2026-01-15,654.2000122070312,654.2000122070312,0.0,0.0
HINDZINC.NS,2026-01-16,637.75,637.75,11412408.0,0.0
HINDZINC.NS,2026-01-19,660.4000244140625,660.4000244140625,16631601.0,0.0
HINDZINC.NS,2026-01-20,680.75,680.75,46014901.0,0.0
HINDZINC.NS,2026-01-21,697.5499877929688,697.5499877929688,29031895.0,0.0
HINDZINC.NS,2026-01-22,668.25,668.25,28204037.0,0.0
HINDZINC.NS,2026-01-23,698.7000122070312,698.7000122070312,32427217.0,0.0
HINDZINC.NS,2026-01-27,727.2000122070312,727.2000122070312,25791996.0,0.0
HINDZINC.NS,2026-01-28,708.2000122070312,708.2000122070312,38182595.0,0.0
HINDZINC.NS,2026-01-29,715.2000122070312,715.2000122070312,52966214.0,0.0
HINDZINC.NS,2026-01-30,628.5,628.5,49436689.0,0.0
HINDZINC.NS,2026-02-02,610.0999755859375,610.0999755859375,37031059.0,0.0
HINDZINC.NS,2026-02-03,628.25,628.25,26990191.0,0.0
HINDZINC.NS,2026-02-04,639.25,639.25,10586353.0,0.0
HINDZINC.NS,2026-02-05,610.7999877929688,610.7999877929688,16770606.0,0.0
HINDZINC.NS,2026-02-06,608.9500122070312,608.9500122070312,11409412.0,0.0
HINDZINC.NS,2026-02-09,629.0999755859375,629.0999755859375,7574577.0,0.0
HINDZINC.NS,2026-02-10,617.7000122070312,617.7000122070312,7580536.0,0.0
HINDZINC.NS,2026-02-11,628.5499877929688,628.5499877929688,6422867.0,0.0
HYUNDAI.NS,2025-02-11,1835.699951171875,1818.0909423828125,1750256.0,0.0
HYUNDAI.NS,2025-02-12,1804.0999755859375,1786.7940673828125,2325740.0,0.0
HYUNDAI.NS,2025-02-13,1799.199951171875,1781.9410400390625,1173472.0,0.0
HYUNDAI.NS,2025-02-14,1806.300048828125,1788.9730224609375,1333382.0,0.0
HYUNDAI.NS,2025-02-17,1843.9000244140625,1826.21240234375,1994718.0,0.0
HYUNDAI.NS,2025-02-18,1811.050048828125,1793.677490234375,1284671.0,0.0
HYUNDAI.NS,2025-02-19,1875.949951171875,1857.954833984375,1179676.0,0.0
HYUNDAI.NS,2025-02-20,1853.25,1835.47265625,1021304.0,0.0
HYUNDAI.NS,2025-02-21,1797.9000244140625,1780.653564453125,1310998.0,0.0
HYUNDAI.NS,2025-02-24,1794.5,1777.2862548828125,978604.0,0.0
HYUNDAI.NS,2025-02-25,1826.3499755859375,1808.8306884765625,1269628.0,0.0
HYUNDAI.NS,2025-02-27,1723.0,1706.4720458984375,1554491.0,0.0
HYUNDAI.NS,2025-02-28,1729.9000244140625,1713.305908203125,29179375.0,0.0
HYUNDAI.NS,2025-03-03,1695.25,1678.98828125,936736.0,0.0
HYUNDAI.NS,2025-03-04,1712.8499755859375,1696.41943359375,756354.0,0.0
HYUNDAI.NS,2025-03-05,1718.0999755859375,1701.6190185546875,506644.0,0.0
HYUNDAI.NS,2025-03-06,1717.5999755859375,1701.1239013671875,729380.0,0.0
HYUNDAI.NS,2025-03-07,1715.4000244140625,1698.9449462890625,302079.0,0.0
HYUNDAI.NS,2025-03-10,1674.5,1658.437255859375,769044.0,0.0
HYUNDAI.NS,2025-03-11,1663.0,1647.047607421875,279335.0,0.0
HYUNDAI.NS,2025-03-12,1653.449951171875,1637.5892333984375,340034.0,0.0
HYUNDAI.NS,2025-03-13,1644.449951171875,1628.675537109375,738740.0,0.0
HYUNDAI.NS,2025-03-17,1598.3499755859375,1583.0177001953125,944360.0,0.0
HYUNDAI.NS,2025-03-18,1598.3499755859375,1583.0177001953125,0.0,0.0
HYUNDAI.NS,2025-03-19,1615.300048828125,1599.80517578125,860058.0,0.0
HYUNDAI.NS,2025-03-20,1630.550048828125,1614.908935546875,1180718.0,0.0
HYUNDAI.NS,2025-03-21,1697.5999755859375,1681.315673828125,1894623.0,0.0
HYUNDAI.NS,2025-03-24,1759.0,1742.126708984375,1076346.0,0.0
HYUNDAI.NS,2025-03-25,1740.550048828125,1723.853759765625,531717.0,0.0
HYUNDAI.NS,2025-03-26,1708.699951171875,1692.3092041015625,1019723.0,0.0
HYUNDAI.NS,2025-03-27,1758.1500244140625,1741.284912109375,3241595.0,0.0
HYUNDAI.NS,2025-03-28,1707.6500244140625,1691.269287109375,693170.0,0.0
HYUNDAI.NS,2025-04-01,1703.25,1686.9114990234375,527047.0,0.0
HYUNDAI.NS,2025-04-02,1680.4000244140625,1664.28076171875,649728.0,0.0
HYUNDAI.NS,2025-04-03,1652.4000244140625,1636.54931640625,893654.0,0.0
HYUNDAI.NS,2025-04-04,1639.0,1623.27783203125,699970.0,0.0
HYUNDAI.NS,2025-04-07,1583.199951171875,1568.0130615234375,1366060.0,0.0
HYUNDAI.NS,2025-04-08,1592.1500244140625,1576.8773193359375,374427.0,0.0
HYUNDAI.NS,2025-04-09,1592.550048828125,1577.2734375,269169.0,0.0
HYUNDAI.NS,2025-04-11,1629.800048828125,1614.1661376953125,997584.0,0.0
HYUNDAI.NS,2025-04-15,1653.9000244140625,1638.034912109375,1173977.0,0.0
HYUNDAI.NS,2025-04-16,1636.300048828125,1620.603759765625,877329.0,0.0
HYUNDAI.NS,2025-04-17,1661.699951171875,1645.760009765625,1440046.0,0.0
HYUNDAI.NS,2025-04-21,1690.199951171875,1673.9866943359375,292970.0,0.0
HYUNDAI.NS,2025-04-22,1703.699951171875,1687.357177734375,463480.0,0.0
HYUNDAI.NS,2025-04-23,1721.4000244140625,1704.887451171875,2346661.0,0.0
HYUNDAI.NS,2025-04-24,1719.0999755859375,1702.6094970703125,481511.0,0.0
HYUNDAI.NS,2025-04-25,1667.699951171875,1651.7025146484375,1690538.0,0.0
HYUNDAI.NS,2025-04-28,1661.300048828125,1645.364013671875,397009.0,0.0
HYUNDAI.NS,2025-04-29,1676.5999755859375,1660.51708984375,597827.0,0.0
HYUNDAI.NS,2025-04-30,1707.5999755859375,1691.2197265625,1236921.0,0.0
HYUNDAI.NS,2025-05-02,1710.5999755859375,1694.1910400390625,823350.0,0.0
HYUNDAI.NS,2025-05-05,1728.199951171875,1711.6221923828125,509733.0,0.0
HYUNDAI.NS,2025-05-06,1740.699951171875,1724.002197265625,518493.0,0.0
HYUNDAI.NS,2025-05-07,1775.5,1758.468505859375,578328.0,0.0
HYUNDAI.NS,2025-05-08,1733.0999755859375,1716.47509765625,321599.0,0.0
HYUNDAI.NS,2025-05-09,1734.0999755859375,1717.465576171875,560109.0,0.0
HYUNDAI.NS,2025-05-12,1755.9000244140625,1739.0565185546875,410715.0,0.0
HYUNDAI.NS,2025-05-13,1768.5,1751.53564453125,532232.0,0.0
HYUNDAI.NS,2025-05-14,1799.9000244140625,1782.6343994140625,677698.0,0.0
HYUNDAI.NS,2025-05-15,1836.0,1818.3880615234375,637712.0,0.0
HYUNDAI.NS,2025-05-16,1855.5999755859375,1837.800048828125,971924.0,0.0
HYUNDAI.NS,2025-05-19,1894.5,1876.326904296875,1240164.0,0.0
HYUNDAI.NS,2025-05-20,1883.300048828125,1865.234375,556842.0,0.0
HYUNDAI.NS,2025-05-21,1910.0,1891.67822265625,613356.0,0.0
HYUNDAI.NS,2025-05-22,1854.300048828125,1836.5125732421875,985749.0,0.0
HYUNDAI.NS,2025-05-23,1882.0999755859375,1864.0458984375,685769.0,0.0
HYUNDAI.NS,2025-05-26,1889.300048828125,1871.1768798828125,888713.0,0.0
HYUNDAI.NS,2025-05-27,1883.199951171875,1865.13525390625,740200.0,0.0
HYUNDAI.NS,2025-05-28,1883.0,1864.937255859375,553816.0,0.0
HYUNDAI.NS,2025-05-29,1870.300048828125,1852.359130859375,836458.0,0.0
HYUNDAI.NS,2025-05-30,1847.199951171875,1829.4805908203125,2406721.0,0.0
HYUNDAI.NS,2025-06-02,1852.699951171875,1834.9278564453125,852214.0,0.0
HYUNDAI.NS,2025-06-03,1822.300048828125,1804.819580078125,1203045.0,0.0
HYUNDAI.NS,2025-06-04,1829.4000244140625,1811.8514404296875,1037176.0,0.0
HYUNDAI.NS,2025-06-05,1835.199951171875,1817.595703125,1578859.0,0.0
HYUNDAI.NS,2025-06-06,1861.0999755859375,1843.247314453125,614731.0,0.0
HYUNDAI.NS,2025-06-09,1952.199951171875,1933.473388671875,2612912.0,0.0
HYUNDAI.NS,2025-06-10,1948.199951171875,1929.51171875,484124.0,0.0
HYUNDAI.NS,2025-06-11,1937.0999755859375,1918.518310546875,529537.0,0.0
HYUNDAI.NS,2025-06-12,1956.4000244140625,1937.6331787109375,945269.0,0.0
HYUNDAI.NS,2025-06-13,1941.4000244140625,1922.777099609375,398072.0,0.0
HYUNDAI.NS,2025-06-16,1939.4000244140625,1920.7962646484375,1061499.0,0.0
HYUNDAI.NS,2025-06-17,1945.5999755859375,1926.936767578125,1318784.0,0.0
HYUNDAI.NS,2025-06-18,1930.800048828125,1912.27880859375,436280.0,0.0
HYUNDAI.NS,2025-06-19,1908.0,1889.6973876953125,537242.0,0.0
HYUNDAI.NS,2025-06-20,2006.199951171875,1986.9554443359375,12251901.0,0.0
HYUNDAI.NS,2025-06-23,1999.5999755859375,1980.418701171875,874137.0,0.0
HYUNDAI.NS,2025-06-24,2071.39990234375,2051.530029296875,1942920.0,0.0
HYUNDAI.NS,2025-06-25,2125.89990234375,2105.507080078125,1861892.0,0.0
HYUNDAI.NS,2025-06-26,2126.0,2105.606201171875,623467.0,0.0
HYUNDAI.NS,2025-06-27,2191.60009765625,2170.5771484375,1883633.0,0.0
HYUNDAI.NS,2025-06-30,2219.699951171875,2198.407470703125,1995611.0,0.0
HYUNDAI.NS,2025-07-01,2240.699951171875,2219.2060546875,1212284.0,0.0
HYUNDAI.NS,2025-07-02,2123.699951171875,2103.328369140625,1112895.0,0.0
HYUNDAI.NS,2025-07-03,2091.89990234375,2071.833251953125,1192824.0,0.0
HYUNDAI.NS,2025-07-04,2064.10009765625,2044.3001708984375,654426.0,0.0
HYUNDAI.NS,2025-07-07,2101.199951171875,2081.044189453125,398865.0,0.0
HYUNDAI.NS,2025-07-08,2055.10009765625,2035.386474609375,335672.0,0.0
HYUNDAI.NS,2025-07-09,2091.0,2070.94189453125,392605.0,0.0
HYUNDAI.NS,2025-07-10,2094.800048828125,2074.70556640625,333516.0,0.0
HYUNDAI.NS,2025-07-11,2103.60009765625,2083.421142578125,589567.0,0.0
HYUNDAI.NS,2025-07-14,2148.800048828125,2128.1875,851374.0,0.0
HYUNDAI.NS,2025-07-15,2152.300048828125,2131.654052734375,351643.0,0.0
HYUNDAI.NS,2025-07-16,2135.800048828125,2115.312255859375,365249.0,0.0
HYUNDAI.NS,2025-07-17,2135.5,2115.01513671875,496929.0,0.0
HYUNDAI.NS,2025-07-18,2120.300048828125,2099.9609375,463686.0,0.0
HYUNDAI.NS,2025-07-21,2133.300048828125,2112.836181640625,297821.0,0.0
HYUNDAI.NS,2025-07-22,2114.89990234375,2094.612548828125,732860.0,0.0
HYUNDAI.NS,2025-07-23,2117.10009765625,2096.791748046875,265233.0,0.0
HYUNDAI.NS,2025-07-24,2094.699951171875,2074.6064453125,231355.0,0.0
HYUNDAI.NS,2025-07-25,2099.199951171875,2079.063232421875,269859.0,0.0
HYUNDAI.NS,2025-07-28,2050.0,2030.3353271484375,360535.0,0.0
HYUNDAI.NS,2025-07-29,2100.699951171875,2080.548828125,299078.0,0.0
HYUNDAI.NS,2025-07-30,2086.699951171875,2066.68310546875,360104.0,0.0
HYUNDAI.NS,2025-07-31,2151.800048828125,2131.158935546875,845705.0,0.0
HYUNDAI.NS,2025-08-01,2181.0,2160.07861328125,647228.0,0.0
HYUNDAI.NS,2025-08-04,2189.199951171875,2168.199951171875,335160.0,0.0
HYUNDAI.NS,2025-08-05,2190.300048828125,2190.300048828125,247027.0,0.0
HYUNDAI.NS,2025-08-06,2167.300048828125,2167.300048828125,376997.0,0.0
HYUNDAI.NS,2025-08-07,2140.199951171875,2140.199951171875,402843.0,0.0
HYUNDAI.NS,2025-08-08,2120.300048828125,2120.300048828125,217032.0,0.0
HYUNDAI.NS,2025-08-11,2151.699951171875,2151.699951171875,186894.0,0.0
HYUNDAI.NS,2025-08-12,2205.10009765625,2205.10009765625,1064558.0,0.0
HYUNDAI.NS,2025-08-13,2246.699951171875,2246.699951171875,798419.0,0.0
HYUNDAI.NS,2025-08-14,2240.699951171875,2240.699951171875,394089.0,0.0
HYUNDAI.NS,2025-08-18,2423.39990234375,2423.39990234375,3328807.0,0.0
HYUNDAI.NS,2025-08-19,2581.300048828125,2581.300048828125,3045870.0,0.0
HYUNDAI.NS,2025-08-20,2488.10009765625,2488.10009765625,1864892.0,0.0
HYUNDAI.NS,2025-08-21,2448.699951171875,2448.699951171875,959820.0,0.0
HYUNDAI.NS,2025-08-22,2366.60009765625,2366.60009765625,694898.0,0.0
HYUNDAI.NS,2025-08-25,2472.39990234375,2472.39990234375,1361409.0,0.0
HYUNDAI.NS,2025-08-26,2492.39990234375,2492.39990234375,1408919.0,0.0
HYUNDAI.NS,2025-08-28,2441.39990234375,2441.39990234375,1255596.0,0.0
HYUNDAI.NS,2025-08-29,2460.39990234375,2460.39990234375,595068.0,0.0
HYUNDAI.NS,2025-09-01,2455.60009765625,2455.60009765625,534299.0,0.0
HYUNDAI.NS,2025-09-02,2456.89990234375,2456.89990234375,458431.0,0.0
HYUNDAI.NS,2025-09-03,2515.10009765625,2515.10009765625,1068759.0,0.0
HYUNDAI.NS,2025-09-04,2479.300048828125,2479.300048828125,833934.0,0.0
HYUNDAI.NS,2025-09-05,2541.699951171875,2541.699951171875,560115.0,0.0
HYUNDAI.NS,2025-09-08,2557.39990234375,2557.39990234375,753818.0,0.0
HYUNDAI.NS,2025-09-09,2532.300048828125,2532.300048828125,724325.0,0.0
HYUNDAI.NS,2025-09-10,2501.5,2501.5,867599.0,0.0
HYUNDAI.NS,2025-09-11,2507.800048828125,2507.800048828125,511980.0,0.0
HYUNDAI.NS,2025-09-12,2560.699951171875,2560.699951171875,591270.0,0.0
HYUNDAI.NS,2025-09-15,2549.60009765625,2549.60009765625,301727.0,0.0
HYUNDAI.NS,2025-09-16,2603.10009765625,2603.10009765625,943285.0,0.0
HYUNDAI.NS,2025-09-17,2650.89990234375,2650.89990234375,1017291.0,0.0
HYUNDAI.NS,2025-09-18,2720.800048828125,2720.800048828125,1234632.0,0.0
HYUNDAI.NS,2025-09-19,2809.300048828125,2809.300048828125,1334406.0,0.0
HYUNDAI.NS,2025-09-22,2721.699951171875,2721.699951171875,1008073.0,0.0
HYUNDAI.NS,2025-09-23,2721.5,2721.5,1768867.0,0.0
HYUNDAI.NS,2025-09-24,2755.699951171875,2755.699951171875,680435.0,0.0
HYUNDAI.NS,2025-09-25,2736.89990234375,2736.89990234375,390752.0,0.0
HYUNDAI.NS,2025-09-26,2639.199951171875,2639.199951171875,725805.0,0.0
HYUNDAI.NS,2025-09-29,2642.0,2642.0,558054.0,0.0
HYUNDAI.NS,2025-09-30,2584.39990234375,2584.39990234375,528479.0,0.0
HYUNDAI.NS,2025-10-01,2537.199951171875,2537.199951171875,739566.0,0.0
HYUNDAI.NS,2025-10-03,2507.60009765625,2507.60009765625,1092062.0,0.0
HYUNDAI.NS,2025-10-06,2480.800048828125,2480.800048828125,711248.0,0.0
HYUNDAI.NS,2025-10-07,2454.39990234375,2454.39990234375,1268473.0,0.0
HYUNDAI.NS,2025-10-08,2473.800048828125,2473.800048828125,1727243.0,0.0
HYUNDAI.NS,2025-10-09,2408.800048828125,2408.800048828125,1300812.0,0.0
HYUNDAI.NS,2025-10-10,2405.199951171875,2405.199951171875,605053.0,0.0
HYUNDAI.NS,2025-10-13,2383.89990234375,2383.89990234375,1022665.0,0.0
HYUNDAI.NS,2025-10-14,2411.89990234375,2411.89990234375,759272.0,0.0
HYUNDAI.NS,2025-10-15,2419.60009765625,2419.60009765625,2093463.0,0.0
HYUNDAI.NS,2025-10-16,2358.199951171875,2358.199951171875,1694312.0,0.0
HYUNDAI.NS,2025-10-17,2346.800048828125,2346.800048828125,1594803.0,0.0
HYUNDAI.NS,2025-10-20,2323.199951171875,2323.199951171875,896819.0,0.0
HYUNDAI.NS,2025-10-21,2343.0,2343.0,104512.0,0.0
HYUNDAI.NS,2025-10-23,2292.39990234375,2292.39990234375,1209309.0,0.0
HYUNDAI.NS,2025-10-24,2266.699951171875,2266.699951171875,1324357.0,0.0
HYUNDAI.NS,2025-10-27,2273.0,2273.0,744027.0,0.0
HYUNDAI.NS,2025-10-28,2298.699951171875,2298.699951171875,1008960.0,0.0
HYUNDAI.NS,2025-10-29,2357.699951171875,2357.699951171875,1457979.0,0.0
HYUNDAI.NS,2025-10-30,2413.699951171875,2413.699951171875,2346694.0,0.0
HYUNDAI.NS,2025-10-31,2438.699951171875,2438.699951171875,2036681.0,0.0
HYUNDAI.NS,2025-11-03,2427.39990234375,2427.39990234375,1223620.0,0.0
HYUNDAI.NS,2025-11-04,2395.10009765625,2395.10009765625,733604.0,0.0
HYUNDAI.NS,2025-11-06,2353.39990234375,2353.39990234375,816182.0,0.0
HYUNDAI.NS,2025-11-07,2326.199951171875,2326.199951171875,605839.0,0.0
HYUNDAI.NS,2025-11-10,2356.199951171875,2356.199951171875,549214.0,0.0
HYUNDAI.NS,2025-11-11,2356.0,2356.0,438339.0,0.0
HYUNDAI.NS,2025-11-12,2395.0,2395.0,417388.0,0.0
HYUNDAI.NS,2025-11-13,2415.199951171875,2415.199951171875,541055.0,0.0
HYUNDAI.NS,2025-11-14,2356.10009765625,2356.10009765625,442916.0,0.0
HYUNDAI.NS,2025-11-17,2378.60009765625,2378.60009765625,636749.0,0.0
HYUNDAI.NS,2025-11-18,2389.800048828125,2389.800048828125,647065.0,0.0
HYUNDAI.NS,2025-11-19,2421.10009765625,2421.10009765625,572457.0,0.0
HYUNDAI.NS,2025-11-20,2337.300048828125,2337.300048828125,1146548.0,0.0
HYUNDAI.NS,2025-11-21,2335.89990234375,2335.89990234375,1135066.0,0.0
HYUNDAI.NS,2025-11-24,2304.39990234375,2304.39990234375,1061367.0,0.0
HYUNDAI.NS,2025-11-25,2300.800048828125,2300.800048828125,681099.0,0.0
HYUNDAI.NS,2025-11-26,2306.699951171875,2306.699951171875,1069176.0,0.0
HYUNDAI.NS,2025-11-27,2315.5,2315.5,529127.0,0.0
HYUNDAI.NS,2025-11-28,2326.0,2326.0,402098.0,0.0
HYUNDAI.NS,2025-12-01,2395.699951171875,2395.699951171875,1260497.0,0.0
HYUNDAI.NS,2025-12-02,2382.5,2382.5,682427.0,0.0
HYUNDAI.NS,2025-12-03,2385.199951171875,2385.199951171875,544340.0,0.0
HYUNDAI.NS,2025-12-04,2372.800048828125,2372.800048828125,629392.0,0.0
HYUNDAI.NS,2025-12-05,2309.5,2309.5,1127232.0,0.0
HYUNDAI.NS,2025-12-08,2275.0,2275.0,824135.0,0.0
HYUNDAI.NS,2025-12-09,2282.0,2282.0,1128328.0,0.0
HYUNDAI.NS,2025-12-10,2313.89990234375,2313.89990234375,690630.0,0.0
HYUNDAI.NS,2025-12-11,2342.300048828125,2342.300048828125,498012.0,0.0
HYUNDAI.NS,2025-12-12,2342.199951171875,2342.199951171875,555604.0,0.0
HYUNDAI.NS,2025-12-15,2297.39990234375,2297.39990234375,1038922.0,0.0
HYUNDAI.NS,2025-12-16,2268.699951171875,2268.699951171875,580654.0,0.0
HYUNDAI.NS,2025-12-17,2286.39990234375,2286.39990234375,463234.0,0.0
HYUNDAI.NS,2025-12-18,2289.199951171875,2289.199951171875,317671.0,0.0
HYUNDAI.NS,2025-12-19,2317.300048828125,2317.300048828125,888944.0,0.0
HYUNDAI.NS,2025-12-22,2321.199951171875,2321.199951171875,457586.0,0.0
HYUNDAI.NS,2025-12-23,2314.5,2314.5,399767.0,0.0
HYUNDAI.NS,2025-12-24,2307.89990234375,2307.89990234375,458440.0,0.0
HYUNDAI.NS,2025-12-26,2321.10009765625,2321.10009765625,373276.0,0.0
HYUNDAI.NS,2025-12-29,2321.300048828125,2321.300048828125,712971.0,0.0
HYUNDAI.NS,2025-12-30,2301.60009765625,2301.60009765625,611992.0,0.0
HYUNDAI.NS,2025-12-31,2298.0,2298.0,717988.0,0.0
HYUNDAI.NS,2026-01-01,2310.800048828125,2310.800048828125,386894.0,0.0
HYUNDAI.NS,2026-01-02,2267.89990234375,2267.89990234375,1170152.0,0.0
HYUNDAI.NS,2026-01-05,2281.60009765625,2281.60009765625,365614.0,0.0
HYUNDAI.NS,2026-01-06,2306.699951171875,2306.699951171875,330942.0,0.0
HYUNDAI.NS,2026-01-07,2362.0,2362.0,476034.0,0.0
HYUNDAI.NS,2026-01-08,2350.5,2350.5,269584.0,0.0
HYUNDAI.NS,2026-01-09,2264.199951171875,2264.199951171875,894994.0,0.0
HYUNDAI.NS,2026-01-12,2295.800048828125,2295.800048828125,402131.0,0.0
HYUNDAI.NS,2026-01-13,2306.39990234375,2306.39990234375,310830.0,0.0
HYUNDAI.NS,2026-01-14,2317.10009765625,2317.10009765625,196437.0,0.0
HYUNDAI.NS,2026-01-15,2317.10009765625,2317.10009765625,0.0,0.0
HYUNDAI.NS,2026-01-16,2340.39990234375,2340.39990234375,560753.0,0.0
HYUNDAI.NS,2026-01-19,2346.39990234375,2346.39990234375,609576.0,0.0
HYUNDAI.NS,2026-01-20,2319.10009765625,2319.10009765625,643890.0,0.0
HYUNDAI.NS,2026-01-21,2279.699951171875,2279.699951171875,830818.0,0.0
HYUNDAI.NS,2026-01-22,2277.800048828125,2277.800048828125,692974.0,0.0
HYUNDAI.NS,2026-01-23,2263.199951171875,2263.199951171875,569772.0,0.0
HYUNDAI.NS,2026-01-27,2173.39990234375,2173.39990234375,1084057.0,0.0
HYUNDAI.NS,2026-01-28,2161.10009765625,2161.10009765625,1042883.0,0.0
HYUNDAI.NS,2026-01-29,2150.0,2150.0,576734.0,0.0
HYUNDAI.NS,2026-01-30,2196.199951171875,2196.199951171875,718522.0,0.0
HYUNDAI.NS,2026-02-02,2197.89990234375,2197.89990234375,745805.0,0.0
HYUNDAI.NS,2026-02-03,2208.800048828125,2208.800048828125,1065898.0,0.0
HYUNDAI.NS,2026-02-04,2189.800048828125,2189.800048828125,883166.0,0.0
HYUNDAI.NS,2026-02-05,2164.300048828125,2164.300048828125,495337.0,0.0
HYUNDAI.NS,2026-02-06,2186.300048828125,2186.300048828125,259819.0,0.0
HYUNDAI.NS,2026-02-09,2176.199951171875,2176.199951171875,348258.0,0.0
HYUNDAI.NS,2026-02-10,2180.800048828125,2180.800048828125,300261.0,0.0
HYUNDAI.NS,2026-02-11,2188.5,2188.5,440579.0,0.0
ICICIGI.NS,2025-02-11,1795.0999755859375,1782.614990234375,950495.0,0.0
ICICIGI.NS,2025-02-12,1764.800048828125,1752.52587890625,905327.0,0.0
ICICIGI.NS,2025-02-13,1776.8499755859375,1764.4920654296875,309112.0,0.0
ICICIGI.NS,2025-02-14,1737.949951171875,1725.862548828125,439130.0,0.0
ICICIGI.NS,2025-02-17,1725.050048828125,1713.0523681640625,335084.0,0.0
ICICIGI.NS,2025-02-18,1738.4000244140625,1726.3094482421875,336707.0,0.0
ICICIGI.NS,2025-02-19,1728.949951171875,1716.9251708984375,545419.0,0.0
ICICIGI.NS,2025-02-20,1727.300048828125,1715.28662109375,501605.0,0.0
ICICIGI.NS,2025-02-21,1733.0999755859375,1721.0462646484375,974392.0,0.0
ICICIGI.NS,2025-02-24,1710.8499755859375,1698.9510498046875,557421.0,0.0
ICICIGI.NS,2025-02-25,1687.75,1676.01171875,1489542.0,0.0
ICICIGI.NS,2025-02-27,1701.199951171875,1689.3680419921875,963101.0,0.0
ICICIGI.NS,2025-02-28,1690.949951171875,1679.1893310546875,1224364.0,0.0
ICICIGI.NS,2025-03-03,1663.5,1651.930419921875,836343.0,0.0
ICICIGI.NS,2025-03-04,1639.699951171875,1628.2958984375,1212429.0,0.0
ICICIGI.NS,2025-03-05,1676.9000244140625,1665.2371826171875,1146442.0,0.0
ICICIGI.NS,2025-03-06,1702.300048828125,1690.4605712890625,1924774.0,0.0
ICICIGI.NS,2025-03-07,1686.949951171875,1675.21728515625,617116.0,0.0
ICICIGI.NS,2025-03-10,1699.5999755859375,1687.779296875,976837.0,0.0
ICICIGI.NS,2025-03-11,1700.449951171875,1688.623291015625,1114944.0,0.0
ICICIGI.NS,2025-03-12,1665.699951171875,1654.1151123046875,883972.0,0.0
ICICIGI.NS,2025-03-13,1678.75,1667.0743408203125,807125.0,0.0
ICICIGI.NS,2025-03-17,1725.3499755859375,1713.3502197265625,878122.0,0.0
ICICIGI.NS,2025-03-18,1725.3499755859375,1713.3502197265625,0.0,0.0
ICICIGI.NS,2025-03-19,1756.5,1744.2835693359375,519456.0,0.0
ICICIGI.NS,2025-03-20,1724.75,1712.75439453125,484811.0,0.0
ICICIGI.NS,2025-03-21,1723.199951171875,1711.215087890625,740178.0,0.0
ICICIGI.NS,2025-03-24,1785.050048828125,1772.635009765625,741272.0,0.0
ICICIGI.NS,2025-03-25,1779.5,1767.1236572265625,768343.0,0.0
ICICIGI.NS,2025-03-26,1772.449951171875,1760.12255859375,381027.0,0.0
ICICIGI.NS,2025-03-27,1794.25,1781.77099609375,454624.0,0.0
ICICIGI.NS,2025-03-28,1792.8499755859375,1780.3807373046875,791304.0,0.0
ICICIGI.NS,2025-04-01,1791.9000244140625,1779.4373779296875,535773.0,0.0
ICICIGI.NS,2025-04-02,1829.949951171875,1817.22265625,368137.0,0.0
ICICIGI.NS,2025-04-03,1831.5,1818.761962890625,205636.0,0.0
ICICIGI.NS,2025-04-04,1829.550048828125,1816.8255615234375,502850.0,0.0
ICICIGI.NS,2025-04-07,1744.4000244140625,1732.2677001953125,876983.0,0.0
ICICIGI.NS,2025-04-08,1776.8499755859375,1764.4920654296875,382513.0,0.0
ICICIGI.NS,2025-04-09,1786.5,1774.074951171875,385780.0,0.0
ICICIGI.NS,2025-04-11,1718.550048828125,1706.5975341796875,1156595.0,0.0
ICICIGI.NS,2025-04-15,1822.5999755859375,1809.9237060546875,890911.0,0.0
ICICIGI.NS,2025-04-16,1811.800048828125,1799.198974609375,2260312.0,0.0
ICICIGI.NS,2025-04-17,1793.4000244140625,1780.9268798828125,864906.0,0.0
ICICIGI.NS,2025-04-21,1841.0999755859375,1828.2950439453125,546537.0,0.0
ICICIGI.NS,2025-04-22,1845.199951171875,1832.3665771484375,410889.0,0.0
ICICIGI.NS,2025-04-23,1880.0,1866.924560546875,734624.0,0.0
ICICIGI.NS,2025-04-24,1880.300048828125,1867.2225341796875,734678.0,0.0
ICICIGI.NS,2025-04-25,1854.0999755859375,1841.2047119140625,934598.0,0.0
ICICIGI.NS,2025-04-28,1850.199951171875,1837.331787109375,637011.0,0.0
ICICIGI.NS,2025-04-29,1856.0999755859375,1843.1907958984375,744701.0,0.0
ICICIGI.NS,2025-04-30,1876.5,1863.448974609375,906449.0,0.0
ICICIGI.NS,2025-05-02,1853.4000244140625,1840.5096435546875,936229.0,0.0
ICICIGI.NS,2025-05-05,1852.300048828125,1839.417236328125,479826.0,0.0
ICICIGI.NS,2025-05-06,1795.0999755859375,1782.614990234375,351579.0,0.0
ICICIGI.NS,2025-05-07,1826.0,1813.30029296875,563977.0,0.0
ICICIGI.NS,2025-05-08,1791.800048828125,1779.338134765625,583567.0,0.0
ICICIGI.NS,2025-05-09,1782.199951171875,1769.8046875,643695.0,0.0
ICICIGI.NS,2025-05-12,1836.699951171875,1823.92578125,693112.0,0.0
ICICIGI.NS,2025-05-13,1866.5,1853.5185546875,703355.0,0.0
ICICIGI.NS,2025-05-14,1850.9000244140625,1838.0269775390625,847379.0,0.0
ICICIGI.NS,2025-05-15,1873.0999755859375,1860.0726318359375,392401.0,0.0
ICICIGI.NS,2025-05-16,1849.5999755859375,1836.736083984375,332070.0,0.0
ICICIGI.NS,2025-05-19,1884.699951171875,1871.5919189453125,473162.0,0.0
ICICIGI.NS,2025-05-20,1875.199951171875,1862.157958984375,1579714.0,0.0
ICICIGI.NS,2025-05-21,1878.0999755859375,1865.0377197265625,450496.0,0.0
ICICIGI.NS,2025-05-22,1868.5999755859375,1855.6038818359375,657769.0,0.0
ICICIGI.NS,2025-05-23,1895.0999755859375,1881.9195556640625,1048319.0,0.0
ICICIGI.NS,2025-05-26,1843.300048828125,1830.4798583984375,725086.0,0.0
ICICIGI.NS,2025-05-27,1841.0,1828.19580078125,793936.0,0.0
ICICIGI.NS,2025-05-28,1848.199951171875,1835.345703125,455472.0,0.0
ICICIGI.NS,2025-05-29,1855.199951171875,1842.297119140625,553171.0,0.0
ICICIGI.NS,2025-05-30,1875.4000244140625,1862.356689453125,1621063.0,0.0
ICICIGI.NS,2025-06-02,1863.699951171875,1850.7379150390625,495484.0,0.0
ICICIGI.NS,2025-06-03,1861.0999755859375,1848.156005859375,779253.0,0.0
ICICIGI.NS,2025-06-04,1873.4000244140625,1860.37060546875,498159.0,0.0
ICICIGI.NS,2025-06-05,1877.5,1864.4420166015625,548628.0,0.0
ICICIGI.NS,2025-06-06,2006.199951171875,1999.7025146484375,2498448.0,0.0
ICICIGI.NS,2025-06-09,2021.4000244140625,2014.8533935546875,837355.0,0.0
ICICIGI.NS,2025-06-10,1977.699951171875,1971.2947998046875,1073798.0,0.0
ICICIGI.NS,2025-06-11,1942.0,1935.71044921875,606768.0,0.0
ICICIGI.NS,2025-06-12,1901.9000244140625,1895.7403564453125,785389.0,0.0
ICICIGI.NS,2025-06-13,1940.699951171875,1934.4146728515625,1703514.0,0.0
ICICIGI.NS,2025-06-16,1944.699951171875,1938.4017333984375,939835.0,0.0
ICICIGI.NS,2025-06-17,1916.5999755859375,1910.3927001953125,659370.0,0.0
ICICIGI.NS,2025-06-18,1932.300048828125,1926.0419921875,464789.0,0.0
ICICIGI.NS,2025-06-19,1927.5,1921.2574462890625,1063305.0,0.0
ICICIGI.NS,2025-06-20,1971.0,1964.6165771484375,995960.0,0.0
ICICIGI.NS,2025-06-23,1972.5999755859375,1966.2113037109375,821137.0,0.0
ICICIGI.NS,2025-06-24,1986.800048828125,1980.365478515625,568413.0,0.0
ICICIGI.NS,2025-06-25,2010.800048828125,2004.2877197265625,951658.0,0.0
ICICIGI.NS,2025-06-26,2017.0,2010.467529296875,704033.0,0.0
ICICIGI.NS,2025-06-27,2017.0999755859375,2010.5672607421875,650132.0,0.0
ICICIGI.NS,2025-06-30,2040.199951171875,2033.5924072265625,1574983.0,0.0
ICICIGI.NS,2025-07-01,2063.60009765625,2056.916748046875,844222.0,0.0
ICICIGI.NS,2025-07-02,2044.4000244140625,2037.7789306640625,501742.0,0.0
ICICIGI.NS,2025-07-03,2034.0999755859375,2027.51220703125,305016.0,0.0
ICICIGI.NS,2025-07-04,2035.4000244140625,2028.8079833984375,381077.0,0.0
ICICIGI.NS,2025-07-07,2025.5,2018.9400634765625,814849.0,0.0
ICICIGI.NS,2025-07-08,2036.9000244140625,2030.3031005859375,629955.0,0.0
ICICIGI.NS,2025-07-09,2020.199951171875,2013.6572265625,337764.0,0.0
ICICIGI.NS,2025-07-10,1994.5999755859375,1988.14013671875,643222.0,0.0
ICICIGI.NS,2025-07-11,2012.199951171875,2005.68310546875,598413.0,0.0
ICICIGI.NS,2025-07-14,2019.699951171875,2013.1588134765625,757451.0,0.0
ICICIGI.NS,2025-07-15,2002.699951171875,1996.2138671875,696914.0,0.0
ICICIGI.NS,2025-07-16,1970.800048828125,1964.417236328125,2606181.0,0.0
ICICIGI.NS,2025-07-17,1948.9000244140625,1942.588134765625,629807.0,0.0
ICICIGI.NS,2025-07-18,1912.800048828125,1906.6051025390625,713897.0,0.0
ICICIGI.NS,2025-07-21,1952.199951171875,1945.87744140625,424520.0,0.0
ICICIGI.NS,2025-07-22,1962.300048828125,1955.94482421875,503349.0,0.0
ICICIGI.NS,2025-07-23,1936.800048828125,1930.52734375,468985.0,0.0
ICICIGI.NS,2025-07-24,1906.9000244140625,1900.7242431640625,434409.0,0.0
ICICIGI.NS,2025-07-25,1921.300048828125,1915.07763671875,532479.0,0.0
ICICIGI.NS,2025-07-28,1904.0999755859375,1897.9332275390625,265181.0,0.0
ICICIGI.NS,2025-07-29,1915.5,1909.2962646484375,258618.0,0.0
ICICIGI.NS,2025-07-30,1920.4000244140625,1914.180419921875,279986.0,0.0
ICICIGI.NS,2025-07-31,1927.0,1920.759033203125,506162.0,0.0
ICICIGI.NS,2025-08-01,1867.300048828125,1861.25244140625,503165.0,0.0
ICICIGI.NS,2025-08-04,1895.5999755859375,1889.460693359375,567203.0,0.0
ICICIGI.NS,2025-08-05,1900.199951171875,1894.0457763671875,266143.0,0.0
ICICIGI.NS,2025-08-06,1884.0,1877.8983154296875,617362.0,0.0
ICICIGI.NS,2025-08-07,1903.4000244140625,1897.2354736328125,448145.0,0.0
ICICIGI.NS,2025-08-08,1894.699951171875,1888.5635986328125,426758.0,0.0
ICICIGI.NS,2025-08-11,1901.699951171875,1895.541015625,187046.0,0.0
ICICIGI.NS,2025-08-12,1902.9000244140625,1896.7371826171875,233350.0,0.0
ICICIGI.NS,2025-08-13,1912.699951171875,1906.50537109375,335318.0,0.0
ICICIGI.NS,2025-08-14,1898.300048828125,1892.152099609375,232464.0,0.0
ICICIGI.NS,2025-08-18,1946.4000244140625,1940.0963134765625,741272.0,0.0
ICICIGI.NS,2025-08-19,1952.9000244140625,1946.5751953125,455745.0,0.0
ICICIGI.NS,2025-08-20,1968.5,1962.1246337890625,181091.0,0.0
ICICIGI.NS,2025-08-21,1967.0999755859375,1960.7291259765625,699719.0,0.0
ICICIGI.NS,2025-08-22,1910.699951171875,1904.5118408203125,383276.0,0.0
ICICIGI.NS,2025-08-25,1919.0,1912.7850341796875,364098.0,0.0
ICICIGI.NS,2025-08-26,1872.699951171875,1866.6348876953125,635729.0,0.0
ICICIGI.NS,2025-08-28,1860.300048828125,1854.275146484375,870926.0,0.0
ICICIGI.NS,2025-08-29,1839.5999755859375,1833.64208984375,441249.0,0.0
ICICIGI.NS,2025-09-01,1840.300048828125,1834.3399658203125,567867.0,0.0
ICICIGI.NS,2025-09-02,1822.699951171875,1816.7967529296875,573486.0,0.0
ICICIGI.NS,2025-09-03,1822.0,1816.09912109375,769780.0,0.0
ICICIGI.NS,2025-09-04,1871.5,1865.4388427734375,1112492.0,0.0
ICICIGI.NS,2025-09-05,1840.4000244140625,1834.4395751953125,524534.0,0.0
ICICIGI.NS,2025-09-08,1833.0,1827.0634765625,480056.0,0.0
ICICIGI.NS,2025-09-09,1834.9000244140625,1828.9573974609375,571543.0,0.0
ICICIGI.NS,2025-09-10,1855.199951171875,1849.1915283203125,530816.0,0.0
ICICIGI.NS,2025-09-11,1870.9000244140625,1864.8408203125,424545.0,0.0
ICICIGI.NS,2025-09-12,1893.5999755859375,1887.4671630859375,853957.0,0.0
ICICIGI.NS,2025-09-15,1900.199951171875,1894.0457763671875,252766.0,0.0
ICICIGI.NS,2025-09-16,1912.5,1906.3060302734375,581869.0,0.0
ICICIGI.NS,2025-09-17,1872.0999755859375,1866.036865234375,468006.0,0.0
ICICIGI.NS,2025-09-18,1885.5999755859375,1879.4931640625,286205.0,0.0
ICICIGI.NS,2025-09-19,1866.0,1859.9566650390625,878186.0,0.0
ICICIGI.NS,2025-09-22,1886.300048828125,1880.19091796875,369477.0,0.0
ICICIGI.NS,2025-09-23,1894.699951171875,1888.5635986328125,891529.0,0.0
ICICIGI.NS,2025-09-24,1878.4000244140625,1872.3165283203125,821515.0,0.0
ICICIGI.NS,2025-09-25,1881.800048828125,1875.7054443359375,563897.0,0.0
ICICIGI.NS,2025-09-26,1894.0,1887.865966796875,1278304.0,0.0
ICICIGI.NS,2025-09-29,1903.5,1897.335205078125,560303.0,0.0
ICICIGI.NS,2025-09-30,1889.800048828125,1883.6795654296875,856568.0,0.0
ICICIGI.NS,2025-10-01,1903.5999755859375,1897.434814453125,942398.0,0.0
ICICIGI.NS,2025-10-03,1911.5999755859375,1905.408935546875,595592.0,0.0
ICICIGI.NS,2025-10-06,1925.800048828125,1919.56298828125,619624.0,0.0
ICICIGI.NS,2025-10-07,1906.0,1899.8270263671875,431565.0,0.0
ICICIGI.NS,2025-10-08,1878.0999755859375,1872.0174560546875,438884.0,0.0
ICICIGI.NS,2025-10-09,1882.699951171875,1876.6025390625,636816.0,0.0
ICICIGI.NS,2025-10-10,1862.800048828125,1856.76708984375,312123.0,0.0
ICICIGI.NS,2025-10-13,1833.4000244140625,1827.4622802734375,394441.0,0.0
ICICIGI.NS,2025-10-14,1854.800048828125,1848.79296875,569296.0,0.0
ICICIGI.NS,2025-10-15,2020.300048828125,2013.7569580078125,7140189.0,0.0
ICICIGI.NS,2025-10-16,2010.0999755859375,2003.5899658203125,860007.0,0.0
ICICIGI.NS,2025-10-17,2001.0,1994.5194091796875,355745.0,0.0
ICICIGI.NS,2025-10-20,2011.0999755859375,2004.586669921875,436734.0,0.0
ICICIGI.NS,2025-10-21,2007.0,2000.5,32723.0,0.0
ICICIGI.NS,2025-10-23,1979.199951171875,1979.199951171875,541235.0,0.0
ICICIGI.NS,2025-10-24,1993.9000244140625,1993.9000244140625,466056.0,0.0
ICICIGI.NS,2025-10-27,1986.4000244140625,1986.4000244140625,334307.0,0.0
ICICIGI.NS,2025-10-28,2019.0,2019.0,803330.0,0.0
ICICIGI.NS,2025-10-29,2029.9000244140625,2029.9000244140625,420554.0,0.0
ICICIGI.NS,2025-10-30,2014.0999755859375,2014.0999755859375,213019.0,0.0
ICICIGI.NS,2025-10-31,1993.699951171875,1993.699951171875,457405.0,0.0
ICICIGI.NS,2025-11-03,2007.5999755859375,2007.5999755859375,335477.0,0.0
ICICIGI.NS,2025-11-04,2040.0,2040.0,669043.0,0.0
ICICIGI.NS,2025-11-06,2001.0,2001.0,369731.0,0.0
ICICIGI.NS,2025-11-07,2020.199951171875,2020.199951171875,882415.0,0.0
ICICIGI.NS,2025-11-10,2025.4000244140625,2025.4000244140625,431101.0,0.0
ICICIGI.NS,2025-11-11,1996.0999755859375,1996.0999755859375,196571.0,0.0
ICICIGI.NS,2025-11-12,2028.5999755859375,2028.5999755859375,457790.0,0.0
ICICIGI.NS,2025-11-13,2033.800048828125,2033.800048828125,652557.0,0.0
ICICIGI.NS,2025-11-14,2005.0999755859375,2005.0999755859375,406284.0,0.0
ICICIGI.NS,2025-11-17,2042.9000244140625,2042.9000244140625,1067234.0,0.0
ICICIGI.NS,2025-11-18,2025.800048828125,2025.800048828125,643993.0,0.0
ICICIGI.NS,2025-11-19,2041.699951171875,2041.699951171875,551128.0,0.0
ICICIGI.NS,2025-11-20,2037.5999755859375,2037.5999755859375,460201.0,0.0
ICICIGI.NS,2025-11-21,2004.0999755859375,2004.0999755859375,372481.0,0.0
ICICIGI.NS,2025-11-24,1997.5,1997.5,2667046.0,0.0
ICICIGI.NS,2025-11-25,1999.0,1999.0,319182.0,0.0
ICICIGI.NS,2025-11-26,2010.300048828125,2010.300048828125,380955.0,0.0
ICICIGI.NS,2025-11-27,1980.699951171875,1980.699951171875,528440.0,0.0
ICICIGI.NS,2025-11-28,1970.5,1970.5,960439.0,0.0
ICICIGI.NS,2025-12-01,1991.4000244140625,1991.4000244140625,625981.0,0.0
ICICIGI.NS,2025-12-02,1986.699951171875,1986.699951171875,442390.0,0.0
ICICIGI.NS,2025-12-03,1972.4000244140625,1972.4000244140625,382195.0,0.0
ICICIGI.NS,2025-12-04,1983.0,1983.0,263790.0,0.0
ICICIGI.NS,2025-12-05,1974.4000244140625,1974.4000244140625,425023.0,0.0
ICICIGI.NS,2025-12-08,1961.0999755859375,1961.0999755859375,415417.0,0.0
ICICIGI.NS,2025-12-09,1945.300048828125,1945.300048828125,452828.0,0.0
ICICIGI.NS,2025-12-10,1934.800048828125,1934.800048828125,882433.0,0.0
ICICIGI.NS,2025-12-11,1939.699951171875,1939.699951171875,347675.0,0.0
ICICIGI.NS,2025-12-12,1937.9000244140625,1937.9000244140625,387063.0,0.0
ICICIGI.NS,2025-12-15,1951.800048828125,1951.800048828125,290054.0,0.0
ICICIGI.NS,2025-12-16,1951.199951171875,1951.199951171875,454411.0,0.0
ICICIGI.NS,2025-12-17,1947.0,1947.0,589549.0,0.0
ICICIGI.NS,2025-12-18,1949.800048828125,1949.800048828125,336176.0,0.0
ICICIGI.NS,2025-12-19,1954.300048828125,1954.300048828125,475952.0,0.0
ICICIGI.NS,2025-12-22,1950.5999755859375,1950.5999755859375,477977.0,0.0
ICICIGI.NS,2025-12-23,1960.0999755859375,1960.0999755859375,219269.0,0.0
ICICIGI.NS,2025-12-24,1959.300048828125,1959.300048828125,381929.0,0.0
ICICIGI.NS,2025-12-26,1950.0,1950.0,141253.0,0.0
ICICIGI.NS,2025-12-29,1943.199951171875,1943.199951171875,295613.0,0.0
ICICIGI.NS,2025-12-30,1955.0,1955.0,1535231.0,0.0
ICICIGI.NS,2025-12-31,1962.0999755859375,1962.0999755859375,262641.0,0.0
ICICIGI.NS,2026-01-01,1956.9000244140625,1956.9000244140625,213510.0,0.0
ICICIGI.NS,2026-01-02,1973.9000244140625,1973.9000244140625,197253.0,0.0
ICICIGI.NS,2026-01-05,1979.9000244140625,1979.9000244140625,265979.0,0.0
ICICIGI.NS,2026-01-06,2010.0,2010.0,331204.0,0.0
ICICIGI.NS,2026-01-07,1966.199951171875,1966.199951171875,630961.0,0.0
ICICIGI.NS,2026-01-08,1908.199951171875,1908.199951171875,563364.0,0.0
ICICIGI.NS,2026-01-09,1896.0999755859375,1896.0999755859375,588637.0,0.0
ICICIGI.NS,2026-01-12,1910.300048828125,1910.300048828125,359635.0,0.0
ICICIGI.NS,2026-01-13,1885.5,1885.5,421190.0,0.0
ICICIGI.NS,2026-01-14,1857.699951171875,1857.699951171875,1908268.0,0.0
ICICIGI.NS,2026-01-15,1857.699951171875,1857.699951171875,0.0,0.0
ICICIGI.NS,2026-01-16,1870.199951171875,1870.199951171875,966834.0,0.0
ICICIGI.NS,2026-01-19,1884.800048828125,1884.800048828125,607278.0,0.0
ICICIGI.NS,2026-01-20,1861.699951171875,1861.699951171875,715164.0,0.0
ICICIGI.NS,2026-01-21,1834.5999755859375,1834.5999755859375,1772645.0,0.0
ICICIGI.NS,2026-01-22,1824.699951171875,1824.699951171875,711660.0,0.0
ICICIGI.NS,2026-01-23,1795.699951171875,1795.699951171875,1249414.0,0.0
ICICIGI.NS,2026-01-27,1805.9000244140625,1805.9000244140625,1610261.0,0.0
ICICIGI.NS,2026-01-28,1822.199951171875,1822.199951171875,1199096.0,0.0
ICICIGI.NS,2026-01-29,1825.5999755859375,1825.5999755859375,1142792.0,0.0
ICICIGI.NS,2026-01-30,1814.0999755859375,1814.0999755859375,633707.0,0.0
ICICIGI.NS,2026-02-02,1826.699951171875,1826.699951171875,1115519.0,0.0
ICICIGI.NS,2026-02-03,1861.5,1861.5,1095886.0,0.0
ICICIGI.NS,2026-02-04,1854.0,1854.0,280529.0,0.0
ICICIGI.NS,2026-02-05,1874.199951171875,1874.199951171875,589173.0,0.0
ICICIGI.NS,2026-02-06,1861.5999755859375,1861.5999755859375,197934.0,0.0
ICICIGI.NS,2026-02-09,1888.199951171875,1888.199951171875,594790.0,0.0
ICICIGI.NS,2026-02-10,1909.5999755859375,1909.5999755859375,244596.0,0.0
ICICIGI.NS,2026-02-11,1931.699951171875,1931.699951171875,577575.0,0.0
INDHOTEL.NS,2025-02-11,748.0,745.806884765625,2381688.0,0.0
INDHOTEL.NS,2025-02-12,731.2000122070312,729.05615234375,2506996.0,0.0
INDHOTEL.NS,2025-02-13,736.75,734.5899047851562,1494372.0,0.0
INDHOTEL.NS,2025-02-14,710.2000122070312,708.1177368164062,2236429.0,0.0
INDHOTEL.NS,2025-02-17,721.6500244140625,719.5341796875,4274281.0,0.0
INDHOTEL.NS,2025-02-18,721.9500122070312,719.8333129882812,1958848.0,0.0
INDHOTEL.NS,2025-02-19,746.7000122070312,744.5107421875,3899571.0,0.0
INDHOTEL.NS,2025-02-20,761.0,758.768798828125,2195581.0,0.0
INDHOTEL.NS,2025-02-21,757.5499877929688,755.328857421875,2751438.0,0.0
INDHOTEL.NS,2025-02-24,728.7999877929688,726.6632080078125,2127479.0,0.0
INDHOTEL.NS,2025-02-25,724.6500244140625,722.525390625,3208719.0,0.0
INDHOTEL.NS,2025-02-27,724.3499755859375,722.2261962890625,2263480.0,0.0
INDHOTEL.NS,2025-02-28,716.0999755859375,714.0004272460938,8666007.0,0.0
INDHOTEL.NS,2025-03-03,726.75,724.6192016601562,2801208.0,0.0
INDHOTEL.NS,2025-03-04,716.9000244140625,714.798095703125,4045349.0,0.0
INDHOTEL.NS,2025-03-05,757.2000122070312,754.9799194335938,3266569.0,0.0
INDHOTEL.NS,2025-03-06,749.1500244140625,746.9535522460938,2390595.0,0.0
INDHOTEL.NS,2025-03-07,744.2999877929688,742.1177368164062,1815446.0,0.0
INDHOTEL.NS,2025-03-10,741.0,738.8274536132812,2531433.0,0.0
INDHOTEL.NS,2025-03-11,749.0499877929688,746.8538208007812,1969774.0,0.0
INDHOTEL.NS,2025-03-12,749.3499755859375,747.1528930664062,1433765.0,0.0
INDHOTEL.NS,2025-03-13,750.4500122070312,748.249755859375,2525352.0,0.0
INDHOTEL.NS,2025-03-17,753.2999877929688,751.0913696289062,2732584.0,0.0
INDHOTEL.NS,2025-03-18,753.2999877929688,751.0913696289062,0.0,0.0
INDHOTEL.NS,2025-03-19,810.5999755859375,808.2233276367188,5540032.0,0.0
INDHOTEL.NS,2025-03-20,816.0999755859375,813.7072143554688,2288339.0,0.0
INDHOTEL.NS,2025-03-21,824.7000122070312,822.2820434570312,4943628.0,0.0
INDHOTEL.NS,2025-03-24,842.0999755859375,839.6309814453125,3298938.0,0.0
INDHOTEL.NS,2025-03-25,828.5499877929688,826.1207275390625,4138908.0,0.0
INDHOTEL.NS,2025-03-26,808.2000122070312,805.8303833007812,2774470.0,0.0
INDHOTEL.NS,2025-03-27,790.5499877929688,788.2321166992188,25416536.0,0.0
INDHOTEL.NS,2025-03-28,787.5499877929688,785.2409057617188,3391846.0,0.0
INDHOTEL.NS,2025-04-01,805.75,803.3875732421875,2351502.0,0.0
INDHOTEL.NS,2025-04-02,830.1500244140625,827.716064453125,5345446.0,0.0
INDHOTEL.NS,2025-04-03,831.0499877929688,828.6134033203125,1678841.0,0.0
INDHOTEL.NS,2025-04-04,799.3499755859375,797.00634765625,3294067.0,0.0
INDHOTEL.NS,2025-04-07,751.9500122070312,749.7453002929688,5939742.0,0.0
INDHOTEL.NS,2025-04-08,773.5999755859375,771.331787109375,4622541.0,0.0
INDHOTEL.NS,2025-04-09,768.2000122070312,765.9476928710938,2430488.0,0.0
INDHOTEL.NS,2025-04-11,788.5999755859375,786.287841796875,5182207.0,0.0
INDHOTEL.NS,2025-04-15,836.3499755859375,833.8978271484375,6038389.0,0.0
INDHOTEL.NS,2025-04-16,842.0499877929688,839.5811157226562,4096789.0,0.0
INDHOTEL.NS,2025-04-17,841.2000122070312,838.733642578125,1753598.0,0.0
INDHOTEL.NS,2025-04-21,836.0499877929688,833.5987548828125,3805748.0,0.0
INDHOTEL.NS,2025-04-22,833.9000244140625,831.455078125,3002855.0,0.0
INDHOTEL.NS,2025-04-23,822.9000244140625,820.4873046875,6313767.0,0.0
INDHOTEL.NS,2025-04-24,819.0999755859375,816.6984252929688,3174040.0,0.0
INDHOTEL.NS,2025-04-25,786.3499755859375,784.04443359375,6232065.0,0.0
INDHOTEL.NS,2025-04-28,800.4500122070312,798.1031494140625,2309177.0,0.0
INDHOTEL.NS,2025-04-29,790.1500244140625,787.8333129882812,3828285.0,0.0
INDHOTEL.NS,2025-04-30,787.7000122070312,785.3905029296875,4022508.0,0.0
INDHOTEL.NS,2025-05-02,801.4000244140625,799.0503540039062,3619723.0,0.0
INDHOTEL.NS,2025-05-05,801.7999877929688,799.4491577148438,4304551.0,0.0
INDHOTEL.NS,2025-05-06,753.25,751.04150390625,13918040.0,0.0
INDHOTEL.NS,2025-05-07,765.6500244140625,763.4051513671875,8544243.0,0.0
INDHOTEL.NS,2025-05-08,750.0,747.801025390625,3896699.0,0.0
INDHOTEL.NS,2025-05-09,718.75,716.6426391601562,13614894.0,0.0
INDHOTEL.NS,2025-05-12,769.1500244140625,766.8948974609375,11194626.0,0.0
INDHOTEL.NS,2025-05-13,761.0999755859375,758.8684692382812,4799356.0,0.0
INDHOTEL.NS,2025-05-14,770.2000122070312,767.9418334960938,3191820.0,0.0
INDHOTEL.NS,2025-05-15,764.3499755859375,762.1089477539062,3859883.0,0.0
INDHOTEL.NS,2025-05-16,766.3499755859375,764.1030883789062,3423355.0,0.0
INDHOTEL.NS,2025-05-19,771.9500122070312,769.6867065429688,3132809.0,0.0
INDHOTEL.NS,2025-05-20,752.75,750.54296875,4575471.0,0.0
INDHOTEL.NS,2025-05-21,773.0999755859375,770.8333129882812,6013853.0,0.0
INDHOTEL.NS,2025-05-22,769.5499877929688,767.293701171875,3611197.0,0.0
INDHOTEL.NS,2025-05-23,770.4500122070312,768.1911010742188,2067257.0,0.0
INDHOTEL.NS,2025-05-26,774.7999877929688,772.5283203125,2505649.0,0.0
INDHOTEL.NS,2025-05-27,771.0499877929688,768.789306640625,1715621.0,0.0
INDHOTEL.NS,2025-05-28,761.2000122070312,758.9682006835938,1808244.0,0.0
INDHOTEL.NS,2025-05-29,762.3499755859375,760.1148071289062,1292428.0,0.0
INDHOTEL.NS,2025-05-30,769.8499755859375,767.5928344726562,7244574.0,0.0
INDHOTEL.NS,2025-06-02,783.5999755859375,781.302490234375,3050204.0,0.0
INDHOTEL.NS,2025-06-03,760.9500122070312,758.7189331054688,8544663.0,0.0
INDHOTEL.NS,2025-06-04,770.75,768.4901733398438,2807346.0,0.0
INDHOTEL.NS,2025-06-05,771.75,769.4872436523438,1732249.0,0.0
INDHOTEL.NS,2025-06-06,776.8499755859375,774.572265625,1744097.0,0.0
INDHOTEL.NS,2025-06-09,780.0499877929688,777.762939453125,2352874.0,0.0
INDHOTEL.NS,2025-06-10,779.6500244140625,777.3641357421875,1695123.0,0.0
INDHOTEL.NS,2025-06-11,765.7999877929688,763.5546875,3087516.0,0.0
INDHOTEL.NS,2025-06-12,744.7999877929688,742.6162719726562,5153734.0,0.0
INDHOTEL.NS,2025-06-13,735.1500244140625,732.99462890625,2437398.0,0.0
INDHOTEL.NS,2025-06-16,754.9000244140625,752.6867065429688,3361335.0,0.0
INDHOTEL.NS,2025-06-17,756.6500244140625,754.4315795898438,3519248.0,0.0
INDHOTEL.NS,2025-06-18,763.2999877929688,761.06201171875,1782302.0,0.0
INDHOTEL.NS,2025-06-19,747.2999877929688,745.1089477539062,2263163.0,0.0
INDHOTEL.NS,2025-06-20,765.6500244140625,763.4051513671875,4337475.0,0.0
INDHOTEL.NS,2025-06-23,760.0999755859375,757.8713989257812,1881126.0,0.0
INDHOTEL.NS,2025-06-24,764.0999755859375,761.8596801757812,1873914.0,0.0
INDHOTEL.NS,2025-06-25,781.9000244140625,779.6075439453125,4846877.0,0.0
INDHOTEL.NS,2025-06-26,782.9500122070312,780.6544189453125,3298383.0,0.0
INDHOTEL.NS,2025-06-27,767.4000244140625,765.1500244140625,11586684.0,0.0
INDHOTEL.NS,2025-06-30,760.2999877929688,760.2999877929688,4840438.0,0.0
INDHOTEL.NS,2025-07-01,762.0499877929688,762.0499877929688,3663817.0,0.0
INDHOTEL.NS,2025-07-02,756.0,756.0,3926796.0,0.0
INDHOTEL.NS,2025-07-03,748.25,748.25,3314364.0,0.0
INDHOTEL.NS,2025-07-04,747.5499877929688,747.5499877929688,2437653.0,0.0
INDHOTEL.NS,2025-07-07,737.1500244140625,737.1500244140625,3012196.0,0.0
INDHOTEL.NS,2025-07-08,739.2999877929688,739.2999877929688,2730314.0,0.0
INDHOTEL.NS,2025-07-09,750.1500244140625,750.1500244140625,3335023.0,0.0
INDHOTEL.NS,2025-07-10,743.3499755859375,743.3499755859375,1841758.0,0.0
INDHOTEL.NS,2025-07-11,735.2000122070312,735.2000122070312,1464641.0,0.0
INDHOTEL.NS,2025-07-14,729.1500244140625,729.1500244140625,2476312.0,0.0
INDHOTEL.NS,2025-07-15,744.0499877929688,744.0499877929688,3597983.0,0.0
INDHOTEL.NS,2025-07-16,751.2000122070312,751.2000122070312,2931470.0,0.0
INDHOTEL.NS,2025-07-17,753.9500122070312,753.9500122070312,2596528.0,0.0
INDHOTEL.NS,2025-07-18,766.2000122070312,766.2000122070312,8263373.0,0.0
INDHOTEL.NS,2025-07-21,771.7000122070312,771.7000122070312,3112101.0,0.0
INDHOTEL.NS,2025-07-22,756.2999877929688,756.2999877929688,2667397.0,0.0
INDHOTEL.NS,2025-07-23,754.4000244140625,754.4000244140625,2528008.0,0.0
INDHOTEL.NS,2025-07-24,754.0,754.0,1333762.0,0.0
INDHOTEL.NS,2025-07-25,746.1500244140625,746.1500244140625,2755973.0,0.0
INDHOTEL.NS,2025-07-28,744.7999877929688,744.7999877929688,2368005.0,0.0
INDHOTEL.NS,2025-07-29,748.2000122070312,748.2000122070312,2019113.0,0.0
INDHOTEL.NS,2025-07-30,744.9000244140625,744.9000244140625,1798426.0,0.0
INDHOTEL.NS,2025-07-31,740.75,740.75,2395448.0,0.0
INDHOTEL.NS,2025-08-01,741.1500244140625,741.1500244140625,2426975.0,0.0
INDHOTEL.NS,2025-08-04,748.7999877929688,748.7999877929688,2240074.0,0.0
INDHOTEL.NS,2025-08-05,751.0499877929688,751.0499877929688,1553257.0,0.0
INDHOTEL.NS,2025-08-06,746.5999755859375,746.5999755859375,2431229.0,0.0
INDHOTEL.NS,2025-08-07,742.2999877929688,742.2999877929688,2317202.0,0.0
INDHOTEL.NS,2025-08-08,735.75,735.75,1778482.0,0.0
INDHOTEL.NS,2025-08-11,746.75,746.75,1346920.0,0.0
INDHOTEL.NS,2025-08-12,747.4500122070312,747.4500122070312,1747197.0,0.0
INDHOTEL.NS,2025-08-13,769.7999877929688,769.7999877929688,2637612.0,0.0
INDHOTEL.NS,2025-08-14,774.3499755859375,774.3499755859375,2975752.0,0.0
INDHOTEL.NS,2025-08-18,775.5,775.5,2310844.0,0.0
INDHOTEL.NS,2025-08-19,775.1500244140625,775.1500244140625,2697307.0,0.0
INDHOTEL.NS,2025-08-20,806.7999877929688,806.7999877929688,9310646.0,0.0
INDHOTEL.NS,2025-08-21,795.6500244140625,795.6500244140625,3074385.0,0.0
INDHOTEL.NS,2025-08-22,788.8499755859375,788.8499755859375,1780524.0,0.0
INDHOTEL.NS,2025-08-25,785.5499877929688,785.5499877929688,1374337.0,0.0
INDHOTEL.NS,2025-08-26,769.0499877929688,769.0499877929688,2691124.0,0.0
INDHOTEL.NS,2025-08-28,765.1500244140625,765.1500244140625,1693942.0,0.0
INDHOTEL.NS,2025-08-29,758.4500122070312,758.4500122070312,3485485.0,0.0
INDHOTEL.NS,2025-09-01,759.8499755859375,759.8499755859375,1589703.0,0.0
INDHOTEL.NS,2025-09-02,765.5999755859375,765.5999755859375,1347348.0,0.0
INDHOTEL.NS,2025-09-03,773.9500122070312,773.9500122070312,2118837.0,0.0
INDHOTEL.NS,2025-09-04,774.75,774.75,1973939.0,0.0
INDHOTEL.NS,2025-09-05,774.75,774.75,1379717.0,0.0
INDHOTEL.NS,2025-09-08,777.7000122070312,777.7000122070312,1364801.0,0.0
INDHOTEL.NS,2025-09-09,775.5,775.5,1874136.0,0.0
INDHOTEL.NS,2025-09-10,775.5,775.5,1174805.0,0.0
INDHOTEL.NS,2025-09-11,773.9500122070312,773.9500122070312,1689123.0,0.0
INDHOTEL.NS,2025-09-12,777.7000122070312,777.7000122070312,1039360.0,0.0
INDHOTEL.NS,2025-09-15,790.8499755859375,790.8499755859375,2096095.0,0.0
INDHOTEL.NS,2025-09-16,778.6500244140625,778.6500244140625,2182787.0,0.0
INDHOTEL.NS,2025-09-17,780.25,780.25,1788721.0,0.0
INDHOTEL.NS,2025-09-18,782.0499877929688,782.0499877929688,4723510.0,0.0
INDHOTEL.NS,2025-09-19,775.5499877929688,775.5499877929688,5541735.0,0.0
INDHOTEL.NS,2025-09-22,769.4000244140625,769.4000244140625,1576519.0,0.0
INDHOTEL.NS,2025-09-23,752.0,752.0,4312730.0,0.0
INDHOTEL.NS,2025-09-24,746.0,746.0,2452434.0,0.0
INDHOTEL.NS,2025-09-25,732.1500244140625,732.1500244140625,3330705.0,0.0
INDHOTEL.NS,2025-09-26,709.7999877929688,709.7999877929688,4121924.0,0.0
INDHOTEL.NS,2025-09-29,724.2999877929688,724.2999877929688,4836722.0,0.0
INDHOTEL.NS,2025-09-30,720.2999877929688,720.2999877929688,3742770.0,0.0
INDHOTEL.NS,2025-10-01,723.25,723.25,1845296.0,0.0
INDHOTEL.NS,2025-10-03,724.4500122070312,724.4500122070312,1911564.0,0.0
INDHOTEL.NS,2025-10-06,723.5499877929688,723.5499877929688,2782042.0,0.0
INDHOTEL.NS,2025-10-07,733.25,733.25,3016892.0,0.0
INDHOTEL.NS,2025-10-08,730.0,730.0,2734309.0,0.0
INDHOTEL.NS,2025-10-09,732.1500244140625,732.1500244140625,1123403.0,0.0
INDHOTEL.NS,2025-10-10,735.5499877929688,735.5499877929688,1505485.0,0.0
INDHOTEL.NS,2025-10-13,726.0499877929688,726.0499877929688,1692185.0,0.0
INDHOTEL.NS,2025-10-14,721.1500244140625,721.1500244140625,2288523.0,0.0
INDHOTEL.NS,2025-10-15,727.75,727.75,2906645.0,0.0
INDHOTEL.NS,2025-10-16,738.0499877929688,738.0499877929688,2887514.0,0.0
INDHOTEL.NS,2025-10-17,735.4000244140625,735.4000244140625,1915423.0,0.0
INDHOTEL.NS,2025-10-20,743.0,743.0,1820844.0,0.0
INDHOTEL.NS,2025-10-21,744.25,744.25,249034.0,0.0
INDHOTEL.NS,2025-10-23,737.5499877929688,737.5499877929688,2623071.0,0.0
INDHOTEL.NS,2025-10-24,735.9000244140625,735.9000244140625,1708596.0,0.0
INDHOTEL.NS,2025-10-27,746.5499877929688,746.5499877929688,1602382.0,0.0
INDHOTEL.NS,2025-10-28,741.75,741.75,1569323.0,0.0
INDHOTEL.NS,2025-10-29,746.75,746.75,3288567.0,0.0
INDHOTEL.NS,2025-10-30,749.6500244140625,749.6500244140625,913961.0,0.0
INDHOTEL.NS,2025-10-31,741.7999877929688,741.7999877929688,2279088.0,0.0
INDHOTEL.NS,2025-11-03,747.1500244140625,747.1500244140625,1600989.0,0.0
INDHOTEL.NS,2025-11-04,743.2000122070312,743.2000122070312,2564263.0,0.0
INDHOTEL.NS,2025-11-06,697.0,697.0,12158028.0,0.0
INDHOTEL.NS,2025-11-07,691.2999877929688,691.2999877929688,5546394.0,0.0
INDHOTEL.NS,2025-11-10,703.7999877929688,703.7999877929688,2938488.0,0.0
INDHOTEL.NS,2025-11-11,697.75,697.75,3758087.0,0.0
INDHOTEL.NS,2025-11-12,706.9500122070312,706.9500122070312,4614524.0,0.0
INDHOTEL.NS,2025-11-13,717.7000122070312,717.7000122070312,4914713.0,0.0
INDHOTEL.NS,2025-11-14,720.7999877929688,720.7999877929688,3854104.0,0.0
INDHOTEL.NS,2025-11-17,722.2999877929688,722.2999877929688,3247761.0,0.0
INDHOTEL.NS,2025-11-18,712.75,712.75,3166341.0,0.0
INDHOTEL.NS,2025-11-19,719.5499877929688,719.5499877929688,2796978.0,0.0
INDHOTEL.NS,2025-11-20,733.3499755859375,733.3499755859375,4075549.0,0.0
INDHOTEL.NS,2025-11-21,733.2000122070312,733.2000122070312,2739967.0,0.0
INDHOTEL.NS,2025-11-24,721.1500244140625,721.1500244140625,6950166.0,0.0
INDHOTEL.NS,2025-11-25,726.5,726.5,3835430.0,0.0
INDHOTEL.NS,2025-11-26,731.4000244140625,731.4000244140625,1350259.0,0.0
INDHOTEL.NS,2025-11-27,735.0,735.0,1862591.0,0.0
INDHOTEL.NS,2025-11-28,744.2999877929688,744.2999877929688,3897542.0,0.0
INDHOTEL.NS,2025-12-01,749.0499877929688,749.0499877929688,2237313.0,0.0
INDHOTEL.NS,2025-12-02,742.5,742.5,2514236.0,0.0
INDHOTEL.NS,2025-12-03,734.5999755859375,734.5999755859375,1513825.0,0.0
INDHOTEL.NS,2025-12-04,729.5499877929688,729.5499877929688,1536712.0,0.0
INDHOTEL.NS,2025-12-05,730.9000244140625,730.9000244140625,2253909.0,0.0
INDHOTEL.NS,2025-12-08,718.0999755859375,718.0999755859375,2518371.0,0.0
INDHOTEL.NS,2025-12-09,727.75,727.75,3074691.0,0.0
INDHOTEL.NS,2025-12-10,718.5999755859375,718.5999755859375,1758455.0,0.0
INDHOTEL.NS,2025-12-11,729.0,729.0,1695971.0,0.0
INDHOTEL.NS,2025-12-12,735.0499877929688,735.0499877929688,2784620.0,0.0
INDHOTEL.NS,2025-12-15,731.1500244140625,731.1500244140625,2997677.0,0.0
INDHOTEL.NS,2025-12-16,725.25,725.25,2129633.0,0.0
INDHOTEL.NS,2025-12-17,713.2000122070312,713.2000122070312,2576640.0,0.0
INDHOTEL.NS,2025-12-18,722.0,722.0,2445790.0,0.0
INDHOTEL.NS,2025-12-19,731.2000122070312,731.2000122070312,2770317.0,0.0
INDHOTEL.NS,2025-12-22,740.1500244140625,740.1500244140625,1140608.0,0.0
INDHOTEL.NS,2025-12-23,738.2999877929688,738.2999877929688,1609752.0,0.0
INDHOTEL.NS,2025-12-24,740.0999755859375,740.0999755859375,1613745.0,0.0
INDHOTEL.NS,2025-12-26,739.5999755859375,739.5999755859375,1596208.0,0.0
INDHOTEL.NS,2025-12-29,742.1500244140625,742.1500244140625,3172912.0,0.0
INDHOTEL.NS,2025-12-30,729.5499877929688,729.5499877929688,6502946.0,0.0
INDHOTEL.NS,2025-12-31,738.8499755859375,738.8499755859375,2264023.0,0.0
INDHOTEL.NS,2026-01-01,738.5999755859375,738.5999755859375,1108196.0,0.0
INDHOTEL.NS,2026-01-02,748.6500244140625,748.6500244140625,1660155.0,0.0
INDHOTEL.NS,2026-01-05,744.2000122070312,744.2000122070312,1693043.0,0.0
INDHOTEL.NS,2026-01-06,726.4000244140625,726.4000244140625,2525206.0,0.0
INDHOTEL.NS,2026-01-07,715.3499755859375,715.3499755859375,3998970.0,0.0
INDHOTEL.NS,2026-01-08,704.3499755859375,704.3499755859375,3026071.0,0.0
INDHOTEL.NS,2026-01-09,693.0999755859375,693.0999755859375,2597123.0,0.0
INDHOTEL.NS,2026-01-12,690.0999755859375,690.0999755859375,1750234.0,0.0
INDHOTEL.NS,2026-01-13,678.1500244140625,678.1500244140625,3034666.0,0.0
INDHOTEL.NS,2026-01-14,689.4500122070312,689.4500122070312,3808208.0,0.0
INDHOTEL.NS,2026-01-15,689.4500122070312,689.4500122070312,0.0,0.0
INDHOTEL.NS,2026-01-16,684.4500122070312,684.4500122070312,3581617.0,0.0
INDHOTEL.NS,2026-01-19,668.3499755859375,668.3499755859375,3112471.0,0.0
INDHOTEL.NS,2026-01-20,645.5,645.5,3777196.0,0.0
INDHOTEL.NS,2026-01-21,653.5999755859375,653.5999755859375,5962526.0,0.0
INDHOTEL.NS,2026-01-22,656.5499877929688,656.5499877929688,5736453.0,0.0
INDHOTEL.NS,2026-01-23,645.7999877929688,645.7999877929688,4263487.0,0.0
INDHOTEL.NS,2026-01-27,651.3499755859375,651.3499755859375,5027334.0,0.0
INDHOTEL.NS,2026-01-28,656.2000122070312,656.2000122070312,3678915.0,0.0
INDHOTEL.NS,2026-01-29,664.5999755859375,664.5999755859375,3053868.0,0.0
INDHOTEL.NS,2026-01-30,674.1500244140625,674.1500244140625,3713962.0,0.0
INDHOTEL.NS,2026-02-02,663.9000244140625,663.9000244140625,1970748.0,0.0
INDHOTEL.NS,2026-02-03,681.5,681.5,1625286.0,0.0
INDHOTEL.NS,2026-02-04,686.1500244140625,686.1500244140625,878517.0,0.0
INDHOTEL.NS,2026-02-05,689.1500244140625,689.1500244140625,1307331.0,0.0
INDHOTEL.NS,2026-02-06,683.2000122070312,683.2000122070312,916019.0,0.0
INDHOTEL.NS,2026-02-09,695.0,695.0,1133059.0,0.0
INDHOTEL.NS,2026-02-10,702.5499877929688,702.5499877929688,1303615.0,0.0
INDHOTEL.NS,2026-02-11,707.5499877929688,707.5499877929688,1356215.0,0.0
IOC.NS,2025-02-11,120.47000122070312,114.41277313232422,14532810.0,0.0
IOC.NS,2025-02-12,120.41999816894531,114.36528778076172,14799271.0,0.0
IOC.NS,2025-02-13,120.08000183105469,114.04238891601562,10136689.0,0.0
IOC.NS,2025-02-14,117.25,111.35467529296875,12351973.0,0.0
IOC.NS,2025-02-17,118.44999694824219,112.49433898925781,12518983.0,0.0
IOC.NS,2025-02-18,119.0,113.01668548583984,8678689.0,0.0
IOC.NS,2025-02-19,119.87000274658203,113.84294128417969,9158990.0,0.0
IOC.NS,2025-02-20,122.79000091552734,116.61612701416016,9940851.0,0.0
IOC.NS,2025-02-21,121.33000183105469,115.22953796386719,9657933.0,0.0
IOC.NS,2025-02-24,120.22000122070312,114.17534637451172,8764985.0,0.0
IOC.NS,2025-02-25,118.6500015258789,112.68428802490234,7607411.0,0.0
IOC.NS,2025-02-27,116.41999816894531,110.56640625,10709253.0,0.0
IOC.NS,2025-02-28,113.48999786376953,107.78372955322266,24161878.0,0.0
IOC.NS,2025-03-03,114.55999755859375,108.7999267578125,18881646.0,0.0
IOC.NS,2025-03-04,118.04000091552734,112.1049575805664,14145658.0,0.0
IOC.NS,2025-03-05,122.25,116.10327911376953,19577861.0,0.0
IOC.NS,2025-03-06,125.83999633789062,119.51276397705078,19384187.0,0.0
IOC.NS,2025-03-07,124.83999633789062,118.56304931640625,14763396.0,0.0
IOC.NS,2025-03-10,121.58999633789062,115.47645568847656,12727300.0,0.0
IOC.NS,2025-03-11,124.81999969482422,118.54405212402344,18090217.0,0.0
IOC.NS,2025-03-12,125.29000091552734,118.99042510986328,14079943.0,0.0
IOC.NS,2025-03-13,125.66999816894531,119.351318359375,10882226.0,0.0
IOC.NS,2025-03-17,124.11000061035156,117.86975860595703,13126112.0,0.0
IOC.NS,2025-03-18,124.11000061035156,117.86975860595703,0.0,0.0
IOC.NS,2025-03-19,127.75,121.32673645019531,11273526.0,0.0
IOC.NS,2025-03-20,129.2100067138672,122.71334075927734,13947925.0,0.0
IOC.NS,2025-03-21,131.50999450683594,124.8976821899414,42928510.0,0.0
IOC.NS,2025-03-24,133.6699981689453,126.9490737915039,13965745.0,0.0
IOC.NS,2025-03-25,131.02999877929688,124.44181823730469,12380949.0,0.0
IOC.NS,2025-03-26,129.08999633789062,122.599365234375,16379725.0,0.0
IOC.NS,2025-03-27,130.36000061035156,123.80551147460938,13141045.0,0.0
IOC.NS,2025-03-28,127.69999694824219,121.27925109863281,15396398.0,0.0
IOC.NS,2025-04-01,131.24000549316406,124.64127349853516,12740476.0,0.0
IOC.NS,2025-04-02,131.30999755859375,124.70773315429688,8531198.0,0.0
IOC.NS,2025-04-03,131.05999755859375,124.47030639648438,9909642.0,0.0
IOC.NS,2025-04-04,130.13999938964844,123.59656524658203,21497796.0,0.0
IOC.NS,2025-04-07,128.08999633789062,121.6496353149414,24739154.0,0.0
IOC.NS,2025-04-08,130.97999572753906,124.39432525634766,12634136.0,0.0
IOC.NS,2025-04-09,131.6199951171875,125.00214385986328,14769184.0,0.0
IOC.NS,2025-04-11,131.8300018310547,125.20159912109375,10020795.0,0.0
IOC.NS,2025-04-15,132.8699951171875,126.18929290771484,10142685.0,0.0
IOC.NS,2025-04-16,133.8300018310547,127.10103607177734,9200167.0,0.0
IOC.NS,2025-04-17,134.3000030517578,127.54740905761719,10404917.0,0.0
IOC.NS,2025-04-21,138.67999267578125,131.70716857910156,20249817.0,0.0
IOC.NS,2025-04-22,138.30999755859375,131.35577392578125,12648948.0,0.0
IOC.NS,2025-04-23,137.64999389648438,130.7289581298828,12689457.0,0.0
IOC.NS,2025-04-24,138.38999938964844,131.4317626953125,8177419.0,0.0
IOC.NS,2025-04-25,134.64999389648438,127.87979888916016,14663542.0,0.0
IOC.NS,2025-04-28,136.49000549316406,129.62730407714844,10943944.0,0.0
IOC.NS,2025-04-29,135.77999877929688,128.95298767089844,15222917.0,0.0
IOC.NS,2025-04-30,137.86000061035156,130.92840576171875,39902398.0,0.0
IOC.NS,2025-05-02,142.97999572753906,135.7909698486328,45858781.0,0.0
IOC.NS,2025-05-05,148.55999755859375,141.0904083251953,47549493.0,0.0
IOC.NS,2025-05-06,144.0800018310547,136.83566284179688,18018626.0,0.0
IOC.NS,2025-05-07,144.49000549316406,137.2250518798828,19316740.0,0.0
IOC.NS,2025-05-08,140.99000549316406,133.9010467529297,12047287.0,0.0
IOC.NS,2025-05-09,139.99000549316406,132.95130920410156,15348575.0,0.0
IOC.NS,2025-05-12,142.35000610351562,135.19265747070312,13526883.0,0.0
IOC.NS,2025-05-13,141.69000244140625,134.5658416748047,9484801.0,0.0
IOC.NS,2025-05-14,143.47000122070312,136.25633239746094,9987794.0,0.0
IOC.NS,2025-05-15,145.0,137.70941162109375,10181275.0,0.0
IOC.NS,2025-05-16,144.72000122070312,137.4434814453125,14529013.0,0.0
IOC.NS,2025-05-19,144.69000244140625,137.4149932861328,6802870.0,0.0
IOC.NS,2025-05-20,141.9199981689453,134.78427124023438,11330045.0,0.0
IOC.NS,2025-05-21,143.38999938964844,136.18035888671875,8705960.0,0.0
IOC.NS,2025-05-22,143.2899932861328,136.08538818359375,7157328.0,0.0
IOC.NS,2025-05-23,144.05999755859375,136.81666564941406,9699995.0,0.0
IOC.NS,2025-05-26,143.5800018310547,136.36080932617188,5996548.0,0.0
IOC.NS,2025-05-27,143.41000366210938,136.19935607910156,4970656.0,0.0
IOC.NS,2025-05-28,144.1999969482422,136.9496307373047,6390053.0,0.0
IOC.NS,2025-05-29,143.6999969482422,136.4747772216797,7054326.0,0.0
IOC.NS,2025-05-30,141.97000122070312,134.83175659179688,28315951.0,0.0
IOC.NS,2025-06-02,143.3800048828125,136.17086791992188,7051525.0,0.0
IOC.NS,2025-06-03,141.0399932861328,133.94850158691406,7002799.0,0.0
IOC.NS,2025-06-04,140.6699981689453,133.5971221923828,11904779.0,0.0
IOC.NS,2025-06-05,139.24000549316406,132.23902893066406,9478214.0,0.0
IOC.NS,2025-06-06,140.77999877929688,133.7015838623047,5702365.0,0.0
IOC.NS,2025-06-09,143.32000732421875,136.1138916015625,9972191.0,0.0
IOC.NS,2025-06-10,142.19000244140625,135.0406951904297,7906157.0,0.0
IOC.NS,2025-06-11,145.14999389648438,137.8518524169922,28652440.0,0.0
IOC.NS,2025-06-12,142.99000549316406,135.80047607421875,30425949.0,0.0
IOC.NS,2025-06-13,140.33999633789062,133.28370666503906,23705826.0,0.0
IOC.NS,2025-06-16,141.85000610351562,134.71778869628906,15176810.0,0.0
IOC.NS,2025-06-17,141.67999267578125,134.55633544921875,9983651.0,0.0
IOC.NS,2025-06-18,140.82000732421875,133.73959350585938,9045315.0,0.0
IOC.NS,2025-06-19,138.6699981689453,131.6976776123047,5943647.0,0.0
IOC.NS,2025-06-20,138.64999389648438,131.67868041992188,33690253.0,0.0
IOC.NS,2025-06-23,139.9199981689453,132.8848419189453,14001242.0,0.0
IOC.NS,2025-06-24,142.83999633789062,135.6580047607422,25393037.0,0.0
IOC.NS,2025-06-25,141.97999572753906,134.84124755859375,15297425.0,0.0
IOC.NS,2025-06-26,146.27999877929688,138.925048828125,24194161.0,0.0
IOC.NS,2025-06-27,147.22000122070312,139.8177947998047,19189378.0,0.0
IOC.NS,2025-06-30,146.9600067138672,139.5708770751953,10645295.0,0.0
IOC.NS,2025-07-01,147.13999938964844,139.74180603027344,9899904.0,0.0
IOC.NS,2025-07-02,147.91000366210938,140.4730987548828,7881728.0,0.0
IOC.NS,2025-07-03,147.8699951171875,140.4351043701172,8006482.0,0.0
IOC.NS,2025-07-04,151.6199951171875,143.99655151367188,22612766.0,0.0
IOC.NS,2025-07-07,153.75,146.0194549560547,24354631.0,0.0
IOC.NS,2025-07-08,153.82000732421875,146.0859375,13876094.0,0.0
IOC.NS,2025-07-09,150.25,142.69544982910156,12440150.0,0.0
IOC.NS,2025-07-10,152.3300018310547,144.6708526611328,14545796.0,0.0
IOC.NS,2025-07-11,150.64999389648438,143.07533264160156,12767735.0,0.0
IOC.NS,2025-07-14,150.10000610351562,142.55299377441406,8021902.0,0.0
IOC.NS,2025-07-15,151.39999389648438,143.78761291503906,4853043.0,0.0
IOC.NS,2025-07-16,152.0399932861328,144.3954315185547,7218210.0,0.0
IOC.NS,2025-07-17,150.9600067138672,143.36973571777344,6727858.0,0.0
IOC.NS,2025-07-18,150.05999755859375,142.51498413085938,9017783.0,0.0
IOC.NS,2025-07-21,151.07000732421875,143.47422790527344,5030900.0,0.0
IOC.NS,2025-07-22,151.97999572753906,144.3384552001953,11381024.0,0.0
IOC.NS,2025-07-23,152.35000610351562,144.68984985351562,7597121.0,0.0
IOC.NS,2025-07-24,151.22000122070312,143.61666870117188,5879844.0,0.0
IOC.NS,2025-07-25,146.9600067138672,139.5708770751953,11646131.0,0.0
IOC.NS,2025-07-28,147.55999755859375,140.14068603515625,6023438.0,0.0
IOC.NS,2025-07-29,147.94000244140625,140.5015869140625,4240012.0,0.0
IOC.NS,2025-07-30,149.0399932861328,141.54627990722656,9331773.0,0.0
IOC.NS,2025-07-31,145.6199951171875,138.29823303222656,11960546.0,0.0
IOC.NS,2025-08-01,141.02999877929688,133.9390106201172,8981850.0,0.0
IOC.NS,2025-08-04,142.3800048828125,135.2211456298828,8163596.0,0.0
IOC.NS,2025-08-05,141.27000427246094,134.16696166992188,11034758.0,0.0
IOC.NS,2025-08-06,142.27000427246094,135.11666870117188,7574568.0,0.0
IOC.NS,2025-08-07,141.6699981689453,134.54684448242188,8365458.0,0.0
IOC.NS,2025-08-08,139.91000366210938,135.74996948242188,9551412.0,0.0
IOC.NS,2025-08-11,141.41000366210938,137.2053680419922,11260944.0,0.0
IOC.NS,2025-08-12,142.64999389648438,138.4084930419922,12858483.0,0.0
IOC.NS,2025-08-13,142.42999267578125,138.19503784179688,4990372.0,0.0
IOC.NS,2025-08-14,140.1300048828125,135.96343994140625,11453732.0,0.0
IOC.NS,2025-08-18,140.30999755859375,136.13807678222656,11766741.0,0.0
IOC.NS,2025-08-19,142.00999450683594,137.7875213623047,8913748.0,0.0
IOC.NS,2025-08-20,141.44000244140625,137.23448181152344,5531826.0,0.0
IOC.NS,2025-08-21,141.44000244140625,137.23448181152344,8746473.0,0.0
IOC.NS,2025-08-22,139.9499969482422,135.7887725830078,5874783.0,0.0
IOC.NS,2025-08-25,139.9600067138672,135.79849243164062,8282860.0,0.0
IOC.NS,2025-08-26,138.9600067138672,134.82823181152344,10846493.0,0.0
IOC.NS,2025-08-28,138.49000549316406,134.3721923828125,8420916.0,0.0
IOC.NS,2025-08-29,136.6199951171875,132.5577850341797,10577763.0,0.0
IOC.NS,2025-09-01,139.55999755859375,135.41036987304688,6229505.0,0.0
IOC.NS,2025-09-02,139.6199951171875,135.46859741210938,3714758.0,0.0
IOC.NS,2025-09-03,140.49000549316406,136.31272888183594,4902101.0,0.0
IOC.NS,2025-09-04,139.67999267578125,135.5268096923828,4768126.0,0.0
IOC.NS,2025-09-05,139.64999389648438,135.49769592285156,4533550.0,0.0
IOC.NS,2025-09-08,140.89999389648438,136.7105255126953,5069174.0,0.0
IOC.NS,2025-09-09,140.94000244140625,136.7493438720703,3636766.0,0.0
IOC.NS,2025-09-10,141.13999938964844,136.9434051513672,4302236.0,0.0
IOC.NS,2025-09-11,143.92999267578125,139.6504364013672,15031791.0,0.0
IOC.NS,2025-09-12,142.61000061035156,138.36968994140625,9001678.0,0.0
IOC.NS,2025-09-15,143.99000549316406,139.7086639404297,8158591.0,0.0
IOC.NS,2025-09-16,144.97999572753906,140.66921997070312,6389632.0,0.0
IOC.NS,2025-09-17,145.94000244140625,141.60067749023438,9549049.0,0.0
IOC.NS,2025-09-18,147.14999389648438,142.77468872070312,8002633.0,0.0
IOC.NS,2025-09-19,148.5,144.08456420898438,14995288.0,0.0
IOC.NS,2025-09-22,148.3000030517578,143.8905029296875,9720233.0,0.0
IOC.NS,2025-09-23,148.24000549316406,143.83229064941406,7296186.0,0.0
IOC.NS,2025-09-24,146.77000427246094,142.406005859375,6288775.0,0.0
IOC.NS,2025-09-25,146.22000122070312,141.8723602294922,8605676.0,0.0
IOC.NS,2025-09-26,145.0399932861328,140.72743225097656,11925305.0,0.0
IOC.NS,2025-09-29,149.30999755859375,144.87046813964844,16918652.0,0.0
IOC.NS,2025-09-30,149.7899932861328,145.33619689941406,13201863.0,0.0
IOC.NS,2025-10-01,149.6999969482422,145.24887084960938,7658596.0,0.0
IOC.NS,2025-10-03,150.38999938964844,145.91836547851562,5989839.0,0.0
IOC.NS,2025-10-06,154.83999633789062,150.23605346679688,18473741.0,0.0
IOC.NS,2025-10-07,154.3699951171875,149.78001403808594,11389659.0,0.0
IOC.NS,2025-10-08,153.57000732421875,149.00381469726562,9953844.0,0.0
IOC.NS,2025-10-09,155.25,150.6338653564453,13999206.0,0.0
IOC.NS,2025-10-10,154.11000061035156,149.5277557373047,7992863.0,0.0
IOC.NS,2025-10-13,155.25999450683594,150.6435546875,11375913.0,0.0
IOC.NS,2025-10-14,152.80999755859375,148.2664031982422,5976061.0,0.0
IOC.NS,2025-10-15,153.69000244140625,149.1202392578125,19147599.0,0.0
IOC.NS,2025-10-16,153.6699981689453,149.100830078125,7119984.0,0.0
IOC.NS,2025-10-17,152.91000366210938,148.36343383789062,7126668.0,0.0
IOC.NS,2025-10-20,153.85000610351562,149.27549743652344,5564426.0,0.0
IOC.NS,2025-10-21,154.1300048828125,149.5471649169922,1188949.0,0.0
IOC.NS,2025-10-23,150.1199951171875,145.65638732910156,13612250.0,0.0
IOC.NS,2025-10-24,150.3699951171875,145.89895629882812,8519673.0,0.0
IOC.NS,2025-10-27,155.1999969482422,150.58534240722656,16809115.0,0.0
IOC.NS,2025-10-28,154.52000427246094,149.92556762695312,22709449.0,0.0
IOC.NS,2025-10-29,163.08999633789062,158.24073791503906,58449093.0,0.0
IOC.NS,2025-10-30,163.50999450683594,158.64825439453125,33405636.0,0.0
IOC.NS,2025-10-31,165.89999389648438,160.96719360351562,25385134.0,0.0
IOC.NS,2025-11-03,167.72999572753906,162.74278259277344,19190570.0,0.0
IOC.NS,2025-11-04,169.25,164.21759033203125,23469790.0,0.0
IOC.NS,2025-11-06,168.3699951171875,163.36375427246094,19729771.0,0.0
IOC.NS,2025-11-07,169.16000366210938,164.13026428222656,12104934.0,0.0
IOC.NS,2025-11-10,169.38999938964844,164.35342407226562,12402893.0,0.0
IOC.NS,2025-11-11,172.44000244140625,167.312744140625,20113006.0,0.0
IOC.NS,2025-11-12,172.3000030517578,167.17691040039062,16003745.0,0.0
IOC.NS,2025-11-13,172.4499969482422,167.3224334716797,11618468.0,0.0
IOC.NS,2025-11-14,171.25,166.1581268310547,11051895.0,0.0
IOC.NS,2025-11-17,173.1199951171875,167.97251892089844,13233156.0,0.0
IOC.NS,2025-11-18,171.58999633789062,166.48800659179688,17543851.0,0.0
IOC.NS,2025-11-19,169.3300018310547,164.2952117919922,10315121.0,0.0
IOC.NS,2025-11-20,168.6999969482422,163.68394470214844,9529662.0,0.0
IOC.NS,2025-11-21,167.35000610351562,162.37408447265625,9261908.0,0.0
IOC.NS,2025-11-24,165.69000244140625,160.76344299316406,16397744.0,0.0
IOC.NS,2025-11-25,164.1199951171875,159.2401123046875,9625540.0,0.0
IOC.NS,2025-11-26,165.58999633789062,160.66641235351562,5855993.0,0.0
IOC.NS,2025-11-27,163.80999755859375,158.9393310546875,4631417.0,0.0
IOC.NS,2025-11-28,161.75,156.9405975341797,5937318.0,0.0
IOC.NS,2025-12-01,162.97000122070312,158.1243133544922,10208196.0,0.0
IOC.NS,2025-12-02,162.33999633789062,157.51304626464844,13247668.0,0.0
IOC.NS,2025-12-03,164.11000061035156,159.2304229736328,11250522.0,0.0
IOC.NS,2025-12-04,162.75999450683594,157.92054748535156,6382061.0,0.0
IOC.NS,2025-12-05,163.66000366210938,158.79380798339844,6124074.0,0.0
IOC.NS,2025-12-08,162.10000610351562,157.2801971435547,8744916.0,0.0
IOC.NS,2025-12-09,163.00999450683594,158.16311645507812,10272407.0,0.0
IOC.NS,2025-12-10,163.07000732421875,158.22134399414062,12155035.0,0.0
IOC.NS,2025-12-11,161.75,156.9405975341797,8829634.0,0.0
IOC.NS,2025-12-12,163.6699981689453,158.80349731445312,13492656.0,0.0
IOC.NS,2025-12-15,168.5500030517578,163.5384063720703,33661881.0,0.0
IOC.NS,2025-12-16,167.74000549316406,162.7524871826172,26675256.0,0.0
IOC.NS,2025-12-17,168.16000366210938,163.16000366210938,17416464.0,0.0
IOC.NS,2025-12-18,161.75,161.75,10014354.0,0.0
IOC.NS,2025-12-19,162.60000610351562,162.60000610351562,14335462.0,0.0
IOC.NS,2025-12-22,163.66000366210938,163.66000366210938,9224512.0,0.0
IOC.NS,2025-12-23,163.27000427246094,163.27000427246094,8439146.0,0.0
IOC.NS,2025-12-24,161.1699981689453,161.1699981689453,7879339.0,0.0
IOC.NS,2025-12-26,160.3000030517578,160.3000030517578,7762050.0,0.0
IOC.NS,2025-12-29,161.97999572753906,161.97999572753906,8219066.0,0.0
IOC.NS,2025-12-30,161.57000732421875,161.57000732421875,8132881.0,0.0
IOC.NS,2025-12-31,166.4600067138672,166.4600067138672,24383706.0,0.0
IOC.NS,2026-01-01,165.8800048828125,165.8800048828125,9679405.0,0.0
IOC.NS,2026-01-02,166.7899932861328,166.7899932861328,9638213.0,0.0
IOC.NS,2026-01-05,165.00999450683594,165.00999450683594,9692902.0,0.0
IOC.NS,2026-01-06,164.0,164.0,11514726.0,0.0
IOC.NS,2026-01-07,162.6699981689453,162.6699981689453,10582454.0,0.0
IOC.NS,2026-01-08,156.3699951171875,156.3699951171875,13567688.0,0.0
IOC.NS,2026-01-09,157.61000061035156,157.61000061035156,10896400.0,0.0
IOC.NS,2026-01-12,158.24000549316406,158.24000549316406,6011542.0,0.0
IOC.NS,2026-01-13,157.39999389648438,157.39999389648438,7763679.0,0.0
IOC.NS,2026-01-14,159.16000366210938,159.16000366210938,10309941.0,0.0
IOC.NS,2026-01-15,159.16000366210938,159.16000366210938,0.0,0.0
IOC.NS,2026-01-16,161.32000732421875,161.32000732421875,15011308.0,0.0
IOC.NS,2026-01-19,160.89999389648438,160.89999389648438,8651736.0,0.0
IOC.NS,2026-01-20,158.42999267578125,158.42999267578125,10243937.0,0.0
IOC.NS,2026-01-21,158.82000732421875,158.82000732421875,11797545.0,0.0
IOC.NS,2026-01-22,159.0500030517578,159.0500030517578,8809678.0,0.0
IOC.NS,2026-01-23,156.02999877929688,156.02999877929688,9542103.0,0.0
IOC.NS,2026-01-27,158.89999389648438,158.89999389648438,11148012.0,0.0
IOC.NS,2026-01-28,162.85000610351562,162.85000610351562,15795631.0,0.0
IOC.NS,2026-01-29,163.08999633789062,163.08999633789062,16100725.0,0.0
IOC.NS,2026-01-30,163.24000549316406,163.24000549316406,11627532.0,0.0
IOC.NS,2026-02-02,164.61000061035156,164.61000061035156,14590517.0,0.0
IOC.NS,2026-02-03,167.5800018310547,167.5800018310547,14585846.0,0.0
IOC.NS,2026-02-04,172.77999877929688,172.77999877929688,28164545.0,0.0
IOC.NS,2026-02-05,175.77000427246094,175.77000427246094,34830200.0,0.0
IOC.NS,2026-02-06,175.1999969482422,175.1999969482422,34240417.0,0.0
IOC.NS,2026-02-09,176.16000366210938,176.16000366210938,12380924.0,0.0
IOC.NS,2026-02-10,178.2100067138672,178.2100067138672,21506950.0,0.0
IOC.NS,2026-02-11,181.30999755859375,181.30999755859375,25575045.0,0.0
IRFC.NS,2025-02-11,126.25,124.41116333007812,20569801.0,0.0
IRFC.NS,2025-02-12,125.3499984741211,123.52426147460938,36495363.0,0.0
IRFC.NS,2025-02-13,126.56999969482422,124.72650146484375,15469045.0,0.0
IRFC.NS,2025-02-14,121.75,119.97669982910156,18631299.0,0.0
IRFC.NS,2025-02-17,121.77999877929688,120.00626373291016,22536906.0,0.0
IRFC.NS,2025-02-18,119.2699966430664,117.53282165527344,17608523.0,0.0
IRFC.NS,2025-02-19,124.2699966430664,122.45999145507812,33285812.0,0.0
IRFC.NS,2025-02-20,124.77999877929688,122.96257019042969,13856925.0,0.0
IRFC.NS,2025-02-21,125.11000061035156,123.28776550292969,25318595.0,0.0
IRFC.NS,2025-02-24,123.47000122070312,121.6716537475586,13838044.0,0.0
IRFC.NS,2025-02-25,123.26000213623047,121.46470642089844,13266198.0,0.0
IRFC.NS,2025-02-27,120.36000061035156,118.60694122314453,18748431.0,0.0
IRFC.NS,2025-02-28,112.41999816894531,110.78258514404297,28927630.0,0.0
IRFC.NS,2025-03-03,111.12999725341797,109.51138305664062,42918659.0,0.0
IRFC.NS,2025-03-04,114.58999633789062,112.92098236083984,42337061.0,0.0
IRFC.NS,2025-03-05,117.7300033569336,116.0152587890625,21555437.0,0.0
IRFC.NS,2025-03-06,120.58999633789062,118.8335952758789,23206624.0,0.0
IRFC.NS,2025-03-07,123.41999816894531,121.62237548828125,31222210.0,0.0
IRFC.NS,2025-03-10,119.75,118.00582885742188,21456437.0,0.0
IRFC.NS,2025-03-11,119.30000305175781,117.56238555908203,17046285.0,0.0
IRFC.NS,2025-03-12,119.19999694824219,117.4638442993164,13097183.0,0.0
IRFC.NS,2025-03-13,117.69000244140625,115.97583770751953,11472966.0,0.0
IRFC.NS,2025-03-17,118.7699966430664,117.04010772705078,13318439.0,0.0
IRFC.NS,2025-03-18,118.7699966430664,117.04010772705078,0.0,0.0
IRFC.NS,2025-03-19,128.11000061035156,126.24406433105469,28681078.0,0.0
IRFC.NS,2025-03-20,128.52000427246094,126.64810180664062,28721000.0,0.0
IRFC.NS,2025-03-21,129.66000366210938,128.57180786132812,18904126.0,0.0
IRFC.NS,2025-03-24,132.8000030517578,131.68545532226562,25775174.0,0.0
IRFC.NS,2025-03-25,129.41000366210938,128.32391357421875,24206199.0,0.0
IRFC.NS,2025-03-26,128.38999938964844,127.31246948242188,23494814.0,0.0
IRFC.NS,2025-03-27,124.33999633789062,123.29645538330078,25596858.0,0.0
IRFC.NS,2025-03-28,124.41999816894531,123.37578582763672,22400674.0,0.0
IRFC.NS,2025-04-01,124.37999725341797,123.33612060546875,17763188.0,0.0
IRFC.NS,2025-04-02,127.4800033569336,126.41011047363281,15024892.0,0.0
IRFC.NS,2025-04-03,129.16000366210938,128.0760040283203,16348518.0,0.0
IRFC.NS,2025-04-04,124.83999633789062,123.7922592163086,15394108.0,0.0
IRFC.NS,2025-04-07,122.41999816894531,121.39257049560547,23552525.0,0.0
IRFC.NS,2025-04-08,124.41000366210938,123.36587524414062,12601581.0,0.0
IRFC.NS,2025-04-09,123.05999755859375,122.0271987915039,9175006.0,0.0
IRFC.NS,2025-04-11,124.11000061035156,123.06838989257812,9778310.0,0.0
IRFC.NS,2025-04-15,128.27000427246094,127.1934814453125,14463246.0,0.0
IRFC.NS,2025-04-16,129.05999755859375,127.97684478759766,14424393.0,0.0
IRFC.NS,2025-04-17,129.47999572753906,128.393310546875,18564617.0,0.0
IRFC.NS,2025-04-21,131.42999267578125,130.3269500732422,15830027.0,0.0
IRFC.NS,2025-04-22,132.30999755859375,131.19956970214844,14637811.0,0.0
IRFC.NS,2025-04-23,134.36000061035156,133.23236083984375,27531889.0,0.0
IRFC.NS,2025-04-24,133.4199981689453,132.3002471923828,28862676.0,0.0
IRFC.NS,2025-04-25,128.8000030517578,127.71903228759766,30370205.0,0.0
IRFC.NS,2025-04-28,127.16999816894531,126.10270690917969,27138997.0,0.0
IRFC.NS,2025-04-29,126.93000030517578,125.8647232055664,14094746.0,0.0
IRFC.NS,2025-04-30,124.47000122070312,123.42536926269531,11616287.0,0.0
IRFC.NS,2025-05-02,124.29000091552734,123.24687957763672,11822797.0,0.0
IRFC.NS,2025-05-05,125.01000213623047,123.9608383178711,10504976.0,0.0
IRFC.NS,2025-05-06,120.37000274658203,119.35977935791016,14448874.0,0.0
IRFC.NS,2025-05-07,121.25,120.23239135742188,16855633.0,0.0
IRFC.NS,2025-05-08,118.94000244140625,117.94178009033203,10641245.0,0.0
IRFC.NS,2025-05-09,116.41999816894531,115.44292449951172,18637874.0,0.0
IRFC.NS,2025-05-12,125.52999877929688,124.47647094726562,20291533.0,0.0
IRFC.NS,2025-05-13,124.76000213623047,123.71293640136719,14659708.0,0.0
IRFC.NS,2025-05-14,129.9600067138672,128.86929321289062,30886094.0,0.0
IRFC.NS,2025-05-15,130.24000549316406,129.14694213867188,23535264.0,0.0
IRFC.NS,2025-05-16,138.61000061035156,137.4467010498047,85471529.0,0.0
IRFC.NS,2025-05-19,141.49000549316406,140.3025360107422,56293569.0,0.0
IRFC.NS,2025-05-20,136.7100067138672,135.56265258789062,28836535.0,0.0
IRFC.NS,2025-05-21,138.0800018310547,136.921142578125,19235116.0,0.0
IRFC.NS,2025-05-22,136.8300018310547,135.681640625,14976845.0,0.0
IRFC.NS,2025-05-23,136.7100067138672,135.56265258789062,15543948.0,0.0
IRFC.NS,2025-05-26,140.17999267578125,139.00350952148438,26058857.0,0.0
IRFC.NS,2025-05-27,139.64999389648438,138.47796630859375,17277004.0,0.0
IRFC.NS,2025-05-28,140.33999633789062,139.16217041015625,15877254.0,0.0
IRFC.NS,2025-05-29,139.9600067138672,138.78536987304688,15888843.0,0.0
IRFC.NS,2025-05-30,138.9499969482422,137.78384399414062,13735089.0,0.0
IRFC.NS,2025-06-02,142.02000427246094,140.8280792236328,26058034.0,0.0
IRFC.NS,2025-06-03,140.80999755859375,139.62823486328125,23097654.0,0.0
IRFC.NS,2025-06-04,144.9499969482422,143.73348999023438,60460703.0,0.0
IRFC.NS,2025-06-05,145.27000427246094,144.05081176757812,33141212.0,0.0
IRFC.NS,2025-06-06,146.41000366210938,145.18124389648438,25330188.0,0.0
IRFC.NS,2025-06-09,146.9600067138672,145.72662353515625,22597836.0,0.0
IRFC.NS,2025-06-10,145.22999572753906,144.01113891601562,14830978.0,0.0
IRFC.NS,2025-06-11,145.4499969482422,144.2292938232422,15754001.0,0.0
IRFC.NS,2025-06-12,140.47000122070312,139.2910919189453,17973178.0,0.0
IRFC.NS,2025-06-13,138.3300018310547,137.16905212402344,16264194.0,0.0
IRFC.NS,2025-06-16,139.94000244140625,138.76553344726562,13765113.0,0.0
IRFC.NS,2025-06-17,137.8300018310547,136.67324829101562,8450765.0,0.0
IRFC.NS,2025-06-18,136.02000427246094,134.87843322753906,9407593.0,0.0
IRFC.NS,2025-06-19,132.35000610351562,131.23924255371094,13365251.0,0.0
IRFC.NS,2025-06-20,134.1999969482422,133.07369995117188,19220459.0,0.0
IRFC.NS,2025-06-23,136.97999572753906,135.8303680419922,18533609.0,0.0
IRFC.NS,2025-06-24,138.6199951171875,137.45660400390625,13635905.0,0.0
IRFC.NS,2025-06-25,139.57000732421875,138.39865112304688,11326924.0,0.0
IRFC.NS,2025-06-26,139.8699951171875,138.6961212158203,11721046.0,0.0
IRFC.NS,2025-06-27,139.99000549316406,138.81512451171875,12347443.0,0.0
IRFC.NS,2025-06-30,141.72000122070312,140.5305938720703,11927422.0,0.0
IRFC.NS,2025-07-01,141.5,140.31243896484375,8315552.0,0.0
IRFC.NS,2025-07-02,140.30999755859375,139.13243103027344,8089405.0,0.0
IRFC.NS,2025-07-03,139.6999969482422,138.5275421142578,6716053.0,0.0
IRFC.NS,2025-07-04,139.24000549316406,138.0714111328125,6596356.0,0.0
IRFC.NS,2025-07-07,138.5399932861328,137.3772735595703,5321322.0,0.0
IRFC.NS,2025-07-08,138.1999969482422,137.04013061523438,6423737.0,0.0
IRFC.NS,2025-07-09,137.58999633789062,136.4352569580078,5698153.0,0.0
IRFC.NS,2025-07-10,137.1300048828125,135.9791259765625,5710273.0,0.0
IRFC.NS,2025-07-11,135.27999877929688,134.14463806152344,6923282.0,0.0
IRFC.NS,2025-07-14,134.11000061035156,132.98446655273438,8056755.0,0.0
IRFC.NS,2025-07-15,135.2899932861328,134.15455627441406,10150376.0,0.0
IRFC.NS,2025-07-16,135.4499969482422,134.31321716308594,7455169.0,0.0
IRFC.NS,2025-07-17,134.91000366210938,133.7777557373047,6635586.0,0.0
IRFC.NS,2025-07-18,133.83999633789062,132.7167205810547,6410155.0,0.0
IRFC.NS,2025-07-21,134.3699951171875,133.24227905273438,6919490.0,0.0
IRFC.NS,2025-07-22,130.77000427246094,129.67250061035156,16445046.0,0.0
IRFC.NS,2025-07-23,134.85000610351562,133.71826171875,53101661.0,0.0
IRFC.NS,2025-07-24,135.64999389648438,134.51153564453125,23012532.0,0.0
IRFC.NS,2025-07-25,132.02999877929688,130.9219207763672,11164552.0,0.0
IRFC.NS,2025-07-28,130.9199981689453,129.82122802734375,10349292.0,0.0
IRFC.NS,2025-07-29,132.22000122070312,131.11032104492188,7163091.0,0.0
IRFC.NS,2025-07-30,131.39999389648438,130.2971954345703,7578162.0,0.0
IRFC.NS,2025-07-31,128.33999633789062,127.26288604736328,11606740.0,0.0
IRFC.NS,2025-08-01,126.88999938964844,125.82505798339844,8796099.0,0.0
IRFC.NS,2025-08-04,129.74000549316406,128.65113830566406,10135790.0,0.0
IRFC.NS,2025-08-05,128.36000061035156,127.28272247314453,5972558.0,0.0
IRFC.NS,2025-08-06,127.5199966430664,126.44976806640625,6331289.0,0.0
IRFC.NS,2025-08-07,127.25,126.18203735351562,9602587.0,0.0
IRFC.NS,2025-08-08,125.27999877929688,124.22856903076172,6290179.0,0.0
IRFC.NS,2025-08-11,126.81999969482422,125.75564575195312,11782258.0,0.0
IRFC.NS,2025-08-12,125.02999877929688,123.98066711425781,11311712.0,0.0
IRFC.NS,2025-08-13,125.6500015258789,124.59546661376953,6384343.0,0.0
IRFC.NS,2025-08-14,124.5,123.45511627197266,4332376.0,0.0
IRFC.NS,2025-08-18,124.7699966430664,123.72284698486328,6007654.0,0.0
IRFC.NS,2025-08-19,126.80000305175781,125.7358169555664,7350713.0,0.0
IRFC.NS,2025-08-20,126.7300033569336,125.6664047241211,8412432.0,0.0
IRFC.NS,2025-08-21,125.44000244140625,124.3872299194336,10920060.0,0.0
IRFC.NS,2025-08-22,124.9800033569336,123.93109130859375,4942149.0,0.0
IRFC.NS,2025-08-25,124.36000061035156,123.31629180908203,5148749.0,0.0
IRFC.NS,2025-08-26,121.19999694824219,120.18280792236328,9390576.0,0.0
IRFC.NS,2025-08-28,118.58000183105469,117.58480072021484,10301130.0,0.0
IRFC.NS,2025-08-29,118.11000061035156,117.11874389648438,8881411.0,0.0
IRFC.NS,2025-09-01,120.54000091552734,119.52835083007812,7840427.0,0.0
IRFC.NS,2025-09-02,122.98999786376953,121.9577865600586,21014216.0,0.0
IRFC.NS,2025-09-03,123.58000183105469,122.54283905029297,7336041.0,0.0
IRFC.NS,2025-09-04,121.62999725341797,120.60919952392578,7730498.0,0.0
IRFC.NS,2025-09-05,123.45999908447266,122.42384338378906,6947411.0,0.0
IRFC.NS,2025-09-08,124.56999969482422,123.52452850341797,7882195.0,0.0
IRFC.NS,2025-09-09,124.81999969482422,123.77243041992188,7614264.0,0.0
IRFC.NS,2025-09-10,126.18000030517578,125.12101745605469,8948090.0,0.0
IRFC.NS,2025-09-11,125.52999877929688,124.47647094726562,4767008.0,0.0
IRFC.NS,2025-09-12,126.2300033569336,125.17060089111328,5840841.0,0.0
IRFC.NS,2025-09-15,128.17999267578125,127.1042251586914,22257294.0,0.0
IRFC.NS,2025-09-16,128.9600067138672,127.87769317626953,6998422.0,0.0
IRFC.NS,2025-09-17,129.3300018310547,128.2445831298828,9413241.0,0.0
IRFC.NS,2025-09-18,129.2899932861328,128.2049102783203,7532604.0,0.0
IRFC.NS,2025-09-19,129.69000244140625,128.6015625,8686534.0,0.0
IRFC.NS,2025-09-22,128.5399932861328,127.4612045288086,6577881.0,0.0
IRFC.NS,2025-09-23,127.29000091552734,126.2217025756836,5860471.0,0.0
IRFC.NS,2025-09-24,125.58999633789062,124.53596496582031,4543381.0,0.0
IRFC.NS,2025-09-25,124.08000183105469,123.03864288330078,6416171.0,0.0
IRFC.NS,2025-09-26,121.91000366210938,120.88685607910156,5997139.0,0.0
IRFC.NS,2025-09-29,124.26000213623047,123.21713256835938,10555581.0,0.0
IRFC.NS,2025-09-30,123.51000213623047,122.47342681884766,10100674.0,0.0
IRFC.NS,2025-10-01,125.54000091552734,124.48638916015625,8723744.0,0.0
IRFC.NS,2025-10-03,125.8499984741211,124.79378509521484,6051511.0,0.0
IRFC.NS,2025-10-06,125.23999786376953,124.18890380859375,5113099.0,0.0
IRFC.NS,2025-10-07,127.08000183105469,126.01346588134766,9672645.0,0.0
IRFC.NS,2025-10-08,124.30000305175781,123.25679779052734,12875915.0,0.0
IRFC.NS,2025-10-09,125.06999969482422,124.02033233642578,5774638.0,0.0
IRFC.NS,2025-10-10,126.5,125.4383316040039,7690307.0,0.0
IRFC.NS,2025-10-13,125.5,124.44672393798828,6065989.0,0.0
IRFC.NS,2025-10-14,124.5199966430664,123.47494506835938,6665155.0,0.0
IRFC.NS,2025-10-15,124.87999725341797,123.83192443847656,17482919.0,0.0
IRFC.NS,2025-10-16,124.72000122070312,123.67327117919922,9719465.0,0.0
IRFC.NS,2025-10-17,123.5199966430664,122.48333740234375,10002889.0,0.0
IRFC.NS,2025-10-20,125.06999969482422,124.02033233642578,6729809.0,0.0
IRFC.NS,2025-10-21,125.19999694824219,124.14923858642578,2109920.0,0.0
IRFC.NS,2025-10-23,125.11000061035156,124.05999755859375,5009833.0,0.0
IRFC.NS,2025-10-24,123.7300033569336,123.7300033569336,6026631.0,0.0
IRFC.NS,2025-10-27,123.44999694824219,123.44999694824219,5375514.0,0.0
IRFC.NS,2025-10-28,122.7699966430664,122.7699966430664,5615629.0,0.0
IRFC.NS,2025-10-29,125.08999633789062,125.08999633789062,9132825.0,0.0
IRFC.NS,2025-10-30,123.94999694824219,123.94999694824219,5922925.0,0.0
IRFC.NS,2025-10-31,123.30999755859375,123.30999755859375,4768709.0,0.0
IRFC.NS,2025-11-03,123.0999984741211,123.0999984741211,5128145.0,0.0
IRFC.NS,2025-11-04,122.23999786376953,122.23999786376953,5224892.0,0.0
IRFC.NS,2025-11-06,120.25,120.25,6360660.0,0.0
IRFC.NS,2025-11-07,121.36000061035156,121.36000061035156,5976333.0,0.0
IRFC.NS,2025-11-10,120.7699966430664,120.7699966430664,4329426.0,0.0
IRFC.NS,2025-11-11,121.61000061035156,121.61000061035156,5425772.0,0.0
IRFC.NS,2025-11-12,121.58999633789062,121.58999633789062,6989819.0,0.0
IRFC.NS,2025-11-13,120.75,120.75,4559201.0,0.0
IRFC.NS,2025-11-14,121.01000213623047,121.01000213623047,5135998.0,0.0
IRFC.NS,2025-11-17,122.5,122.5,9945324.0,0.0
IRFC.NS,2025-11-18,120.81999969482422,120.81999969482422,4555639.0,0.0
IRFC.NS,2025-11-19,120.8499984741211,120.8499984741211,4336986.0,0.0
IRFC.NS,2025-11-20,120.08000183105469,120.08000183105469,4766481.0,0.0
IRFC.NS,2025-11-21,119.08999633789062,119.08999633789062,4944515.0,0.0
IRFC.NS,2025-11-24,116.9000015258789,116.9000015258789,8220860.0,0.0
IRFC.NS,2025-11-25,116.73999786376953,116.73999786376953,7566496.0,0.0
IRFC.NS,2025-11-26,118.08000183105469,118.08000183105469,4487936.0,0.0
IRFC.NS,2025-11-27,117.95999908447266,117.95999908447266,5097254.0,0.0
IRFC.NS,2025-11-28,117.56999969482422,117.56999969482422,4191955.0,0.0
IRFC.NS,2025-12-01,117.08999633789062,117.08999633789062,5036657.0,0.0
IRFC.NS,2025-12-02,116.41999816894531,116.41999816894531,4302586.0,0.0
IRFC.NS,2025-12-03,114.70999908447266,114.70999908447266,9455659.0,0.0
IRFC.NS,2025-12-04,114.8499984741211,114.8499984741211,5895759.0,0.0
IRFC.NS,2025-12-05,114.5999984741211,114.5999984741211,5063577.0,0.0
IRFC.NS,2025-12-08,111.36000061035156,111.36000061035156,8555323.0,0.0
IRFC.NS,2025-12-09,113.63999938964844,113.63999938964844,9736504.0,0.0
IRFC.NS,2025-12-10,112.19999694824219,112.19999694824219,4960130.0,0.0
IRFC.NS,2025-12-11,113.29000091552734,113.29000091552734,5799050.0,0.0
IRFC.NS,2025-12-12,113.81999969482422,113.81999969482422,5141588.0,0.0
IRFC.NS,2025-12-15,113.25,113.25,4518917.0,0.0
IRFC.NS,2025-12-16,112.01000213623047,112.01000213623047,4101452.0,0.0
IRFC.NS,2025-12-17,111.08000183105469,111.08000183105469,4984147.0,0.0
IRFC.NS,2025-12-18,110.80999755859375,110.80999755859375,6400519.0,0.0
IRFC.NS,2025-12-19,113.9800033569336,113.9800033569336,8954745.0,0.0
IRFC.NS,2025-12-22,117.0,117.0,16841326.0,0.0
IRFC.NS,2025-12-23,121.4000015258789,121.4000015258789,55006061.0,0.0
IRFC.NS,2025-12-24,121.48999786376953,121.48999786376953,27580407.0,0.0
IRFC.NS,2025-12-26,133.63999938964844,133.63999938964844,163985127.0,0.0
IRFC.NS,2025-12-29,126.3499984741211,126.3499984741211,80360842.0,0.0
IRFC.NS,2025-12-30,124.58999633789062,124.58999633789062,29253088.0,0.0
IRFC.NS,2025-12-31,124.62000274658203,124.62000274658203,27013969.0,0.0
IRFC.NS,2026-01-01,125.79000091552734,125.79000091552734,16340819.0,0.0
IRFC.NS,2026-01-02,128.47999572753906,128.47999572753906,25385604.0,0.0
IRFC.NS,2026-01-05,127.5999984741211,127.5999984741211,15730837.0,0.0
IRFC.NS,2026-01-06,127.22000122070312,127.22000122070312,14799487.0,0.0
IRFC.NS,2026-01-07,128.0399932861328,128.0399932861328,10932461.0,0.0
IRFC.NS,2026-01-08,124.2699966430664,124.2699966430664,13165701.0,0.0
IRFC.NS,2026-01-09,121.25,121.25,14904914.0,0.0
IRFC.NS,2026-01-12,122.62999725341797,122.62999725341797,16531719.0,0.0
IRFC.NS,2026-01-13,121.33000183105469,121.33000183105469,11459758.0,0.0
IRFC.NS,2026-01-14,122.01000213623047,122.01000213623047,11544717.0,0.0
IRFC.NS,2026-01-15,122.01000213623047,122.01000213623047,0.0,0.0
IRFC.NS,2026-01-16,122.19000244140625,122.19000244140625,11686581.0,0.0
IRFC.NS,2026-01-19,120.9000015258789,120.9000015258789,19879572.0,0.0
IRFC.NS,2026-01-20,116.12999725341797,116.12999725341797,33802202.0,0.0
IRFC.NS,2026-01-21,115.13999938964844,115.13999938964844,23802894.0,0.0
IRFC.NS,2026-01-22,117.0199966430664,117.0199966430664,17626259.0,0.0
IRFC.NS,2026-01-23,114.1500015258789,114.1500015258789,15938677.0,0.0
IRFC.NS,2026-01-27,114.61000061035156,114.61000061035156,18230496.0,0.0
IRFC.NS,2026-01-28,120.1500015258789,120.1500015258789,23452463.0,0.0
IRFC.NS,2026-01-29,120.05999755859375,120.05999755859375,19681289.0,0.0
IRFC.NS,2026-01-30,120.0999984741211,120.0999984741211,19011603.0,0.0
IRFC.NS,2026-02-02,114.93000030517578,114.93000030517578,26935344.0,0.0
IRFC.NS,2026-02-03,115.12000274658203,115.12000274658203,17141510.0,0.0
IRFC.NS,2026-02-04,116.0,116.0,14878650.0,0.0
IRFC.NS,2026-02-05,114.70999908447266,114.70999908447266,10242128.0,0.0
IRFC.NS,2026-02-06,114.52999877929688,114.52999877929688,13107658.0,0.0
IRFC.NS,2026-02-09,115.06999969482422,115.06999969482422,9623210.0,0.0
IRFC.NS,2026-02-10,115.45999908447266,115.45999908447266,12744272.0,0.0
IRFC.NS,2026-02-11,114.33000183105469,114.33000183105469,10509880.0,0.0
NAUKRI.NS,2025-02-11,1508.4100341796875,1502.03857421875,1111755.0,0.0
NAUKRI.NS,2025-02-12,1515.6600341796875,1509.258056640625,1642770.0,0.0
NAUKRI.NS,2025-02-13,1528.280029296875,1521.82470703125,1595935.0,0.0
NAUKRI.NS,2025-02-14,1497.0999755859375,1490.7763671875,810840.0,0.0
NAUKRI.NS,2025-02-17,1467.780029296875,1461.580322265625,1694895.0,0.0
NAUKRI.NS,2025-02-18,1511.780029296875,1505.3944091796875,671955.0,0.0
NAUKRI.NS,2025-02-19,1519.010009765625,1512.5938720703125,847695.0,0.0
NAUKRI.NS,2025-02-20,1534.68994140625,1528.2076416015625,1307395.0,0.0
NAUKRI.NS,2025-02-21,1507.4200439453125,1501.0528564453125,929070.0,0.0
NAUKRI.NS,2025-02-24,1430.3599853515625,1424.318359375,2614855.0,0.0
NAUKRI.NS,2025-02-25,1464.72998046875,1458.5430908203125,2153680.0,0.0
NAUKRI.NS,2025-02-27,1476.25,1470.014404296875,1437345.0,0.0
NAUKRI.NS,2025-02-28,1398.530029296875,1392.622802734375,4905515.0,0.0
NAUKRI.NS,2025-03-03,1392.43994140625,1386.558349609375,1307830.0,0.0
NAUKRI.NS,2025-03-04,1352.4300537109375,1346.717529296875,1231110.0,0.0
NAUKRI.NS,2025-03-05,1357.97998046875,1352.2440185546875,2036095.0,0.0
NAUKRI.NS,2025-03-06,1381.27001953125,1375.4356689453125,1571540.0,0.0
NAUKRI.NS,2025-03-07,1366.77001953125,1360.9969482421875,921590.0,0.0
NAUKRI.NS,2025-03-10,1317.6199951171875,1312.0545654296875,1378335.0,0.0
NAUKRI.NS,2025-03-11,1339.4200439453125,1333.762451171875,2072715.0,0.0
NAUKRI.NS,2025-03-12,1301.43994140625,1295.9427490234375,2350725.0,0.0
NAUKRI.NS,2025-03-13,1276.510009765625,1271.1181640625,1444365.0,0.0
NAUKRI.NS,2025-03-17,1295.9300537109375,1290.4561767578125,997630.0,0.0
NAUKRI.NS,2025-03-18,1295.9300537109375,1290.4561767578125,0.0,0.0
NAUKRI.NS,2025-03-19,1349.8800048828125,1344.1783447265625,1944145.0,0.0
NAUKRI.NS,2025-03-20,1370.06005859375,1364.2730712890625,1294700.0,0.0
NAUKRI.NS,2025-03-21,1383.199951171875,1377.357421875,1884150.0,0.0
NAUKRI.NS,2025-03-24,1420.1700439453125,1414.17138671875,1561740.0,0.0
NAUKRI.NS,2025-03-25,1429.1400146484375,1423.103515625,3160400.0,0.0
NAUKRI.NS,2025-03-26,1408.8699951171875,1402.9190673828125,1214035.0,0.0
NAUKRI.NS,2025-03-27,1442.9200439453125,1436.8253173828125,2098130.0,0.0
NAUKRI.NS,2025-03-28,1436.280029296875,1430.21337890625,2386050.0,0.0
NAUKRI.NS,2025-04-01,1360.97998046875,1355.2313232421875,1307065.0,0.0
NAUKRI.NS,2025-04-02,1385.72998046875,1379.8768310546875,1617245.0,0.0
NAUKRI.NS,2025-04-03,1346.8800048828125,1341.19091796875,2204950.0,0.0
NAUKRI.NS,2025-04-04,1279.3199462890625,1273.916259765625,1717820.0,0.0
NAUKRI.NS,2025-04-07,1274.9599609375,1269.57470703125,1594280.0,0.0
NAUKRI.NS,2025-04-08,1328.530029296875,1322.91845703125,2649525.0,0.0
NAUKRI.NS,2025-04-09,1281.3499755859375,1275.937744140625,2100820.0,0.0
NAUKRI.NS,2025-04-11,1309.06005859375,1303.53076171875,1867970.0,0.0
NAUKRI.NS,2025-04-15,1347.0999755859375,1341.409912109375,1264435.0,0.0
NAUKRI.NS,2025-04-16,1355.199951171875,1349.4757080078125,861615.0,0.0
NAUKRI.NS,2025-04-17,1346.9000244140625,1341.2108154296875,1275390.0,0.0
NAUKRI.NS,2025-04-21,1387.800048828125,1381.9381103515625,1372860.0,0.0
NAUKRI.NS,2025-04-22,1390.699951171875,1384.8258056640625,910595.0,0.0
NAUKRI.NS,2025-04-23,1417.0999755859375,1411.1142578125,1658625.0,0.0
NAUKRI.NS,2025-04-24,1430.800048828125,1424.7564697265625,1647625.0,0.0
NAUKRI.NS,2025-04-25,1407.699951171875,1401.7540283203125,1061635.0,0.0
NAUKRI.NS,2025-04-28,1395.5,1389.60546875,1134175.0,0.0
NAUKRI.NS,2025-04-29,1411.800048828125,1405.8367919921875,593235.0,0.0
NAUKRI.NS,2025-04-30,1413.9000244140625,1407.9278564453125,1353645.0,0.0
NAUKRI.NS,2025-05-02,1425.199951171875,1419.1800537109375,585725.0,0.0
NAUKRI.NS,2025-05-05,1434.0,1427.94287109375,394340.0,0.0
NAUKRI.NS,2025-05-06,1396.9000244140625,1390.9996337890625,431775.0,0.0
NAUKRI.NS,2025-05-07,1385.0,1379.14990234375,523664.0,5.0
NAUKRI.NS,2025-05-08,1355.5,1349.7745361328125,309901.0,0.0
NAUKRI.NS,2025-05-09,1375.0,1369.192138671875,661030.0,0.0
NAUKRI.NS,2025-05-12,1476.0,1469.7655029296875,1346700.0,0.0
NAUKRI.NS,2025-05-13,1464.5,1458.3140869140625,869690.0,0.0
NAUKRI.NS,2025-05-14,1454.0,1447.8585205078125,631213.0,0.0
NAUKRI.NS,2025-05-15,1504.0,1497.6473388671875,945324.0,0.0
NAUKRI.NS,2025-05-16,1509.5,1503.1240234375,695066.0,0.0
NAUKRI.NS,2025-05-19,1467.0,1460.803466796875,811543.0,0.0
NAUKRI.NS,2025-05-20,1438.5,1432.4239501953125,783253.0,0.0
NAUKRI.NS,2025-05-21,1475.5,1469.267578125,672018.0,0.0
NAUKRI.NS,2025-05-22,1461.0,1454.828857421875,593809.0,0.0
NAUKRI.NS,2025-05-23,1489.0,1482.7105712890625,759901.0,0.0
NAUKRI.NS,2025-05-26,1473.5,1467.276123046875,682762.0,0.0
NAUKRI.NS,2025-05-27,1452.5,1446.3648681640625,1599274.0,0.0
NAUKRI.NS,2025-05-28,1433.0,1426.947265625,2163499.0,0.0
NAUKRI.NS,2025-05-29,1448.0,1441.8837890625,933946.0,0.0
NAUKRI.NS,2025-05-30,1427.5,1421.470458984375,2388902.0,0.0
NAUKRI.NS,2025-06-02,1430.800048828125,1424.7564697265625,1199774.0,0.0
NAUKRI.NS,2025-06-03,1425.300048828125,1419.2796630859375,725977.0,0.0
NAUKRI.NS,2025-06-04,1410.5999755859375,1404.6417236328125,1169720.0,0.0
NAUKRI.NS,2025-06-05,1474.4000244140625,1468.17236328125,2207902.0,0.0
NAUKRI.NS,2025-06-06,1507.199951171875,1500.833740234375,1460702.0,0.0
NAUKRI.NS,2025-06-09,1519.699951171875,1513.2808837890625,1213694.0,0.0
NAUKRI.NS,2025-06-10,1534.9000244140625,1528.416748046875,803990.0,0.0
NAUKRI.NS,2025-06-11,1505.9000244140625,1499.5391845703125,1787307.0,0.0
NAUKRI.NS,2025-06-12,1468.4000244140625,1462.1976318359375,872560.0,0.0
NAUKRI.NS,2025-06-13,1459.800048828125,1453.634033203125,707752.0,0.0
NAUKRI.NS,2025-06-16,1488.4000244140625,1482.1131591796875,814202.0,0.0
NAUKRI.NS,2025-06-17,1475.4000244140625,1469.1680908203125,579070.0,0.0
NAUKRI.NS,2025-06-18,1467.5999755859375,1461.4010009765625,462408.0,0.0
NAUKRI.NS,2025-06-19,1469.300048828125,1463.0938720703125,681928.0,0.0
NAUKRI.NS,2025-06-20,1505.0999755859375,1498.7425537109375,2392646.0,0.0
NAUKRI.NS,2025-06-23,1482.199951171875,1475.9393310546875,804202.0,0.0
NAUKRI.NS,2025-06-24,1505.5,1499.140869140625,1050554.0,0.0
NAUKRI.NS,2025-06-25,1509.5999755859375,1503.2235107421875,1007044.0,0.0
NAUKRI.NS,2025-06-26,1516.4000244140625,1509.9949951171875,980202.0,0.0
NAUKRI.NS,2025-06-27,1508.0999755859375,1501.72998046875,5582731.0,0.0
NAUKRI.NS,2025-06-30,1488.300048828125,1482.0135498046875,1279001.0,0.0
NAUKRI.NS,2025-07-01,1449.5,1443.3775634765625,1499855.0,0.0
NAUKRI.NS,2025-07-02,1451.9000244140625,1445.767333984375,1091998.0,0.0
NAUKRI.NS,2025-07-03,1445.199951171875,1439.0955810546875,995080.0,0.0
NAUKRI.NS,2025-07-04,1486.4000244140625,1480.1217041015625,1069466.0,0.0
NAUKRI.NS,2025-07-07,1431.0999755859375,1425.05517578125,2352128.0,0.0
NAUKRI.NS,2025-07-08,1458.9000244140625,1452.73779296875,1922385.0,0.0
NAUKRI.NS,2025-07-09,1447.0999755859375,1440.987548828125,1232488.0,0.0
NAUKRI.NS,2025-07-10,1420.0999755859375,1414.1016845703125,1335773.0,0.0
NAUKRI.NS,2025-07-11,1375.199951171875,1369.3912353515625,2206874.0,0.0
NAUKRI.NS,2025-07-14,1399.0,1393.0908203125,3466969.0,0.0
NAUKRI.NS,2025-07-15,1403.199951171875,1397.2730712890625,1554292.0,0.0
NAUKRI.NS,2025-07-16,1393.4000244140625,1387.514404296875,708852.0,0.0
NAUKRI.NS,2025-07-17,1379.300048828125,1373.4739990234375,653294.0,0.0
NAUKRI.NS,2025-07-18,1364.800048828125,1359.0352783203125,1994386.0,0.0
NAUKRI.NS,2025-07-21,1399.800048828125,1393.8873291015625,1061489.0,0.0
NAUKRI.NS,2025-07-22,1458.800048828125,1452.63818359375,4076845.0,0.0
NAUKRI.NS,2025-07-23,1475.0,1468.769775390625,1600050.0,0.0
NAUKRI.NS,2025-07-24,1457.199951171875,1451.044921875,683571.0,0.0
NAUKRI.NS,2025-07-25,1436.5,1433.9749755859375,1043310.0,0.0
NAUKRI.NS,2025-07-28,1409.5,1407.0224609375,1778107.0,0.0
NAUKRI.NS,2025-07-29,1409.4000244140625,1406.922607421875,1203324.0,0.0
NAUKRI.NS,2025-07-30,1395.5999755859375,1393.1468505859375,2075877.0,0.0
NAUKRI.NS,2025-07-31,1392.300048828125,1389.852783203125,1082367.0,0.0
NAUKRI.NS,2025-08-01,1367.9000244140625,1365.49560546875,432220.0,0.0
NAUKRI.NS,2025-08-04,1370.9000244140625,1368.4903564453125,2890882.0,0.0
NAUKRI.NS,2025-08-05,1341.699951171875,1339.341552734375,3593587.0,0.0
NAUKRI.NS,2025-08-06,1322.4000244140625,1320.0755615234375,1704636.0,0.0
NAUKRI.NS,2025-08-07,1361.699951171875,1359.306396484375,1124107.0,0.0
NAUKRI.NS,2025-08-08,1332.0,1329.65869140625,1636607.0,0.0
NAUKRI.NS,2025-08-11,1320.5999755859375,1318.2786865234375,4245522.0,0.0
NAUKRI.NS,2025-08-12,1321.199951171875,1318.8775634765625,2051386.0,0.0
NAUKRI.NS,2025-08-13,1325.9000244140625,1323.5694580078125,1533006.0,0.0
NAUKRI.NS,2025-08-14,1365.4000244140625,1363.0,6756189.0,0.0
NAUKRI.NS,2025-08-18,1353.5999755859375,1351.220703125,1159319.0,0.0
NAUKRI.NS,2025-08-19,1380.800048828125,1378.3729248046875,1022673.0,0.0
NAUKRI.NS,2025-08-20,1395.5,1393.047119140625,1593082.0,0.0
NAUKRI.NS,2025-08-21,1412.800048828125,1410.3167724609375,2432234.0,0.0
NAUKRI.NS,2025-08-22,1380.5999755859375,1378.1732177734375,1083516.0,0.0
NAUKRI.NS,2025-08-25,1406.0999755859375,1403.62841796875,1646990.0,0.0
NAUKRI.NS,2025-08-26,1395.699951171875,1393.2467041015625,1437602.0,0.0
NAUKRI.NS,2025-08-28,1386.0,1383.563720703125,830602.0,0.0
NAUKRI.NS,2025-08-29,1358.0999755859375,1355.7127685546875,1215734.0,0.0
NAUKRI.NS,2025-09-01,1371.699951171875,1369.288818359375,773237.0,0.0
NAUKRI.NS,2025-09-02,1364.5,1362.1015625,559228.0,0.0
NAUKRI.NS,2025-09-03,1366.4000244140625,1363.998291015625,600553.0,0.0
NAUKRI.NS,2025-09-04,1331.800048828125,1329.4591064453125,1350218.0,0.0
NAUKRI.NS,2025-09-05,1347.0,1344.63232421875,967418.0,0.0
NAUKRI.NS,2025-09-08,1337.0,1334.64990234375,515700.0,0.0
NAUKRI.NS,2025-09-09,1349.5,1347.1279296875,1229455.0,0.0
NAUKRI.NS,2025-09-10,1385.800048828125,1383.3641357421875,1177741.0,0.0
NAUKRI.NS,2025-09-11,1371.9000244140625,1369.488525390625,681007.0,0.0
NAUKRI.NS,2025-09-12,1360.5999755859375,1358.2083740234375,593993.0,0.0
NAUKRI.NS,2025-09-15,1362.800048828125,1360.404541015625,849889.0,0.0
NAUKRI.NS,2025-09-16,1352.4000244140625,1350.0228271484375,2612615.0,0.0
NAUKRI.NS,2025-09-17,1375.0,1372.5831298828125,2281760.0,0.0
NAUKRI.NS,2025-09-18,1384.800048828125,1382.365966796875,1051506.0,0.0
NAUKRI.NS,2025-09-19,1376.0999755859375,1373.68115234375,1100226.0,0.0
NAUKRI.NS,2025-09-22,1417.699951171875,1415.2080078125,2045289.0,0.0
NAUKRI.NS,2025-09-23,1393.9000244140625,1391.449951171875,1526034.0,0.0
NAUKRI.NS,2025-09-24,1385.300048828125,1382.864990234375,1082692.0,0.0
NAUKRI.NS,2025-09-25,1358.5999755859375,1356.2119140625,1099888.0,0.0
NAUKRI.NS,2025-09-26,1316.199951171875,1313.8863525390625,1236310.0,0.0
NAUKRI.NS,2025-09-29,1315.800048828125,1313.4871826171875,1577060.0,0.0
NAUKRI.NS,2025-09-30,1309.300048828125,1306.9986572265625,1322833.0,0.0
NAUKRI.NS,2025-10-01,1338.5999755859375,1336.2470703125,1081395.0,0.0
NAUKRI.NS,2025-10-03,1333.9000244140625,1331.555419921875,785507.0,0.0
NAUKRI.NS,2025-10-06,1379.9000244140625,1377.4744873046875,891973.0,0.0
NAUKRI.NS,2025-10-07,1383.5999755859375,1381.16796875,397410.0,0.0
NAUKRI.NS,2025-10-08,1367.5,1365.0963134765625,548172.0,0.0
NAUKRI.NS,2025-10-09,1346.5,1344.1331787109375,2141013.0,0.0
NAUKRI.NS,2025-10-10,1333.0999755859375,1330.7567138671875,462385.0,0.0
NAUKRI.NS,2025-10-13,1333.5,1331.156005859375,529298.0,0.0
NAUKRI.NS,2025-10-14,1322.300048828125,1319.975830078125,825533.0,0.0
NAUKRI.NS,2025-10-15,1334.800048828125,1332.453857421875,584131.0,0.0
NAUKRI.NS,2025-10-16,1348.5,1346.129638671875,595870.0,0.0
NAUKRI.NS,2025-10-17,1328.300048828125,1325.9652099609375,904220.0,0.0
NAUKRI.NS,2025-10-20,1311.5,1309.1947021484375,692834.0,0.0
NAUKRI.NS,2025-10-21,1317.0,1314.68505859375,52958.0,0.0
NAUKRI.NS,2025-10-23,1379.800048828125,1377.374755859375,2925254.0,0.0
NAUKRI.NS,2025-10-24,1377.800048828125,1375.378173828125,2376373.0,0.0
NAUKRI.NS,2025-10-27,1364.699951171875,1362.3011474609375,487437.0,0.0
NAUKRI.NS,2025-10-28,1385.699951171875,1383.2642822265625,1412055.0,0.0
NAUKRI.NS,2025-10-29,1389.0999755859375,1386.6583251953125,1035864.0,0.0
NAUKRI.NS,2025-10-30,1384.0999755859375,1381.6671142578125,765573.0,0.0
NAUKRI.NS,2025-10-31,1378.300048828125,1375.8773193359375,507529.0,0.0
NAUKRI.NS,2025-11-03,1359.5999755859375,1357.210205078125,941920.0,0.0
NAUKRI.NS,2025-11-04,1338.699951171875,1336.346923828125,606779.0,0.0
NAUKRI.NS,2025-11-06,1326.800048828125,1324.4678955078125,855886.0,0.0
NAUKRI.NS,2025-11-07,1345.4000244140625,1343.03515625,1077290.0,0.0
NAUKRI.NS,2025-11-10,1342.4000244140625,1340.0404052734375,689807.0,0.0
NAUKRI.NS,2025-11-11,1341.0,1338.642822265625,565605.0,0.0
NAUKRI.NS,2025-11-12,1376.4000244140625,1373.980712890625,1917141.0,0.0
NAUKRI.NS,2025-11-13,1347.300048828125,1344.931884765625,1870419.0,0.0
NAUKRI.NS,2025-11-14,1323.5,1321.173583984375,1323927.0,0.0
NAUKRI.NS,2025-11-17,1332.199951171875,1329.8582763671875,803936.0,0.0
NAUKRI.NS,2025-11-18,1324.9000244140625,1322.5711669921875,561417.0,0.0
NAUKRI.NS,2025-11-19,1362.199951171875,1359.8055419921875,862715.0,0.0
NAUKRI.NS,2025-11-20,1365.4000244140625,1363.0,729780.0,0.0
NAUKRI.NS,2025-11-21,1340.4000244140625,1340.4000244140625,792639.0,0.0
NAUKRI.NS,2025-11-24,1346.300048828125,1346.300048828125,1774967.0,0.0
NAUKRI.NS,2025-11-25,1332.0,1332.0,608562.0,0.0
NAUKRI.NS,2025-11-26,1341.5,1341.5,590377.0,0.0
NAUKRI.NS,2025-11-27,1339.4000244140625,1339.4000244140625,977874.0,0.0
NAUKRI.NS,2025-11-28,1330.199951171875,1330.199951171875,655737.0,0.0
NAUKRI.NS,2025-12-01,1365.0999755859375,1365.0999755859375,939714.0,0.0
NAUKRI.NS,2025-12-02,1386.5999755859375,1386.5999755859375,2136679.0,0.0
NAUKRI.NS,2025-12-03,1377.199951171875,1377.199951171875,628631.0,0.0
NAUKRI.NS,2025-12-04,1396.199951171875,1396.199951171875,1390101.0,0.0
NAUKRI.NS,2025-12-05,1388.699951171875,1388.699951171875,437945.0,0.0
NAUKRI.NS,2025-12-08,1372.0999755859375,1372.0999755859375,668131.0,0.0
NAUKRI.NS,2025-12-09,1376.300048828125,1376.300048828125,836641.0,0.0
NAUKRI.NS,2025-12-10,1342.800048828125,1342.800048828125,550667.0,0.0
NAUKRI.NS,2025-12-11,1343.5,1343.5,986073.0,0.0
NAUKRI.NS,2025-12-12,1377.699951171875,1377.699951171875,594311.0,0.0
NAUKRI.NS,2025-12-15,1361.5999755859375,1361.5999755859375,932411.0,0.0
NAUKRI.NS,2025-12-16,1346.9000244140625,1346.9000244140625,673471.0,0.0
NAUKRI.NS,2025-12-17,1338.199951171875,1338.199951171875,336409.0,0.0
NAUKRI.NS,2025-12-18,1333.699951171875,1333.699951171875,429181.0,0.0
NAUKRI.NS,2025-12-19,1340.800048828125,1340.800048828125,1059063.0,0.0
NAUKRI.NS,2025-12-22,1345.5999755859375,1345.5999755859375,388453.0,0.0
NAUKRI.NS,2025-12-23,1365.5999755859375,1365.5999755859375,484906.0,0.0
NAUKRI.NS,2025-12-24,1366.800048828125,1366.800048828125,560418.0,0.0
NAUKRI.NS,2025-12-26,1365.800048828125,1365.800048828125,371678.0,0.0
NAUKRI.NS,2025-12-29,1359.5,1359.5,327396.0,0.0
NAUKRI.NS,2025-12-30,1335.0,1335.0,443272.0,0.0
NAUKRI.NS,2025-12-31,1333.5999755859375,1333.5999755859375,808514.0,0.0
NAUKRI.NS,2026-01-01,1340.9000244140625,1340.9000244140625,249766.0,0.0
NAUKRI.NS,2026-01-02,1367.699951171875,1367.699951171875,323120.0,0.0
NAUKRI.NS,2026-01-05,1343.199951171875,1343.199951171875,664124.0,0.0
NAUKRI.NS,2026-01-06,1335.800048828125,1335.800048828125,701865.0,0.0
NAUKRI.NS,2026-01-07,1359.4000244140625,1359.4000244140625,2475123.0,0.0
NAUKRI.NS,2026-01-08,1337.4000244140625,1337.4000244140625,1070292.0,0.0
NAUKRI.NS,2026-01-09,1320.300048828125,1320.300048828125,420573.0,0.0
NAUKRI.NS,2026-01-12,1312.9000244140625,1312.9000244140625,562354.0,0.0
NAUKRI.NS,2026-01-13,1332.4000244140625,1332.4000244140625,680921.0,0.0
NAUKRI.NS,2026-01-14,1305.800048828125,1305.800048828125,1122841.0,0.0
NAUKRI.NS,2026-01-15,1305.800048828125,1305.800048828125,0.0,0.0
NAUKRI.NS,2026-01-16,1329.0999755859375,1329.0999755859375,768381.0,0.0
NAUKRI.NS,2026-01-19,1317.4000244140625,1317.4000244140625,590870.0,0.0
NAUKRI.NS,2026-01-20,1304.5999755859375,1304.5999755859375,965514.0,0.0
NAUKRI.NS,2026-01-21,1332.9000244140625,1332.9000244140625,2016669.0,0.0
NAUKRI.NS,2026-01-22,1319.5,1319.5,1290603.0,0.0
NAUKRI.NS,2026-01-23,1300.9000244140625,1300.9000244140625,458295.0,0.0
NAUKRI.NS,2026-01-27,1279.0,1279.0,1843448.0,0.0
NAUKRI.NS,2026-01-28,1299.9000244140625,1299.9000244140625,1272598.0,0.0
NAUKRI.NS,2026-01-29,1268.300048828125,1268.300048828125,1625728.0,0.0
NAUKRI.NS,2026-01-30,1249.4000244140625,1249.4000244140625,2685297.0,0.0
NAUKRI.NS,2026-02-02,1237.300048828125,1237.300048828125,2434794.0,0.0
NAUKRI.NS,2026-02-03,1250.699951171875,1250.699951171875,2093182.0,0.0
NAUKRI.NS,2026-02-04,1188.0,1188.0,4194622.0,0.0
NAUKRI.NS,2026-02-05,1166.0,1166.0,1433736.0,0.0
NAUKRI.NS,2026-02-06,1130.4000244140625,1130.4000244140625,4100917.0,0.0
NAUKRI.NS,2026-02-09,1177.300048828125,1177.300048828125,1385586.0,0.0
NAUKRI.NS,2026-02-10,1194.300048828125,1194.300048828125,1984470.0,0.0
NAUKRI.NS,2026-02-11,1171.699951171875,1171.699951171875,1456376.0,0.0
JSWENERGY.NS,2025-02-11,466.8999938964844,465.0621643066406,3213487.0,0.0
JSWENERGY.NS,2025-02-12,467.6000061035156,465.7594299316406,2782225.0,0.0
JSWENERGY.NS,2025-02-13,467.6499938964844,465.8092041015625,1560258.0,0.0
JSWENERGY.NS,2025-02-14,437.1000061035156,435.3794860839844,3885358.0,0.0
JSWENERGY.NS,2025-02-17,431.5,429.801513671875,6897917.0,0.0
JSWENERGY.NS,2025-02-18,440.3999938964844,438.6664733886719,4154074.0,0.0
JSWENERGY.NS,2025-02-19,454.8500061035156,453.0596008300781,4076153.0,0.0
JSWENERGY.NS,2025-02-20,468.54998779296875,466.7056579589844,7733476.0,0.0
JSWENERGY.NS,2025-02-21,496.6000061035156,494.645263671875,25750317.0,0.0
JSWENERGY.NS,2025-02-24,479.70001220703125,477.8117980957031,4578924.0,0.0
JSWENERGY.NS,2025-02-25,467.25,465.4107971191406,3336761.0,0.0
JSWENERGY.NS,2025-02-27,458.79998779296875,456.9940490722656,3135406.0,0.0
JSWENERGY.NS,2025-02-28,464.1000061035156,462.273193359375,6930904.0,0.0
JSWENERGY.NS,2025-03-03,473.8500061035156,471.9848327636719,5530160.0,0.0
JSWENERGY.NS,2025-03-04,481.25,479.3556823730469,4501589.0,0.0
JSWENERGY.NS,2025-03-05,509.1000061035156,507.0960693359375,7368531.0,0.0
JSWENERGY.NS,2025-03-06,499.6000061035156,497.6334533691406,4847592.0,0.0
JSWENERGY.NS,2025-03-07,491.70001220703125,489.7645568847656,4329758.0,0.0
JSWENERGY.NS,2025-03-10,505.3500061035156,503.36083984375,9854493.0,0.0
JSWENERGY.NS,2025-03-11,513.75,511.7277526855469,6225817.0,0.0
JSWENERGY.NS,2025-03-12,515.2000122070312,513.1720581054688,4974269.0,0.0
JSWENERGY.NS,2025-03-13,514.0999755859375,512.0763549804688,4303396.0,0.0
JSWENERGY.NS,2025-03-17,527.9000244140625,525.8220825195312,3934834.0,0.0
JSWENERGY.NS,2025-03-18,527.9000244140625,525.8220825195312,0.0,0.0
JSWENERGY.NS,2025-03-19,570.75,568.50341796875,7493067.0,0.0
JSWENERGY.NS,2025-03-20,562.9000244140625,560.684326171875,4063831.0,0.0
JSWENERGY.NS,2025-03-21,559.7000122070312,557.4968872070312,3118262.0,0.0
JSWENERGY.NS,2025-03-24,575.25,572.9856567382812,4240378.0,0.0
JSWENERGY.NS,2025-03-25,555.3499755859375,553.1640014648438,3022903.0,0.0
JSWENERGY.NS,2025-03-26,553.0499877929688,550.873046875,2480329.0,0.0
JSWENERGY.NS,2025-03-27,548.3499755859375,546.1915283203125,7424905.0,0.0
JSWENERGY.NS,2025-03-28,537.9000244140625,535.78271484375,4123070.0,0.0
JSWENERGY.NS,2025-04-01,522.5,520.4432983398438,3372414.0,0.0
JSWENERGY.NS,2025-04-02,526.25,524.1785888671875,4370554.0,0.0
JSWENERGY.NS,2025-04-03,527.1500244140625,525.0750122070312,4738116.0,0.0
JSWENERGY.NS,2025-04-04,506.3999938964844,504.40667724609375,4338333.0,0.0
JSWENERGY.NS,2025-04-07,488.3999938964844,486.4775390625,3038809.0,0.0
JSWENERGY.NS,2025-04-08,490.25,488.32025146484375,1859126.0,0.0
JSWENERGY.NS,2025-04-09,482.29998779296875,480.40155029296875,1765150.0,0.0
JSWENERGY.NS,2025-04-11,493.95001220703125,492.0057067871094,3235537.0,0.0
JSWENERGY.NS,2025-04-15,512.5999755859375,510.582275390625,3065723.0,0.0
JSWENERGY.NS,2025-04-16,509.70001220703125,507.6937255859375,2574424.0,0.0
JSWENERGY.NS,2025-04-17,507.8999938964844,505.9007873535156,2226131.0,0.0
JSWENERGY.NS,2025-04-21,521.3499755859375,519.2978515625,4128522.0,0.0
JSWENERGY.NS,2025-04-22,509.20001220703125,507.1956787109375,4070438.0,0.0
JSWENERGY.NS,2025-04-23,508.8500061035156,506.8470458984375,5386110.0,0.0
JSWENERGY.NS,2025-04-24,503.79998779296875,501.8169250488281,2120881.0,0.0
JSWENERGY.NS,2025-04-25,482.70001220703125,480.79998779296875,3196366.0,0.0
JSWENERGY.NS,2025-04-28,476.20001220703125,474.3255920410156,6571011.0,0.0
JSWENERGY.NS,2025-04-29,464.6000061035156,462.771240234375,5429671.0,0.0
JSWENERGY.NS,2025-04-30,479.20001220703125,477.31378173828125,5506434.0,0.0
JSWENERGY.NS,2025-05-02,469.29998779296875,467.4527282714844,2362909.0,0.0
JSWENERGY.NS,2025-05-05,481.20001220703125,479.305908203125,4696931.0,0.0
JSWENERGY.NS,2025-05-06,466.20001220703125,464.36492919921875,1813659.0,0.0
JSWENERGY.NS,2025-05-07,468.5,466.6558837890625,1740467.0,0.0
JSWENERGY.NS,2025-05-08,463.3500061035156,461.5261535644531,2323658.0,0.0
JSWENERGY.NS,2025-05-09,459.8500061035156,458.0399169921875,2156494.0,0.0
JSWENERGY.NS,2025-05-12,481.1000061035156,479.206298828125,1959126.0,0.0
JSWENERGY.NS,2025-05-13,474.25,472.38323974609375,2597495.0,0.0
JSWENERGY.NS,2025-05-14,474.95001220703125,473.08050537109375,3784668.0,0.0
JSWENERGY.NS,2025-05-15,487.3999938964844,485.4814758300781,5192791.0,0.0
JSWENERGY.NS,2025-05-16,503.8500061035156,501.8667297363281,9882396.0,0.0
JSWENERGY.NS,2025-05-19,515.3499755859375,513.3214111328125,6049881.0,0.0
JSWENERGY.NS,2025-05-20,504.70001220703125,502.7134094238281,3170791.0,0.0
JSWENERGY.NS,2025-05-21,504.79998779296875,502.81298828125,2590939.0,0.0
JSWENERGY.NS,2025-05-22,499.95001220703125,497.9820861816406,4039008.0,0.0
JSWENERGY.NS,2025-05-23,496.6000061035156,494.645263671875,2122235.0,0.0
JSWENERGY.NS,2025-05-26,504.8999938964844,502.91259765625,1927370.0,0.0
JSWENERGY.NS,2025-05-27,497.3500061035156,495.392333984375,2509599.0,0.0
JSWENERGY.NS,2025-05-28,496.29998779296875,494.346435546875,1794123.0,0.0
JSWENERGY.NS,2025-05-29,500.8999938964844,498.9283447265625,3046559.0,0.0
JSWENERGY.NS,2025-05-30,487.95001220703125,486.0293273925781,3732715.0,0.0
JSWENERGY.NS,2025-06-02,497.54998779296875,495.5915222167969,1879134.0,0.0
JSWENERGY.NS,2025-06-03,499.04998779296875,497.0856018066406,2378912.0,0.0
JSWENERGY.NS,2025-06-04,509.04998779296875,507.0462341308594,2982748.0,0.0
JSWENERGY.NS,2025-06-05,508.1000061035156,506.1000061035156,1631097.0,0.0
JSWENERGY.NS,2025-06-06,522.8499755859375,522.8499755859375,5565991.0,0.0
JSWENERGY.NS,2025-06-09,534.9000244140625,534.9000244140625,6278958.0,0.0
JSWENERGY.NS,2025-06-10,533.2000122070312,533.2000122070312,2909626.0,0.0
JSWENERGY.NS,2025-06-11,535.5,535.5,4458603.0,0.0
JSWENERGY.NS,2025-06-12,516.7999877929688,516.7999877929688,2193633.0,0.0
JSWENERGY.NS,2025-06-13,506.8500061035156,506.8500061035156,2226519.0,0.0
JSWENERGY.NS,2025-06-16,512.8499755859375,512.8499755859375,1713177.0,0.0
JSWENERGY.NS,2025-06-17,503.3500061035156,503.3500061035156,2324881.0,0.0
JSWENERGY.NS,2025-06-18,504.04998779296875,504.04998779296875,2255318.0,0.0
JSWENERGY.NS,2025-06-19,480.54998779296875,480.54998779296875,5484701.0,0.0
JSWENERGY.NS,2025-06-20,499.29998779296875,499.29998779296875,5785366.0,0.0
JSWENERGY.NS,2025-06-23,500.54998779296875,500.54998779296875,3285462.0,0.0
JSWENERGY.NS,2025-06-24,504.8999938964844,504.8999938964844,3594212.0,0.0
JSWENERGY.NS,2025-06-25,507.70001220703125,507.70001220703125,4375094.0,0.0
JSWENERGY.NS,2025-06-26,516.9500122070312,516.9500122070312,7709890.0,0.0
JSWENERGY.NS,2025-06-27,522.5,522.5,3849783.0,0.0
JSWENERGY.NS,2025-06-30,522.0999755859375,522.0999755859375,2172588.0,0.0
JSWENERGY.NS,2025-07-01,527.1500244140625,527.1500244140625,2604174.0,0.0
JSWENERGY.NS,2025-07-02,518.0499877929688,518.0499877929688,3540272.0,0.0
JSWENERGY.NS,2025-07-03,510.3500061035156,510.3500061035156,3273830.0,0.0
JSWENERGY.NS,2025-07-04,512.0,512.0,3519624.0,0.0
JSWENERGY.NS,2025-07-07,509.6499938964844,509.6499938964844,3411737.0,0.0
JSWENERGY.NS,2025-07-08,513.5499877929688,513.5499877929688,3934146.0,0.0
JSWENERGY.NS,2025-07-09,514.9000244140625,514.9000244140625,3516374.0,0.0
JSWENERGY.NS,2025-07-10,530.5499877929688,530.5499877929688,6941032.0,0.0
JSWENERGY.NS,2025-07-11,523.7000122070312,523.7000122070312,4054505.0,0.0
JSWENERGY.NS,2025-07-14,530.5,530.5,3346236.0,0.0
JSWENERGY.NS,2025-07-15,528.9500122070312,528.9500122070312,2422923.0,0.0
JSWENERGY.NS,2025-07-16,531.75,531.75,2460503.0,0.0
JSWENERGY.NS,2025-07-17,531.5999755859375,531.5999755859375,4175593.0,0.0
JSWENERGY.NS,2025-07-18,530.4000244140625,530.4000244140625,5871617.0,0.0
JSWENERGY.NS,2025-07-21,531.7000122070312,531.7000122070312,2545659.0,0.0
JSWENERGY.NS,2025-07-22,531.5499877929688,531.5499877929688,2785824.0,0.0
JSWENERGY.NS,2025-07-23,533.8499755859375,533.8499755859375,1429888.0,0.0
JSWENERGY.NS,2025-07-24,532.5499877929688,532.5499877929688,3750877.0,0.0
JSWENERGY.NS,2025-07-25,518.0999755859375,518.0999755859375,3715596.0,0.0
JSWENERGY.NS,2025-07-28,520.0999755859375,520.0999755859375,2232420.0,0.0
JSWENERGY.NS,2025-07-29,524.7999877929688,524.7999877929688,1532398.0,0.0
JSWENERGY.NS,2025-07-30,526.5,526.5,1616906.0,0.0
JSWENERGY.NS,2025-07-31,515.0499877929688,515.0499877929688,1946308.0,0.0
JSWENERGY.NS,2025-08-01,511.6499938964844,511.6499938964844,12369442.0,0.0
JSWENERGY.NS,2025-08-04,537.7999877929688,537.7999877929688,9051726.0,0.0
JSWENERGY.NS,2025-08-05,537.7000122070312,537.7000122070312,8557539.0,0.0
JSWENERGY.NS,2025-08-06,534.0499877929688,534.0499877929688,4521179.0,0.0
JSWENERGY.NS,2025-08-07,532.9000244140625,532.9000244140625,3013051.0,0.0
JSWENERGY.NS,2025-08-08,518.2999877929688,518.2999877929688,1688157.0,0.0
JSWENERGY.NS,2025-08-11,535.0999755859375,535.0999755859375,2511889.0,0.0
JSWENERGY.NS,2025-08-12,533.1500244140625,533.1500244140625,1582468.0,0.0
JSWENERGY.NS,2025-08-13,535.0,535.0,1205129.0,0.0
JSWENERGY.NS,2025-08-14,529.1500244140625,529.1500244140625,1062841.0,0.0
JSWENERGY.NS,2025-08-18,533.5999755859375,533.5999755859375,2426463.0,0.0
JSWENERGY.NS,2025-08-19,533.2999877929688,533.2999877929688,1331520.0,0.0
JSWENERGY.NS,2025-08-20,531.75,531.75,2552499.0,0.0
JSWENERGY.NS,2025-08-21,521.2999877929688,521.2999877929688,2595769.0,0.0
JSWENERGY.NS,2025-08-22,517.9000244140625,517.9000244140625,2099250.0,0.0
JSWENERGY.NS,2025-08-25,521.4500122070312,521.4500122070312,3246470.0,0.0
JSWENERGY.NS,2025-08-26,513.0999755859375,513.0999755859375,1985173.0,0.0
JSWENERGY.NS,2025-08-28,497.6499938964844,497.6499938964844,2117153.0,0.0
JSWENERGY.NS,2025-08-29,488.45001220703125,488.45001220703125,2020026.0,0.0
JSWENERGY.NS,2025-09-01,501.1000061035156,501.1000061035156,1287794.0,0.0
JSWENERGY.NS,2025-09-02,511.29998779296875,511.29998779296875,2096621.0,0.0
JSWENERGY.NS,2025-09-03,509.04998779296875,509.04998779296875,1579405.0,0.0
JSWENERGY.NS,2025-09-04,502.5,502.5,1691028.0,0.0
JSWENERGY.NS,2025-09-05,504.1000061035156,504.1000061035156,1075403.0,0.0
JSWENERGY.NS,2025-09-08,510.20001220703125,510.20001220703125,1649154.0,0.0
JSWENERGY.NS,2025-09-09,506.1000061035156,506.1000061035156,1197551.0,0.0
JSWENERGY.NS,2025-09-10,519.0,519.0,2428381.0,0.0
JSWENERGY.NS,2025-09-11,521.5499877929688,521.5499877929688,2031990.0,0.0
JSWENERGY.NS,2025-09-12,525.75,525.75,1823634.0,0.0
JSWENERGY.NS,2025-09-15,532.0,532.0,1875958.0,0.0
JSWENERGY.NS,2025-09-16,540.0499877929688,540.0499877929688,5756908.0,0.0
JSWENERGY.NS,2025-09-17,535.0,535.0,1370817.0,0.0
JSWENERGY.NS,2025-09-18,537.7999877929688,537.7999877929688,1135518.0,0.0
JSWENERGY.NS,2025-09-19,545.5,545.5,4396075.0,0.0
JSWENERGY.NS,2025-09-22,542.9500122070312,542.9500122070312,1883318.0,0.0
JSWENERGY.NS,2025-09-23,543.8499755859375,543.8499755859375,3398352.0,0.0
JSWENERGY.NS,2025-09-24,535.1500244140625,535.1500244140625,2427695.0,0.0
JSWENERGY.NS,2025-09-25,528.5999755859375,528.5999755859375,2098712.0,0.0
JSWENERGY.NS,2025-09-26,520.0999755859375,520.0999755859375,1451737.0,0.0
JSWENERGY.NS,2025-09-29,528.5499877929688,528.5499877929688,1476731.0,0.0
JSWENERGY.NS,2025-09-30,530.8499755859375,530.8499755859375,1505150.0,0.0
JSWENERGY.NS,2025-10-01,536.4500122070312,536.4500122070312,840361.0,0.0
JSWENERGY.NS,2025-10-03,539.9000244140625,539.9000244140625,1851581.0,0.0
JSWENERGY.NS,2025-10-06,541.0,541.0,1940149.0,0.0
JSWENERGY.NS,2025-10-07,548.0499877929688,548.0499877929688,4233559.0,0.0
JSWENERGY.NS,2025-10-08,534.4500122070312,534.4500122070312,3256894.0,0.0
JSWENERGY.NS,2025-10-09,542.7999877929688,542.7999877929688,1425566.0,0.0
JSWENERGY.NS,2025-10-10,546.0,546.0,1605532.0,0.0
JSWENERGY.NS,2025-10-13,544.4500122070312,544.4500122070312,1373686.0,0.0
JSWENERGY.NS,2025-10-14,541.0499877929688,541.0499877929688,2538458.0,0.0
JSWENERGY.NS,2025-10-15,545.75,545.75,1730184.0,0.0
JSWENERGY.NS,2025-10-16,548.5999755859375,548.5999755859375,2481559.0,0.0
JSWENERGY.NS,2025-10-17,540.7999877929688,540.7999877929688,3399859.0,0.0
JSWENERGY.NS,2025-10-20,525.2000122070312,525.2000122070312,5106756.0,0.0
JSWENERGY.NS,2025-10-21,528.0999755859375,528.0999755859375,489245.0,0.0
JSWENERGY.NS,2025-10-23,533.2999877929688,533.2999877929688,2656263.0,0.0
JSWENERGY.NS,2025-10-24,531.1500244140625,531.1500244140625,2323758.0,0.0
JSWENERGY.NS,2025-10-27,529.3499755859375,529.3499755859375,2154794.0,0.0
JSWENERGY.NS,2025-10-28,536.3499755859375,536.3499755859375,2738818.0,0.0
JSWENERGY.NS,2025-10-29,534.4500122070312,534.4500122070312,2691960.0,0.0
JSWENERGY.NS,2025-10-30,538.1500244140625,538.1500244140625,1726926.0,0.0
JSWENERGY.NS,2025-10-31,527.4500122070312,527.4500122070312,2820568.0,0.0
JSWENERGY.NS,2025-11-03,532.9000244140625,532.9000244140625,1781082.0,0.0
JSWENERGY.NS,2025-11-04,528.0999755859375,528.0999755859375,1525398.0,0.0
JSWENERGY.NS,2025-11-06,517.3499755859375,517.3499755859375,2026463.0,0.0
JSWENERGY.NS,2025-11-07,519.1500244140625,519.1500244140625,1562135.0,0.0
JSWENERGY.NS,2025-11-10,522.5,522.5,878117.0,0.0
JSWENERGY.NS,2025-11-11,526.8499755859375,526.8499755859375,1434139.0,0.0
JSWENERGY.NS,2025-11-12,528.0499877929688,528.0499877929688,1747648.0,0.0
JSWENERGY.NS,2025-11-13,528.2999877929688,528.2999877929688,1677794.0,0.0
JSWENERGY.NS,2025-11-14,528.7999877929688,528.7999877929688,1755919.0,0.0
JSWENERGY.NS,2025-11-17,527.6500244140625,527.6500244140625,1230818.0,0.0
JSWENERGY.NS,2025-11-18,526.9500122070312,526.9500122070312,2011169.0,0.0
JSWENERGY.NS,2025-11-19,513.6500244140625,513.6500244140625,2913764.0,0.0
JSWENERGY.NS,2025-11-20,504.8500061035156,504.8500061035156,3532744.0,0.0
JSWENERGY.NS,2025-11-21,484.54998779296875,484.54998779296875,6244965.0,0.0
JSWENERGY.NS,2025-11-24,481.0,481.0,3561430.0,0.0
JSWENERGY.NS,2025-11-25,476.6000061035156,476.6000061035156,2950968.0,0.0
JSWENERGY.NS,2025-11-26,487.25,487.25,1486994.0,0.0
JSWENERGY.NS,2025-11-27,488.0,488.0,2266552.0,0.0
JSWENERGY.NS,2025-11-28,488.6499938964844,488.6499938964844,1256225.0,0.0
JSWENERGY.NS,2025-12-01,491.79998779296875,491.79998779296875,1933563.0,0.0
JSWENERGY.NS,2025-12-02,484.1499938964844,484.1499938964844,2109674.0,0.0
JSWENERGY.NS,2025-12-03,470.20001220703125,470.20001220703125,2984285.0,0.0
JSWENERGY.NS,2025-12-04,459.8500061035156,459.8500061035156,6057866.0,0.0
JSWENERGY.NS,2025-12-05,461.95001220703125,461.95001220703125,4893964.0,0.0
JSWENERGY.NS,2025-12-08,453.8500061035156,453.8500061035156,3062061.0,0.0
JSWENERGY.NS,2025-12-09,451.20001220703125,451.20001220703125,21783593.0,0.0
JSWENERGY.NS,2025-12-10,451.1499938964844,451.1499938964844,5390865.0,0.0
JSWENERGY.NS,2025-12-11,457.79998779296875,457.79998779296875,2098580.0,0.0
JSWENERGY.NS,2025-12-12,482.20001220703125,482.20001220703125,5749586.0,0.0
JSWENERGY.NS,2025-12-15,486.45001220703125,486.45001220703125,3760447.0,0.0
JSWENERGY.NS,2025-12-16,478.5,478.5,1861838.0,0.0
JSWENERGY.NS,2025-12-17,475.25,475.25,1837506.0,0.0
JSWENERGY.NS,2025-12-18,472.0,472.0,1792598.0,0.0
JSWENERGY.NS,2025-12-19,478.25,478.25,1533200.0,0.0
JSWENERGY.NS,2025-12-22,478.95001220703125,478.95001220703125,847804.0,0.0
JSWENERGY.NS,2025-12-23,485.6499938964844,485.6499938964844,1158705.0,0.0
JSWENERGY.NS,2025-12-24,484.3500061035156,484.3500061035156,1822866.0,0.0
JSWENERGY.NS,2025-12-26,479.3999938964844,479.3999938964844,712818.0,0.0
JSWENERGY.NS,2025-12-29,471.1499938964844,471.1499938964844,796387.0,0.0
JSWENERGY.NS,2025-12-30,469.75,469.75,638823.0,0.0
JSWENERGY.NS,2025-12-31,482.45001220703125,482.45001220703125,2308011.0,0.0
JSWENERGY.NS,2026-01-01,502.0,502.0,6027942.0,0.0
JSWENERGY.NS,2026-01-02,510.6499938964844,510.6499938964844,5505156.0,0.0
JSWENERGY.NS,2026-01-05,516.9000244140625,516.9000244140625,3982373.0,0.0
JSWENERGY.NS,2026-01-06,514.8499755859375,514.8499755859375,1579518.0,0.0
JSWENERGY.NS,2026-01-07,512.5999755859375,512.5999755859375,1268975.0,0.0
JSWENERGY.NS,2026-01-08,499.70001220703125,499.70001220703125,1233169.0,0.0
JSWENERGY.NS,2026-01-09,490.25,490.25,1227007.0,0.0
JSWENERGY.NS,2026-01-12,498.79998779296875,498.79998779296875,2300943.0,0.0
JSWENERGY.NS,2026-01-13,494.1499938964844,494.1499938964844,1491221.0,0.0
JSWENERGY.NS,2026-01-14,494.6499938964844,494.6499938964844,950741.0,0.0
JSWENERGY.NS,2026-01-15,494.6499938964844,494.6499938964844,0.0,0.0
JSWENERGY.NS,2026-01-16,492.79998779296875,492.79998779296875,2548099.0,0.0
JSWENERGY.NS,2026-01-19,486.3500061035156,486.3500061035156,954571.0,0.0
JSWENERGY.NS,2026-01-20,479.1000061035156,479.1000061035156,1392651.0,0.0
JSWENERGY.NS,2026-01-21,477.79998779296875,477.79998779296875,1565280.0,0.0
JSWENERGY.NS,2026-01-22,492.3500061035156,492.3500061035156,1249211.0,0.0
JSWENERGY.NS,2026-01-23,477.6499938964844,477.6499938964844,1759170.0,0.0
JSWENERGY.NS,2026-01-27,440.04998779296875,440.04998779296875,24092304.0,0.0
JSWENERGY.NS,2026-01-28,446.25,446.25,9881272.0,0.0
JSWENERGY.NS,2026-01-29,459.0,459.0,3250586.0,0.0
JSWENERGY.NS,2026-01-30,459.79998779296875,459.79998779296875,3023985.0,0.0
JSWENERGY.NS,2026-02-02,451.5,451.5,1249736.0,0.0
JSWENERGY.NS,2026-02-03,459.1499938964844,459.1499938964844,3452273.0,0.0
JSWENERGY.NS,2026-02-04,468.8500061035156,468.8500061035156,2034405.0,0.0
JSWENERGY.NS,2026-02-05,473.95001220703125,473.95001220703125,1740344.0,0.0
JSWENERGY.NS,2026-02-06,473.1499938964844,473.1499938964844,902590.0,0.0
JSWENERGY.NS,2026-02-09,480.1000061035156,480.1000061035156,2276852.0,0.0
JSWENERGY.NS,2026-02-10,483.70001220703125,483.70001220703125,1165204.0,0.0
JSWENERGY.NS,2026-02-11,482.3500061035156,482.3500061035156,822937.0,0.0
JINDALSTEL.NS,2025-02-11,834.5,832.8477783203125,2851850.0,0.0
JINDALSTEL.NS,2025-02-12,829.3499755859375,827.7079467773438,4696962.0,0.0
JINDALSTEL.NS,2025-02-13,840.5,838.8358764648438,1584072.0,0.0
JINDALSTEL.NS,2025-02-14,833.2999877929688,831.650146484375,3127767.0,0.0
JINDALSTEL.NS,2025-02-17,837.6500244140625,835.9915771484375,3000527.0,0.0
JINDALSTEL.NS,2025-02-18,846.9500122070312,845.2731323242188,1253438.0,0.0
JINDALSTEL.NS,2025-02-19,860.0999755859375,858.3970947265625,1378738.0,0.0
JINDALSTEL.NS,2025-02-20,879.2999877929688,877.55908203125,1283212.0,0.0
JINDALSTEL.NS,2025-02-21,880.3499755859375,878.6069946289062,4152422.0,0.0
JINDALSTEL.NS,2025-02-24,862.25,860.5428466796875,1686346.0,0.0
JINDALSTEL.NS,2025-02-25,856.7999877929688,855.1036376953125,1648058.0,0.0
JINDALSTEL.NS,2025-02-27,862.0,860.2933349609375,1967080.0,0.0
JINDALSTEL.NS,2025-02-28,856.1500244140625,854.4549560546875,7714704.0,0.0
JINDALSTEL.NS,2025-03-03,854.3499755859375,852.658447265625,2828636.0,0.0
JINDALSTEL.NS,2025-03-04,867.2999877929688,865.5828247070312,1266558.0,0.0
JINDALSTEL.NS,2025-03-05,891.6500244140625,889.8846435546875,2371535.0,0.0
JINDALSTEL.NS,2025-03-06,914.5999755859375,912.7891845703125,3101315.0,0.0
JINDALSTEL.NS,2025-03-07,908.9500122070312,907.150390625,2083657.0,0.0
JINDALSTEL.NS,2025-03-10,905.2999877929688,903.507568359375,3073227.0,0.0
JINDALSTEL.NS,2025-03-11,904.8499755859375,903.0584716796875,2786479.0,0.0
JINDALSTEL.NS,2025-03-12,903.0499877929688,901.2620239257812,1325797.0,0.0
JINDALSTEL.NS,2025-03-13,889.7000122070312,887.9384765625,1009777.0,0.0
JINDALSTEL.NS,2025-03-17,897.25,895.4735717773438,1163494.0,0.0
JINDALSTEL.NS,2025-03-18,897.25,895.4735717773438,0.0,0.0
JINDALSTEL.NS,2025-03-19,925.0,923.1685791015625,2402675.0,0.0
JINDALSTEL.NS,2025-03-20,926.2000122070312,924.3662109375,1311300.0,0.0
JINDALSTEL.NS,2025-03-21,914.2999877929688,912.4898071289062,2350523.0,0.0
JINDALSTEL.NS,2025-03-24,922.75,920.9230346679688,985738.0,0.0
JINDALSTEL.NS,2025-03-25,908.7999877929688,907.0006713867188,1553849.0,0.0
JINDALSTEL.NS,2025-03-26,899.8499755859375,898.068359375,1507434.0,0.0
JINDALSTEL.NS,2025-03-27,916.0499877929688,914.236328125,1246440.0,0.0
JINDALSTEL.NS,2025-03-28,912.2999877929688,910.4937133789062,1550743.0,0.0
JINDALSTEL.NS,2025-04-01,901.5,899.7151489257812,1697338.0,0.0
JINDALSTEL.NS,2025-04-02,909.5499877929688,907.7492065429688,1761044.0,0.0
JINDALSTEL.NS,2025-04-03,905.2000122070312,903.4078369140625,1949930.0,0.0
JINDALSTEL.NS,2025-04-04,850.0999755859375,848.4168701171875,2878135.0,0.0
JINDALSTEL.NS,2025-04-07,791.0499877929688,789.4838256835938,5300335.0,0.0
JINDALSTEL.NS,2025-04-08,801.8499755859375,800.2623901367188,2090766.0,0.0
JINDALSTEL.NS,2025-04-09,786.9000244140625,785.342041015625,1877934.0,0.0
JINDALSTEL.NS,2025-04-11,805.6500244140625,804.054931640625,1804073.0,0.0
JINDALSTEL.NS,2025-04-15,845.1500244140625,843.4767456054688,1818808.0,0.0
JINDALSTEL.NS,2025-04-16,854.25,852.5586547851562,1404916.0,0.0
JINDALSTEL.NS,2025-04-17,881.7000122070312,879.954345703125,2842300.0,0.0
JINDALSTEL.NS,2025-04-21,906.4000244140625,904.60546875,2090565.0,0.0
JINDALSTEL.NS,2025-04-22,914.75,912.9389038085938,1941122.0,0.0
JINDALSTEL.NS,2025-04-23,919.0499877929688,917.2303466796875,1241468.0,0.0
JINDALSTEL.NS,2025-04-24,908.0,906.2022705078125,1578364.0,0.0
JINDALSTEL.NS,2025-04-25,891.7999877929688,890.0343017578125,1253219.0,0.0
JINDALSTEL.NS,2025-04-28,907.5,905.7032470703125,631588.0,0.0
JINDALSTEL.NS,2025-04-29,895.4500122070312,893.6771240234375,519692.0,0.0
JINDALSTEL.NS,2025-04-30,895.6500244140625,893.876708984375,1048167.0,0.0
JINDALSTEL.NS,2025-05-02,899.5499877929688,897.7689819335938,3188976.0,0.0
JINDALSTEL.NS,2025-05-05,903.8499755859375,902.0604248046875,1299773.0,0.0
JINDALSTEL.NS,2025-05-06,873.5,871.7705688476562,1841702.0,0.0
JINDALSTEL.NS,2025-05-07,878.5999755859375,876.8604736328125,1186064.0,0.0
JINDALSTEL.NS,2025-05-08,851.1500244140625,849.46484375,1586003.0,0.0
JINDALSTEL.NS,2025-05-09,855.3499755859375,853.656494140625,687868.0,0.0
JINDALSTEL.NS,2025-05-12,904.75,902.9586791992188,1674583.0,0.0
JINDALSTEL.NS,2025-05-13,909.7000122070312,907.89892578125,2468436.0,0.0
JINDALSTEL.NS,2025-05-14,943.2000122070312,941.3325805664062,6979336.0,0.0
JINDALSTEL.NS,2025-05-15,968.2999877929688,966.3828735351562,2553377.0,0.0
JINDALSTEL.NS,2025-05-16,981.5999755859375,979.656494140625,2805260.0,0.0
JINDALSTEL.NS,2025-05-19,973.0499877929688,971.1234741210938,3177664.0,0.0
JINDALSTEL.NS,2025-05-20,957.5999755859375,955.7040405273438,2683257.0,0.0
JINDALSTEL.NS,2025-05-21,968.5,966.5824584960938,2277923.0,0.0
JINDALSTEL.NS,2025-05-22,959.9500122070312,958.0494384765625,1299974.0,0.0
JINDALSTEL.NS,2025-05-23,953.4000244140625,951.5123901367188,1124070.0,0.0
JINDALSTEL.NS,2025-05-26,954.7999877929688,952.9096069335938,1381677.0,0.0
JINDALSTEL.NS,2025-05-27,947.5,945.6240844726562,1604889.0,0.0
JINDALSTEL.NS,2025-05-28,945.1500244140625,943.2787475585938,833626.0,0.0
JINDALSTEL.NS,2025-05-29,971.3499755859375,969.4268188476562,2490067.0,0.0
JINDALSTEL.NS,2025-05-30,948.9000244140625,947.0213012695312,2013497.0,0.0
JINDALSTEL.NS,2025-06-02,943.6500244140625,941.7816772460938,1587165.0,0.0
JINDALSTEL.NS,2025-06-03,946.4000244140625,944.5262451171875,1294383.0,0.0
JINDALSTEL.NS,2025-06-04,951.7000122070312,949.8157348632812,867911.0,0.0
JINDALSTEL.NS,2025-06-05,949.8499755859375,947.9693603515625,1053306.0,0.0
JINDALSTEL.NS,2025-06-06,962.75,960.8438720703125,1192159.0,0.0
JINDALSTEL.NS,2025-06-09,974.5499877929688,972.6204833984375,1856046.0,0.0
JINDALSTEL.NS,2025-06-10,973.7000122070312,971.772216796875,1114437.0,0.0
JINDALSTEL.NS,2025-06-11,955.0499877929688,953.1591186523438,2083579.0,0.0
JINDALSTEL.NS,2025-06-12,939.0999755859375,937.2406616210938,1432499.0,0.0
JINDALSTEL.NS,2025-06-13,920.75,918.927001953125,715534.0,0.0
JINDALSTEL.NS,2025-06-16,922.5999755859375,920.7733154296875,1016126.0,0.0
JINDALSTEL.NS,2025-06-17,891.0,889.2359008789062,3176704.0,0.0
JINDALSTEL.NS,2025-06-18,893.9000244140625,892.1301879882812,1661670.0,0.0
JINDALSTEL.NS,2025-06-19,887.4500122070312,885.6929321289062,1412283.0,0.0
JINDALSTEL.NS,2025-06-20,899.0499877929688,897.2699584960938,1641610.0,0.0
JINDALSTEL.NS,2025-06-23,910.7000122070312,908.8969116210938,661419.0,0.0
JINDALSTEL.NS,2025-06-24,924.2000122070312,922.3701782226562,1171729.0,0.0
JINDALSTEL.NS,2025-06-25,919.9000244140625,918.0787353515625,1976461.0,0.0
JINDALSTEL.NS,2025-06-26,954.9000244140625,953.0093994140625,2568931.0,0.0
JINDALSTEL.NS,2025-06-27,939.3499755859375,937.4901733398438,3131858.0,0.0
JINDALSTEL.NS,2025-06-30,941.7000122070312,939.8355712890625,1246303.0,0.0
JINDALSTEL.NS,2025-07-01,951.25,949.3666381835938,1166914.0,0.0
JINDALSTEL.NS,2025-07-02,968.7000122070312,966.7821044921875,2004442.0,0.0
JINDALSTEL.NS,2025-07-03,956.5,954.6062622070312,1506490.0,0.0
JINDALSTEL.NS,2025-07-04,953.0,951.1131591796875,652147.0,0.0
JINDALSTEL.NS,2025-07-07,953.5,951.6121826171875,773510.0,0.0
JINDALSTEL.NS,2025-07-08,951.0999755859375,949.2169189453125,574607.0,0.0
JINDALSTEL.NS,2025-07-09,944.7999877929688,942.9293823242188,1039879.0,0.0
JINDALSTEL.NS,2025-07-10,944.5499877929688,942.6798706054688,1128883.0,0.0
JINDALSTEL.NS,2025-07-11,938.4000244140625,936.5421142578125,1676679.0,0.0
JINDALSTEL.NS,2025-07-14,933.0499877929688,931.20263671875,1815311.0,0.0
JINDALSTEL.NS,2025-07-15,943.8499755859375,941.9812622070312,1106472.0,0.0
JINDALSTEL.NS,2025-07-16,931.4500122070312,929.6058349609375,1500910.0,0.0
JINDALSTEL.NS,2025-07-17,950.4500122070312,948.5682373046875,1652952.0,0.0
JINDALSTEL.NS,2025-07-18,957.1500244140625,955.2550048828125,1480756.0,0.0
JINDALSTEL.NS,2025-07-21,960.0499877929688,958.149169921875,1346529.0,0.0
JINDALSTEL.NS,2025-07-22,965.0,963.0894165039062,1858427.0,0.0
JINDALSTEL.NS,2025-07-23,977.4000244140625,975.4649047851562,1618809.0,0.0
JINDALSTEL.NS,2025-07-24,1000.4500122070312,998.46923828125,3629756.0,0.0
JINDALSTEL.NS,2025-07-25,1000.1500244140625,998.1698608398438,2197185.0,0.0
JINDALSTEL.NS,2025-07-28,977.7000122070312,975.7642822265625,1295974.0,0.0
JINDALSTEL.NS,2025-07-29,984.3499755859375,982.4010620117188,499540.0,0.0
JINDALSTEL.NS,2025-07-30,982.8499755859375,980.904052734375,964425.0,0.0
JINDALSTEL.NS,2025-07-31,965.0,963.0894165039062,2114119.0,0.0
JINDALSTEL.NS,2025-08-01,945.5,943.6279907226562,1363054.0,0.0
JINDALSTEL.NS,2025-08-04,980.2000122070312,978.2593383789062,2939641.0,0.0
JINDALSTEL.NS,2025-08-05,999.7999877929688,997.8204956054688,1411354.0,0.0
JINDALSTEL.NS,2025-08-06,985.9000244140625,983.9480590820312,1098509.0,0.0
JINDALSTEL.NS,2025-08-07,999.5,997.5211181640625,2528535.0,0.0
JINDALSTEL.NS,2025-08-08,974.0999755859375,972.17138671875,923189.0,0.0
JINDALSTEL.NS,2025-08-11,991.0,989.0379028320312,585167.0,0.0
JINDALSTEL.NS,2025-08-12,998.5,996.5230712890625,1211533.0,0.0
JINDALSTEL.NS,2025-08-13,996.3499755859375,994.3773193359375,3231630.0,0.0
JINDALSTEL.NS,2025-08-14,975.4000244140625,973.4688720703125,1846204.0,0.0
JINDALSTEL.NS,2025-08-18,992.8499755859375,990.8842163085938,1909764.0,0.0
JINDALSTEL.NS,2025-08-19,1005.25,1003.2597045898438,1121842.0,0.0
JINDALSTEL.NS,2025-08-20,1016.25,1014.2379150390625,1564199.0,0.0
JINDALSTEL.NS,2025-08-21,1010.1500244140625,1008.1500244140625,3047183.0,0.0
JINDALSTEL.NS,2025-08-22,997.25,997.25,1818098.0,0.0
JINDALSTEL.NS,2025-08-25,996.2000122070312,996.2000122070312,1542533.0,0.0
JINDALSTEL.NS,2025-08-26,977.1500244140625,977.1500244140625,6927411.0,0.0
JINDALSTEL.NS,2025-08-28,964.7000122070312,964.7000122070312,673705.0,0.0
JINDALSTEL.NS,2025-08-29,945.7999877929688,945.7999877929688,968556.0,0.0
JINDALSTEL.NS,2025-09-01,962.8499755859375,962.8499755859375,1593811.0,0.0
JINDALSTEL.NS,2025-09-02,975.1500244140625,975.1500244140625,1277690.0,0.0
JINDALSTEL.NS,2025-09-03,1028.3499755859375,1028.3499755859375,4521491.0,0.0
JINDALSTEL.NS,2025-09-04,1031.8499755859375,1031.8499755859375,1350756.0,0.0
JINDALSTEL.NS,2025-09-05,1034.8499755859375,1034.8499755859375,793972.0,0.0
JINDALSTEL.NS,2025-09-08,1041.550048828125,1041.550048828125,1823229.0,0.0
JINDALSTEL.NS,2025-09-09,1034.0999755859375,1034.0999755859375,766328.0,0.0
JINDALSTEL.NS,2025-09-10,1039.5999755859375,1039.5999755859375,722139.0,0.0
JINDALSTEL.NS,2025-09-11,1040.4000244140625,1040.4000244140625,882337.0,0.0
JINDALSTEL.NS,2025-09-12,1035.949951171875,1035.949951171875,578783.0,0.0
JINDALSTEL.NS,2025-09-15,1046.300048828125,1046.300048828125,618202.0,0.0
JINDALSTEL.NS,2025-09-16,1053.3499755859375,1053.3499755859375,1224328.0,0.0
JINDALSTEL.NS,2025-09-17,1033.6500244140625,1033.6500244140625,634304.0,0.0
JINDALSTEL.NS,2025-09-18,1047.6500244140625,1047.6500244140625,702731.0,0.0
JINDALSTEL.NS,2025-09-19,1046.0,1046.0,943974.0,0.0
JINDALSTEL.NS,2025-09-22,1032.449951171875,1032.449951171875,685776.0,0.0
JINDALSTEL.NS,2025-09-23,1062.699951171875,1062.699951171875,1889834.0,0.0
JINDALSTEL.NS,2025-09-24,1052.6500244140625,1052.6500244140625,729744.0,0.0
JINDALSTEL.NS,2025-09-25,1051.699951171875,1051.699951171875,1534438.0,0.0
JINDALSTEL.NS,2025-09-26,1029.5,1029.5,858507.0,0.0
JINDALSTEL.NS,2025-09-29,1043.3499755859375,1043.3499755859375,1278211.0,0.0
JINDALSTEL.NS,2025-09-30,1063.75,1063.75,1992711.0,0.0
JINDALSTEL.NS,2025-10-01,1065.0,1065.0,1125486.0,0.0
JINDALSTEL.NS,2025-10-03,1076.5,1076.5,2035582.0,0.0
JINDALSTEL.NS,2025-10-06,1055.9000244140625,1055.9000244140625,2301398.0,0.0
JINDALSTEL.NS,2025-10-07,1033.699951171875,1033.699951171875,1938416.0,0.0
JINDALSTEL.NS,2025-10-08,1019.2000122070312,1019.2000122070312,1436225.0,0.0
JINDALSTEL.NS,2025-10-09,1040.300048828125,1040.300048828125,2732150.0,0.0
JINDALSTEL.NS,2025-10-10,1015.2000122070312,1015.2000122070312,2426076.0,0.0
JINDALSTEL.NS,2025-10-13,1007.5999755859375,1007.5999755859375,1642367.0,0.0
JINDALSTEL.NS,2025-10-14,996.0,996.0,1404907.0,0.0
JINDALSTEL.NS,2025-10-15,1001.4000244140625,1001.4000244140625,1643008.0,0.0
JINDALSTEL.NS,2025-10-16,1022.7999877929688,1022.7999877929688,1248871.0,0.0
JINDALSTEL.NS,2025-10-17,1007.5999755859375,1007.5999755859375,1530004.0,0.0
JINDALSTEL.NS,2025-10-20,1005.5999755859375,1005.5999755859375,898357.0,0.0
JINDALSTEL.NS,2025-10-21,1009.7999877929688,1009.7999877929688,109029.0,0.0
JINDALSTEL.NS,2025-10-23,1009.0999755859375,1009.0999755859375,1065307.0,0.0
JINDALSTEL.NS,2025-10-24,1008.2000122070312,1008.2000122070312,1691676.0,0.0
JINDALSTEL.NS,2025-10-27,1034.300048828125,1034.300048828125,999054.0,0.0
JINDALSTEL.NS,2025-10-28,1073.5,1073.5,4445977.0,0.0
JINDALSTEL.NS,2025-10-29,1070.5999755859375,1070.5999755859375,3983488.0,0.0
JINDALSTEL.NS,2025-10-30,1070.199951171875,1070.199951171875,1514350.0,0.0
JINDALSTEL.NS,2025-10-31,1066.800048828125,1066.800048828125,1018215.0,0.0
JINDALSTEL.NS,2025-11-03,1077.0,1077.0,1193076.0,0.0
JINDALSTEL.NS,2025-11-04,1080.699951171875,1080.699951171875,2806142.0,0.0
JINDALSTEL.NS,2025-11-06,1045.5,1045.5,1497966.0,0.0
JINDALSTEL.NS,2025-11-07,1069.9000244140625,1069.9000244140625,1892592.0,0.0
JINDALSTEL.NS,2025-11-10,1071.4000244140625,1071.4000244140625,990878.0,0.0
JINDALSTEL.NS,2025-11-11,1080.199951171875,1080.199951171875,670521.0,0.0
JINDALSTEL.NS,2025-11-12,1079.9000244140625,1079.9000244140625,702572.0,0.0
JINDALSTEL.NS,2025-11-13,1087.800048828125,1087.800048828125,1863602.0,0.0
JINDALSTEL.NS,2025-11-14,1076.199951171875,1076.199951171875,1403097.0,0.0
JINDALSTEL.NS,2025-11-17,1080.0,1080.0,723524.0,0.0
JINDALSTEL.NS,2025-11-18,1066.300048828125,1066.300048828125,1437183.0,0.0
JINDALSTEL.NS,2025-11-19,1071.0,1071.0,933058.0,0.0
JINDALSTEL.NS,2025-11-20,1069.4000244140625,1069.4000244140625,834957.0,0.0
JINDALSTEL.NS,2025-11-21,1038.5999755859375,1038.5999755859375,1316935.0,0.0
JINDALSTEL.NS,2025-11-24,1021.2999877929688,1021.2999877929688,3883924.0,0.0
JINDALSTEL.NS,2025-11-25,1022.5999755859375,1022.5999755859375,1833665.0,0.0
JINDALSTEL.NS,2025-11-26,1042.4000244140625,1042.4000244140625,1580115.0,0.0
JINDALSTEL.NS,2025-11-27,1041.0999755859375,1041.0999755859375,893056.0,0.0
JINDALSTEL.NS,2025-11-28,1044.4000244140625,1044.4000244140625,1205893.0,0.0
JINDALSTEL.NS,2025-12-01,1048.0,1048.0,803834.0,0.0
JINDALSTEL.NS,2025-12-02,1028.800048828125,1028.800048828125,1634860.0,0.0
JINDALSTEL.NS,2025-12-03,1017.9000244140625,1017.9000244140625,1634772.0,0.0
JINDALSTEL.NS,2025-12-04,1005.7999877929688,1005.7999877929688,645481.0,0.0
JINDALSTEL.NS,2025-12-05,1006.7999877929688,1006.7999877929688,1273166.0,0.0
JINDALSTEL.NS,2025-12-08,997.5,997.5,1118377.0,0.0
JINDALSTEL.NS,2025-12-09,1002.7999877929688,1002.7999877929688,1274066.0,0.0
JINDALSTEL.NS,2025-12-10,1008.9000244140625,1008.9000244140625,658048.0,0.0
JINDALSTEL.NS,2025-12-11,1012.9000244140625,1012.9000244140625,576973.0,0.0
JINDALSTEL.NS,2025-12-12,1029.5,1029.5,846932.0,0.0
JINDALSTEL.NS,2025-12-15,1034.0,1034.0,396392.0,0.0
JINDALSTEL.NS,2025-12-16,1011.2000122070312,1011.2000122070312,1561272.0,0.0
JINDALSTEL.NS,2025-12-17,1001.5,1001.5,647160.0,0.0
JINDALSTEL.NS,2025-12-18,986.0,986.0,2600965.0,0.0
JINDALSTEL.NS,2025-12-19,992.5999755859375,992.5999755859375,1137039.0,0.0
JINDALSTEL.NS,2025-12-22,1002.0999755859375,1002.0999755859375,1205035.0,0.0
JINDALSTEL.NS,2025-12-23,1012.5999755859375,1012.5999755859375,682890.0,0.0
JINDALSTEL.NS,2025-12-24,999.0,999.0,617162.0,0.0
JINDALSTEL.NS,2025-12-26,986.5,986.5,780164.0,0.0
JINDALSTEL.NS,2025-12-29,990.5,990.5,2221198.0,0.0
JINDALSTEL.NS,2025-12-30,1021.2999877929688,1021.2999877929688,2097101.0,0.0
JINDALSTEL.NS,2025-12-31,1053.800048828125,1053.800048828125,4643020.0,0.0
JINDALSTEL.NS,2026-01-01,1068.4000244140625,1068.4000244140625,1361672.0,0.0
JINDALSTEL.NS,2026-01-02,1080.300048828125,1080.300048828125,1931379.0,0.0
JINDALSTEL.NS,2026-01-05,1081.5999755859375,1081.5999755859375,900540.0,0.0
JINDALSTEL.NS,2026-01-06,1079.800048828125,1079.800048828125,1100849.0,0.0
JINDALSTEL.NS,2026-01-07,1074.699951171875,1074.699951171875,553494.0,0.0
JINDALSTEL.NS,2026-01-08,1013.5999755859375,1013.5999755859375,3223347.0,0.0
JINDALSTEL.NS,2026-01-09,1010.2999877929688,1010.2999877929688,994369.0,0.0
JINDALSTEL.NS,2026-01-12,1023.4000244140625,1023.4000244140625,1469718.0,0.0
JINDALSTEL.NS,2026-01-13,1010.7999877929688,1010.7999877929688,977080.0,0.0
JINDALSTEL.NS,2026-01-14,1040.699951171875,1040.699951171875,1727062.0,0.0
JINDALSTEL.NS,2026-01-15,1040.699951171875,1040.699951171875,0.0,0.0
JINDALSTEL.NS,2026-01-16,1042.9000244140625,1042.9000244140625,1500141.0,0.0
JINDALSTEL.NS,2026-01-19,1055.5999755859375,1055.5999755859375,1407699.0,0.0
JINDALSTEL.NS,2026-01-20,1039.800048828125,1039.800048828125,1518491.0,0.0
JINDALSTEL.NS,2026-01-21,1041.4000244140625,1041.4000244140625,1655357.0,0.0
JINDALSTEL.NS,2026-01-22,1076.0,1076.0,2032310.0,0.0
JINDALSTEL.NS,2026-01-23,1063.5999755859375,1063.5999755859375,2761031.0,0.0
JINDALSTEL.NS,2026-01-27,1080.699951171875,1080.699951171875,1951032.0,0.0
JINDALSTEL.NS,2026-01-28,1119.4000244140625,1119.4000244140625,2783493.0,0.0
JINDALSTEL.NS,2026-01-29,1159.5999755859375,1159.5999755859375,4011001.0,0.0
JINDALSTEL.NS,2026-01-30,1132.0,1132.0,3291975.0,0.0
JINDALSTEL.NS,2026-02-02,1125.0999755859375,1125.0999755859375,1460280.0,0.0
JINDALSTEL.NS,2026-02-03,1149.699951171875,1149.699951171875,1360519.0,0.0
JINDALSTEL.NS,2026-02-04,1167.300048828125,1167.300048828125,2332435.0,0.0
JINDALSTEL.NS,2026-02-05,1178.0,1178.0,1090941.0,0.0
JINDALSTEL.NS,2026-02-06,1189.9000244140625,1189.9000244140625,988037.0,0.0
JINDALSTEL.NS,2026-02-09,1191.0999755859375,1191.0999755859375,1017423.0,0.0
JINDALSTEL.NS,2026-02-10,1191.4000244140625,1191.4000244140625,677182.0,0.0
JINDALSTEL.NS,2026-02-11,1190.5,1190.5,669962.0,0.0
LTIM.NS,2025-02-11,5677.7001953125,5604.79833984375,173609.0,0.0
LTIM.NS,2025-02-12,5705.5,5632.2412109375,181440.0,0.0
LTIM.NS,2025-02-13,5601.4501953125,5529.52734375,240957.0,0.0
LTIM.NS,2025-02-14,5511.60009765625,5440.8310546875,325701.0,0.0
LTIM.NS,2025-02-17,5472.60009765625,5402.33203125,334769.0,0.0
LTIM.NS,2025-02-18,5668.60009765625,5595.81494140625,368623.0,0.0
LTIM.NS,2025-02-19,5470.10009765625,5399.86328125,300572.0,0.0
LTIM.NS,2025-02-20,5395.25,5325.974609375,319665.0,0.0
LTIM.NS,2025-02-21,5298.5,5230.46728515625,186213.0,0.0
LTIM.NS,2025-02-24,5047.4501953125,4982.640625,1199262.0,0.0
LTIM.NS,2025-02-25,4963.2001953125,4899.47265625,486917.0,0.0
LTIM.NS,2025-02-27,4878.60009765625,4815.958984375,243046.0,0.0
LTIM.NS,2025-02-28,4665.9501953125,4606.0390625,562521.0,0.0
LTIM.NS,2025-03-03,4834.2001953125,4772.12890625,460970.0,0.0
LTIM.NS,2025-03-04,4685.0,4624.8447265625,456566.0,0.0
LTIM.NS,2025-03-05,4773.5,4712.2080078125,437483.0,0.0
LTIM.NS,2025-03-06,4823.10009765625,4761.17138671875,331678.0,0.0
LTIM.NS,2025-03-07,4721.9501953125,4661.3203125,324150.0,0.0
LTIM.NS,2025-03-10,4670.9501953125,4610.974609375,253711.0,0.0
LTIM.NS,2025-03-11,4654.4501953125,4594.6865234375,241860.0,0.0
LTIM.NS,2025-03-12,4485.89990234375,4428.30078125,582088.0,0.0
LTIM.NS,2025-03-13,4467.0498046875,4409.6923828125,483273.0,0.0
LTIM.NS,2025-03-17,4359.7998046875,4303.81982421875,1122866.0,0.0
LTIM.NS,2025-03-18,4359.7998046875,4303.81982421875,0.0,0.0
LTIM.NS,2025-03-19,4365.4501953125,4309.3974609375,596998.0,0.0
LTIM.NS,2025-03-20,4421.14990234375,4364.3818359375,867249.0,0.0
LTIM.NS,2025-03-21,4520.25,4462.20947265625,748890.0,0.0
LTIM.NS,2025-03-24,4620.39990234375,4561.07373046875,465723.0,0.0
LTIM.NS,2025-03-25,4606.39990234375,4547.25341796875,646427.0,0.0
LTIM.NS,2025-03-26,4619.75,4560.43212890625,359284.0,0.0
LTIM.NS,2025-03-27,4655.89990234375,4596.1181640625,390826.0,0.0
LTIM.NS,2025-03-28,4491.35009765625,4433.68115234375,447846.0,0.0
LTIM.NS,2025-04-01,4426.60009765625,4369.7626953125,230709.0,0.0
LTIM.NS,2025-04-02,4499.89990234375,4442.12109375,269265.0,0.0
LTIM.NS,2025-04-03,4341.9501953125,4286.19970703125,505177.0,0.0
LTIM.NS,2025-04-04,4136.25,4083.140625,661108.0,0.0
LTIM.NS,2025-04-07,4057.14990234375,4005.055908203125,433019.0,0.0
LTIM.NS,2025-04-08,4175.85009765625,4122.23193359375,390791.0,0.0
LTIM.NS,2025-04-09,4107.85009765625,4055.10498046875,564545.0,0.0
LTIM.NS,2025-04-11,4240.7998046875,4186.34765625,473127.0,0.0
LTIM.NS,2025-04-15,4317.60009765625,4262.16162109375,344488.0,0.0
LTIM.NS,2025-04-16,4276.2998046875,4221.39208984375,254885.0,0.0
LTIM.NS,2025-04-17,4191.89990234375,4138.07568359375,783069.0,0.0
LTIM.NS,2025-04-21,4297.39990234375,4242.22119140625,556193.0,0.0
LTIM.NS,2025-04-22,4320.39990234375,4264.92578125,551413.0,0.0
LTIM.NS,2025-04-23,4536.7001953125,4478.44873046875,1156118.0,0.0
LTIM.NS,2025-04-24,4533.7998046875,4475.5859375,1019766.0,0.0
LTIM.NS,2025-04-25,4498.2998046875,4440.54150390625,589535.0,0.0
LTIM.NS,2025-04-28,4486.7001953125,4429.0908203125,246396.0,0.0
LTIM.NS,2025-04-29,4598.10009765625,4539.06005859375,446566.0,0.0
LTIM.NS,2025-04-30,4586.5,4527.609375,299487.0,0.0
LTIM.NS,2025-05-02,4572.89990234375,4514.18359375,417574.0,0.0
LTIM.NS,2025-05-05,4621.2001953125,4561.86376953125,269019.0,0.0
LTIM.NS,2025-05-06,4536.60009765625,4478.349609375,386507.0,0.0
LTIM.NS,2025-05-07,4559.10009765625,4500.56103515625,203025.0,0.0
LTIM.NS,2025-05-08,4600.2001953125,4541.13330078125,551222.0,0.0
LTIM.NS,2025-05-09,4621.60009765625,4562.2587890625,223407.0,0.0
LTIM.NS,2025-05-12,4940.39990234375,4876.96484375,719620.0,0.0
LTIM.NS,2025-05-13,4919.5,4856.3330078125,526485.0,0.0
LTIM.NS,2025-05-14,5034.2001953125,4969.56103515625,347597.0,0.0
LTIM.NS,2025-05-15,5033.89990234375,4969.26416015625,348072.0,0.0
LTIM.NS,2025-05-16,5047.7998046875,4982.98583984375,191664.0,0.0
LTIM.NS,2025-05-19,5020.10009765625,4955.64208984375,215837.0,0.0
LTIM.NS,2025-05-20,5015.39990234375,4951.001953125,456026.0,0.0
LTIM.NS,2025-05-21,5033.7998046875,4969.16552734375,236378.0,0.0
LTIM.NS,2025-05-22,5023.2001953125,4958.7021484375,342893.0,0.0
LTIM.NS,2025-05-23,5045.7998046875,5026.037109375,263133.0,0.0
LTIM.NS,2025-05-26,5111.60009765625,5091.57958984375,232194.0,0.0
LTIM.NS,2025-05-27,5107.7001953125,5087.69482421875,147941.0,0.0
LTIM.NS,2025-05-28,5099.2998046875,5079.32763671875,194327.0,0.0
LTIM.NS,2025-05-29,5128.2001953125,5108.11474609375,539696.0,0.0
LTIM.NS,2025-05-30,5068.89990234375,5049.046875,349175.0,0.0
LTIM.NS,2025-06-02,5072.5,5052.6328125,225717.0,0.0
LTIM.NS,2025-06-03,5061.0,5041.177734375,229510.0,0.0
LTIM.NS,2025-06-04,5153.0,5132.8173828125,220305.0,0.0
LTIM.NS,2025-06-05,5181.5,5161.20556640625,217932.0,0.0
LTIM.NS,2025-06-06,5204.0,5183.61767578125,154159.0,0.0
LTIM.NS,2025-06-09,5258.0,5237.40625,132596.0,0.0
LTIM.NS,2025-06-10,5385.0,5363.90869140625,428695.0,0.0
LTIM.NS,2025-06-11,5394.0,5372.87353515625,196348.0,0.0
LTIM.NS,2025-06-12,5415.0,5393.791015625,339679.0,0.0
LTIM.NS,2025-06-13,5429.0,5407.736328125,209830.0,0.0
LTIM.NS,2025-06-16,5449.5,5428.15625,176060.0,0.0
LTIM.NS,2025-06-17,5514.5,5492.9013671875,349300.0,0.0
LTIM.NS,2025-06-18,5450.5,5429.15234375,181165.0,0.0
LTIM.NS,2025-06-19,5368.0,5346.97509765625,377075.0,0.0
LTIM.NS,2025-06-20,5376.5,5355.44189453125,442064.0,0.0
LTIM.NS,2025-06-23,5327.5,5306.6337890625,123073.0,0.0
LTIM.NS,2025-06-24,5336.5,5315.5986328125,171186.0,0.0
LTIM.NS,2025-06-25,5436.0,5414.708984375,345355.0,0.0
LTIM.NS,2025-06-26,5373.0,5351.95556640625,275607.0,0.0
LTIM.NS,2025-06-27,5293.0,5272.26904296875,275493.0,0.0
LTIM.NS,2025-06-30,5317.0,5296.1748046875,137935.0,0.0
LTIM.NS,2025-07-01,5304.0,5283.22607421875,242101.0,0.0
LTIM.NS,2025-07-02,5304.5,5283.72412109375,201256.0,0.0
LTIM.NS,2025-07-03,5324.5,5303.6455078125,149303.0,0.0
LTIM.NS,2025-07-04,5316.0,5295.1787109375,154919.0,0.0
LTIM.NS,2025-07-07,5350.0,5329.0458984375,218259.0,0.0
LTIM.NS,2025-07-08,5369.0,5347.97119140625,199345.0,0.0
LTIM.NS,2025-07-09,5329.5,5308.6259765625,248609.0,0.0
LTIM.NS,2025-07-10,5320.0,5299.1630859375,164263.0,0.0
LTIM.NS,2025-07-11,5206.0,5185.60986328125,372811.0,0.0
LTIM.NS,2025-07-14,5158.0,5137.7978515625,181796.0,0.0
LTIM.NS,2025-07-15,5250.5,5229.935546875,152240.0,0.0
LTIM.NS,2025-07-16,5327.0,5306.1357421875,210384.0,0.0
LTIM.NS,2025-07-17,5194.5,5174.15478515625,501952.0,0.0
LTIM.NS,2025-07-18,5124.0,5103.93115234375,1230478.0,0.0
LTIM.NS,2025-07-21,5154.0,5133.8134765625,182552.0,0.0
LTIM.NS,2025-07-22,5175.5,5155.22900390625,179391.0,0.0
LTIM.NS,2025-07-23,5298.0,5277.24951171875,312770.0,0.0
LTIM.NS,2025-07-24,5206.0,5185.60986328125,282828.0,0.0
LTIM.NS,2025-07-25,5096.0,5076.04052734375,364335.0,0.0
LTIM.NS,2025-07-28,5047.0,5027.232421875,172801.0,0.0
LTIM.NS,2025-07-29,5056.5,5036.6953125,198271.0,0.0
LTIM.NS,2025-07-30,5139.5,5119.3701171875,152345.0,0.0
LTIM.NS,2025-07-31,5106.0,5086.00146484375,152446.0,0.0
LTIM.NS,2025-08-01,5017.5,4997.84814453125,277363.0,0.0
LTIM.NS,2025-08-04,5089.0,5069.06787109375,226983.0,0.0
LTIM.NS,2025-08-05,5131.5,5111.4013671875,183181.0,0.0
LTIM.NS,2025-08-06,5035.5,5015.77734375,231816.0,0.0
LTIM.NS,2025-08-07,5037.5,5017.76953125,236366.0,0.0
LTIM.NS,2025-08-08,5012.0,4992.36962890625,130871.0,0.0
LTIM.NS,2025-08-11,5066.5,5046.65625,79531.0,0.0
LTIM.NS,2025-08-12,5107.0,5086.99755859375,156885.0,0.0
LTIM.NS,2025-08-13,5114.5,5094.46826171875,237765.0,0.0
LTIM.NS,2025-08-14,5108.0,5087.99365234375,493674.0,0.0
LTIM.NS,2025-08-18,5089.5,5069.56591796875,285502.0,0.0
LTIM.NS,2025-08-19,5111.0,5090.98193359375,89784.0,0.0
LTIM.NS,2025-08-20,5180.5,5160.20947265625,330652.0,0.0
LTIM.NS,2025-08-21,5235.0,5214.49609375,192476.0,0.0
LTIM.NS,2025-08-22,5224.5,5204.037109375,94919.0,0.0
LTIM.NS,2025-08-25,5293.0,5272.26904296875,230351.0,0.0
LTIM.NS,2025-08-26,5165.5,5145.2685546875,239811.0,0.0
LTIM.NS,2025-08-28,5123.0,5102.93505859375,318813.0,0.0
LTIM.NS,2025-08-29,5133.5,5113.3935546875,204015.0,0.0
LTIM.NS,2025-09-01,5197.0,5176.64501953125,137689.0,0.0
LTIM.NS,2025-09-02,5243.5,5222.962890625,251752.0,0.0
LTIM.NS,2025-09-03,5191.0,5170.66845703125,257165.0,0.0
LTIM.NS,2025-09-04,5210.0,5189.59423828125,107889.0,0.0
LTIM.NS,2025-09-05,5195.5,5175.15087890625,245302.0,0.0
LTIM.NS,2025-09-08,5089.0,5069.06787109375,153438.0,0.0
LTIM.NS,2025-09-09,5185.5,5165.18994140625,177812.0,0.0
LTIM.NS,2025-09-10,5307.0,5286.21435546875,589857.0,0.0
LTIM.NS,2025-09-11,5291.5,5270.77490234375,172477.0,0.0
LTIM.NS,2025-09-12,5332.5,5311.6142578125,119090.0,0.0
LTIM.NS,2025-09-15,5341.5,5320.5791015625,93202.0,0.0
LTIM.NS,2025-09-16,5375.5,5354.44580078125,203709.0,0.0
LTIM.NS,2025-09-17,5423.0,5401.759765625,233186.0,0.0
LTIM.NS,2025-09-18,5524.5,5502.8623046875,603028.0,0.0
LTIM.NS,2025-09-19,5509.5,5487.9208984375,130106.0,0.0
LTIM.NS,2025-09-22,5260.0,5239.3984375,488338.0,0.0
LTIM.NS,2025-09-23,5262.5,5241.888671875,263293.0,0.0
LTIM.NS,2025-09-24,5207.0,5186.60595703125,262080.0,0.0
LTIM.NS,2025-09-25,5214.0,5193.57861328125,246653.0,0.0
LTIM.NS,2025-09-26,5075.0,5055.123046875,284891.0,0.0
LTIM.NS,2025-09-29,5158.0,5137.7978515625,212172.0,0.0
LTIM.NS,2025-09-30,5157.5,5137.2998046875,319322.0,0.0
LTIM.NS,2025-10-01,5123.0,5102.93505859375,308270.0,0.0
LTIM.NS,2025-10-03,5120.0,5099.94677734375,119918.0,0.0
LTIM.NS,2025-10-06,5274.0,5253.34326171875,220778.0,0.0
LTIM.NS,2025-10-07,5269.0,5248.36279296875,448771.0,0.0
LTIM.NS,2025-10-08,5342.5,5321.5751953125,278405.0,0.0
LTIM.NS,2025-10-09,5434.0,5412.716796875,214355.0,0.0
LTIM.NS,2025-10-10,5471.5,5450.06982421875,347012.0,0.0
LTIM.NS,2025-10-13,5498.0,5476.46630859375,184814.0,0.0
LTIM.NS,2025-10-14,5469.0,5447.57958984375,445186.0,0.0
LTIM.NS,2025-10-15,5609.5,5587.529296875,339385.0,0.0
LTIM.NS,2025-10-16,5622.5,5600.478515625,226385.0,0.0
LTIM.NS,2025-10-17,5605.0,5583.046875,956634.0,0.0
LTIM.NS,2025-10-20,5596.5,5574.580078125,207857.0,0.0
LTIM.NS,2025-10-21,5561.0,5539.21923828125,34204.0,0.0
LTIM.NS,2025-10-23,5617.0,5595.0,463480.0,0.0
LTIM.NS,2025-10-24,5546.0,5546.0,182417.0,0.0
LTIM.NS,2025-10-27,5640.0,5640.0,159713.0,0.0
LTIM.NS,2025-10-28,5596.0,5596.0,179145.0,0.0
LTIM.NS,2025-10-29,5674.0,5674.0,189897.0,0.0
LTIM.NS,2025-10-30,5699.0,5699.0,217590.0,0.0
LTIM.NS,2025-10-31,5684.5,5684.5,219226.0,0.0
LTIM.NS,2025-11-03,5704.5,5704.5,251579.0,0.0
LTIM.NS,2025-11-04,5620.0,5620.0,165665.0,0.0
LTIM.NS,2025-11-06,5652.0,5652.0,315445.0,0.0
LTIM.NS,2025-11-07,5567.5,5567.5,129338.0,0.0
LTIM.NS,2025-11-10,5643.0,5643.0,139341.0,0.0
LTIM.NS,2025-11-11,5710.5,5710.5,159819.0,0.0
LTIM.NS,2025-11-12,5893.5,5893.5,513138.0,0.0
LTIM.NS,2025-11-13,5847.0,5847.0,126590.0,0.0
LTIM.NS,2025-11-14,5809.0,5809.0,145287.0,0.0
LTIM.NS,2025-11-17,5848.5,5848.5,108410.0,0.0
LTIM.NS,2025-11-18,5756.0,5756.0,160191.0,0.0
LTIM.NS,2025-11-19,5972.0,5972.0,868072.0,0.0
LTIM.NS,2025-11-20,6027.0,6027.0,398886.0,0.0
LTIM.NS,2025-11-21,5926.0,5926.0,198141.0,0.0
LTIM.NS,2025-11-24,5922.0,5922.0,416887.0,0.0
LTIM.NS,2025-11-25,5833.0,5833.0,356220.0,0.0
LTIM.NS,2025-11-26,5890.0,5890.0,287745.0,0.0
LTIM.NS,2025-11-27,6025.5,6025.5,258165.0,0.0
LTIM.NS,2025-11-28,6096.5,6096.5,399436.0,0.0
LTIM.NS,2025-12-01,6152.5,6152.5,372204.0,0.0
LTIM.NS,2025-12-02,6164.0,6164.0,277406.0,0.0
LTIM.NS,2025-12-03,6159.0,6159.0,349340.0,0.0
LTIM.NS,2025-12-04,6266.0,6266.0,502306.0,0.0
LTIM.NS,2025-12-05,6292.0,6292.0,319657.0,0.0
LTIM.NS,2025-12-08,6256.0,6256.0,253030.0,0.0
LTIM.NS,2025-12-09,6245.5,6245.5,282890.0,0.0
LTIM.NS,2025-12-10,6220.5,6220.5,208454.0,0.0
LTIM.NS,2025-12-11,6294.5,6294.5,166721.0,0.0
LTIM.NS,2025-12-12,6284.5,6284.5,170630.0,0.0
LTIM.NS,2025-12-15,6269.5,6269.5,107413.0,0.0
LTIM.NS,2025-12-16,6216.0,6216.0,198232.0,0.0
LTIM.NS,2025-12-17,6252.5,6252.5,405919.0,0.0
LTIM.NS,2025-12-18,6245.0,6245.0,318467.0,0.0
LTIM.NS,2025-12-19,6197.5,6197.5,635441.0,0.0
LTIM.NS,2025-12-22,6191.5,6191.5,236460.0,0.0
LTIM.NS,2025-12-23,6202.5,6202.5,160279.0,0.0
LTIM.NS,2025-12-24,6163.0,6163.0,174322.0,0.0
LTIM.NS,2025-12-26,6035.5,6035.5,113668.0,0.0
LTIM.NS,2025-12-29,6033.5,6033.5,128969.0,0.0
LTIM.NS,2025-12-30,6074.0,6074.0,239568.0,0.0
LTIM.NS,2025-12-31,6063.5,6063.5,93136.0,0.0
LTIM.NS,2026-01-01,6112.0,6112.0,54661.0,0.0
LTIM.NS,2026-01-02,6067.0,6067.0,134408.0,0.0
LTIM.NS,2026-01-05,6059.0,6059.0,334004.0,0.0
LTIM.NS,2026-01-06,5982.5,5982.5,361933.0,0.0
LTIM.NS,2026-01-07,6102.0,6102.0,292945.0,0.0
LTIM.NS,2026-01-08,6018.0,6018.0,146676.0,0.0
LTIM.NS,2026-01-09,6037.0,6037.0,174207.0,0.0
LTIM.NS,2026-01-12,6000.5,6000.5,327804.0,0.0
LTIM.NS,2026-01-13,6100.5,6100.5,197592.0,0.0
LTIM.NS,2026-01-14,6030.5,6030.5,165031.0,0.0
LTIM.NS,2026-01-15,6030.5,6030.5,0.0,0.0
LTIM.NS,2026-01-16,6308.0,6308.0,872154.0,0.0
LTIM.NS,2026-01-19,6407.0,6407.0,530829.0,0.0
LTIM.NS,2026-01-20,5976.5,5976.5,1490878.0,0.0
LTIM.NS,2026-01-21,5844.0,5844.0,726770.0,0.0
LTIM.NS,2026-01-22,5947.0,5947.0,378212.0,0.0
LTIM.NS,2026-01-23,5893.5,5893.5,238727.0,0.0
LTIM.NS,2026-01-27,5940.5,5940.5,240005.0,0.0
LTIM.NS,2026-01-28,6015.5,6015.5,149076.0,0.0
LTIM.NS,2026-01-29,5995.0,5995.0,182049.0,0.0
LTIM.NS,2026-01-30,5974.5,5974.5,260551.0,0.0
LTIM.NS,2026-02-02,5986.0,5986.0,174587.0,0.0
LTIM.NS,2026-02-03,6044.0,6044.0,169450.0,0.0
LTIM.NS,2026-02-04,5706.5,5706.5,824065.0,0.0
LTIM.NS,2026-02-05,5683.5,5683.5,303053.0,0.0
LTIM.NS,2026-02-06,5561.5,5561.5,390513.0,0.0
LTIM.NS,2026-02-09,5626.5,5626.5,147369.0,0.0
LTIM.NS,2026-02-10,5662.0,5662.0,309623.0,0.0
LTIM.NS,2026-02-11,5515.5,5515.5,267983.0,0.0
LICI.NS,2025-02-11,799.7999877929688,789.3336791992188,1442861.0,0.0
LICI.NS,2025-02-12,782.4000244140625,772.1614379882812,1636244.0,0.0
LICI.NS,2025-02-13,784.7999877929688,774.5299682617188,911513.0,0.0
LICI.NS,2025-02-14,759.0999755859375,749.166259765625,1539217.0,0.0
LICI.NS,2025-02-17,765.1500244140625,755.1371459960938,1487219.0,0.0
LICI.NS,2025-02-18,758.9500122070312,749.018310546875,886367.0,0.0
LICI.NS,2025-02-19,764.0,754.002197265625,855159.0,0.0
LICI.NS,2025-02-20,776.5,766.338623046875,1003547.0,0.0
LICI.NS,2025-02-21,780.9000244140625,770.6810302734375,965646.0,0.0
LICI.NS,2025-02-24,775.4000244140625,765.2530517578125,614436.0,0.0
LICI.NS,2025-02-25,756.5499877929688,746.649658203125,1068103.0,0.0
LICI.NS,2025-02-27,741.0999755859375,731.40185546875,1197719.0,0.0
LICI.NS,2025-02-28,740.5,730.8096923828125,1658144.0,0.0
LICI.NS,2025-03-03,729.2000122070312,719.6575927734375,1583826.0,0.0
LICI.NS,2025-03-04,733.2000122070312,723.605224609375,840575.0,0.0
LICI.NS,2025-03-05,761.7999877929688,751.8309936523438,1126619.0,0.0
LICI.NS,2025-03-06,766.7999877929688,756.7655639648438,856309.0,0.0
LICI.NS,2025-03-07,763.1500244140625,753.163330078125,760968.0,0.0
LICI.NS,2025-03-10,752.0499877929688,742.2085571289062,773461.0,0.0
LICI.NS,2025-03-11,754.25,744.3797607421875,1243675.0,0.0
LICI.NS,2025-03-12,744.5,734.7573852539062,1083297.0,0.0
LICI.NS,2025-03-13,740.1500244140625,730.4642944335938,1311951.0,0.0
LICI.NS,2025-03-17,745.4000244140625,735.6456298828125,987390.0,0.0
LICI.NS,2025-03-18,745.4000244140625,735.6456298828125,0.0,0.0
LICI.NS,2025-03-19,776.75,766.5853271484375,1463331.0,0.0
LICI.NS,2025-03-20,779.5,769.2993774414062,1227224.0,0.0
LICI.NS,2025-03-21,791.3499755859375,780.9942626953125,1421811.0,0.0
LICI.NS,2025-03-24,800.5499877929688,790.0738525390625,1521477.0,0.0
LICI.NS,2025-03-25,789.4000244140625,779.06982421875,1205481.0,0.0
LICI.NS,2025-03-26,786.8499755859375,776.5531616210938,1205126.0,0.0
LICI.NS,2025-03-27,801.1500244140625,790.6660766601562,1980683.0,0.0
LICI.NS,2025-03-28,799.4000244140625,788.93896484375,1786482.0,0.0
LICI.NS,2025-04-01,797.75,787.310546875,726877.0,0.0
LICI.NS,2025-04-02,810.9500122070312,800.3378295898438,1410244.0,0.0
LICI.NS,2025-04-03,815.2999877929688,804.630859375,865788.0,0.0
LICI.NS,2025-04-04,792.1500244140625,781.7838134765625,1130431.0,0.0
LICI.NS,2025-04-07,767.2000122070312,757.1603393554688,1187822.0,0.0
LICI.NS,2025-04-08,784.7999877929688,774.5299682617188,594843.0,0.0
LICI.NS,2025-04-09,767.7000122070312,757.65380859375,524963.0,0.0
LICI.NS,2025-04-11,771.0499877929688,760.9598999023438,776497.0,0.0
LICI.NS,2025-04-15,784.2999877929688,774.0364990234375,673645.0,0.0
LICI.NS,2025-04-16,797.6500244140625,787.2118530273438,1072958.0,0.0
LICI.NS,2025-04-17,803.2000122070312,792.689208984375,957520.0,0.0
LICI.NS,2025-04-21,817.5,806.8020629882812,1216066.0,0.0
LICI.NS,2025-04-22,821.4000244140625,810.6510620117188,793714.0,0.0
LICI.NS,2025-04-23,820.6500244140625,809.910888671875,942633.0,0.0
LICI.NS,2025-04-24,815.0999755859375,804.4334716796875,535849.0,0.0
LICI.NS,2025-04-25,791.2000122070312,780.8462524414062,1202841.0,0.0
LICI.NS,2025-04-28,803.7000122070312,793.1826782226562,874157.0,0.0
LICI.NS,2025-04-29,800.4000244140625,789.9259033203125,670267.0,0.0
LICI.NS,2025-04-30,795.75,785.3367309570312,798645.0,0.0
LICI.NS,2025-05-02,792.2000122070312,781.8331909179688,584300.0,0.0
LICI.NS,2025-05-05,817.4500122070312,806.7527465820312,1165457.0,0.0
LICI.NS,2025-05-06,784.3499755859375,774.0858764648438,1273946.0,0.0
LICI.NS,2025-05-07,785.9500122070312,775.6649780273438,1513760.0,0.0
LICI.NS,2025-05-08,781.8499755859375,771.6185913085938,1013336.0,0.0
LICI.NS,2025-05-09,786.9500122070312,776.65185546875,1109279.0,0.0
LICI.NS,2025-05-12,815.4500122070312,804.7789306640625,1387327.0,0.0
LICI.NS,2025-05-13,826.4000244140625,815.5856323242188,1188986.0,0.0
LICI.NS,2025-05-14,822.2000122070312,811.4406127929688,1200489.0,0.0
LICI.NS,2025-05-15,840.2999877929688,829.3037109375,1242668.0,0.0
LICI.NS,2025-05-16,857.0,845.78515625,1998055.0,0.0
LICI.NS,2025-05-19,855.0499877929688,843.8606567382812,1054285.0,0.0
LICI.NS,2025-05-20,850.7000122070312,839.567626953125,1403194.0,0.0
LICI.NS,2025-05-21,853.7999877929688,842.6270141601562,760171.0,0.0
LICI.NS,2025-05-22,845.7000122070312,834.633056640625,645750.0,0.0
LICI.NS,2025-05-23,860.25,848.99267578125,845821.0,0.0
LICI.NS,2025-05-26,870.0499877929688,858.6643676757812,966247.0,0.0
LICI.NS,2025-05-27,871.25,859.8486938476562,1430284.0,0.0
LICI.NS,2025-05-28,942.0,929.6728515625,23033284.0,0.0
LICI.NS,2025-05-29,944.4500122070312,932.0908203125,4631410.0,0.0
LICI.NS,2025-05-30,954.4500122070312,941.9599609375,2761353.0,0.0
LICI.NS,2025-06-02,962.4000244140625,949.805908203125,2565515.0,0.0
LICI.NS,2025-06-03,953.6500244140625,941.17041015625,1358922.0,0.0
LICI.NS,2025-06-04,953.25,940.775634765625,1325090.0,0.0
LICI.NS,2025-06-05,956.5999755859375,944.081787109375,1060407.0,0.0
LICI.NS,2025-06-06,959.8499755859375,947.2892456054688,1048953.0,0.0
LICI.NS,2025-06-09,962.9000244140625,950.2993774414062,1644441.0,0.0
LICI.NS,2025-06-10,947.4500122070312,935.0515747070312,1491021.0,0.0
LICI.NS,2025-06-11,964.7999877929688,952.1744995117188,2050914.0,0.0
LICI.NS,2025-06-12,943.7000122070312,931.3506469726562,1014410.0,0.0
LICI.NS,2025-06-13,937.9500122070312,925.6758422851562,1015649.0,0.0
LICI.NS,2025-06-16,949.4000244140625,936.9760131835938,942908.0,0.0
LICI.NS,2025-06-17,947.4500122070312,935.0515747070312,650034.0,0.0
LICI.NS,2025-06-18,934.5999755859375,922.3696899414062,959993.0,0.0
LICI.NS,2025-06-19,927.9000244140625,915.7573852539062,741716.0,0.0
LICI.NS,2025-06-20,936.5499877929688,924.294189453125,878908.0,0.0
LICI.NS,2025-06-23,939.9500122070312,927.6497192382812,799215.0,0.0
LICI.NS,2025-06-24,945.6500244140625,933.2750854492188,1242288.0,0.0
LICI.NS,2025-06-25,951.0999755859375,938.6537475585938,901902.0,0.0
LICI.NS,2025-06-26,957.5499877929688,945.0193481445312,1399813.0,0.0
LICI.NS,2025-06-27,957.7000122070312,945.1674194335938,739305.0,0.0
LICI.NS,2025-06-30,972.7999877929688,960.0697631835938,2437347.0,0.0
LICI.NS,2025-07-01,970.9500122070312,958.2440185546875,904582.0,0.0
LICI.NS,2025-07-02,958.0,945.4635009765625,721322.0,0.0
LICI.NS,2025-07-03,946.0,933.6204833984375,913793.0,0.0
LICI.NS,2025-07-04,940.7000122070312,928.389892578125,787030.0,0.0
LICI.NS,2025-07-07,943.7000122070312,931.3506469726562,464630.0,0.0
LICI.NS,2025-07-08,946.8499755859375,934.4593505859375,540491.0,0.0
LICI.NS,2025-07-09,946.0,933.6204833984375,482380.0,0.0
LICI.NS,2025-07-10,926.5499877929688,914.425048828125,1985307.0,0.0
LICI.NS,2025-07-11,922.4000244140625,910.329345703125,602074.0,0.0
LICI.NS,2025-07-14,916.4000244140625,904.4078979492188,843161.0,0.0
LICI.NS,2025-07-15,925.2000122070312,913.0927124023438,409783.0,0.0
LICI.NS,2025-07-16,932.6500244140625,920.4452514648438,538370.0,0.0
LICI.NS,2025-07-17,928.25,916.102783203125,402400.0,0.0
LICI.NS,2025-07-18,923.1500244140625,911.069580078125,311216.0,0.0
LICI.NS,2025-07-21,928.1500244140625,916.004150390625,458335.0,0.0
LICI.NS,2025-07-22,919.0499877929688,907.023193359375,480584.0,0.0
LICI.NS,2025-07-23,922.0,909.9345703125,625338.0,0.0
LICI.NS,2025-07-24,917.0,905.0,481852.0,0.0
LICI.NS,2025-07-25,886.8499755859375,886.8499755859375,1223102.0,0.0
LICI.NS,2025-07-28,890.7999877929688,890.7999877929688,980461.0,0.0
LICI.NS,2025-07-29,899.0499877929688,899.0499877929688,530162.0,0.0
LICI.NS,2025-07-30,902.0,902.0,587832.0,0.0
LICI.NS,2025-07-31,895.0,895.0,583642.0,0.0
LICI.NS,2025-08-01,884.8499755859375,884.8499755859375,882601.0,0.0
LICI.NS,2025-08-04,895.2999877929688,895.2999877929688,818695.0,0.0
LICI.NS,2025-08-05,892.25,892.25,454682.0,0.0
LICI.NS,2025-08-06,892.75,892.75,691080.0,0.0
LICI.NS,2025-08-07,885.0,885.0,554212.0,0.0
LICI.NS,2025-08-08,912.9500122070312,912.9500122070312,4531839.0,0.0
LICI.NS,2025-08-11,906.3499755859375,906.3499755859375,1320560.0,0.0
LICI.NS,2025-08-12,916.5,916.5,1284334.0,0.0
LICI.NS,2025-08-13,887.5,887.5,1526696.0,0.0
LICI.NS,2025-08-14,887.75,887.75,761942.0,0.0
LICI.NS,2025-08-18,890.1500244140625,890.1500244140625,1334084.0,0.0
LICI.NS,2025-08-19,894.2999877929688,894.2999877929688,1160144.0,0.0
LICI.NS,2025-08-20,899.3499755859375,899.3499755859375,432997.0,0.0
LICI.NS,2025-08-21,895.5999755859375,895.5999755859375,1844457.0,0.0
LICI.NS,2025-08-22,889.0999755859375,889.0999755859375,755980.0,0.0
LICI.NS,2025-08-25,894.0499877929688,894.0499877929688,621627.0,0.0
LICI.NS,2025-08-26,888.3499755859375,888.3499755859375,1030729.0,0.0
LICI.NS,2025-08-28,869.5,869.5,903333.0,0.0
LICI.NS,2025-08-29,852.1500244140625,852.1500244140625,926244.0,0.0
LICI.NS,2025-09-01,859.1500244140625,859.1500244140625,784731.0,0.0
LICI.NS,2025-09-02,864.1500244140625,864.1500244140625,500854.0,0.0
LICI.NS,2025-09-03,870.7000122070312,870.7000122070312,648680.0,0.0
LICI.NS,2025-09-04,878.0999755859375,878.0999755859375,2687918.0,0.0
LICI.NS,2025-09-05,877.3499755859375,877.3499755859375,990252.0,0.0
LICI.NS,2025-09-08,876.5499877929688,876.5499877929688,484893.0,0.0
LICI.NS,2025-09-09,874.7000122070312,874.7000122070312,583070.0,0.0
LICI.NS,2025-09-10,877.6500244140625,877.6500244140625,546181.0,0.0
LICI.NS,2025-09-11,877.0999755859375,877.0999755859375,970028.0,0.0
LICI.NS,2025-09-12,874.75,874.75,958584.0,0.0
LICI.NS,2025-09-15,883.7000122070312,883.7000122070312,1113115.0,0.0
LICI.NS,2025-09-16,882.5499877929688,882.5499877929688,877033.0,0.0
LICI.NS,2025-09-17,885.3499755859375,885.3499755859375,664758.0,0.0
LICI.NS,2025-09-18,889.4000244140625,889.4000244140625,646298.0,0.0
LICI.NS,2025-09-19,893.5499877929688,893.5499877929688,1473366.0,0.0
LICI.NS,2025-09-22,904.5,904.5,2590163.0,0.0
LICI.NS,2025-09-23,897.6500244140625,897.6500244140625,2448827.0,0.0
LICI.NS,2025-09-24,894.25,894.25,553360.0,0.0
LICI.NS,2025-09-25,888.2000122070312,888.2000122070312,1069593.0,0.0
LICI.NS,2025-09-26,872.4500122070312,872.4500122070312,499920.0,0.0
LICI.NS,2025-09-29,895.0499877929688,895.0499877929688,872365.0,0.0
LICI.NS,2025-09-30,900.3499755859375,900.3499755859375,1077331.0,0.0
LICI.NS,2025-10-01,904.0999755859375,904.0999755859375,1284460.0,0.0
LICI.NS,2025-10-03,905.25,905.25,891706.0,0.0
LICI.NS,2025-10-06,907.1500244140625,907.1500244140625,1402898.0,0.0
LICI.NS,2025-10-07,912.3499755859375,912.3499755859375,1186472.0,0.0
LICI.NS,2025-10-08,893.7999877929688,893.7999877929688,1271632.0,0.0
LICI.NS,2025-10-09,895.2000122070312,895.2000122070312,693273.0,0.0
LICI.NS,2025-10-10,897.7999877929688,897.7999877929688,815586.0,0.0
LICI.NS,2025-10-13,897.25,897.25,538867.0,0.0
LICI.NS,2025-10-14,902.0,902.0,1576596.0,0.0
LICI.NS,2025-10-15,898.9500122070312,898.9500122070312,574962.0,0.0
LICI.NS,2025-10-16,894.1500244140625,894.1500244140625,765783.0,0.0
LICI.NS,2025-10-17,885.5,885.5,561015.0,0.0
LICI.NS,2025-10-20,891.8499755859375,891.8499755859375,373495.0,0.0
LICI.NS,2025-10-21,892.0999755859375,892.0999755859375,114200.0,0.0
LICI.NS,2025-10-23,899.9500122070312,899.9500122070312,1449541.0,0.0
LICI.NS,2025-10-24,889.6500244140625,889.6500244140625,567658.0,0.0
LICI.NS,2025-10-27,897.6500244140625,897.6500244140625,871092.0,0.0
LICI.NS,2025-10-28,899.9000244140625,899.9000244140625,2518859.0,0.0
LICI.NS,2025-10-29,908.75,908.75,1649697.0,0.0
LICI.NS,2025-10-30,900.75,900.75,756385.0,0.0
LICI.NS,2025-10-31,894.7000122070312,894.7000122070312,1279740.0,0.0
LICI.NS,2025-11-03,919.9000244140625,919.9000244140625,2966669.0,0.0
LICI.NS,2025-11-04,905.7000122070312,905.7000122070312,1969201.0,0.0
LICI.NS,2025-11-06,896.0999755859375,896.0999755859375,1203527.0,0.0
LICI.NS,2025-11-07,924.1500244140625,924.1500244140625,7699680.0,0.0
LICI.NS,2025-11-10,899.7000122070312,899.7000122070312,3204796.0,0.0
LICI.NS,2025-11-11,900.5999755859375,900.5999755859375,2032416.0,0.0
LICI.NS,2025-11-12,900.1500244140625,900.1500244140625,2493689.0,0.0
LICI.NS,2025-11-13,902.8499755859375,902.8499755859375,3367249.0,0.0
LICI.NS,2025-11-14,909.4500122070312,909.4500122070312,830405.0,0.0
LICI.NS,2025-11-17,915.3499755859375,915.3499755859375,926990.0,0.0
LICI.NS,2025-11-18,915.5,915.5,1288703.0,0.0
LICI.NS,2025-11-19,914.0499877929688,914.0499877929688,923863.0,0.0
LICI.NS,2025-11-20,908.2999877929688,908.2999877929688,1301140.0,0.0
LICI.NS,2025-11-21,902.4000244140625,902.4000244140625,1653584.0,0.0
LICI.NS,2025-11-24,895.0499877929688,895.0499877929688,1136910.0,0.0
LICI.NS,2025-11-25,897.6500244140625,897.6500244140625,1109545.0,0.0
LICI.NS,2025-11-26,894.7999877929688,894.7999877929688,847545.0,0.0
LICI.NS,2025-11-27,900.25,900.25,1688227.0,0.0
LICI.NS,2025-11-28,894.4500122070312,894.4500122070312,1036390.0,0.0
LICI.NS,2025-12-01,882.0999755859375,882.0999755859375,1065698.0,0.0
LICI.NS,2025-12-02,883.9000244140625,883.9000244140625,1222016.0,0.0
LICI.NS,2025-12-03,868.0499877929688,868.0499877929688,1744252.0,0.0
LICI.NS,2025-12-04,876.6500244140625,876.6500244140625,611037.0,0.0
LICI.NS,2025-12-05,869.9000244140625,869.9000244140625,1082785.0,0.0
LICI.NS,2025-12-08,857.5499877929688,857.5499877929688,1309723.0,0.0
LICI.NS,2025-12-09,860.9500122070312,860.9500122070312,919406.0,0.0
LICI.NS,2025-12-10,858.9500122070312,858.9500122070312,479237.0,0.0
LICI.NS,2025-12-11,858.3499755859375,858.3499755859375,990557.0,0.0
LICI.NS,2025-12-12,867.5999755859375,867.5999755859375,513683.0,0.0
LICI.NS,2025-12-15,856.9000244140625,856.9000244140625,760013.0,0.0
LICI.NS,2025-12-16,854.5,854.5,1264487.0,0.0
LICI.NS,2025-12-17,844.5499877929688,844.5499877929688,705546.0,0.0
LICI.NS,2025-12-18,847.4000244140625,847.4000244140625,4204052.0,0.0
LICI.NS,2025-12-19,852.0,852.0,743935.0,0.0
LICI.NS,2025-12-22,857.3499755859375,857.3499755859375,481055.0,0.0
LICI.NS,2025-12-23,855.4000244140625,855.4000244140625,1143547.0,0.0
LICI.NS,2025-12-24,853.9000244140625,853.9000244140625,494054.0,0.0
LICI.NS,2025-12-26,849.75,849.75,703658.0,0.0
LICI.NS,2025-12-29,842.25,842.25,640405.0,0.0
LICI.NS,2025-12-30,849.25,849.25,1082307.0,0.0
LICI.NS,2025-12-31,854.9000244140625,854.9000244140625,449879.0,0.0
LICI.NS,2026-01-01,852.7999877929688,852.7999877929688,240945.0,0.0
LICI.NS,2026-01-02,860.8499755859375,860.8499755859375,577777.0,0.0
LICI.NS,2026-01-05,846.2000122070312,846.2000122070312,2084331.0,0.0
LICI.NS,2026-01-06,850.0499877929688,850.0499877929688,969130.0,0.0
LICI.NS,2026-01-07,851.9500122070312,851.9500122070312,881422.0,0.0
LICI.NS,2026-01-08,837.7999877929688,837.7999877929688,860549.0,0.0
LICI.NS,2026-01-09,829.0,829.0,1117599.0,0.0
LICI.NS,2026-01-12,832.0999755859375,832.0999755859375,856966.0,0.0
LICI.NS,2026-01-13,831.75,831.75,654725.0,0.0
LICI.NS,2026-01-14,826.7000122070312,826.7000122070312,564883.0,0.0
LICI.NS,2026-01-15,826.7000122070312,826.7000122070312,0.0,0.0
LICI.NS,2026-01-16,820.4000244140625,820.4000244140625,710189.0,0.0
LICI.NS,2026-01-19,809.75,809.75,1017361.0,0.0
LICI.NS,2026-01-20,809.1500244140625,809.1500244140625,974480.0,0.0
LICI.NS,2026-01-21,809.5499877929688,809.5499877929688,1133045.0,0.0
LICI.NS,2026-01-22,819.2999877929688,819.2999877929688,2020973.0,0.0
LICI.NS,2026-01-23,802.4500122070312,802.4500122070312,777229.0,0.0
LICI.NS,2026-01-27,807.7999877929688,807.7999877929688,960994.0,0.0
LICI.NS,2026-01-28,822.1500244140625,822.1500244140625,633767.0,0.0
LICI.NS,2026-01-29,821.0,821.0,530854.0,0.0
LICI.NS,2026-01-30,824.5,824.5,719862.0,0.0
LICI.NS,2026-02-02,802.1500244140625,802.1500244140625,1065452.0,0.0
LICI.NS,2026-02-03,838.2999877929688,838.2999877929688,2206568.0,0.0
LICI.NS,2026-02-04,835.2999877929688,835.2999877929688,618121.0,0.0
LICI.NS,2026-02-05,839.75,839.75,672395.0,0.0
LICI.NS,2026-02-06,901.8499755859375,901.8499755859375,15819930.0,0.0
LICI.NS,2026-02-09,895.4500122070312,895.4500122070312,2324112.0,0.0
LICI.NS,2026-02-10,891.7000122070312,891.7000122070312,1107801.0,0.0
LICI.NS,2026-02-11,875.2999877929688,875.2999877929688,2029799.0,0.0
LODHA.NS,2025-02-11,1170.449951171875,1166.6044921875,1144470.0,0.0
LODHA.NS,2025-02-12,1172.6500244140625,1168.79736328125,2380787.0,0.0
LODHA.NS,2025-02-13,1173.199951171875,1169.345458984375,1182683.0,0.0
LODHA.NS,2025-02-14,1153.550048828125,1149.7601318359375,2535663.0,0.0
LODHA.NS,2025-02-17,1167.800048828125,1163.96337890625,820581.0,0.0
LODHA.NS,2025-02-18,1162.550048828125,1158.7305908203125,1108216.0,0.0
LODHA.NS,2025-02-19,1181.75,1177.867431640625,626677.0,0.0
LODHA.NS,2025-02-20,1192.5,1188.5821533203125,498434.0,0.0
LODHA.NS,2025-02-21,1215.550048828125,1211.5565185546875,2045038.0,0.0
LODHA.NS,2025-02-24,1195.0,1191.073974609375,731706.0,0.0
LODHA.NS,2025-02-25,1196.5999755859375,1192.668701171875,1486433.0,0.0
LODHA.NS,2025-02-27,1194.949951171875,1191.0240478515625,2220279.0,0.0
LODHA.NS,2025-02-28,1130.9000244140625,1127.1845703125,4466895.0,0.0
LODHA.NS,2025-03-03,1120.8499755859375,1117.16748046875,1050459.0,0.0
LODHA.NS,2025-03-04,1117.949951171875,1114.2769775390625,1162488.0,0.0
LODHA.NS,2025-03-05,1152.5,1148.713623046875,734447.0,0.0
LODHA.NS,2025-03-06,1138.1500244140625,1134.4107666015625,779868.0,0.0
LODHA.NS,2025-03-07,1113.0,1109.3433837890625,1292906.0,0.0
LODHA.NS,2025-03-10,1075.699951171875,1072.1658935546875,1119938.0,0.0
LODHA.NS,2025-03-11,1132.3499755859375,1128.6297607421875,2683783.0,0.0
LODHA.NS,2025-03-12,1081.699951171875,1078.1461181640625,1175851.0,0.0
LODHA.NS,2025-03-13,1055.25,1051.7830810546875,1369790.0,0.0
LODHA.NS,2025-03-17,1064.0,1060.5042724609375,862374.0,0.0
LODHA.NS,2025-03-18,1064.0,1060.5042724609375,0.0,0.0
LODHA.NS,2025-03-19,1177.449951171875,1173.58154296875,1890436.0,0.0
LODHA.NS,2025-03-20,1193.75,1189.8280029296875,2406145.0,0.0
LODHA.NS,2025-03-21,1180.75,1176.8707275390625,2261969.0,0.0
LODHA.NS,2025-03-24,1216.75,1212.75244140625,1577877.0,0.0
LODHA.NS,2025-03-25,1209.800048828125,1205.8253173828125,672554.0,0.0
LODHA.NS,2025-03-26,1197.3499755859375,1193.4161376953125,1534225.0,0.0
LODHA.NS,2025-03-27,1241.300048828125,1237.221923828125,1158000.0,0.0
LODHA.NS,2025-03-28,1195.800048828125,1191.871337890625,965367.0,0.0
LODHA.NS,2025-04-01,1157.199951171875,1153.3980712890625,1191228.0,0.0
LODHA.NS,2025-04-02,1218.449951171875,1214.4468994140625,1919618.0,0.0
LODHA.NS,2025-04-03,1217.75,1213.7491455078125,732130.0,0.0
LODHA.NS,2025-04-04,1180.8499755859375,1176.970458984375,456039.0,0.0
LODHA.NS,2025-04-07,1106.5999755859375,1102.96435546875,1482723.0,0.0
LODHA.NS,2025-04-08,1132.699951171875,1128.978515625,1767581.0,0.0
LODHA.NS,2025-04-09,1111.25,1107.59912109375,958219.0,0.0
LODHA.NS,2025-04-11,1122.5999755859375,1118.9117431640625,1777845.0,0.0
LODHA.NS,2025-04-15,1214.0,1210.011474609375,3463329.0,0.0
LODHA.NS,2025-04-16,1240.800048828125,1236.7235107421875,2739797.0,0.0
LODHA.NS,2025-04-17,1236.0999755859375,1232.0389404296875,872152.0,0.0
LODHA.NS,2025-04-21,1293.4000244140625,1289.150634765625,1108203.0,0.0
LODHA.NS,2025-04-22,1313.4000244140625,1309.0849609375,1250475.0,0.0
LODHA.NS,2025-04-23,1366.4000244140625,1361.910888671875,2431953.0,0.0
LODHA.NS,2025-04-24,1320.199951171875,1315.862548828125,2388212.0,0.0
LODHA.NS,2025-04-25,1305.0999755859375,1300.8121337890625,4799027.0,0.0
LODHA.NS,2025-04-28,1310.199951171875,1305.8953857421875,1240596.0,0.0
LODHA.NS,2025-04-29,1288.0,1283.7684326171875,778686.0,0.0
LODHA.NS,2025-04-30,1329.300048828125,1324.9327392578125,5035119.0,0.0
LODHA.NS,2025-05-02,1338.199951171875,1333.803466796875,2216584.0,0.0
LODHA.NS,2025-05-05,1333.5999755859375,1329.218505859375,663064.0,0.0
LODHA.NS,2025-05-06,1296.0,1291.7420654296875,638709.0,0.0
LODHA.NS,2025-05-07,1302.0,1297.722412109375,702143.0,0.0
LODHA.NS,2025-05-08,1287.800048828125,1283.569091796875,1782078.0,0.0
LODHA.NS,2025-05-09,1234.300048828125,1230.244873046875,1098567.0,0.0
LODHA.NS,2025-05-12,1305.4000244140625,1301.1112060546875,1038362.0,0.0
LODHA.NS,2025-05-13,1273.800048828125,1269.6151123046875,1624657.0,0.0
LODHA.NS,2025-05-14,1316.5,1312.1748046875,1570410.0,0.0
LODHA.NS,2025-05-15,1371.0,1366.4957275390625,2246902.0,0.0
LODHA.NS,2025-05-16,1394.800048828125,1390.217529296875,1948465.0,0.0
LODHA.NS,2025-05-19,1422.0,1417.328125,1320018.0,0.0
LODHA.NS,2025-05-20,1380.199951171875,1375.6654052734375,1204564.0,0.0
LODHA.NS,2025-05-21,1409.0,1404.370849609375,944200.0,0.0
LODHA.NS,2025-05-22,1409.699951171875,1405.0684814453125,529470.0,0.0
LODHA.NS,2025-05-23,1412.800048828125,1408.158447265625,407529.0,0.0
LODHA.NS,2025-05-26,1439.0999755859375,1434.3719482421875,2067043.0,0.0
LODHA.NS,2025-05-27,1453.4000244140625,1448.625,2006076.0,0.0
LODHA.NS,2025-05-28,1467.800048828125,1462.977783203125,1396273.0,0.0
LODHA.NS,2025-05-29,1457.0,1452.213134765625,991951.0,0.0
LODHA.NS,2025-05-30,1425.5,1420.816650390625,2215653.0,0.0
LODHA.NS,2025-06-02,1433.9000244140625,1429.1890869140625,1479490.0,0.0
LODHA.NS,2025-06-03,1446.5999755859375,1441.8472900390625,1650498.0,0.0
LODHA.NS,2025-06-04,1444.800048828125,1440.0533447265625,1331886.0,0.0
LODHA.NS,2025-06-05,1461.699951171875,1456.897705078125,1528240.0,0.0
LODHA.NS,2025-06-06,1516.0,1511.019287109375,2235584.0,0.0
LODHA.NS,2025-06-09,1511.699951171875,1506.7333984375,1365885.0,0.0
LODHA.NS,2025-06-10,1467.4000244140625,1462.5789794921875,977125.0,0.0
LODHA.NS,2025-06-11,1475.800048828125,1470.951416015625,987368.0,0.0
LODHA.NS,2025-06-12,1449.0999755859375,1444.339111328125,737676.0,0.0
LODHA.NS,2025-06-13,1452.5999755859375,1447.82763671875,948683.0,0.0
LODHA.NS,2025-06-16,1470.5999755859375,1465.7684326171875,405280.0,0.0
LODHA.NS,2025-06-17,1446.0,1441.249267578125,1293255.0,0.0
LODHA.NS,2025-06-18,1443.199951171875,1438.45849609375,576064.0,0.0
LODHA.NS,2025-06-19,1425.4000244140625,1420.717041015625,773708.0,0.0
LODHA.NS,2025-06-20,1483.199951171875,1478.3270263671875,3387202.0,0.0
LODHA.NS,2025-06-23,1473.300048828125,1468.459716796875,823714.0,0.0
LODHA.NS,2025-06-24,1470.5,1465.6688232421875,887932.0,0.0
LODHA.NS,2025-06-25,1456.5999755859375,1451.814453125,1049577.0,0.0
LODHA.NS,2025-06-26,1441.4000244140625,1436.6644287109375,907176.0,0.0
LODHA.NS,2025-06-27,1422.199951171875,1417.5274658203125,859030.0,0.0
LODHA.NS,2025-06-30,1384.199951171875,1379.65234375,1730108.0,0.0
LODHA.NS,2025-07-01,1391.5,1386.9283447265625,1279409.0,0.0
LODHA.NS,2025-07-02,1398.800048828125,1394.2044677734375,941661.0,0.0
LODHA.NS,2025-07-03,1368.9000244140625,1364.402587890625,668346.0,0.0
LODHA.NS,2025-07-04,1368.0999755859375,1363.605224609375,425688.0,0.0
LODHA.NS,2025-07-07,1377.300048828125,1372.7750244140625,442561.0,0.0
LODHA.NS,2025-07-08,1374.9000244140625,1370.3829345703125,964835.0,0.0
LODHA.NS,2025-07-09,1390.0999755859375,1385.532958984375,1057621.0,0.0
LODHA.NS,2025-07-10,1411.800048828125,1407.1617431640625,657475.0,0.0
LODHA.NS,2025-07-11,1400.0999755859375,1395.5001220703125,1140138.0,0.0
LODHA.NS,2025-07-14,1419.699951171875,1415.03564453125,534480.0,0.0
LODHA.NS,2025-07-15,1434.0,1429.2886962890625,732457.0,0.0
LODHA.NS,2025-07-16,1440.199951171875,1435.46826171875,694775.0,0.0
LODHA.NS,2025-07-17,1440.4000244140625,1435.667724609375,1043937.0,0.0
LODHA.NS,2025-07-18,1444.9000244140625,1440.1529541015625,802788.0,0.0
LODHA.NS,2025-07-21,1448.699951171875,1443.9404296875,319633.0,0.0
LODHA.NS,2025-07-22,1442.300048828125,1437.5615234375,371182.0,0.0
LODHA.NS,2025-07-23,1334.0,1329.6173095703125,17783631.0,0.0
LODHA.NS,2025-07-24,1326.0999755859375,1321.7431640625,1321225.0,0.0
LODHA.NS,2025-07-25,1279.4000244140625,1275.1966552734375,2664662.0,0.0
LODHA.NS,2025-07-28,1203.199951171875,1199.2469482421875,7197953.0,0.0
LODHA.NS,2025-07-29,1246.5,1242.40478515625,4143162.0,0.0
LODHA.NS,2025-07-30,1238.199951171875,1234.1319580078125,1198616.0,0.0
LODHA.NS,2025-07-31,1231.5999755859375,1227.5537109375,1649835.0,0.0
LODHA.NS,2025-08-01,1207.9000244140625,1203.931640625,857479.0,0.0
LODHA.NS,2025-08-04,1244.0,1239.9129638671875,630565.0,0.0
LODHA.NS,2025-08-05,1234.0,1229.94580078125,538727.0,0.0
LODHA.NS,2025-08-06,1227.5,1223.4671630859375,1176641.0,0.0
LODHA.NS,2025-08-07,1222.4000244140625,1218.3839111328125,967280.0,0.0
LODHA.NS,2025-08-08,1202.5999755859375,1198.64892578125,587784.0,0.0
LODHA.NS,2025-08-11,1224.9000244140625,1220.875732421875,642421.0,0.0
LODHA.NS,2025-08-12,1214.199951171875,1210.2108154296875,673722.0,0.0
LODHA.NS,2025-08-13,1225.800048828125,1221.7728271484375,964805.0,0.0
LODHA.NS,2025-08-14,1231.5999755859375,1227.5537109375,1514599.0,0.0
LODHA.NS,2025-08-18,1247.0,1242.903076171875,2175568.0,0.0
LODHA.NS,2025-08-19,1257.800048828125,1253.6676025390625,1106601.0,0.0
LODHA.NS,2025-08-20,1300.0,1295.72900390625,1941354.0,0.0
LODHA.NS,2025-08-21,1293.5999755859375,1289.3499755859375,1535305.0,0.0
LODHA.NS,2025-08-22,1261.0,1261.0,789131.0,0.0
LODHA.NS,2025-08-25,1264.4000244140625,1264.4000244140625,881356.0,0.0
LODHA.NS,2025-08-26,1236.800048828125,1236.800048828125,1154640.0,0.0
LODHA.NS,2025-08-28,1208.199951171875,1208.199951171875,1036875.0,0.0
LODHA.NS,2025-08-29,1192.300048828125,1192.300048828125,1005139.0,0.0
LODHA.NS,2025-09-01,1207.199951171875,1207.199951171875,356624.0,0.0
LODHA.NS,2025-09-02,1194.5999755859375,1194.5999755859375,927690.0,0.0
LODHA.NS,2025-09-03,1201.4000244140625,1201.4000244140625,731127.0,0.0
LODHA.NS,2025-09-04,1192.0,1192.0,1118956.0,0.0
LODHA.NS,2025-09-05,1174.9000244140625,1174.9000244140625,638996.0,0.0
LODHA.NS,2025-09-08,1181.5999755859375,1181.5999755859375,308691.0,0.0
LODHA.NS,2025-09-09,1172.4000244140625,1172.4000244140625,382723.0,0.0
LODHA.NS,2025-09-10,1181.5999755859375,1181.5999755859375,881354.0,0.0
LODHA.NS,2025-09-11,1179.5999755859375,1179.5999755859375,375287.0,0.0
LODHA.NS,2025-09-12,1168.300048828125,1168.300048828125,3504642.0,0.0
LODHA.NS,2025-09-15,1187.800048828125,1187.800048828125,1819935.0,0.0
LODHA.NS,2025-09-16,1200.699951171875,1200.699951171875,1037458.0,0.0
LODHA.NS,2025-09-17,1204.5999755859375,1204.5999755859375,1316331.0,0.0
LODHA.NS,2025-09-18,1204.699951171875,1204.699951171875,1586089.0,0.0
LODHA.NS,2025-09-19,1216.0999755859375,1216.0999755859375,1146560.0,0.0
LODHA.NS,2025-09-22,1212.300048828125,1212.300048828125,1037077.0,0.0
LODHA.NS,2025-09-23,1205.4000244140625,1205.4000244140625,916013.0,0.0
LODHA.NS,2025-09-24,1179.4000244140625,1179.4000244140625,647426.0,0.0
LODHA.NS,2025-09-25,1149.4000244140625,1149.4000244140625,985809.0,0.0
LODHA.NS,2025-09-26,1141.0999755859375,1141.0999755859375,1187515.0,0.0
LODHA.NS,2025-09-29,1155.300048828125,1155.300048828125,1010427.0,0.0
LODHA.NS,2025-09-30,1135.800048828125,1135.800048828125,1130788.0,0.0
LODHA.NS,2025-10-01,1139.800048828125,1139.800048828125,1098688.0,0.0
LODHA.NS,2025-10-03,1113.0,1113.0,1665979.0,0.0
LODHA.NS,2025-10-06,1115.0999755859375,1115.0999755859375,1415808.0,0.0
LODHA.NS,2025-10-07,1145.0,1145.0,6502049.0,0.0
LODHA.NS,2025-10-08,1128.699951171875,1128.699951171875,1724214.0,0.0
LODHA.NS,2025-10-09,1128.699951171875,1128.699951171875,682554.0,0.0
LODHA.NS,2025-10-10,1155.9000244140625,1155.9000244140625,1061874.0,0.0
LODHA.NS,2025-10-13,1154.300048828125,1154.300048828125,547636.0,0.0
LODHA.NS,2025-10-14,1142.0,1142.0,479321.0,0.0
LODHA.NS,2025-10-15,1172.0,1172.0,1575396.0,0.0
LODHA.NS,2025-10-16,1194.800048828125,1194.800048828125,2296704.0,0.0
LODHA.NS,2025-10-17,1186.9000244140625,1186.9000244140625,774211.0,0.0
LODHA.NS,2025-10-20,1185.5999755859375,1185.5999755859375,750454.0,0.0
LODHA.NS,2025-10-21,1184.800048828125,1184.800048828125,68509.0,0.0
LODHA.NS,2025-10-23,1175.300048828125,1175.300048828125,1679963.0,0.0
LODHA.NS,2025-10-24,1172.9000244140625,1172.9000244140625,938533.0,0.0
LODHA.NS,2025-10-27,1177.0,1177.0,575452.0,0.0
LODHA.NS,2025-10-28,1169.0,1169.0,1135709.0,0.0
LODHA.NS,2025-10-29,1179.199951171875,1179.199951171875,896789.0,0.0
LODHA.NS,2025-10-30,1171.4000244140625,1171.4000244140625,870241.0,0.0
LODHA.NS,2025-10-31,1197.9000244140625,1197.9000244140625,5985377.0,0.0
LODHA.NS,2025-11-03,1235.0999755859375,1235.0999755859375,2096532.0,0.0
LODHA.NS,2025-11-04,1222.9000244140625,1222.9000244140625,1186673.0,0.0
LODHA.NS,2025-11-06,1232.5,1232.5,1539222.0,0.0
LODHA.NS,2025-11-07,1226.5999755859375,1226.5999755859375,804549.0,0.0
LODHA.NS,2025-11-10,1206.0999755859375,1206.0999755859375,516966.0,0.0
LODHA.NS,2025-11-11,1221.0,1221.0,1909398.0,0.0
LODHA.NS,2025-11-12,1217.199951171875,1217.199951171875,2586644.0,0.0
LODHA.NS,2025-11-13,1217.5999755859375,1217.5999755859375,882806.0,0.0
LODHA.NS,2025-11-14,1209.5,1209.5,541800.0,0.0
LODHA.NS,2025-11-17,1220.300048828125,1220.300048828125,781591.0,0.0
LODHA.NS,2025-11-18,1192.0,1192.0,871832.0,0.0
LODHA.NS,2025-11-19,1202.0,1202.0,849225.0,0.0
LODHA.NS,2025-11-20,1200.800048828125,1200.800048828125,719624.0,0.0
LODHA.NS,2025-11-21,1176.800048828125,1176.800048828125,1730092.0,0.0
LODHA.NS,2025-11-24,1159.9000244140625,1159.9000244140625,1196025.0,0.0
LODHA.NS,2025-11-25,1160.199951171875,1160.199951171875,504998.0,0.0
LODHA.NS,2025-11-26,1163.5999755859375,1163.5999755859375,833164.0,0.0
LODHA.NS,2025-11-27,1156.5999755859375,1156.5999755859375,598418.0,0.0
LODHA.NS,2025-11-28,1148.199951171875,1148.199951171875,1536998.0,0.0
LODHA.NS,2025-12-01,1128.199951171875,1128.199951171875,684453.0,0.0
LODHA.NS,2025-12-02,1119.800048828125,1119.800048828125,1993162.0,0.0
LODHA.NS,2025-12-03,1103.9000244140625,1103.9000244140625,1062825.0,0.0
LODHA.NS,2025-12-04,1109.5,1109.5,962511.0,0.0
LODHA.NS,2025-12-05,1111.5999755859375,1111.5999755859375,727204.0,0.0
LODHA.NS,2025-12-08,1072.0,1072.0,636718.0,0.0
LODHA.NS,2025-12-09,1076.0,1076.0,1064805.0,0.0
LODHA.NS,2025-12-10,1072.300048828125,1072.300048828125,759811.0,0.0
LODHA.NS,2025-12-11,1080.5,1080.5,419301.0,0.0
LODHA.NS,2025-12-12,1091.0999755859375,1091.0999755859375,1174813.0,0.0
LODHA.NS,2025-12-15,1091.0,1091.0,2704691.0,0.0
LODHA.NS,2025-12-16,1075.4000244140625,1075.4000244140625,450739.0,0.0
LODHA.NS,2025-12-17,1063.800048828125,1063.800048828125,980532.0,0.0
LODHA.NS,2025-12-18,1069.0999755859375,1069.0999755859375,455006.0,0.0
LODHA.NS,2025-12-19,1090.199951171875,1090.199951171875,545392.0,0.0
LODHA.NS,2025-12-22,1095.5,1095.5,537621.0,0.0
LODHA.NS,2025-12-23,1082.800048828125,1082.800048828125,403609.0,0.0
LODHA.NS,2025-12-24,1080.0999755859375,1080.0999755859375,412998.0,0.0
LODHA.NS,2025-12-26,1073.5,1073.5,478206.0,0.0
LODHA.NS,2025-12-29,1064.699951171875,1064.699951171875,643460.0,0.0
LODHA.NS,2025-12-30,1056.9000244140625,1056.9000244140625,656685.0,0.0
LODHA.NS,2025-12-31,1061.300048828125,1061.300048828125,509451.0,0.0
LODHA.NS,2026-01-01,1072.800048828125,1072.800048828125,393122.0,0.0
LODHA.NS,2026-01-02,1085.699951171875,1085.699951171875,1416306.0,0.0
LODHA.NS,2026-01-05,1120.0,1120.0,2876700.0,0.0
LODHA.NS,2026-01-06,1112.0999755859375,1112.0999755859375,1918861.0,0.0
LODHA.NS,2026-01-07,1110.9000244140625,1110.9000244140625,2651449.0,0.0
LODHA.NS,2026-01-08,1090.199951171875,1090.199951171875,1683229.0,0.0
LODHA.NS,2026-01-09,1061.4000244140625,1061.4000244140625,2660754.0,0.0
LODHA.NS,2026-01-12,1077.800048828125,1077.800048828125,1566981.0,0.0
LODHA.NS,2026-01-13,1074.4000244140625,1074.4000244140625,803297.0,0.0
LODHA.NS,2026-01-14,1058.800048828125,1058.800048828125,981592.0,0.0
LODHA.NS,2026-01-15,1058.800048828125,1058.800048828125,0.0,0.0
LODHA.NS,2026-01-16,1070.9000244140625,1070.9000244140625,1941994.0,0.0
LODHA.NS,2026-01-19,1044.0,1044.0,795590.0,0.0
LODHA.NS,2026-01-20,979.2999877929688,979.2999877929688,2354624.0,0.0
LODHA.NS,2026-01-21,980.2000122070312,980.2000122070312,1199343.0,0.0
LODHA.NS,2026-01-22,945.5,945.5,2425976.0,0.0
LODHA.NS,2026-01-23,900.2999877929688,900.2999877929688,3143100.0,0.0
LODHA.NS,2026-01-27,907.2000122070312,907.2000122070312,5964791.0,0.0
LODHA.NS,2026-01-28,929.0999755859375,929.0999755859375,1884319.0,0.0
LODHA.NS,2026-01-29,951.4000244140625,951.4000244140625,6125720.0,0.0
LODHA.NS,2026-01-30,971.5,971.5,2914884.0,0.0
LODHA.NS,2026-02-02,961.4500122070312,961.4500122070312,1783088.0,0.0
LODHA.NS,2026-02-03,1031.9000244140625,1031.9000244140625,2869363.0,0.0
LODHA.NS,2026-02-04,1056.5,1056.5,1867196.0,0.0
LODHA.NS,2026-02-05,1048.550048828125,1048.550048828125,1164041.0,0.0
LODHA.NS,2026-02-06,1055.0999755859375,1055.0999755859375,1104084.0,0.0
LODHA.NS,2026-02-09,1090.4000244140625,1090.4000244140625,1350887.0,0.0
LODHA.NS,2026-02-10,1095.050048828125,1095.050048828125,1030861.0,0.0
LODHA.NS,2026-02-11,1094.9000244140625,1094.9000244140625,512375.0,0.0
MAZDOCK.NS,2025-02-11,2185.199951171875,2175.994384765625,5685967.0,0.0
MAZDOCK.NS,2025-02-12,2189.949951171875,2180.724365234375,7310164.0,0.0
MAZDOCK.NS,2025-02-13,2211.5,2202.183837890625,5307033.0,0.0
MAZDOCK.NS,2025-02-14,2166.35009765625,2157.2236328125,3831670.0,0.0
MAZDOCK.NS,2025-02-17,2083.10009765625,2074.32470703125,3195135.0,0.0
MAZDOCK.NS,2025-02-18,1961.75,1953.485595703125,3808456.0,0.0
MAZDOCK.NS,2025-02-19,2180.10009765625,2170.915771484375,8336084.0,0.0
MAZDOCK.NS,2025-02-20,2154.300048828125,2145.224609375,2789656.0,0.0
MAZDOCK.NS,2025-02-21,2119.449951171875,2110.521240234375,3003528.0,0.0
MAZDOCK.NS,2025-02-24,2151.050048828125,2141.98828125,4314616.0,0.0
MAZDOCK.NS,2025-02-25,2123.25,2114.305419921875,3111381.0,0.0
MAZDOCK.NS,2025-02-27,2101.949951171875,2093.094970703125,1410640.0,0.0
MAZDOCK.NS,2025-02-28,2131.050048828125,2122.072509765625,2931250.0,0.0
MAZDOCK.NS,2025-03-03,2153.14990234375,2144.0791015625,2645210.0,0.0
MAZDOCK.NS,2025-03-04,2162.5,2153.39013671875,4105980.0,0.0
MAZDOCK.NS,2025-03-05,2246.699951171875,2237.2353515625,2916402.0,0.0
MAZDOCK.NS,2025-03-06,2242.39990234375,2232.953125,1774308.0,0.0
MAZDOCK.NS,2025-03-07,2338.199951171875,2328.349853515625,4654555.0,0.0
MAZDOCK.NS,2025-03-10,2302.699951171875,2292.999267578125,1718810.0,0.0
MAZDOCK.NS,2025-03-11,2255.949951171875,2246.4462890625,1811862.0,0.0
MAZDOCK.NS,2025-03-12,2255.89990234375,2246.396484375,1317140.0,0.0
MAZDOCK.NS,2025-03-13,2316.0,2306.243408203125,2934181.0,0.0
MAZDOCK.NS,2025-03-17,2322.050048828125,2312.26806640625,2382011.0,0.0
MAZDOCK.NS,2025-03-18,2322.050048828125,2312.26806640625,0.0,0.0
MAZDOCK.NS,2025-03-19,2625.25,2614.1904296875,12696711.0,0.0
MAZDOCK.NS,2025-03-20,2633.10009765625,2622.007568359375,8617711.0,0.0
MAZDOCK.NS,2025-03-21,2591.39990234375,2580.483154296875,3471761.0,0.0
MAZDOCK.NS,2025-03-24,2654.800048828125,2643.6162109375,5284512.0,0.0
MAZDOCK.NS,2025-03-25,2614.5,2603.48583984375,2354469.0,0.0
MAZDOCK.NS,2025-03-26,2643.14990234375,2632.01513671875,6876106.0,0.0
MAZDOCK.NS,2025-03-27,2695.35009765625,2683.995361328125,4414954.0,0.0
MAZDOCK.NS,2025-03-28,2643.800048828125,2632.66259765625,3032671.0,0.0
MAZDOCK.NS,2025-04-01,2578.550048828125,2567.6875,2040072.0,0.0
MAZDOCK.NS,2025-04-02,2603.949951171875,2592.980224609375,1779301.0,0.0
MAZDOCK.NS,2025-04-03,2737.550048828125,2726.017578125,4664581.0,0.0
MAZDOCK.NS,2025-04-04,2542.199951171875,2531.490478515625,4808454.0,0.0
MAZDOCK.NS,2025-04-07,2317.300048828125,2307.5380859375,4104683.0,0.0
MAZDOCK.NS,2025-04-08,2358.699951171875,2348.763427734375,3423754.0,0.0
MAZDOCK.NS,2025-04-09,2371.199951171875,2361.2109375,2496433.0,0.0
MAZDOCK.NS,2025-04-11,2432.550048828125,2422.302490234375,2224661.0,0.0
MAZDOCK.NS,2025-04-15,2661.300048828125,2650.0888671875,7673596.0,0.0
MAZDOCK.NS,2025-04-16,2731.89990234375,2723.46142578125,5288471.0,0.0
MAZDOCK.NS,2025-04-17,2710.60009765625,2702.227294921875,4150958.0,0.0
MAZDOCK.NS,2025-04-21,2764.60009765625,2756.060302734375,3303967.0,0.0
MAZDOCK.NS,2025-04-22,2755.39990234375,2746.888671875,2232292.0,0.0
MAZDOCK.NS,2025-04-23,2765.89990234375,2757.356201171875,2256385.0,0.0
MAZDOCK.NS,2025-04-24,2717.699951171875,2709.30517578125,3144655.0,0.0
MAZDOCK.NS,2025-04-25,2661.10009765625,2652.880126953125,3521060.0,0.0
MAZDOCK.NS,2025-04-28,2786.300048828125,2777.693359375,5345902.0,0.0
MAZDOCK.NS,2025-04-29,3027.89990234375,3018.546875,13653093.0,0.0
MAZDOCK.NS,2025-04-30,3057.60009765625,3048.155517578125,9528730.0,0.0
MAZDOCK.NS,2025-05-02,3006.800048828125,2997.51220703125,6894612.0,0.0
MAZDOCK.NS,2025-05-05,3099.5,3089.92578125,4769236.0,0.0
MAZDOCK.NS,2025-05-06,2972.60009765625,2963.41796875,4367638.0,0.0
MAZDOCK.NS,2025-05-07,2816.199951171875,2807.5009765625,9301691.0,0.0
MAZDOCK.NS,2025-05-08,2819.89990234375,2811.189453125,4664053.0,0.0
MAZDOCK.NS,2025-05-09,2922.0,2912.97412109375,9803235.0,0.0
MAZDOCK.NS,2025-05-12,2904.39990234375,2895.42822265625,5708392.0,0.0
MAZDOCK.NS,2025-05-13,3002.60009765625,2993.3251953125,5339024.0,0.0
MAZDOCK.NS,2025-05-14,3078.199951171875,3068.69140625,11526915.0,0.0
MAZDOCK.NS,2025-05-15,3182.39990234375,3172.56982421875,7004596.0,0.0
MAZDOCK.NS,2025-05-16,3522.39990234375,3511.51953125,16561103.0,0.0
MAZDOCK.NS,2025-05-19,3409.89990234375,3399.366943359375,8375302.0,0.0
MAZDOCK.NS,2025-05-20,3330.300048828125,3320.012939453125,6794012.0,0.0
MAZDOCK.NS,2025-05-21,3411.5,3400.962158203125,5107591.0,0.0
MAZDOCK.NS,2025-05-22,3500.0,3489.188720703125,6314916.0,0.0
MAZDOCK.NS,2025-05-23,3502.300048828125,3491.481689453125,4236741.0,0.0
MAZDOCK.NS,2025-05-26,3550.199951171875,3539.233642578125,4206178.0,0.0
MAZDOCK.NS,2025-05-27,3623.10009765625,3611.908447265625,5304100.0,0.0
MAZDOCK.NS,2025-05-28,3663.89990234375,3652.582275390625,4105099.0,0.0
MAZDOCK.NS,2025-05-29,3751.199951171875,3739.61279296875,4260651.0,0.0
MAZDOCK.NS,2025-05-30,3478.199951171875,3467.4560546875,10048866.0,0.0
MAZDOCK.NS,2025-06-02,3384.5,3374.045654296875,3155728.0,0.0
MAZDOCK.NS,2025-06-03,3438.60009765625,3427.978515625,3690206.0,0.0
MAZDOCK.NS,2025-06-04,3412.699951171875,3402.158203125,4771997.0,0.0
MAZDOCK.NS,2025-06-05,3430.199951171875,3419.604248046875,3774706.0,0.0
MAZDOCK.NS,2025-06-06,3404.699951171875,3394.18310546875,3049803.0,0.0
MAZDOCK.NS,2025-06-09,3369.10009765625,3358.693115234375,1871397.0,0.0
MAZDOCK.NS,2025-06-10,3397.699951171875,3387.204833984375,1780915.0,0.0
MAZDOCK.NS,2025-06-11,3314.60009765625,3304.361572265625,2161829.0,0.0
MAZDOCK.NS,2025-06-12,3210.39990234375,3200.483154296875,2582741.0,0.0
MAZDOCK.NS,2025-06-13,3200.39990234375,3190.51416015625,3133900.0,0.0
MAZDOCK.NS,2025-06-16,3165.60009765625,3155.82177734375,3042556.0,0.0
MAZDOCK.NS,2025-06-17,3305.89990234375,3295.68798828125,6853700.0,0.0
MAZDOCK.NS,2025-06-18,3257.39990234375,3247.337890625,2543098.0,0.0
MAZDOCK.NS,2025-06-19,3223.5,3213.542724609375,3837621.0,0.0
MAZDOCK.NS,2025-06-20,3256.39990234375,3246.341064453125,2595055.0,0.0
MAZDOCK.NS,2025-06-23,3342.60009765625,3332.27490234375,3622869.0,0.0
MAZDOCK.NS,2025-06-24,3281.39990234375,3271.263671875,2150242.0,0.0
MAZDOCK.NS,2025-06-25,3192.699951171875,3182.838134765625,1989980.0,0.0
MAZDOCK.NS,2025-06-26,3121.89990234375,3112.256591796875,2381173.0,0.0
MAZDOCK.NS,2025-06-27,3174.0,3164.19580078125,4003805.0,0.0
MAZDOCK.NS,2025-06-30,3244.300048828125,3234.278564453125,3137273.0,0.0
MAZDOCK.NS,2025-07-01,3275.0,3264.8837890625,3087567.0,0.0
MAZDOCK.NS,2025-07-02,3278.199951171875,3268.07373046875,1598186.0,0.0
MAZDOCK.NS,2025-07-03,3287.60009765625,3277.44482421875,1343453.0,0.0
MAZDOCK.NS,2025-07-04,3329.0,3318.717041015625,2459626.0,0.0
MAZDOCK.NS,2025-07-07,3276.800048828125,3266.67822265625,1055525.0,0.0
MAZDOCK.NS,2025-07-08,3291.39990234375,3281.23291015625,1106880.0,0.0
MAZDOCK.NS,2025-07-09,3294.300048828125,3284.1240234375,1122715.0,0.0
MAZDOCK.NS,2025-07-10,3263.0,3252.9208984375,799906.0,0.0
MAZDOCK.NS,2025-07-11,3174.5,3164.694091796875,1472461.0,0.0
MAZDOCK.NS,2025-07-14,3113.60009765625,3103.982421875,1187188.0,0.0
MAZDOCK.NS,2025-07-15,3115.39990234375,3105.776611328125,1024763.0,0.0
MAZDOCK.NS,2025-07-16,3107.800048828125,3098.200439453125,589944.0,0.0
MAZDOCK.NS,2025-07-17,3048.0,3038.5849609375,1282535.0,0.0
MAZDOCK.NS,2025-07-18,2982.0,2972.78857421875,1209686.0,0.0
MAZDOCK.NS,2025-07-21,2951.699951171875,2942.582275390625,1559002.0,0.0
MAZDOCK.NS,2025-07-22,2921.800048828125,2912.77490234375,1533590.0,0.0
MAZDOCK.NS,2025-07-23,2919.39990234375,2910.382080078125,1384757.0,0.0
MAZDOCK.NS,2025-07-24,2959.5,2950.3583984375,1220790.0,0.0
MAZDOCK.NS,2025-07-25,2886.60009765625,2877.683349609375,1263092.0,0.0
MAZDOCK.NS,2025-07-28,2789.89990234375,2781.281982421875,1657607.0,0.0
MAZDOCK.NS,2025-07-29,2720.39990234375,2711.99658203125,4587434.0,0.0
MAZDOCK.NS,2025-07-30,2759.699951171875,2751.17529296875,1545793.0,0.0
MAZDOCK.NS,2025-07-31,2771.199951171875,2762.639892578125,2106070.0,0.0
MAZDOCK.NS,2025-08-01,2721.800048828125,2713.392578125,1054142.0,0.0
MAZDOCK.NS,2025-08-04,2767.199951171875,2758.65234375,1169140.0,0.0
MAZDOCK.NS,2025-08-05,2847.800048828125,2839.003173828125,1746787.0,0.0
MAZDOCK.NS,2025-08-06,2764.5,2755.960693359375,1745166.0,0.0
MAZDOCK.NS,2025-08-07,2785.0,2776.3974609375,1259966.0,0.0
MAZDOCK.NS,2025-08-08,2636.699951171875,2628.555419921875,2304126.0,0.0
MAZDOCK.NS,2025-08-11,2697.300048828125,2688.96826171875,1919753.0,0.0
MAZDOCK.NS,2025-08-12,2690.800048828125,2682.48828125,1291654.0,0.0
MAZDOCK.NS,2025-08-13,2748.800048828125,2740.309326171875,1280614.0,0.0
MAZDOCK.NS,2025-08-14,2721.39990234375,2712.993896484375,666934.0,0.0
MAZDOCK.NS,2025-08-18,2739.199951171875,2730.73876953125,1045907.0,0.0
MAZDOCK.NS,2025-08-19,2747.39990234375,2738.913330078125,762684.0,0.0
MAZDOCK.NS,2025-08-20,2772.89990234375,2764.33447265625,1220000.0,0.0
MAZDOCK.NS,2025-08-21,2767.800048828125,2759.25048828125,2116310.0,0.0
MAZDOCK.NS,2025-08-22,2700.300048828125,2691.958984375,1126864.0,0.0
MAZDOCK.NS,2025-08-25,2755.699951171875,2747.187744140625,2516925.0,0.0
MAZDOCK.NS,2025-08-26,2687.800048828125,2679.49755859375,1371398.0,0.0
MAZDOCK.NS,2025-08-28,2628.10009765625,2619.982177734375,1008768.0,0.0
MAZDOCK.NS,2025-08-29,2603.10009765625,2595.059326171875,1141973.0,0.0
MAZDOCK.NS,2025-09-01,2653.300048828125,2645.10400390625,1360542.0,0.0
MAZDOCK.NS,2025-09-02,2731.0,2722.564208984375,1849519.0,0.0
MAZDOCK.NS,2025-09-03,2715.800048828125,2707.4111328125,1275347.0,0.0
MAZDOCK.NS,2025-09-04,2680.300048828125,2672.020751953125,922825.0,0.0
MAZDOCK.NS,2025-09-05,2670.699951171875,2662.450439453125,795647.0,0.0
MAZDOCK.NS,2025-09-08,2665.0,2656.76806640625,660270.0,0.0
MAZDOCK.NS,2025-09-09,2684.0,2675.709228515625,601801.0,0.0
MAZDOCK.NS,2025-09-10,2755.300048828125,2746.7890625,1238729.0,0.0
MAZDOCK.NS,2025-09-11,2794.5,2785.867919921875,2362827.0,0.0
MAZDOCK.NS,2025-09-12,2924.699951171875,2915.665771484375,4278838.0,0.0
MAZDOCK.NS,2025-09-15,2924.89990234375,2915.864990234375,1708949.0,0.0
MAZDOCK.NS,2025-09-16,2946.0,2936.89990234375,1196416.0,0.0
MAZDOCK.NS,2025-09-17,2997.0,2987.742431640625,2110060.0,0.0
MAZDOCK.NS,2025-09-18,2984.60009765625,2975.380859375,1462742.0,0.0
MAZDOCK.NS,2025-09-19,2985.0,2978.484130859375,846040.0,0.0
MAZDOCK.NS,2025-09-22,2976.39990234375,2969.90283203125,1775858.0,0.0
MAZDOCK.NS,2025-09-23,2939.5,2933.083251953125,934666.0,0.0
MAZDOCK.NS,2025-09-24,2940.199951171875,2933.78173828125,1486145.0,0.0
MAZDOCK.NS,2025-09-25,2924.199951171875,2917.816650390625,1366015.0,0.0
MAZDOCK.NS,2025-09-26,2827.60009765625,2821.427734375,943654.0,0.0
MAZDOCK.NS,2025-09-29,2751.10009765625,2745.0947265625,3209044.0,0.0
MAZDOCK.NS,2025-09-30,2761.5,2755.471923828125,1023698.0,0.0
MAZDOCK.NS,2025-10-01,2841.60009765625,2835.397216796875,1644684.0,0.0
MAZDOCK.NS,2025-10-03,2881.300048828125,2875.010498046875,970010.0,0.0
MAZDOCK.NS,2025-10-06,2888.0,2881.69580078125,615199.0,0.0
MAZDOCK.NS,2025-10-07,2877.699951171875,2871.418212890625,486076.0,0.0
MAZDOCK.NS,2025-10-08,2814.699951171875,2808.5556640625,618666.0,0.0
MAZDOCK.NS,2025-10-09,2888.699951171875,2882.394287109375,834915.0,0.0
MAZDOCK.NS,2025-10-10,2870.10009765625,2863.8349609375,900332.0,0.0
MAZDOCK.NS,2025-10-13,2829.199951171875,2823.024169921875,555312.0,0.0
MAZDOCK.NS,2025-10-14,2800.0,2793.887939453125,533596.0,0.0
MAZDOCK.NS,2025-10-15,2852.39990234375,2846.17333984375,789866.0,0.0
MAZDOCK.NS,2025-10-16,2831.89990234375,2825.71826171875,783680.0,0.0
MAZDOCK.NS,2025-10-17,2818.300048828125,2812.14794921875,801682.0,0.0
MAZDOCK.NS,2025-10-20,2837.60009765625,2831.406005859375,488634.0,0.0
MAZDOCK.NS,2025-10-21,2831.699951171875,2825.5185546875,145746.0,0.0
MAZDOCK.NS,2025-10-23,2810.0,2803.865966796875,511555.0,0.0
MAZDOCK.NS,2025-10-24,2805.5,2799.3759765625,1007538.0,0.0
MAZDOCK.NS,2025-10-27,2810.39990234375,2804.26513671875,638896.0,0.0
MAZDOCK.NS,2025-10-28,2780.39990234375,2774.33056640625,3093566.0,0.0
MAZDOCK.NS,2025-10-29,2774.199951171875,2768.14404296875,1235582.0,0.0
MAZDOCK.NS,2025-10-30,2743.60009765625,2737.611083984375,809323.0,0.0
MAZDOCK.NS,2025-10-31,2729.0,2723.04296875,931569.0,0.0
MAZDOCK.NS,2025-11-03,2748.60009765625,2742.60009765625,606854.0,0.0
MAZDOCK.NS,2025-11-04,2683.0,2683.0,898162.0,0.0
MAZDOCK.NS,2025-11-06,2630.5,2630.5,885242.0,0.0
MAZDOCK.NS,2025-11-07,2670.300048828125,2670.300048828125,985709.0,0.0
MAZDOCK.NS,2025-11-10,2705.60009765625,2705.60009765625,1139454.0,0.0
MAZDOCK.NS,2025-11-11,2752.5,2752.5,1029770.0,0.0
MAZDOCK.NS,2025-11-12,2757.699951171875,2757.699951171875,920970.0,0.0
MAZDOCK.NS,2025-11-13,2736.0,2736.0,607180.0,0.0
MAZDOCK.NS,2025-11-14,2782.10009765625,2782.10009765625,1153814.0,0.0
MAZDOCK.NS,2025-11-17,2800.5,2800.5,1140125.0,0.0
MAZDOCK.NS,2025-11-18,2799.300048828125,2799.300048828125,711021.0,0.0
MAZDOCK.NS,2025-11-19,2783.39990234375,2783.39990234375,447300.0,0.0
MAZDOCK.NS,2025-11-20,2829.5,2829.5,1653665.0,0.0
MAZDOCK.NS,2025-11-21,2745.199951171875,2745.199951171875,988634.0,0.0
MAZDOCK.NS,2025-11-24,2686.10009765625,2686.10009765625,615558.0,0.0
MAZDOCK.NS,2025-11-25,2643.0,2643.0,760974.0,0.0
MAZDOCK.NS,2025-11-26,2696.5,2696.5,503194.0,0.0
MAZDOCK.NS,2025-11-27,2677.39990234375,2677.39990234375,500827.0,0.0
MAZDOCK.NS,2025-11-28,2679.60009765625,2679.60009765625,412097.0,0.0
MAZDOCK.NS,2025-12-01,2672.199951171875,2672.199951171875,473965.0,0.0
MAZDOCK.NS,2025-12-02,2651.199951171875,2651.199951171875,366212.0,0.0
MAZDOCK.NS,2025-12-03,2617.199951171875,2617.199951171875,434911.0,0.0
MAZDOCK.NS,2025-12-04,2641.199951171875,2641.199951171875,718508.0,0.0
MAZDOCK.NS,2025-12-05,2616.300048828125,2616.300048828125,669126.0,0.0
MAZDOCK.NS,2025-12-08,2483.699951171875,2483.699951171875,1637270.0,0.0
MAZDOCK.NS,2025-12-09,2489.10009765625,2489.10009765625,1499888.0,0.0
MAZDOCK.NS,2025-12-10,2439.10009765625,2439.10009765625,673452.0,0.0
MAZDOCK.NS,2025-12-11,2467.5,2467.5,752818.0,0.0
MAZDOCK.NS,2025-12-12,2458.699951171875,2458.699951171875,595164.0,0.0
MAZDOCK.NS,2025-12-15,2447.800048828125,2447.800048828125,387667.0,0.0
MAZDOCK.NS,2025-12-16,2408.0,2408.0,586161.0,0.0
MAZDOCK.NS,2025-12-17,2356.60009765625,2356.60009765625,650211.0,0.0
MAZDOCK.NS,2025-12-18,2358.0,2358.0,770150.0,0.0
MAZDOCK.NS,2025-12-19,2408.199951171875,2408.199951171875,1028888.0,0.0
MAZDOCK.NS,2025-12-22,2544.800048828125,2544.800048828125,1921319.0,0.0
MAZDOCK.NS,2025-12-23,2513.199951171875,2513.199951171875,1121382.0,0.0
MAZDOCK.NS,2025-12-24,2540.300048828125,2540.300048828125,1104009.0,0.0
MAZDOCK.NS,2025-12-26,2541.39990234375,2541.39990234375,2591649.0,0.0
MAZDOCK.NS,2025-12-29,2537.300048828125,2537.300048828125,2276561.0,0.0
MAZDOCK.NS,2025-12-30,2462.39990234375,2462.39990234375,3680047.0,0.0
MAZDOCK.NS,2025-12-31,2490.199951171875,2490.199951171875,895150.0,0.0
MAZDOCK.NS,2026-01-01,2476.699951171875,2476.699951171875,807674.0,0.0
MAZDOCK.NS,2026-01-02,2494.5,2494.5,930773.0,0.0
MAZDOCK.NS,2026-01-05,2514.699951171875,2514.699951171875,1160745.0,0.0
MAZDOCK.NS,2026-01-06,2496.39990234375,2496.39990234375,582637.0,0.0
MAZDOCK.NS,2026-01-07,2511.39990234375,2511.39990234375,768267.0,0.0
MAZDOCK.NS,2026-01-08,2480.39990234375,2480.39990234375,891464.0,0.0
MAZDOCK.NS,2026-01-09,2500.5,2500.5,4152262.0,0.0
MAZDOCK.NS,2026-01-12,2521.199951171875,2521.199951171875,1498084.0,0.0
MAZDOCK.NS,2026-01-13,2481.39990234375,2481.39990234375,1139049.0,0.0
MAZDOCK.NS,2026-01-14,2470.800048828125,2470.800048828125,888001.0,0.0
MAZDOCK.NS,2026-01-15,2470.800048828125,2470.800048828125,0.0,0.0
MAZDOCK.NS,2026-01-16,2447.0,2447.0,826635.0,0.0
MAZDOCK.NS,2026-01-19,2436.699951171875,2436.699951171875,754827.0,0.0
MAZDOCK.NS,2026-01-20,2332.300048828125,2332.300048828125,1225724.0,0.0
MAZDOCK.NS,2026-01-21,2331.39990234375,2331.39990234375,1294553.0,0.0
MAZDOCK.NS,2026-01-22,2369.0,2369.0,710190.0,0.0
MAZDOCK.NS,2026-01-23,2301.800048828125,2301.800048828125,788229.0,0.0
MAZDOCK.NS,2026-01-27,2335.10009765625,2335.10009765625,988179.0,0.0
MAZDOCK.NS,2026-01-28,2505.60009765625,2505.60009765625,2205285.0,0.0
MAZDOCK.NS,2026-01-29,2517.199951171875,2517.199951171875,1332908.0,0.0
MAZDOCK.NS,2026-01-30,2572.89990234375,2572.89990234375,2200627.0,0.0
MAZDOCK.NS,2026-02-02,2427.39990234375,2427.39990234375,1511439.0,0.0
MAZDOCK.NS,2026-02-03,2450.39990234375,2450.39990234375,973033.0,0.0
MAZDOCK.NS,2026-02-04,2431.0,2431.0,645048.0,0.0
MAZDOCK.NS,2026-02-05,2398.39990234375,2398.39990234375,998660.0,0.0
MAZDOCK.NS,2026-02-06,2402.39990234375,2402.39990234375,1501767.0,0.0
MAZDOCK.NS,2026-02-09,2472.5,2472.5,1303088.0,0.0
MAZDOCK.NS,2026-02-10,2439.10009765625,2439.10009765625,932887.0,0.0
MAZDOCK.NS,2026-02-11,2430.60009765625,2430.60009765625,733160.0,0.0
PIDILITIND.NS,2025-02-11,1425.5250244140625,1415.8087158203125,390106.0,0.0
PIDILITIND.NS,2025-02-12,1414.25,1404.610595703125,252722.0,0.0
PIDILITIND.NS,2025-02-13,1409.050048828125,1399.446044921875,236320.0,0.0
PIDILITIND.NS,2025-02-14,1403.0999755859375,1393.53662109375,205586.0,0.0
PIDILITIND.NS,2025-02-17,1390.8499755859375,1381.3701171875,342438.0,0.0
PIDILITIND.NS,2025-02-18,1383.2750244140625,1373.8468017578125,464820.0,0.0
PIDILITIND.NS,2025-02-19,1384.3499755859375,1374.9144287109375,331672.0,0.0
PIDILITIND.NS,2025-02-20,1410.75,1401.1343994140625,1005774.0,0.0
PIDILITIND.NS,2025-02-21,1397.8499755859375,1388.3223876953125,1153982.0,0.0
PIDILITIND.NS,2025-02-24,1380.9000244140625,1371.4879150390625,738772.0,0.0
PIDILITIND.NS,2025-02-25,1348.25,1339.0604248046875,754522.0,0.0
PIDILITIND.NS,2025-02-27,1338.550048828125,1329.4266357421875,496562.0,0.0
PIDILITIND.NS,2025-02-28,1328.949951171875,1319.8919677734375,990394.0,0.0
PIDILITIND.NS,2025-03-03,1340.6500244140625,1331.5123291015625,650858.0,0.0
PIDILITIND.NS,2025-03-04,1349.324951171875,1340.1280517578125,698790.0,0.0
PIDILITIND.NS,2025-03-05,1346.4749755859375,1337.2974853515625,1466732.0,0.0
PIDILITIND.NS,2025-03-06,1369.0250244140625,1359.69384765625,1148818.0,0.0
PIDILITIND.NS,2025-03-07,1375.5999755859375,1366.2239990234375,869066.0,0.0
PIDILITIND.NS,2025-03-10,1366.25,1356.937744140625,622806.0,0.0
PIDILITIND.NS,2025-03-11,1361.1500244140625,1351.87255859375,809256.0,0.0
PIDILITIND.NS,2025-03-12,1374.6500244140625,1365.280517578125,711330.0,0.0
PIDILITIND.NS,2025-03-13,1364.949951171875,1355.6466064453125,698834.0,0.0
PIDILITIND.NS,2025-03-17,1374.449951171875,1365.081787109375,313582.0,0.0
PIDILITIND.NS,2025-03-18,1374.449951171875,1365.081787109375,0.0,0.0
PIDILITIND.NS,2025-03-19,1365.925048828125,1356.614990234375,484702.0,0.0
PIDILITIND.NS,2025-03-20,1379.550048828125,1370.147216796875,629482.0,0.0
PIDILITIND.NS,2025-03-21,1412.75,1403.120849609375,1400382.0,0.0
PIDILITIND.NS,2025-03-24,1411.0,1401.3826904296875,621916.0,0.0
PIDILITIND.NS,2025-03-25,1411.5250244140625,1401.9041748046875,656850.0,0.0
PIDILITIND.NS,2025-03-26,1422.699951171875,1413.0029296875,1257594.0,0.0
PIDILITIND.NS,2025-03-27,1433.25,1423.4810791015625,863174.0,0.0
PIDILITIND.NS,2025-03-28,1424.6500244140625,1414.939697265625,480582.0,0.0
PIDILITIND.NS,2025-04-01,1413.2750244140625,1403.6422119140625,254152.0,0.0
PIDILITIND.NS,2025-04-02,1425.4749755859375,1415.759033203125,420010.0,0.0
PIDILITIND.NS,2025-04-03,1430.75,1420.9981689453125,358204.0,0.0
PIDILITIND.NS,2025-04-04,1446.0,1436.1441650390625,892998.0,0.0
PIDILITIND.NS,2025-04-07,1424.375,1414.6666259765625,745674.0,0.0
PIDILITIND.NS,2025-04-08,1465.4749755859375,1455.4864501953125,1124760.0,0.0
PIDILITIND.NS,2025-04-09,1469.9000244140625,1459.88134765625,673890.0,0.0
PIDILITIND.NS,2025-04-11,1476.300048828125,1466.2376708984375,477280.0,0.0
PIDILITIND.NS,2025-04-15,1495.800048828125,1485.6048583984375,690116.0,0.0
PIDILITIND.NS,2025-04-16,1513.25,1502.935791015625,355040.0,0.0
PIDILITIND.NS,2025-04-17,1517.1500244140625,1506.809326171875,569676.0,0.0
PIDILITIND.NS,2025-04-21,1509.6500244140625,1499.3603515625,506584.0,0.0
PIDILITIND.NS,2025-04-22,1514.4000244140625,1504.0780029296875,453234.0,0.0
PIDILITIND.NS,2025-04-23,1533.449951171875,1522.998046875,439056.0,0.0
PIDILITIND.NS,2025-04-24,1538.199951171875,1527.7156982421875,600064.0,0.0
PIDILITIND.NS,2025-04-25,1505.5999755859375,1495.337890625,478964.0,0.0
PIDILITIND.NS,2025-04-28,1521.4000244140625,1511.0302734375,596422.0,0.0
PIDILITIND.NS,2025-04-29,1502.5,1492.2591552734375,508120.0,0.0
PIDILITIND.NS,2025-04-30,1516.949951171875,1506.610595703125,972970.0,0.0
PIDILITIND.NS,2025-05-02,1499.0,1488.782958984375,414198.0,0.0
PIDILITIND.NS,2025-05-05,1517.25,1506.9085693359375,429738.0,0.0
PIDILITIND.NS,2025-05-06,1502.300048828125,1492.060546875,283260.0,0.0
PIDILITIND.NS,2025-05-07,1487.6500244140625,1477.5103759765625,498920.0,0.0
PIDILITIND.NS,2025-05-08,1478.75,1468.6710205078125,746278.0,0.0
PIDILITIND.NS,2025-05-09,1490.0,1479.84423828125,967480.0,0.0
PIDILITIND.NS,2025-05-12,1538.25,1527.765380859375,731304.0,0.0
PIDILITIND.NS,2025-05-13,1550.300048828125,1539.7333984375,1159402.0,0.0
PIDILITIND.NS,2025-05-14,1554.300048828125,1543.7060546875,1633730.0,0.0
PIDILITIND.NS,2025-05-15,1555.75,1545.1461181640625,1373428.0,0.0
PIDILITIND.NS,2025-05-16,1545.5999755859375,1535.0653076171875,1219046.0,0.0
PIDILITIND.NS,2025-05-19,1534.050048828125,1523.5941162109375,336888.0,0.0
PIDILITIND.NS,2025-05-20,1501.4000244140625,1491.1666259765625,707838.0,0.0
PIDILITIND.NS,2025-05-21,1493.0999755859375,1482.923095703125,847478.0,0.0
PIDILITIND.NS,2025-05-22,1497.25,1487.044921875,518324.0,0.0
PIDILITIND.NS,2025-05-23,1515.8499755859375,1505.51806640625,361932.0,0.0
PIDILITIND.NS,2025-05-26,1522.5999755859375,1512.2220458984375,323458.0,0.0
PIDILITIND.NS,2025-05-27,1513.800048828125,1503.482177734375,463006.0,0.0
PIDILITIND.NS,2025-05-28,1500.5,1490.272705078125,616064.0,0.0
PIDILITIND.NS,2025-05-29,1514.800048828125,1504.475341796875,501998.0,0.0
PIDILITIND.NS,2025-05-30,1553.5999755859375,1543.0107421875,3308300.0,0.0
PIDILITIND.NS,2025-06-02,1540.0999755859375,1529.602783203125,837390.0,0.0
PIDILITIND.NS,2025-06-03,1548.050048828125,1537.4986572265625,644732.0,0.0
PIDILITIND.NS,2025-06-04,1547.6500244140625,1537.1014404296875,920830.0,0.0
PIDILITIND.NS,2025-06-05,1526.5999755859375,1516.19482421875,823882.0,0.0
PIDILITIND.NS,2025-06-06,1524.9000244140625,1514.5064697265625,316076.0,0.0
PIDILITIND.NS,2025-06-09,1527.9000244140625,1517.4859619140625,473532.0,0.0
PIDILITIND.NS,2025-06-10,1539.6500244140625,1529.1558837890625,391672.0,0.0
PIDILITIND.NS,2025-06-11,1530.0999755859375,1519.6708984375,470824.0,0.0
PIDILITIND.NS,2025-06-12,1523.449951171875,1513.0662841796875,749758.0,0.0
PIDILITIND.NS,2025-06-13,1506.25,1495.9835205078125,766960.0,0.0
PIDILITIND.NS,2025-06-16,1499.4000244140625,1489.1802978515625,359522.0,0.0
PIDILITIND.NS,2025-06-17,1509.1500244140625,1498.86376953125,528290.0,0.0
PIDILITIND.NS,2025-06-18,1484.0999755859375,1473.9844970703125,414844.0,0.0
PIDILITIND.NS,2025-06-19,1483.6500244140625,1473.53759765625,184626.0,0.0
PIDILITIND.NS,2025-06-20,1478.050048828125,1467.975830078125,1044968.0,0.0
PIDILITIND.NS,2025-06-23,1475.8499755859375,1465.790771484375,180832.0,0.0
PIDILITIND.NS,2025-06-24,1501.1500244140625,1490.9183349609375,614098.0,0.0
PIDILITIND.NS,2025-06-25,1502.949951171875,1492.7059326171875,1473846.0,0.0
PIDILITIND.NS,2025-06-26,1510.0,1499.7080078125,450772.0,0.0
PIDILITIND.NS,2025-06-27,1525.8499755859375,1515.449951171875,612710.0,0.0
PIDILITIND.NS,2025-06-30,1527.199951171875,1516.7906494140625,340086.0,0.0
PIDILITIND.NS,2025-07-01,1522.9000244140625,1512.52001953125,483880.0,0.0
PIDILITIND.NS,2025-07-02,1538.300048828125,1527.815185546875,387752.0,0.0
PIDILITIND.NS,2025-07-03,1557.25,1546.6358642578125,781166.0,0.0
PIDILITIND.NS,2025-07-04,1540.0999755859375,1529.602783203125,420752.0,0.0
PIDILITIND.NS,2025-07-07,1536.199951171875,1525.7293701171875,519264.0,0.0
PIDILITIND.NS,2025-07-08,1533.800048828125,1523.3458251953125,449486.0,0.0
PIDILITIND.NS,2025-07-09,1524.1500244140625,1513.7615966796875,693860.0,0.0
PIDILITIND.NS,2025-07-10,1532.550048828125,1522.1043701171875,644522.0,0.0
PIDILITIND.NS,2025-07-11,1500.4000244140625,1490.1734619140625,336992.0,0.0
PIDILITIND.NS,2025-07-14,1482.199951171875,1472.097412109375,737312.0,0.0
PIDILITIND.NS,2025-07-15,1499.0999755859375,1488.8822021484375,249360.0,0.0
PIDILITIND.NS,2025-07-16,1494.0,1483.8170166015625,484312.0,0.0
PIDILITIND.NS,2025-07-17,1496.1500244140625,1485.952392578125,308510.0,0.0
PIDILITIND.NS,2025-07-18,1479.050048828125,1468.968994140625,630918.0,0.0
PIDILITIND.NS,2025-07-21,1482.550048828125,1472.445068359375,417914.0,0.0
PIDILITIND.NS,2025-07-22,1467.1500244140625,1457.1500244140625,340602.0,0.0
PIDILITIND.NS,2025-07-23,1459.449951171875,1459.449951171875,487406.0,0.0
PIDILITIND.NS,2025-07-24,1453.949951171875,1453.949951171875,242040.0,0.0
PIDILITIND.NS,2025-07-25,1444.800048828125,1444.800048828125,368204.0,0.0
PIDILITIND.NS,2025-07-28,1439.4000244140625,1439.4000244140625,484778.0,0.0
PIDILITIND.NS,2025-07-29,1446.449951171875,1446.449951171875,328764.0,0.0
PIDILITIND.NS,2025-07-30,1437.050048828125,1437.050048828125,499792.0,0.0
PIDILITIND.NS,2025-07-31,1434.9000244140625,1434.9000244140625,377956.0,0.0
PIDILITIND.NS,2025-08-01,1429.449951171875,1429.449951171875,409566.0,0.0
PIDILITIND.NS,2025-08-04,1475.9000244140625,1475.9000244140625,817016.0,0.0
PIDILITIND.NS,2025-08-05,1498.800048828125,1498.800048828125,1155166.0,0.0
PIDILITIND.NS,2025-08-06,1520.9000244140625,1520.9000244140625,1638232.0,0.0
PIDILITIND.NS,2025-08-07,1525.4000244140625,1525.4000244140625,2353820.0,0.0
PIDILITIND.NS,2025-08-08,1540.6500244140625,1540.6500244140625,1275428.0,0.0
PIDILITIND.NS,2025-08-11,1548.4000244140625,1548.4000244140625,648830.0,0.0
PIDILITIND.NS,2025-08-12,1550.75,1550.75,598262.0,0.0
PIDILITIND.NS,2025-08-13,1530.949951171875,1530.949951171875,511880.0,0.0
PIDILITIND.NS,2025-08-14,1542.699951171875,1542.699951171875,772046.0,0.0
PIDILITIND.NS,2025-08-18,1538.449951171875,1538.449951171875,511870.0,0.0
PIDILITIND.NS,2025-08-19,1547.5999755859375,1547.5999755859375,569624.0,0.0
PIDILITIND.NS,2025-08-20,1542.300048828125,1542.300048828125,153754.0,0.0
PIDILITIND.NS,2025-08-21,1539.5,1539.5,236826.0,0.0
PIDILITIND.NS,2025-08-22,1543.5999755859375,1543.5999755859375,715582.0,0.0
PIDILITIND.NS,2025-08-25,1553.5,1553.5,731340.0,0.0
PIDILITIND.NS,2025-08-26,1550.199951171875,1550.199951171875,1389672.0,0.0
PIDILITIND.NS,2025-08-28,1531.449951171875,1531.449951171875,372480.0,0.0
PIDILITIND.NS,2025-08-29,1525.1500244140625,1525.1500244140625,654086.0,0.0
PIDILITIND.NS,2025-09-01,1562.699951171875,1562.699951171875,482682.0,0.0
PIDILITIND.NS,2025-09-02,1563.5,1563.5,370084.0,0.0
PIDILITIND.NS,2025-09-03,1556.0,1556.0,433852.0,0.0
PIDILITIND.NS,2025-09-04,1559.550048828125,1559.550048828125,860810.0,0.0
PIDILITIND.NS,2025-09-05,1547.550048828125,1547.550048828125,224508.0,0.0
PIDILITIND.NS,2025-09-08,1551.9000244140625,1551.9000244140625,217014.0,0.0
PIDILITIND.NS,2025-09-09,1550.050048828125,1550.050048828125,615658.0,0.0
PIDILITIND.NS,2025-09-10,1535.300048828125,1535.300048828125,338108.0,0.0
PIDILITIND.NS,2025-09-11,1539.9000244140625,1539.9000244140625,307008.0,0.0
PIDILITIND.NS,2025-09-12,1539.449951171875,1539.449951171875,388750.0,0.0
PIDILITIND.NS,2025-09-15,1537.050048828125,1537.050048828125,366894.0,0.0
PIDILITIND.NS,2025-09-16,1537.0,1537.0,424184.0,0.0
PIDILITIND.NS,2025-09-17,1531.0,1531.0,491174.0,0.0
PIDILITIND.NS,2025-09-18,1527.0999755859375,1527.0999755859375,1191302.0,0.0
PIDILITIND.NS,2025-09-19,1524.1500244140625,1524.1500244140625,826712.0,0.0
PIDILITIND.NS,2025-09-22,1519.0,1519.0,736500.0,0.0
PIDILITIND.NS,2025-09-23,1489.300048828125,1489.300048828125,810500.0,2.0
PIDILITIND.NS,2025-09-24,1519.5,1519.5,540982.0,0.0
PIDILITIND.NS,2025-09-25,1495.699951171875,1495.699951171875,554053.0,0.0
PIDILITIND.NS,2025-09-26,1474.800048828125,1474.800048828125,731234.0,0.0
PIDILITIND.NS,2025-09-29,1466.800048828125,1466.800048828125,984535.0,0.0
PIDILITIND.NS,2025-09-30,1468.0,1468.0,722168.0,0.0
PIDILITIND.NS,2025-10-01,1475.4000244140625,1475.4000244140625,888183.0,0.0
PIDILITIND.NS,2025-10-03,1489.5999755859375,1489.5999755859375,778524.0,0.0
PIDILITIND.NS,2025-10-06,1489.0,1489.0,425656.0,0.0
PIDILITIND.NS,2025-10-07,1470.9000244140625,1470.9000244140625,725776.0,0.0
PIDILITIND.NS,2025-10-08,1493.699951171875,1493.699951171875,1023522.0,0.0
PIDILITIND.NS,2025-10-09,1510.4000244140625,1510.4000244140625,543793.0,0.0
PIDILITIND.NS,2025-10-10,1510.5999755859375,1510.5999755859375,476671.0,0.0
PIDILITIND.NS,2025-10-13,1513.5,1513.5,436390.0,0.0
PIDILITIND.NS,2025-10-14,1491.199951171875,1491.199951171875,258073.0,0.0
PIDILITIND.NS,2025-10-15,1500.800048828125,1500.800048828125,415150.0,0.0
PIDILITIND.NS,2025-10-16,1523.0,1523.0,492506.0,0.0
PIDILITIND.NS,2025-10-17,1542.699951171875,1542.699951171875,818953.0,0.0
PIDILITIND.NS,2025-10-20,1526.300048828125,1526.300048828125,323401.0,0.0
PIDILITIND.NS,2025-10-21,1532.0,1532.0,62310.0,0.0
PIDILITIND.NS,2025-10-23,1517.0999755859375,1517.0999755859375,423185.0,0.0
PIDILITIND.NS,2025-10-24,1507.0999755859375,1507.0999755859375,414542.0,0.0
PIDILITIND.NS,2025-10-27,1504.4000244140625,1504.4000244140625,522205.0,0.0
PIDILITIND.NS,2025-10-28,1492.0,1492.0,670631.0,0.0
PIDILITIND.NS,2025-10-29,1507.300048828125,1507.300048828125,489526.0,0.0
PIDILITIND.NS,2025-10-30,1486.4000244140625,1486.4000244140625,813850.0,0.0
PIDILITIND.NS,2025-10-31,1444.5999755859375,1444.5999755859375,1720635.0,0.0
PIDILITIND.NS,2025-11-03,1460.5,1460.5,677950.0,0.0
PIDILITIND.NS,2025-11-04,1455.199951171875,1455.199951171875,707089.0,0.0
PIDILITIND.NS,2025-11-06,1442.800048828125,1442.800048828125,692357.0,0.0
PIDILITIND.NS,2025-11-07,1454.800048828125,1454.800048828125,533597.0,0.0
PIDILITIND.NS,2025-11-10,1456.5999755859375,1456.5999755859375,283000.0,0.0
PIDILITIND.NS,2025-11-11,1472.9000244140625,1472.9000244140625,292665.0,0.0
PIDILITIND.NS,2025-11-12,1482.0,1482.0,417016.0,0.0
PIDILITIND.NS,2025-11-13,1481.4000244140625,1481.4000244140625,798904.0,0.0
PIDILITIND.NS,2025-11-14,1459.800048828125,1459.800048828125,549299.0,0.0
PIDILITIND.NS,2025-11-17,1475.5,1475.5,898284.0,0.0
PIDILITIND.NS,2025-11-18,1491.0,1491.0,1135472.0,0.0
PIDILITIND.NS,2025-11-19,1476.699951171875,1476.699951171875,631671.0,0.0
PIDILITIND.NS,2025-11-20,1489.0,1489.0,829582.0,0.0
PIDILITIND.NS,2025-11-21,1472.0999755859375,1472.0999755859375,331504.0,0.0
PIDILITIND.NS,2025-11-24,1463.0,1463.0,3427226.0,0.0
PIDILITIND.NS,2025-11-25,1466.5999755859375,1466.5999755859375,449171.0,0.0
PIDILITIND.NS,2025-11-26,1484.4000244140625,1484.4000244140625,371398.0,0.0
PIDILITIND.NS,2025-11-27,1472.300048828125,1472.300048828125,421269.0,0.0
PIDILITIND.NS,2025-11-28,1469.800048828125,1469.800048828125,380330.0,0.0
PIDILITIND.NS,2025-12-01,1468.5999755859375,1468.5999755859375,197122.0,0.0
PIDILITIND.NS,2025-12-02,1468.9000244140625,1468.9000244140625,586303.0,0.0
PIDILITIND.NS,2025-12-03,1478.5999755859375,1478.5999755859375,717275.0,0.0
PIDILITIND.NS,2025-12-04,1484.699951171875,1484.699951171875,308126.0,0.0
PIDILITIND.NS,2025-12-05,1475.0999755859375,1475.0999755859375,328473.0,0.0
PIDILITIND.NS,2025-12-08,1456.0999755859375,1456.0999755859375,343005.0,0.0
PIDILITIND.NS,2025-12-09,1459.800048828125,1459.800048828125,325894.0,0.0
PIDILITIND.NS,2025-12-10,1455.699951171875,1455.699951171875,458850.0,0.0
PIDILITIND.NS,2025-12-11,1467.4000244140625,1467.4000244140625,148263.0,0.0
PIDILITIND.NS,2025-12-12,1476.800048828125,1476.800048828125,332259.0,0.0
PIDILITIND.NS,2025-12-15,1479.4000244140625,1479.4000244140625,494291.0,0.0
PIDILITIND.NS,2025-12-16,1473.0999755859375,1473.0999755859375,326142.0,0.0
PIDILITIND.NS,2025-12-17,1450.699951171875,1450.699951171875,259786.0,0.0
PIDILITIND.NS,2025-12-18,1451.5999755859375,1451.5999755859375,258434.0,0.0
PIDILITIND.NS,2025-12-19,1458.300048828125,1458.300048828125,504759.0,0.0
PIDILITIND.NS,2025-12-22,1459.199951171875,1459.199951171875,276397.0,0.0
PIDILITIND.NS,2025-12-23,1462.0999755859375,1462.0999755859375,205136.0,0.0
PIDILITIND.NS,2025-12-24,1446.5999755859375,1446.5999755859375,282565.0,0.0
PIDILITIND.NS,2025-12-26,1458.5999755859375,1458.5999755859375,240983.0,0.0
PIDILITIND.NS,2025-12-29,1452.800048828125,1452.800048828125,587342.0,0.0
PIDILITIND.NS,2025-12-30,1450.9000244140625,1450.9000244140625,832687.0,0.0
PIDILITIND.NS,2025-12-31,1482.4000244140625,1482.4000244140625,605718.0,0.0
PIDILITIND.NS,2026-01-01,1469.300048828125,1469.300048828125,108609.0,0.0
PIDILITIND.NS,2026-01-02,1478.199951171875,1478.199951171875,275319.0,0.0
PIDILITIND.NS,2026-01-05,1505.0,1505.0,473909.0,0.0
PIDILITIND.NS,2026-01-06,1505.0,1505.0,393706.0,0.0
PIDILITIND.NS,2026-01-07,1514.800048828125,1514.800048828125,623936.0,0.0
PIDILITIND.NS,2026-01-08,1500.800048828125,1500.800048828125,493955.0,0.0
PIDILITIND.NS,2026-01-09,1484.300048828125,1484.300048828125,944361.0,0.0
PIDILITIND.NS,2026-01-12,1500.800048828125,1500.800048828125,516036.0,0.0
PIDILITIND.NS,2026-01-13,1498.9000244140625,1498.9000244140625,491184.0,0.0
PIDILITIND.NS,2026-01-14,1495.300048828125,1495.300048828125,426425.0,0.0
PIDILITIND.NS,2026-01-15,1495.300048828125,1495.300048828125,0.0,0.0
PIDILITIND.NS,2026-01-16,1476.5999755859375,1476.5999755859375,745534.0,0.0
PIDILITIND.NS,2026-01-19,1474.800048828125,1474.800048828125,435942.0,0.0
PIDILITIND.NS,2026-01-20,1435.199951171875,1435.199951171875,591626.0,0.0
PIDILITIND.NS,2026-01-21,1421.800048828125,1421.800048828125,560841.0,0.0
PIDILITIND.NS,2026-01-22,1452.800048828125,1452.800048828125,385508.0,0.0
PIDILITIND.NS,2026-01-23,1447.9000244140625,1447.9000244140625,1212874.0,0.0
PIDILITIND.NS,2026-01-27,1447.199951171875,1447.199951171875,405584.0,0.0
PIDILITIND.NS,2026-01-28,1460.699951171875,1460.699951171875,824989.0,0.0
PIDILITIND.NS,2026-01-29,1429.5999755859375,1429.5999755859375,820183.0,0.0
PIDILITIND.NS,2026-01-30,1431.0999755859375,1431.0999755859375,722566.0,0.0
PIDILITIND.NS,2026-02-02,1412.0,1412.0,1594471.0,0.0
PIDILITIND.NS,2026-02-03,1427.800048828125,1427.800048828125,1418450.0,0.0
PIDILITIND.NS,2026-02-04,1460.300048828125,1460.300048828125,1787666.0,0.0
PIDILITIND.NS,2026-02-05,1469.5999755859375,1469.5999755859375,835235.0,0.0
PIDILITIND.NS,2026-02-06,1489.0999755859375,1489.0999755859375,571034.0,0.0
PIDILITIND.NS,2026-02-09,1488.199951171875,1488.199951171875,322208.0,0.0
PIDILITIND.NS,2026-02-10,1478.9000244140625,1478.9000244140625,509638.0,0.0
PIDILITIND.NS,2026-02-11,1480.0999755859375,1480.0999755859375,442015.0,0.0
PFC.NS,2025-02-11,375.5,359.9335632324219,13932310.0,0.0
PFC.NS,2025-02-12,373.8500061035156,358.35198974609375,18493994.0,0.0
PFC.NS,2025-02-13,384.5,368.5604553222656,15685551.0,0.0
PFC.NS,2025-02-14,371.29998779296875,355.9076843261719,9111445.0,0.0
PFC.NS,2025-02-17,372.3500061035156,356.9141845703125,9524354.0,0.0
PFC.NS,2025-02-18,375.5,359.9335632324219,9358375.0,0.0
PFC.NS,2025-02-19,384.45001220703125,368.51251220703125,10253709.0,0.0
PFC.NS,2025-02-20,391.70001220703125,375.4620056152344,8995688.0,0.0
PFC.NS,2025-02-21,389.70001220703125,373.5448913574219,6385575.0,0.0
PFC.NS,2025-02-24,382.8500061035156,366.9788818359375,8201863.0,0.0
PFC.NS,2025-02-25,381.95001220703125,366.1161804199219,6037957.0,0.0
PFC.NS,2025-02-27,378.1000061035156,362.42578125,9653923.0,0.0
PFC.NS,2025-02-28,364.29998779296875,352.46051025390625,23690515.0,0.0
PFC.NS,2025-03-03,379.70001220703125,367.36004638671875,11923586.0,0.0
PFC.NS,2025-03-04,383.29998779296875,370.8430480957031,9721898.0,0.0
PFC.NS,2025-03-05,395.75,382.888427734375,10048929.0,0.0
PFC.NS,2025-03-06,405.75,392.56341552734375,7589546.0,0.0
PFC.NS,2025-03-07,401.1000061035156,388.0645751953125,8363854.0,0.0
PFC.NS,2025-03-10,394.25,381.4371643066406,7710492.0,0.0
PFC.NS,2025-03-11,399.3999938964844,386.4197692871094,5838218.0,0.0
PFC.NS,2025-03-12,396.1000061035156,383.22705078125,6139396.0,0.0
PFC.NS,2025-03-13,388.3500061035156,375.7289123535156,7418570.0,0.0
PFC.NS,2025-03-17,389.70001220703125,377.0350341796875,6963936.0,0.0
PFC.NS,2025-03-18,389.70001220703125,377.0350341796875,0.0,0.0
PFC.NS,2025-03-19,403.8999938964844,394.31500244140625,6805771.0,0.0
PFC.NS,2025-03-20,402.3500061035156,392.80181884765625,5519039.0,0.0
PFC.NS,2025-03-21,407.79998779296875,398.1224670410156,7418546.0,0.0
PFC.NS,2025-03-24,425.5,415.40240478515625,11643524.0,0.0
PFC.NS,2025-03-25,419.25,409.30072021484375,7814328.0,0.0
PFC.NS,2025-03-26,410.5,400.7583923339844,5336807.0,0.0
PFC.NS,2025-03-27,421.0,411.00921630859375,7153843.0,0.0
PFC.NS,2025-03-28,414.25,404.4194030761719,8470283.0,0.0
PFC.NS,2025-04-01,404.70001220703125,395.0960388183594,6298784.0,0.0
PFC.NS,2025-04-02,415.8500061035156,405.9814147949219,6384707.0,0.0
PFC.NS,2025-04-03,421.3500061035156,411.3509216308594,5378877.0,0.0
PFC.NS,2025-04-04,406.8500061035156,397.1950378417969,6089301.0,0.0
PFC.NS,2025-04-07,395.04998779296875,385.67498779296875,11041175.0,0.0
PFC.NS,2025-04-08,398.54998779296875,389.09197998046875,12900567.0,0.0
PFC.NS,2025-04-09,393.8500061035156,384.5035095214844,6339983.0,0.0
PFC.NS,2025-04-11,400.75,391.23974609375,5867624.0,0.0
PFC.NS,2025-04-15,425.54998779296875,415.4512023925781,9433755.0,0.0
PFC.NS,2025-04-16,423.79998779296875,413.7427673339844,5962450.0,0.0
PFC.NS,2025-04-17,423.70001220703125,413.6451416015625,6171410.0,0.0
PFC.NS,2025-04-21,436.25,425.8973083496094,7625622.0,0.0
PFC.NS,2025-04-22,438.1499938964844,427.752197265625,8222555.0,0.0
PFC.NS,2025-04-23,433.1000061035156,422.8220520019531,7558664.0,0.0
PFC.NS,2025-04-24,434.20001220703125,423.8959655761719,6093751.0,0.0
PFC.NS,2025-04-25,415.04998779296875,405.2004089355469,8782826.0,0.0
PFC.NS,2025-04-28,419.54998779296875,409.5935974121094,6646961.0,0.0
PFC.NS,2025-04-29,413.5,403.68719482421875,5520460.0,0.0
PFC.NS,2025-04-30,407.3999938964844,397.73193359375,5430500.0,0.0
PFC.NS,2025-05-02,404.70001220703125,395.0960388183594,5838633.0,0.0
PFC.NS,2025-05-05,410.3999938964844,400.6607666015625,3849153.0,0.0
PFC.NS,2025-05-06,395.3999938964844,386.0167236328125,5473528.0,0.0
PFC.NS,2025-05-07,404.29998779296875,394.70550537109375,5827411.0,0.0
PFC.NS,2025-05-08,390.29998779296875,381.0377502441406,8406346.0,0.0
PFC.NS,2025-05-09,385.8999938964844,376.7421875,8952332.0,0.0
PFC.NS,2025-05-12,413.95001220703125,404.1264953613281,6534063.0,0.0
PFC.NS,2025-05-13,412.3500061035156,402.5644836425781,5902455.0,0.0
PFC.NS,2025-05-14,405.5,395.8770446777344,12063302.0,0.0
PFC.NS,2025-05-15,407.1000061035156,397.4390563964844,9174908.0,0.0
PFC.NS,2025-05-16,417.75,407.8363037109375,13040115.0,0.0
PFC.NS,2025-05-19,419.20001220703125,409.251953125,6144525.0,0.0
PFC.NS,2025-05-20,406.25,396.6092224121094,7787229.0,0.0
PFC.NS,2025-05-21,412.70001220703125,402.90618896484375,16780984.0,0.0
PFC.NS,2025-05-22,406.6000061035156,396.9509582519531,11486658.0,0.0
PFC.NS,2025-05-23,405.79998779296875,396.1698913574219,6801449.0,0.0
PFC.NS,2025-05-26,412.5,402.7109375,4774997.0,0.0
PFC.NS,2025-05-27,413.1000061035156,403.29669189453125,5189625.0,0.0
PFC.NS,2025-05-28,411.75,401.9787292480469,3574669.0,0.0
PFC.NS,2025-05-29,413.5,403.68719482421875,3763771.0,0.0
PFC.NS,2025-05-30,405.95001220703125,396.3163757324219,10039873.0,0.0
PFC.NS,2025-06-02,409.3500061035156,399.63568115234375,4041431.0,0.0
PFC.NS,2025-06-03,407.25,397.58551025390625,4671387.0,0.0
PFC.NS,2025-06-04,404.79998779296875,395.19366455078125,4366667.0,0.0
PFC.NS,2025-06-05,407.8999938964844,398.2200927734375,3695619.0,0.0
PFC.NS,2025-06-06,418.3999938964844,408.47088623046875,11031104.0,0.0
PFC.NS,2025-06-09,431.0,420.77191162109375,9586201.0,0.0
PFC.NS,2025-06-10,431.45001220703125,421.21124267578125,4964863.0,0.0
PFC.NS,2025-06-11,428.6499938964844,418.4776611328125,4662364.0,0.0
PFC.NS,2025-06-12,415.75,405.8838195800781,7636464.0,0.0
PFC.NS,2025-06-13,406.45001220703125,398.7707824707031,7340189.0,0.0
PFC.NS,2025-06-16,406.54998779296875,398.8688659667969,4875821.0,0.0
PFC.NS,2025-06-17,403.1000061035156,395.48406982421875,4437622.0,0.0
PFC.NS,2025-06-18,397.04998779296875,389.5483703613281,4637176.0,0.0
PFC.NS,2025-06-19,390.3500061035156,382.9749450683594,5562987.0,0.0
PFC.NS,2025-06-20,409.04998779296875,401.3216552734375,40786410.0,0.0
PFC.NS,2025-06-23,410.8999938964844,403.1366882324219,5128511.0,0.0
PFC.NS,2025-06-24,413.70001220703125,405.8838195800781,5682297.0,0.0
PFC.NS,2025-06-25,412.8999938964844,405.098876953125,5208380.0,0.0
PFC.NS,2025-06-26,420.25,412.31005859375,4936949.0,0.0
PFC.NS,2025-06-27,421.54998779296875,413.5854797363281,5893639.0,0.0
PFC.NS,2025-06-30,427.3999938964844,419.324951171875,8309295.0,0.0
PFC.NS,2025-07-01,423.6499938964844,415.64581298828125,5986456.0,0.0
PFC.NS,2025-07-02,418.3999938964844,410.4949951171875,5958682.0,0.0
PFC.NS,2025-07-03,415.45001220703125,407.60076904296875,4471741.0,0.0
PFC.NS,2025-07-04,413.25,405.44232177734375,4544818.0,0.0
PFC.NS,2025-07-07,411.5,403.7253723144531,3269596.0,0.0
PFC.NS,2025-07-08,419.79998779296875,411.8685302734375,4918959.0,0.0
PFC.NS,2025-07-09,417.75,409.8572692871094,3945567.0,0.0
PFC.NS,2025-07-10,429.45001220703125,421.33624267578125,26178377.0,0.0
PFC.NS,2025-07-11,430.95001220703125,422.8078918457031,14700458.0,0.0
PFC.NS,2025-07-14,425.20001220703125,417.1665344238281,4986863.0,0.0
PFC.NS,2025-07-15,425.1000061035156,417.06842041015625,3974226.0,0.0
PFC.NS,2025-07-16,423.75,415.7439270019531,3701435.0,0.0
PFC.NS,2025-07-17,424.1000061035156,416.0873107910156,4052726.0,0.0
PFC.NS,2025-07-18,420.45001220703125,412.50628662109375,5218834.0,0.0
PFC.NS,2025-07-21,419.79998779296875,411.8685302734375,4051980.0,0.0
PFC.NS,2025-07-22,414.70001220703125,406.86492919921875,3407343.0,0.0
PFC.NS,2025-07-23,419.1499938964844,411.2308349609375,3652329.0,0.0
PFC.NS,2025-07-24,422.1499938964844,414.17413330078125,2781973.0,0.0
PFC.NS,2025-07-25,415.1000061035156,407.2573547363281,4213376.0,0.0
PFC.NS,2025-07-28,405.1499938964844,397.4953308105469,3493261.0,0.0
PFC.NS,2025-07-29,410.6000061035156,402.8423767089844,4343591.0,0.0
PFC.NS,2025-07-30,411.8999938964844,404.1177978515625,2147122.0,0.0
PFC.NS,2025-07-31,409.95001220703125,402.2046813964844,3924392.0,0.0
PFC.NS,2025-08-01,403.8500061035156,396.21990966796875,2424645.0,0.0
PFC.NS,2025-08-04,413.75,405.932861328125,3031304.0,0.0
PFC.NS,2025-08-05,413.5,405.6875915527344,3014252.0,0.0
PFC.NS,2025-08-06,415.75,407.8950500488281,10816716.0,0.0
PFC.NS,2025-08-07,408.95001220703125,401.22357177734375,8387797.0,0.0
PFC.NS,2025-08-08,404.6499938964844,397.0047912597656,6103086.0,0.0
PFC.NS,2025-08-11,418.79998779296875,410.8874206542969,9713008.0,0.0
PFC.NS,2025-08-12,415.70001220703125,407.8460388183594,6429327.0,0.0
PFC.NS,2025-08-13,417.75,409.8572692871094,3883695.0,0.0
PFC.NS,2025-08-14,416.5,408.6308898925781,3680607.0,0.0
PFC.NS,2025-08-18,408.70001220703125,404.5722961425781,6119780.0,0.0
PFC.NS,2025-08-19,410.0,405.8591613769531,5315976.0,0.0
PFC.NS,2025-08-20,403.3999938964844,399.3258056640625,7517853.0,0.0
PFC.NS,2025-08-21,400.25,396.2076416015625,6814781.0,0.0
PFC.NS,2025-08-22,399.8500061035156,395.8116760253906,6199157.0,0.0
PFC.NS,2025-08-25,399.29998779296875,395.2672119140625,3576487.0,0.0
PFC.NS,2025-08-26,388.54998779296875,384.62579345703125,8672494.0,0.0
PFC.NS,2025-08-28,381.75,377.89447021484375,6429323.0,0.0
PFC.NS,2025-08-29,379.70001220703125,375.8652038574219,7398515.0,0.0
PFC.NS,2025-09-01,389.54998779296875,385.6156921386719,3520775.0,0.0
PFC.NS,2025-09-02,392.6499938964844,388.68438720703125,4362539.0,0.0
PFC.NS,2025-09-03,394.29998779296875,390.3177185058594,3271472.0,0.0
PFC.NS,2025-09-04,390.04998779296875,386.11065673828125,2108026.0,0.0
PFC.NS,2025-09-05,394.3999938964844,390.4167175292969,2886182.0,0.0
PFC.NS,2025-09-08,395.1499938964844,391.1591491699219,2699778.0,0.0
PFC.NS,2025-09-09,392.8999938964844,388.9318542480469,2829816.0,0.0
PFC.NS,2025-09-10,398.0,393.9803771972656,4562765.0,0.0
PFC.NS,2025-09-11,399.54998779296875,395.51470947265625,2141209.0,0.0
PFC.NS,2025-09-12,395.70001220703125,391.70361328125,2713735.0,0.0
PFC.NS,2025-09-15,401.8500061035156,397.7914733886719,4377204.0,0.0
PFC.NS,2025-09-16,403.04998779296875,398.9793395996094,3484057.0,0.0
PFC.NS,2025-09-17,404.79998779296875,400.711669921875,5034405.0,0.0
PFC.NS,2025-09-18,408.0,403.8793640136719,4572862.0,0.0
PFC.NS,2025-09-19,409.1000061035156,404.96826171875,4772377.0,0.0
PFC.NS,2025-09-22,408.8500061035156,404.7207946777344,3096650.0,0.0
PFC.NS,2025-09-23,412.8999938964844,408.7298583984375,4410834.0,0.0
PFC.NS,2025-09-24,410.70001220703125,406.5521240234375,2610791.0,0.0
PFC.NS,2025-09-25,405.3999938964844,401.3056335449219,2866572.0,0.0
PFC.NS,2025-09-26,397.29998779296875,393.28741455078125,4214115.0,0.0
PFC.NS,2025-09-29,406.45001220703125,402.34503173828125,3646754.0,0.0
PFC.NS,2025-09-30,410.25,406.10662841796875,4126060.0,0.0
PFC.NS,2025-10-01,411.1499938964844,406.99755859375,13392846.0,0.0
PFC.NS,2025-10-03,412.20001220703125,408.0369567871094,6422810.0,0.0
PFC.NS,2025-10-06,405.8999938964844,401.8005676269531,3131710.0,0.0
PFC.NS,2025-10-07,408.79998779296875,404.6712646484375,1919745.0,0.0
PFC.NS,2025-10-08,400.0,395.9601745605469,4838089.0,0.0
PFC.NS,2025-10-09,402.3500061035156,398.28643798828125,2638307.0,0.0
PFC.NS,2025-10-10,403.8500061035156,399.77130126953125,2216904.0,0.0
PFC.NS,2025-10-13,403.1000061035156,399.02886962890625,2604983.0,0.0
PFC.NS,2025-10-14,398.0,393.9803771972656,6584385.0,0.0
PFC.NS,2025-10-15,405.0,400.90966796875,5923684.0,0.0
PFC.NS,2025-10-16,401.54998779296875,397.4945068359375,4441896.0,0.0
PFC.NS,2025-10-17,396.45001220703125,392.446044921875,7566342.0,0.0
PFC.NS,2025-10-20,397.95001220703125,393.9308776855469,4927347.0,0.0
PFC.NS,2025-10-21,398.45001220703125,394.42584228515625,661678.0,0.0
PFC.NS,2025-10-23,396.6000061035156,392.5945129394531,7783176.0,0.0
PFC.NS,2025-10-24,393.6000061035156,389.62481689453125,3294561.0,0.0
PFC.NS,2025-10-27,396.8999938964844,392.8914794921875,3263341.0,0.0
PFC.NS,2025-10-28,394.6000061035156,390.6147155761719,5914973.0,0.0
PFC.NS,2025-10-29,408.79998779296875,404.6712646484375,10111788.0,0.0
PFC.NS,2025-10-30,405.04998779296875,400.9591369628906,5311440.0,0.0
PFC.NS,2025-10-31,403.25,399.1773376464844,4200882.0,0.0
PFC.NS,2025-11-03,403.3999938964844,399.3258056640625,3659563.0,0.0
PFC.NS,2025-11-04,396.20001220703125,392.19854736328125,5105933.0,0.0
PFC.NS,2025-11-06,386.1000061035156,382.2005615234375,6401150.0,0.0
PFC.NS,2025-11-07,380.25,376.4096374511719,16021457.0,0.0
PFC.NS,2025-11-10,377.29998779296875,373.4894104003906,7558172.0,0.0
PFC.NS,2025-11-11,375.0,371.212646484375,8888268.0,0.0
PFC.NS,2025-11-12,375.29998779296875,371.5096130371094,5333409.0,0.0
PFC.NS,2025-11-13,372.8999938964844,369.13385009765625,5884580.0,0.0
PFC.NS,2025-11-14,374.6000061035156,370.81671142578125,4954031.0,0.0
PFC.NS,2025-11-17,376.3999938964844,372.5985107421875,5325450.0,0.0
PFC.NS,2025-11-18,374.6000061035156,370.81671142578125,5223085.0,0.0
PFC.NS,2025-11-19,373.6499938964844,369.87628173828125,5830083.0,0.0
PFC.NS,2025-11-20,372.75,368.9853820800781,4429516.0,0.0
PFC.NS,2025-11-21,369.70001220703125,365.9661865234375,3904024.0,0.0
PFC.NS,2025-11-24,362.6499938964844,358.98736572265625,11744103.0,0.0
PFC.NS,2025-11-25,361.3999938964844,357.75,6113266.0,0.0
PFC.NS,2025-11-26,362.3999938964844,362.3999938964844,5145168.0,0.0
PFC.NS,2025-11-27,365.1499938964844,365.1499938964844,5016640.0,0.0
PFC.NS,2025-11-28,362.70001220703125,362.70001220703125,3452880.0,0.0
PFC.NS,2025-12-01,360.95001220703125,360.95001220703125,3010315.0,0.0
PFC.NS,2025-12-02,360.29998779296875,360.29998779296875,4957405.0,0.0
PFC.NS,2025-12-03,351.95001220703125,351.95001220703125,7313684.0,0.0
PFC.NS,2025-12-04,352.04998779296875,352.04998779296875,3426935.0,0.0
PFC.NS,2025-12-05,352.6499938964844,352.6499938964844,5225025.0,0.0
PFC.NS,2025-12-08,342.45001220703125,342.45001220703125,7187288.0,0.0
PFC.NS,2025-12-09,342.5,342.5,8160700.0,0.0
PFC.NS,2025-12-10,343.8500061035156,343.8500061035156,7421279.0,0.0
PFC.NS,2025-12-11,342.54998779296875,342.54998779296875,4526067.0,0.0
PFC.NS,2025-12-12,344.20001220703125,344.20001220703125,3751220.0,0.0
PFC.NS,2025-12-15,341.20001220703125,341.20001220703125,4861434.0,0.0
PFC.NS,2025-12-16,336.1499938964844,336.1499938964844,8021854.0,0.0
PFC.NS,2025-12-17,335.6499938964844,335.6499938964844,4746519.0,0.0
PFC.NS,2025-12-18,335.04998779296875,335.04998779296875,5409972.0,0.0
PFC.NS,2025-12-19,338.70001220703125,338.70001220703125,8110376.0,0.0
PFC.NS,2025-12-22,343.3999938964844,343.3999938964844,5485124.0,0.0
PFC.NS,2025-12-23,354.8999938964844,354.8999938964844,9432271.0,0.0
PFC.NS,2025-12-24,352.29998779296875,352.29998779296875,4097578.0,0.0
PFC.NS,2025-12-26,354.6000061035156,354.6000061035156,4086038.0,0.0
PFC.NS,2025-12-29,351.54998779296875,351.54998779296875,3835579.0,0.0
PFC.NS,2025-12-30,349.3500061035156,349.3500061035156,3196377.0,0.0
PFC.NS,2025-12-31,355.3999938964844,355.3999938964844,4910584.0,0.0
PFC.NS,2026-01-01,363.1499938964844,363.1499938964844,7388994.0,0.0
PFC.NS,2026-01-02,375.95001220703125,375.95001220703125,19990998.0,0.0
PFC.NS,2026-01-05,375.04998779296875,375.04998779296875,6164496.0,0.0
PFC.NS,2026-01-06,376.25,376.25,6800656.0,0.0
PFC.NS,2026-01-07,376.95001220703125,376.95001220703125,5966190.0,0.0
PFC.NS,2026-01-08,365.45001220703125,365.45001220703125,7774241.0,0.0
PFC.NS,2026-01-09,358.8999938964844,358.8999938964844,5369561.0,0.0
PFC.NS,2026-01-12,371.79998779296875,371.79998779296875,8700735.0,0.0
PFC.NS,2026-01-13,369.54998779296875,369.54998779296875,5638105.0,0.0
PFC.NS,2026-01-14,371.8500061035156,371.8500061035156,4944952.0,0.0
PFC.NS,2026-01-15,371.8500061035156,371.8500061035156,0.0,0.0
PFC.NS,2026-01-16,375.3500061035156,375.3500061035156,6139589.0,0.0
PFC.NS,2026-01-19,372.1499938964844,372.1499938964844,4895367.0,0.0
PFC.NS,2026-01-20,360.5,360.5,4993397.0,0.0
PFC.NS,2026-01-21,357.6499938964844,357.6499938964844,6225235.0,0.0
PFC.NS,2026-01-22,364.70001220703125,364.70001220703125,3365970.0,0.0
PFC.NS,2026-01-23,358.6499938964844,358.6499938964844,6728741.0,0.0
PFC.NS,2026-01-27,361.6499938964844,361.6499938964844,5750519.0,0.0
PFC.NS,2026-01-28,383.04998779296875,383.04998779296875,12905737.0,0.0
PFC.NS,2026-01-29,386.79998779296875,386.79998779296875,11535966.0,0.0
PFC.NS,2026-01-30,379.3500061035156,379.3500061035156,17579735.0,0.0
PFC.NS,2026-02-02,385.6499938964844,385.6499938964844,14731376.0,0.0
PFC.NS,2026-02-03,392.6000061035156,392.6000061035156,10172106.0,0.0
PFC.NS,2026-02-04,414.6000061035156,414.6000061035156,22538378.0,0.0
PFC.NS,2026-02-05,415.0,415.0,21560718.0,0.0
PFC.NS,2026-02-06,419.20001220703125,419.20001220703125,10129279.0,0.0
PFC.NS,2026-02-09,415.20001220703125,415.20001220703125,19537837.0,0.0
PFC.NS,2026-02-10,413.25,413.25,8675871.0,0.0
PFC.NS,2026-02-11,415.8500061035156,415.8500061035156,3387349.0,0.0
PNB.NS,2025-02-11,95.22000122070312,92.53852844238281,23377744.0,0.0
PNB.NS,2025-02-12,95.66999816894531,92.9758529663086,28356228.0,0.0
PNB.NS,2025-02-13,94.63999938964844,91.97486114501953,13174852.0,0.0
PNB.NS,2025-02-14,92.25,89.65216827392578,21224323.0,0.0
PNB.NS,2025-02-17,93.18000030517578,90.55597686767578,19598957.0,0.0
PNB.NS,2025-02-18,91.86000061035156,89.27314758300781,12784429.0,0.0
PNB.NS,2025-02-19,92.86000061035156,90.24498748779297,14782674.0,0.0
PNB.NS,2025-02-20,95.6500015258789,92.9564208984375,21619032.0,0.0
PNB.NS,2025-02-21,94.25,91.59584045410156,12976716.0,0.0
PNB.NS,2025-02-24,93.98999786376953,91.3431625366211,12552679.0,0.0
PNB.NS,2025-02-25,93.12000274658203,90.49766540527344,17127179.0,0.0
PNB.NS,2025-02-27,91.95999908447266,89.37033081054688,27169438.0,0.0
PNB.NS,2025-02-28,87.38999938964844,84.92902374267578,39944640.0,0.0
PNB.NS,2025-03-03,87.29000091552734,84.83184051513672,29508306.0,0.0
PNB.NS,2025-03-04,87.08999633789062,84.6374740600586,19363016.0,0.0
PNB.NS,2025-03-05,89.73999786376953,87.21284484863281,26622932.0,0.0
PNB.NS,2025-03-06,90.98999786376953,88.42764282226562,25378584.0,0.0
PNB.NS,2025-03-07,91.16999816894531,88.60257720947266,16424249.0,0.0
PNB.NS,2025-03-10,88.5999984741211,86.10494995117188,20754269.0,0.0
PNB.NS,2025-03-11,88.16999816894531,85.68705749511719,11731107.0,0.0
PNB.NS,2025-03-12,86.9000015258789,84.45282745361328,20128306.0,0.0
PNB.NS,2025-03-13,87.19999694824219,84.74437713623047,14771127.0,0.0
PNB.NS,2025-03-17,87.47000122070312,85.00677490234375,15182408.0,0.0
PNB.NS,2025-03-18,87.47000122070312,85.00677490234375,0.0,0.0
PNB.NS,2025-03-19,91.0199966430664,88.45680236816406,20155513.0,0.0
PNB.NS,2025-03-20,91.30000305175781,88.72891998291016,16000840.0,0.0
PNB.NS,2025-03-21,93.13999938964844,90.51710510253906,22838586.0,0.0
PNB.NS,2025-03-24,95.93000030517578,93.22853088378906,25103209.0,0.0
PNB.NS,2025-03-25,93.80999755859375,91.1682357788086,20148506.0,0.0
PNB.NS,2025-03-26,92.86000061035156,90.24498748779297,19904559.0,0.0
PNB.NS,2025-03-27,96.41000366210938,93.69502258300781,62010832.0,0.0
PNB.NS,2025-03-28,96.12999725341797,93.42289733886719,21712434.0,0.0
PNB.NS,2025-04-01,96.23999786376953,93.52980041503906,13402932.0,0.0
PNB.NS,2025-04-02,97.33999633789062,94.59882354736328,14393929.0,0.0
PNB.NS,2025-04-03,99.0,96.21208190917969,25310675.0,0.0
PNB.NS,2025-04-04,96.61000061035156,93.8893814086914,21189363.0,0.0
PNB.NS,2025-04-07,94.91999816894531,92.2469711303711,28484870.0,0.0
PNB.NS,2025-04-08,96.91000366210938,94.18093872070312,22062343.0,0.0
PNB.NS,2025-04-09,95.76000213623047,93.06332397460938,17823534.0,0.0
PNB.NS,2025-04-11,96.08000183105469,93.37431335449219,11396866.0,0.0
PNB.NS,2025-04-15,96.58999633789062,93.86994171142578,23242204.0,0.0
PNB.NS,2025-04-16,98.83000183105469,96.04686737060547,29347045.0,0.0
PNB.NS,2025-04-17,99.5,96.697998046875,24865290.0,0.0
PNB.NS,2025-04-21,102.30000305175781,99.41915130615234,28222350.0,0.0
PNB.NS,2025-04-22,103.37999725341797,100.46873474121094,31806010.0,0.0
PNB.NS,2025-04-23,103.01000213623047,100.1091537475586,34299231.0,0.0
PNB.NS,2025-04-24,102.69999694824219,99.8078842163086,25468633.0,0.0
PNB.NS,2025-04-25,99.29000091552734,96.49391174316406,31662135.0,0.0
PNB.NS,2025-04-28,102.16999816894531,99.29280853271484,24194152.0,0.0
PNB.NS,2025-04-29,102.62999725341797,99.73985290527344,22707240.0,0.0
PNB.NS,2025-04-30,100.20999908447266,97.38800048828125,14741011.0,0.0
PNB.NS,2025-05-02,99.5,96.697998046875,13300520.0,0.0
PNB.NS,2025-05-05,99.4000015258789,96.60081481933594,11864456.0,0.0
PNB.NS,2025-05-06,94.47000122070312,91.80964660644531,27001134.0,0.0
PNB.NS,2025-05-07,94.25,91.59584045410156,89567019.0,0.0
PNB.NS,2025-05-08,91.36000061035156,88.7872314453125,65955601.0,0.0
PNB.NS,2025-05-09,91.97000122070312,89.38005065917969,35798578.0,0.0
PNB.NS,2025-05-12,95.77999877929688,93.08275604248047,31855906.0,0.0
PNB.NS,2025-05-13,97.68000030517578,94.92925262451172,26387953.0,0.0
PNB.NS,2025-05-14,97.87999725341797,95.12361907958984,17627909.0,0.0
PNB.NS,2025-05-15,98.31999969482422,95.55123138427734,14979089.0,0.0
PNB.NS,2025-05-16,98.91000366210938,96.12461853027344,15230863.0,0.0
PNB.NS,2025-05-19,100.91000366210938,98.06829833984375,39689793.0,0.0
PNB.NS,2025-05-20,100.48999786376953,97.66011810302734,30343187.0,0.0
PNB.NS,2025-05-21,101.9000015258789,99.0304183959961,19338345.0,0.0
PNB.NS,2025-05-22,100.37000274658203,97.54350280761719,18817135.0,0.0
PNB.NS,2025-05-23,100.37999725341797,97.55321502685547,14814597.0,0.0
PNB.NS,2025-05-26,100.95999908447266,98.11688232421875,13008222.0,0.0
PNB.NS,2025-05-27,102.0199966430664,99.14703369140625,21239984.0,0.0
PNB.NS,2025-05-28,102.29000091552734,99.40943145751953,13261838.0,0.0
PNB.NS,2025-05-29,102.30999755859375,99.42886352539062,20854888.0,0.0
PNB.NS,2025-05-30,105.81999969482422,102.84001922607422,60718136.0,0.0
PNB.NS,2025-06-02,108.45999908447266,105.40567779541016,57785074.0,0.0
PNB.NS,2025-06-03,109.44000244140625,106.35808563232422,48035394.0,0.0
PNB.NS,2025-06-04,109.54000091552734,106.45526885986328,46696794.0,0.0
PNB.NS,2025-06-05,109.0199966430664,105.94990539550781,19273632.0,0.0
PNB.NS,2025-06-06,110.18000030517578,107.07723999023438,50759755.0,0.0
PNB.NS,2025-06-09,112.19999694824219,109.04035186767578,30600259.0,0.0
PNB.NS,2025-06-10,111.7699966430664,108.6224594116211,22892516.0,0.0
PNB.NS,2025-06-11,110.30000305175781,107.19386291503906,23164768.0,0.0
PNB.NS,2025-06-12,108.0199966430664,104.97806549072266,26281617.0,0.0
PNB.NS,2025-06-13,106.61000061035156,103.60777282714844,16086387.0,0.0
PNB.NS,2025-06-16,106.79000091552734,103.78270721435547,19801768.0,0.0
PNB.NS,2025-06-17,105.87999725341797,102.89833068847656,16226787.0,0.0
PNB.NS,2025-06-18,105.4800033569336,102.50959777832031,15465092.0,0.0
PNB.NS,2025-06-19,102.9800033569336,100.08000183105469,22033703.0,0.0
PNB.NS,2025-06-20,103.04000091552734,103.04000091552734,27593358.0,0.0
PNB.NS,2025-06-23,103.91000366210938,103.91000366210938,13950918.0,0.0
PNB.NS,2025-06-24,105.22000122070312,105.22000122070312,16440497.0,0.0
PNB.NS,2025-06-25,105.94000244140625,105.94000244140625,12173043.0,0.0
PNB.NS,2025-06-26,106.25,106.25,15388837.0,0.0
PNB.NS,2025-06-27,106.33999633789062,106.33999633789062,34112048.0,0.0
PNB.NS,2025-06-30,110.5,110.5,46860515.0,0.0
PNB.NS,2025-07-01,113.06999969482422,113.06999969482422,45219119.0,0.0
PNB.NS,2025-07-02,113.8499984741211,113.8499984741211,33831963.0,0.0
PNB.NS,2025-07-03,110.2300033569336,110.2300033569336,47921007.0,0.0
PNB.NS,2025-07-04,110.8499984741211,110.8499984741211,14099494.0,0.0
PNB.NS,2025-07-07,112.51000213623047,112.51000213623047,19932784.0,0.0
PNB.NS,2025-07-08,112.01000213623047,112.01000213623047,15179741.0,0.0
PNB.NS,2025-07-09,111.0,111.0,13299578.0,0.0
PNB.NS,2025-07-10,109.76000213623047,109.76000213623047,9936541.0,0.0
PNB.NS,2025-07-11,110.20999908447266,110.20999908447266,23104885.0,0.0
PNB.NS,2025-07-14,110.72000122070312,110.72000122070312,17983635.0,0.0
PNB.NS,2025-07-15,112.23999786376953,112.23999786376953,20906645.0,0.0
PNB.NS,2025-07-16,114.97000122070312,114.97000122070312,38340707.0,0.0
PNB.NS,2025-07-17,113.79000091552734,113.79000091552734,22239170.0,0.0
PNB.NS,2025-07-18,113.3499984741211,113.3499984741211,15854726.0,0.0
PNB.NS,2025-07-21,112.5999984741211,112.5999984741211,11198845.0,0.0
PNB.NS,2025-07-22,109.33000183105469,109.33000183105469,17927369.0,0.0
PNB.NS,2025-07-23,109.91999816894531,109.91999816894531,15531241.0,0.0
PNB.NS,2025-07-24,110.66999816894531,110.66999816894531,18292039.0,0.0
PNB.NS,2025-07-25,108.41000366210938,108.41000366210938,13476837.0,0.0
PNB.NS,2025-07-28,106.79000091552734,106.79000091552734,13900856.0,0.0
PNB.NS,2025-07-29,109.29000091552734,109.29000091552734,13189443.0,0.0
PNB.NS,2025-07-30,108.0999984741211,108.0999984741211,49635403.0,0.0
PNB.NS,2025-07-31,105.37999725341797,105.37999725341797,42679661.0,0.0
PNB.NS,2025-08-01,103.18000030517578,103.18000030517578,15311997.0,0.0
PNB.NS,2025-08-04,104.66000366210938,104.66000366210938,14966403.0,0.0
PNB.NS,2025-08-05,103.66000366210938,103.66000366210938,12126864.0,0.0
PNB.NS,2025-08-06,103.83000183105469,103.83000183105469,15512043.0,0.0
PNB.NS,2025-08-07,104.69000244140625,104.69000244140625,13506257.0,0.0
PNB.NS,2025-08-08,103.94999694824219,103.94999694824219,8369676.0,0.0
PNB.NS,2025-08-11,106.54000091552734,106.54000091552734,18974904.0,0.0
PNB.NS,2025-08-12,106.6500015258789,106.6500015258789,12072884.0,0.0
PNB.NS,2025-08-13,106.63999938964844,106.63999938964844,8965266.0,0.0
PNB.NS,2025-08-14,106.27999877929688,106.27999877929688,6165564.0,0.0
PNB.NS,2025-08-18,106.7699966430664,106.7699966430664,9504227.0,0.0
PNB.NS,2025-08-19,107.9000015258789,107.9000015258789,8566550.0,0.0
PNB.NS,2025-08-20,107.11000061035156,107.11000061035156,8595474.0,0.0
PNB.NS,2025-08-21,107.16000366210938,107.16000366210938,5887988.0,0.0
PNB.NS,2025-08-22,105.29000091552734,105.29000091552734,9660703.0,0.0
PNB.NS,2025-08-25,105.22000122070312,105.22000122070312,5672554.0,0.0
PNB.NS,2025-08-26,102.7699966430664,102.7699966430664,15307243.0,0.0
PNB.NS,2025-08-28,101.44999694824219,101.44999694824219,13540127.0,0.0
PNB.NS,2025-08-29,100.87999725341797,100.87999725341797,15792366.0,0.0
PNB.NS,2025-09-01,102.29000091552734,102.29000091552734,6263914.0,0.0
PNB.NS,2025-09-02,102.86000061035156,102.86000061035156,7852890.0,0.0
PNB.NS,2025-09-03,104.30000305175781,104.30000305175781,8068130.0,0.0
PNB.NS,2025-09-04,103.41999816894531,103.41999816894531,6207983.0,0.0
PNB.NS,2025-09-05,103.75,103.75,7493048.0,0.0
PNB.NS,2025-09-08,104.20999908447266,104.20999908447266,7612044.0,0.0
PNB.NS,2025-09-09,104.27999877929688,104.27999877929688,5973767.0,0.0
PNB.NS,2025-09-10,106.26000213623047,106.26000213623047,13116266.0,0.0
PNB.NS,2025-09-11,107.76000213623047,107.76000213623047,15257427.0,0.0
PNB.NS,2025-09-12,107.30999755859375,107.30999755859375,8049228.0,0.0
PNB.NS,2025-09-15,108.51000213623047,108.51000213623047,10490843.0,0.0
PNB.NS,2025-09-16,108.44000244140625,108.44000244140625,7126933.0,0.0
PNB.NS,2025-09-17,111.97000122070312,111.97000122070312,33492032.0,0.0
PNB.NS,2025-09-18,111.86000061035156,111.86000061035156,15714147.0,0.0
PNB.NS,2025-09-19,113.30000305175781,113.30000305175781,27593935.0,0.0
PNB.NS,2025-09-22,113.04000091552734,113.04000091552734,16831733.0,0.0
PNB.NS,2025-09-23,113.43000030517578,113.43000030517578,12673502.0,0.0
PNB.NS,2025-09-24,111.01000213623047,111.01000213623047,16817280.0,0.0
PNB.NS,2025-09-25,111.4000015258789,111.4000015258789,14583301.0,0.0
PNB.NS,2025-09-26,107.79000091552734,107.79000091552734,18377053.0,0.0
PNB.NS,2025-09-29,109.51000213623047,109.51000213623047,16244160.0,0.0
PNB.NS,2025-09-30,112.83000183105469,112.83000183105469,37086442.0,0.0
PNB.NS,2025-10-01,112.55000305175781,112.55000305175781,19565179.0,0.0
PNB.NS,2025-10-03,114.37000274658203,114.37000274658203,23883726.0,0.0
PNB.NS,2025-10-06,114.54000091552734,114.54000091552734,18071031.0,0.0
PNB.NS,2025-10-07,114.16999816894531,114.16999816894531,11663822.0,0.0
PNB.NS,2025-10-08,113.13999938964844,113.13999938964844,14787767.0,0.0
PNB.NS,2025-10-09,114.30000305175781,114.30000305175781,12587389.0,0.0
PNB.NS,2025-10-10,117.23999786376953,117.23999786376953,40846119.0,0.0
PNB.NS,2025-10-13,116.94999694824219,116.94999694824219,11809783.0,0.0
PNB.NS,2025-10-14,115.2699966430664,115.2699966430664,10882007.0,0.0
PNB.NS,2025-10-15,116.4000015258789,116.4000015258789,10598247.0,0.0
PNB.NS,2025-10-16,116.11000061035156,116.11000061035156,15188935.0,0.0
PNB.NS,2025-10-17,113.69999694824219,113.69999694824219,16744153.0,0.0
PNB.NS,2025-10-20,118.0999984741211,118.0999984741211,39131377.0,0.0
PNB.NS,2025-10-21,117.66999816894531,117.66999816894531,4760898.0,0.0
PNB.NS,2025-10-23,118.22000122070312,118.22000122070312,31320313.0,0.0
PNB.NS,2025-10-24,116.94000244140625,116.94000244140625,13120416.0,0.0
PNB.NS,2025-10-27,119.62999725341797,119.62999725341797,17707337.0,0.0
PNB.NS,2025-10-28,121.12999725341797,121.12999725341797,37123841.0,0.0
PNB.NS,2025-10-29,121.0999984741211,121.0999984741211,18350031.0,0.0
PNB.NS,2025-10-30,120.08999633789062,120.08999633789062,23108567.0,0.0
PNB.NS,2025-10-31,122.88999938964844,122.88999938964844,37511394.0,0.0
PNB.NS,2025-11-03,123.5199966430664,123.5199966430664,19502448.0,0.0
PNB.NS,2025-11-04,123.25,123.25,14185419.0,0.0
PNB.NS,2025-11-06,120.45999908447266,120.45999908447266,18897936.0,0.0
PNB.NS,2025-11-07,122.37999725341797,122.37999725341797,16935021.0,0.0
PNB.NS,2025-11-10,122.33999633789062,122.33999633789062,10675833.0,0.0
PNB.NS,2025-11-11,122.0199966430664,122.0199966430664,13743470.0,0.0
PNB.NS,2025-11-12,122.44999694824219,122.44999694824219,10330951.0,0.0
PNB.NS,2025-11-13,121.06999969482422,121.06999969482422,10840343.0,0.0
PNB.NS,2025-11-14,122.20999908447266,122.20999908447266,7534146.0,0.0
PNB.NS,2025-11-17,123.0,123.0,18039214.0,0.0
PNB.NS,2025-11-18,122.37999725341797,122.37999725341797,10071535.0,0.0
PNB.NS,2025-11-19,125.05999755859375,125.05999755859375,22108922.0,0.0
PNB.NS,2025-11-20,123.86000061035156,123.86000061035156,17701274.0,0.0
PNB.NS,2025-11-21,122.37000274658203,122.37000274658203,12407897.0,0.0
PNB.NS,2025-11-24,121.75,121.75,16932622.0,0.0
PNB.NS,2025-11-25,123.05000305175781,123.05000305175781,11550766.0,0.0
PNB.NS,2025-11-26,124.98999786376953,124.98999786376953,19458499.0,0.0
PNB.NS,2025-11-27,124.93000030517578,124.93000030517578,9718546.0,0.0
PNB.NS,2025-11-28,124.5,124.5,9945691.0,0.0
PNB.NS,2025-12-01,125.30000305175781,125.30000305175781,17513004.0,0.0
PNB.NS,2025-12-02,125.3499984741211,125.3499984741211,26941925.0,0.0
PNB.NS,2025-12-03,119.80000305175781,119.80000305175781,31754551.0,0.0
PNB.NS,2025-12-04,119.52999877929688,119.52999877929688,14258192.0,0.0
PNB.NS,2025-12-05,121.70999908447266,121.70999908447266,22667150.0,0.0
PNB.NS,2025-12-08,116.0,116.0,24064367.0,0.0
PNB.NS,2025-12-09,117.83000183105469,117.83000183105469,15676171.0,0.0
PNB.NS,2025-12-10,117.16000366210938,117.16000366210938,12269041.0,0.0
PNB.NS,2025-12-11,117.56999969482422,117.56999969482422,14403309.0,0.0
PNB.NS,2025-12-12,117.80999755859375,117.80999755859375,9266231.0,0.0
PNB.NS,2025-12-15,118.73999786376953,118.73999786376953,18895803.0,0.0
PNB.NS,2025-12-16,117.02999877929688,117.02999877929688,11689949.0,0.0
PNB.NS,2025-12-17,119.33000183105469,119.33000183105469,15220726.0,0.0
PNB.NS,2025-12-18,118.9000015258789,118.9000015258789,9535544.0,0.0
PNB.NS,2025-12-19,119.81999969482422,119.81999969482422,9725283.0,0.0
PNB.NS,2025-12-22,121.30999755859375,121.30999755859375,19289471.0,0.0
PNB.NS,2025-12-23,120.9000015258789,120.9000015258789,10383838.0,0.0
PNB.NS,2025-12-24,120.93000030517578,120.93000030517578,10647989.0,0.0
PNB.NS,2025-12-26,120.37000274658203,120.37000274658203,8339634.0,0.0
PNB.NS,2025-12-29,120.54000091552734,120.54000091552734,25017997.0,0.0
PNB.NS,2025-12-30,122.37999725341797,122.37999725341797,24856697.0,0.0
PNB.NS,2025-12-31,123.58000183105469,123.58000183105469,19366405.0,0.0
PNB.NS,2026-01-01,123.94000244140625,123.94000244140625,7729355.0,0.0
PNB.NS,2026-01-02,125.3499984741211,125.3499984741211,13205239.0,0.0
PNB.NS,2026-01-05,125.08000183105469,125.08000183105469,19053073.0,0.0
PNB.NS,2026-01-06,125.47000122070312,125.47000122070312,10801122.0,0.0
PNB.NS,2026-01-07,125.68000030517578,125.68000030517578,10185442.0,0.0
PNB.NS,2026-01-08,122.80999755859375,122.80999755859375,11531254.0,0.0
PNB.NS,2026-01-09,122.9000015258789,122.9000015258789,13021675.0,0.0
PNB.NS,2026-01-12,123.16000366210938,123.16000366210938,14550075.0,0.0
PNB.NS,2026-01-13,124.5199966430664,124.5199966430664,14480669.0,0.0
PNB.NS,2026-01-14,128.67999267578125,128.67999267578125,34920863.0,0.0
PNB.NS,2026-01-15,128.67999267578125,128.67999267578125,0.0,0.0
PNB.NS,2026-01-16,132.36000061035156,132.36000061035156,34696416.0,0.0
PNB.NS,2026-01-19,128.0500030517578,128.0500030517578,86346948.0,0.0
PNB.NS,2026-01-20,125.7699966430664,125.7699966430664,46607190.0,0.0
PNB.NS,2026-01-21,123.98999786376953,123.98999786376953,17178415.0,0.0
PNB.NS,2026-01-22,125.16000366210938,125.16000366210938,13651752.0,0.0
PNB.NS,2026-01-23,120.1500015258789,120.1500015258789,17868644.0,0.0
PNB.NS,2026-01-27,122.94999694824219,122.94999694824219,16104995.0,0.0
PNB.NS,2026-01-28,124.5,124.5,14507424.0,0.0
PNB.NS,2026-01-29,125.25,125.25,32910164.0,0.0
PNB.NS,2026-01-30,125.19000244140625,125.19000244140625,14202987.0,0.0
PNB.NS,2026-02-02,122.0199966430664,122.0199966430664,15793749.0,0.0
PNB.NS,2026-02-03,123.86000061035156,123.86000061035156,15962796.0,0.0
PNB.NS,2026-02-04,123.6500015258789,123.6500015258789,10402322.0,0.0
PNB.NS,2026-02-05,124.0999984741211,124.0999984741211,10883117.0,0.0
PNB.NS,2026-02-06,122.8499984741211,122.8499984741211,14524956.0,0.0
PNB.NS,2026-02-09,123.44000244140625,123.44000244140625,12646439.0,0.0
PNB.NS,2026-02-10,122.95999908447266,122.95999908447266,12024413.0,0.0
PNB.NS,2026-02-11,122.91000366210938,122.91000366210938,14590944.0,0.0
RECLTD.NS,2025-02-11,409.95001220703125,385.42169189453125,11422600.0,0.0
RECLTD.NS,2025-02-12,408.04998779296875,383.6354064941406,13329877.0,0.0
RECLTD.NS,2025-02-13,409.6499938964844,385.1396179199219,8280995.0,0.0
RECLTD.NS,2025-02-14,391.6499938964844,372.12274169921875,8558606.0,0.0
RECLTD.NS,2025-02-17,389.1000061035156,369.6999206542969,8661753.0,0.0
RECLTD.NS,2025-02-18,385.29998779296875,366.0893249511719,8959200.0,0.0
RECLTD.NS,2025-02-19,395.6499938964844,375.9233093261719,8706790.0,0.0
RECLTD.NS,2025-02-20,409.45001220703125,389.0352783203125,11040968.0,0.0
RECLTD.NS,2025-02-21,403.54998779296875,383.4294128417969,6099522.0,0.0
RECLTD.NS,2025-02-24,391.70001220703125,372.1702575683594,4949143.0,0.0
RECLTD.NS,2025-02-25,383.6000061035156,364.47412109375,5352036.0,0.0
RECLTD.NS,2025-02-27,378.5,359.6283874511719,4757498.0,0.0
RECLTD.NS,2025-02-28,360.29998779296875,342.3358154296875,13486063.0,0.0
RECLTD.NS,2025-03-03,377.79998779296875,358.9632873535156,12981608.0,0.0
RECLTD.NS,2025-03-04,386.8999938964844,367.6095886230469,11737034.0,0.0
RECLTD.NS,2025-03-05,402.20001220703125,382.1467590332031,9788815.0,0.0
RECLTD.NS,2025-03-06,413.1499938964844,392.5507507324219,11770195.0,0.0
RECLTD.NS,2025-03-07,406.20001220703125,385.947265625,7026343.0,0.0
RECLTD.NS,2025-03-10,394.20001220703125,374.5456237792969,7602276.0,0.0
RECLTD.NS,2025-03-11,402.6000061035156,382.52679443359375,7841686.0,0.0
RECLTD.NS,2025-03-12,402.20001220703125,382.1467590332031,5810339.0,0.0
RECLTD.NS,2025-03-13,406.6499938964844,386.3748474121094,7901302.0,0.0
RECLTD.NS,2025-03-17,412.8999938964844,392.3132019042969,5584100.0,0.0
RECLTD.NS,2025-03-18,412.8999938964844,392.3132019042969,0.0,0.0
RECLTD.NS,2025-03-19,429.5,408.0855712890625,8219861.0,0.0
RECLTD.NS,2025-03-20,429.04998779296875,407.65802001953125,5413493.0,0.0
RECLTD.NS,2025-03-21,428.95001220703125,407.56304931640625,9605751.0,0.0
RECLTD.NS,2025-03-24,444.45001220703125,422.29022216796875,10013355.0,0.0
RECLTD.NS,2025-03-25,442.75,420.6749572753906,15383870.0,0.0
RECLTD.NS,2025-03-26,425.6000061035156,407.69500732421875,10098135.0,0.0
RECLTD.NS,2025-03-27,433.3999938964844,415.1668701171875,8843621.0,0.0
RECLTD.NS,2025-03-28,429.20001220703125,411.1435852050781,4744923.0,0.0
RECLTD.NS,2025-04-01,416.8999938964844,399.36102294921875,5586002.0,0.0
RECLTD.NS,2025-04-02,424.54998779296875,406.6891784667969,7091444.0,0.0
RECLTD.NS,2025-04-03,425.45001220703125,407.55133056640625,7494342.0,0.0
RECLTD.NS,2025-04-04,403.3999938964844,386.4289855957031,9757931.0,0.0
RECLTD.NS,2025-04-07,384.3500061035156,368.1803894042969,20170600.0,0.0
RECLTD.NS,2025-04-08,395.8500061035156,379.19659423828125,8299658.0,0.0
RECLTD.NS,2025-04-09,389.45001220703125,373.0658264160156,6447517.0,0.0
RECLTD.NS,2025-04-11,402.25,385.3273620605469,9084693.0,0.0
RECLTD.NS,2025-04-15,423.29998779296875,405.49176025390625,7317427.0,0.0
RECLTD.NS,2025-04-16,424.79998779296875,406.92864990234375,5841975.0,0.0
RECLTD.NS,2025-04-17,428.6000061035156,410.56878662109375,6325350.0,0.0
RECLTD.NS,2025-04-21,442.6000061035156,423.97979736328125,8148218.0,0.0
RECLTD.NS,2025-04-22,440.3999938964844,421.8723449707031,4790660.0,0.0
RECLTD.NS,2025-04-23,440.79998779296875,422.2554931640625,6888145.0,0.0
RECLTD.NS,2025-04-24,439.95001220703125,421.4413146972656,6904893.0,0.0
RECLTD.NS,2025-04-25,422.20001220703125,404.43804931640625,8944833.0,0.0
RECLTD.NS,2025-04-28,433.04998779296875,414.8315734863281,4586239.0,0.0
RECLTD.NS,2025-04-29,430.3999938964844,412.2930603027344,4863017.0,0.0
RECLTD.NS,2025-04-30,420.1000061035156,402.4263916015625,6432452.0,0.0
RECLTD.NS,2025-05-02,418.95001220703125,401.32476806640625,3694616.0,0.0
RECLTD.NS,2025-05-05,423.29998779296875,405.49176025390625,5223773.0,0.0
RECLTD.NS,2025-05-06,404.70001220703125,387.6742858886719,5570959.0,0.0
RECLTD.NS,2025-05-07,410.95001220703125,393.6613464355469,7011398.0,0.0
RECLTD.NS,2025-05-08,392.3999938964844,375.8917541503906,9925780.0,0.0
RECLTD.NS,2025-05-09,384.25,368.0846252441406,13849773.0,0.0
RECLTD.NS,2025-05-12,412.6499938964844,395.289794921875,10515316.0,0.0
RECLTD.NS,2025-05-13,401.75,384.848388671875,12251914.0,0.0
RECLTD.NS,2025-05-14,389.5,373.1137390136719,38611956.0,0.0
RECLTD.NS,2025-05-15,394.3500061035156,377.75970458984375,12564868.0,0.0
RECLTD.NS,2025-05-16,406.45001220703125,389.35064697265625,14416578.0,0.0
RECLTD.NS,2025-05-19,407.04998779296875,389.9253845214844,11577637.0,0.0
RECLTD.NS,2025-05-20,393.6000061035156,377.041259765625,12359431.0,0.0
RECLTD.NS,2025-05-21,400.20001220703125,383.3636169433594,10997125.0,0.0
RECLTD.NS,2025-05-22,401.79998779296875,384.8962707519531,8377384.0,0.0
RECLTD.NS,2025-05-23,402.5,385.56683349609375,4958319.0,0.0
RECLTD.NS,2025-05-26,406.79998779296875,389.6859130859375,5102219.0,0.0
RECLTD.NS,2025-05-27,405.1499938964844,388.1053161621094,6898898.0,0.0
RECLTD.NS,2025-05-28,403.25,386.2853088378906,4215068.0,0.0
RECLTD.NS,2025-05-29,408.25,391.0749206542969,7429958.0,0.0
RECLTD.NS,2025-05-30,402.29998779296875,385.375244140625,8825796.0,0.0
RECLTD.NS,2025-06-02,403.8999938964844,386.907958984375,5157877.0,0.0
RECLTD.NS,2025-06-03,400.45001220703125,383.60308837890625,6903210.0,0.0
RECLTD.NS,2025-06-04,400.8999938964844,384.0341491699219,4209879.0,0.0
RECLTD.NS,2025-06-05,403.0,386.0458068847656,6165279.0,0.0
RECLTD.NS,2025-06-06,415.0,397.54095458984375,17153248.0,0.0
RECLTD.NS,2025-06-09,426.20001220703125,408.2698059082031,10499689.0,0.0
RECLTD.NS,2025-06-10,423.04998779296875,405.2522888183594,6883130.0,0.0
RECLTD.NS,2025-06-11,419.29998779296875,401.6600646972656,7624681.0,0.0
RECLTD.NS,2025-06-12,405.1000061035156,388.05743408203125,8770060.0,0.0
RECLTD.NS,2025-06-13,402.70001220703125,385.7584228515625,9310007.0,0.0
RECLTD.NS,2025-06-16,401.5,384.60888671875,6381409.0,0.0
RECLTD.NS,2025-06-17,399.1499938964844,382.35772705078125,4877511.0,0.0
RECLTD.NS,2025-06-18,392.5,375.987548828125,8395144.0,0.0
RECLTD.NS,2025-06-19,383.6499938964844,367.50982666015625,11175647.0,0.0
RECLTD.NS,2025-06-20,394.45001220703125,377.8554992675781,22119958.0,0.0
RECLTD.NS,2025-06-23,397.29998779296875,380.5855712890625,5395161.0,0.0
RECLTD.NS,2025-06-24,398.6000061035156,381.8309020996094,6492412.0,0.0
RECLTD.NS,2025-06-25,398.5,381.735107421875,6960473.0,0.0
RECLTD.NS,2025-06-26,403.54998779296875,386.5726318359375,7658791.0,0.0
RECLTD.NS,2025-06-27,402.8999938964844,385.95001220703125,6165251.0,0.0
RECLTD.NS,2025-06-30,402.3999938964844,385.4710388183594,6335483.0,0.0
RECLTD.NS,2025-07-01,400.45001220703125,383.60308837890625,6863628.0,0.0
RECLTD.NS,2025-07-02,395.5,378.8612976074219,7742629.0,0.0
RECLTD.NS,2025-07-03,393.1499938964844,376.61016845703125,8508913.0,0.0
RECLTD.NS,2025-07-04,393.6499938964844,377.089111328125,5668163.0,0.0
RECLTD.NS,2025-07-07,391.6000061035156,375.1253967285156,4590018.0,0.0
RECLTD.NS,2025-07-08,395.1000061035156,378.4781494140625,3726258.0,0.0
RECLTD.NS,2025-07-09,391.54998779296875,375.0774841308594,6328142.0,0.0
RECLTD.NS,2025-07-10,397.54998779296875,380.8250427246094,14143421.0,0.0
RECLTD.NS,2025-07-11,401.04998779296875,384.1778564453125,10835505.0,0.0
RECLTD.NS,2025-07-14,398.8500061035156,382.0704040527344,6624993.0,0.0
RECLTD.NS,2025-07-15,401.3500061035156,384.4652099609375,3198569.0,0.0
RECLTD.NS,2025-07-16,400.3999938964844,383.55517578125,5176743.0,0.0
RECLTD.NS,2025-07-17,401.20001220703125,384.3215637207031,2785521.0,0.0
RECLTD.NS,2025-07-18,400.8999938964844,384.0341491699219,6376775.0,0.0
RECLTD.NS,2025-07-21,398.6499938964844,381.8788146972656,6036729.0,0.0
RECLTD.NS,2025-07-22,393.29998779296875,376.7538757324219,8818666.0,0.0
RECLTD.NS,2025-07-23,400.0,383.1719970703125,17860000.0,0.0
RECLTD.NS,2025-07-24,404.8999938964844,387.8658447265625,8886939.0,0.0
RECLTD.NS,2025-07-25,400.75,383.8904724121094,15105541.0,0.0
RECLTD.NS,2025-07-28,392.6000061035156,376.08331298828125,7692522.0,0.0
RECLTD.NS,2025-07-29,400.1000061035156,383.267822265625,4454042.0,0.0
RECLTD.NS,2025-07-30,399.54998779296875,382.7409362792969,5784866.0,0.0
RECLTD.NS,2025-07-31,395.20001220703125,378.5739440917969,7169233.0,0.0
RECLTD.NS,2025-08-01,388.70001220703125,376.732421875,9859016.0,0.0
RECLTD.NS,2025-08-04,393.54998779296875,381.4330749511719,7536898.0,0.0
RECLTD.NS,2025-08-05,394.5,382.3538513183594,4844402.0,0.0
RECLTD.NS,2025-08-06,389.3999938964844,377.4108581542969,8191081.0,0.0
RECLTD.NS,2025-08-07,384.95001220703125,373.097900390625,8126214.0,0.0
RECLTD.NS,2025-08-08,381.3500061035156,369.6087341308594,3841685.0,0.0
RECLTD.NS,2025-08-11,387.29998779296875,375.3755187988281,3428071.0,0.0
RECLTD.NS,2025-08-12,385.45001220703125,373.58251953125,3870319.0,0.0
RECLTD.NS,2025-08-13,387.1499938964844,375.23016357421875,2043770.0,0.0
RECLTD.NS,2025-08-14,381.54998779296875,372.3028259277344,3287588.0,0.0
RECLTD.NS,2025-08-18,378.3500061035156,369.180419921875,5688308.0,0.0
RECLTD.NS,2025-08-19,382.29998779296875,373.03466796875,3627812.0,0.0
RECLTD.NS,2025-08-20,380.8500061035156,371.6198425292969,2969056.0,0.0
RECLTD.NS,2025-08-21,380.6000061035156,371.3758850097656,3166345.0,0.0
RECLTD.NS,2025-08-22,375.6000061035156,366.4970703125,3478895.0,0.0
RECLTD.NS,2025-08-25,375.04998779296875,365.96038818359375,1964197.0,0.0
RECLTD.NS,2025-08-26,363.54998779296875,354.73907470703125,7126523.0,0.0
RECLTD.NS,2025-08-28,354.8999938964844,346.2987060546875,8466993.0,0.0
RECLTD.NS,2025-08-29,350.0,341.5174865722656,7976387.0,0.0
RECLTD.NS,2025-09-01,360.8999938964844,352.1533203125,3343204.0,0.0
RECLTD.NS,2025-09-02,364.75,355.9100036621094,4912033.0,0.0
RECLTD.NS,2025-09-03,367.79998779296875,358.8860778808594,3329064.0,0.0
RECLTD.NS,2025-09-04,364.29998779296875,355.47088623046875,3479726.0,0.0
RECLTD.NS,2025-09-05,366.1499938964844,357.2760925292969,3791077.0,0.0
RECLTD.NS,2025-09-08,369.0,360.0570068359375,3293782.0,0.0
RECLTD.NS,2025-09-09,368.1000061035156,359.1788024902344,2283407.0,0.0
RECLTD.NS,2025-09-10,370.95001220703125,361.9597473144531,3779353.0,0.0
RECLTD.NS,2025-09-11,374.6499938964844,365.570068359375,2902056.0,0.0
RECLTD.NS,2025-09-12,373.29998779296875,364.2527770996094,3124840.0,0.0
RECLTD.NS,2025-09-15,378.45001220703125,369.2779846191406,4832470.0,0.0
RECLTD.NS,2025-09-16,380.5,371.2782897949219,2547626.0,0.0
RECLTD.NS,2025-09-17,384.3999938964844,375.0837707519531,4438340.0,0.0
RECLTD.NS,2025-09-18,384.3999938964844,375.0837707519531,5539743.0,0.0
RECLTD.NS,2025-09-19,384.5,375.1813659667969,4225670.0,0.0
RECLTD.NS,2025-09-22,384.0,374.6934814453125,2174660.0,0.0
RECLTD.NS,2025-09-23,386.70001220703125,377.32806396484375,5784348.0,0.0
RECLTD.NS,2025-09-24,382.0,372.741943359375,3170894.0,0.0
RECLTD.NS,2025-09-25,375.25,366.1555480957031,4361621.0,0.0
RECLTD.NS,2025-09-26,367.3999938964844,358.4957580566406,4501242.0,0.0
RECLTD.NS,2025-09-29,372.0,362.98431396484375,4447861.0,0.0
RECLTD.NS,2025-09-30,372.8500061035156,363.8136901855469,4700628.0,0.0
RECLTD.NS,2025-10-01,377.54998779296875,368.3997802734375,11972697.0,0.0
RECLTD.NS,2025-10-03,380.3500061035156,371.1319274902344,3340921.0,0.0
RECLTD.NS,2025-10-06,378.04998779296875,368.8876647949219,2781104.0,0.0
RECLTD.NS,2025-10-07,377.75,368.594970703125,3154623.0,0.0
RECLTD.NS,2025-10-08,372.5,363.4721984863281,3907994.0,0.0
RECLTD.NS,2025-10-09,371.6000061035156,362.5940246582031,4882301.0,0.0
RECLTD.NS,2025-10-10,372.95001220703125,363.9112854003906,3649004.0,0.0
RECLTD.NS,2025-10-13,371.1000061035156,362.1061096191406,2862235.0,0.0
RECLTD.NS,2025-10-14,370.29998779296875,361.3254699707031,3501314.0,0.0
RECLTD.NS,2025-10-15,375.79998779296875,366.69219970703125,4289079.0,0.0
RECLTD.NS,2025-10-16,377.5,368.35101318359375,2414522.0,0.0
RECLTD.NS,2025-10-17,374.95001220703125,365.8628234863281,7935534.0,0.0
RECLTD.NS,2025-10-20,374.70001220703125,365.618896484375,7044875.0,0.0
RECLTD.NS,2025-10-21,377.1499938964844,368.00946044921875,1149313.0,0.0
RECLTD.NS,2025-10-23,374.8999938964844,365.81402587890625,10209878.0,0.0
RECLTD.NS,2025-10-24,372.6000061035156,363.56976318359375,7429746.0,0.0
RECLTD.NS,2025-10-27,373.70001220703125,369.2011413574219,5088563.0,0.0
RECLTD.NS,2025-10-28,368.95001220703125,364.5083312988281,9956081.0,0.0
RECLTD.NS,2025-10-29,385.54998779296875,380.9084777832031,13697186.0,0.0
RECLTD.NS,2025-10-30,378.29998779296875,373.7457580566406,9480446.0,0.0
RECLTD.NS,2025-10-31,374.8500061035156,370.3373107910156,6011939.0,0.0
RECLTD.NS,2025-11-03,379.20001220703125,374.63494873046875,5995360.0,0.0
RECLTD.NS,2025-11-04,370.6499938964844,366.1878356933594,6215083.0,0.0
RECLTD.NS,2025-11-06,362.70001220703125,358.3335876464844,9880195.0,0.0
RECLTD.NS,2025-11-07,364.95001220703125,360.5564880371094,6342222.0,0.0
RECLTD.NS,2025-11-10,362.3999938964844,358.03717041015625,2951020.0,0.0
RECLTD.NS,2025-11-11,362.04998779296875,357.6913757324219,4740197.0,0.0
RECLTD.NS,2025-11-12,362.25,357.88897705078125,8852954.0,0.0
RECLTD.NS,2025-11-13,359.04998779296875,354.72747802734375,5159178.0,0.0
RECLTD.NS,2025-11-14,358.04998779296875,353.7395324707031,5905363.0,0.0
RECLTD.NS,2025-11-17,361.3999938964844,357.0491943359375,4493041.0,0.0
RECLTD.NS,2025-11-18,359.04998779296875,354.72747802734375,3554141.0,0.0
RECLTD.NS,2025-11-19,359.45001220703125,355.1227111816406,3569363.0,0.0
RECLTD.NS,2025-11-20,361.3999938964844,357.0491943359375,4168805.0,0.0
RECLTD.NS,2025-11-21,358.20001220703125,353.88775634765625,5875570.0,0.0
RECLTD.NS,2025-11-24,355.8500061035156,351.5660400390625,19478651.0,0.0
RECLTD.NS,2025-11-25,351.75,347.515380859375,6515065.0,0.0
RECLTD.NS,2025-11-26,356.3999938964844,352.1094055175781,6349414.0,0.0
RECLTD.NS,2025-11-27,362.25,357.88897705078125,5683705.0,0.0
RECLTD.NS,2025-11-28,360.8999938964844,356.55523681640625,3053285.0,0.0
RECLTD.NS,2025-12-01,358.20001220703125,353.88775634765625,3297383.0,0.0
RECLTD.NS,2025-12-02,357.45001220703125,353.14678955078125,7352239.0,0.0
RECLTD.NS,2025-12-03,350.29998779296875,346.08282470703125,6490892.0,0.0
RECLTD.NS,2025-12-04,352.75,348.50335693359375,8305258.0,0.0
RECLTD.NS,2025-12-05,353.29998779296875,349.0467224121094,6012088.0,0.0
RECLTD.NS,2025-12-08,342.6000061035156,338.4755554199219,11238507.0,0.0
RECLTD.NS,2025-12-09,342.8500061035156,338.7225341796875,5469753.0,0.0
RECLTD.NS,2025-12-10,342.6000061035156,338.4755554199219,3749704.0,0.0
RECLTD.NS,2025-12-11,344.0,339.8586730957031,4041253.0,0.0
RECLTD.NS,2025-12-12,344.3999938964844,340.2538757324219,3316506.0,0.0
RECLTD.NS,2025-12-15,342.5,338.3767395019531,6075999.0,0.0
RECLTD.NS,2025-12-16,335.3999938964844,331.3622131347656,6230737.0,0.0
RECLTD.NS,2025-12-17,333.95001220703125,329.9296875,4532037.0,0.0
RECLTD.NS,2025-12-18,337.0,332.9429626464844,6827303.0,0.0
RECLTD.NS,2025-12-19,339.20001220703125,335.1164855957031,3443420.0,0.0
RECLTD.NS,2025-12-22,344.29998779296875,340.1550598144531,3206025.0,0.0
RECLTD.NS,2025-12-23,354.20001220703125,349.9359130859375,8591989.0,0.0
RECLTD.NS,2025-12-24,354.75,350.4792785644531,3790465.0,0.0
RECLTD.NS,2025-12-26,357.1000061035156,352.8009948730469,5271033.0,0.0
RECLTD.NS,2025-12-29,355.95001220703125,351.6648254394531,5665134.0,0.0
RECLTD.NS,2025-12-30,351.3999938964844,347.1695861816406,4931091.0,0.0
RECLTD.NS,2025-12-31,356.79998779296875,352.50457763671875,5847158.0,0.0
RECLTD.NS,2026-01-01,367.70001220703125,363.27337646484375,13409679.0,0.0
RECLTD.NS,2026-01-02,380.6499938964844,376.0674743652344,24228761.0,0.0
RECLTD.NS,2026-01-05,381.0,376.4132385253906,12532845.0,0.0
RECLTD.NS,2026-01-06,382.8500061035156,378.2409973144531,9931356.0,0.0
RECLTD.NS,2026-01-07,385.25,380.6120910644531,9531582.0,0.0
RECLTD.NS,2026-01-08,371.3999938964844,366.9288330078125,10208126.0,0.0
RECLTD.NS,2026-01-09,363.6000061035156,359.22271728515625,7858619.0,0.0
RECLTD.NS,2026-01-12,370.5,366.0396728515625,7377850.0,0.0
RECLTD.NS,2026-01-13,366.8999938964844,362.4830017089844,5886522.0,0.0
RECLTD.NS,2026-01-14,369.8999938964844,365.4468688964844,4870804.0,0.0
RECLTD.NS,2026-01-15,369.8999938964844,365.4468688964844,0.0,0.0
RECLTD.NS,2026-01-16,371.0,366.53363037109375,8728064.0,0.0
RECLTD.NS,2026-01-19,370.1000061035156,365.64447021484375,8850224.0,0.0
RECLTD.NS,2026-01-20,358.8999938964844,354.5793151855469,13205286.0,0.0
RECLTD.NS,2026-01-21,355.79998779296875,351.5166015625,12973950.0,0.0
RECLTD.NS,2026-01-22,366.20001220703125,361.79144287109375,9495251.0,0.0
RECLTD.NS,2026-01-23,361.3500061035156,356.99981689453125,9232847.0,0.0
RECLTD.NS,2026-01-27,363.95001220703125,359.5685119628906,8191822.0,0.0
RECLTD.NS,2026-01-28,377.5,372.95538330078125,7509050.0,0.0
RECLTD.NS,2026-01-29,375.29998779296875,370.7818603515625,10070972.0,0.0
RECLTD.NS,2026-01-30,364.1000061035156,359.7167053222656,21086535.0,0.0
RECLTD.NS,2026-02-02,363.1000061035156,358.728759765625,14465153.0,0.0
RECLTD.NS,2026-02-03,372.5,368.0155944824219,10441929.0,0.0
RECLTD.NS,2026-02-04,381.6000061035156,377.00604248046875,16212031.0,0.0
RECLTD.NS,2026-02-05,382.1000061035156,377.5000305175781,13810435.0,0.0
RECLTD.NS,2026-02-06,372.5,372.5,12996880.0,0.0
RECLTD.NS,2026-02-09,359.8999938964844,359.8999938964844,23301540.0,0.0
RECLTD.NS,2026-02-10,355.79998779296875,355.79998779296875,9568613.0,0.0
RECLTD.NS,2026-02-11,353.95001220703125,353.95001220703125,8987167.0,0.0
MOTHERSON.NS,2025-02-11,85.74666595458984,85.22259521484375,32482851.0,0.0
MOTHERSON.NS,2025-02-12,85.75333404541016,85.2292251586914,50870820.0,0.0
MOTHERSON.NS,2025-02-13,86.54000091552734,86.01107788085938,43298379.0,0.0
MOTHERSON.NS,2025-02-14,84.13999938964844,83.6257553100586,36356068.0,0.0
MOTHERSON.NS,2025-02-17,83.1933364868164,82.68487548828125,69063559.0,0.0
MOTHERSON.NS,2025-02-18,85.57333374023438,85.0503158569336,44277318.0,0.0
MOTHERSON.NS,2025-02-19,85.63999938964844,85.1165771484375,31224145.0,0.0
MOTHERSON.NS,2025-02-20,87.87333679199219,87.33627319335938,22732638.0,0.0
MOTHERSON.NS,2025-02-21,85.85333251953125,85.32860565185547,22898901.0,0.0
MOTHERSON.NS,2025-02-24,84.32666778564453,83.811279296875,14712712.0,0.0
MOTHERSON.NS,2025-02-25,83.76000213623047,83.2480697631836,30843600.0,0.0
MOTHERSON.NS,2025-02-27,81.93333435058594,81.43257141113281,37058766.0,0.0
MOTHERSON.NS,2025-02-28,79.05999755859375,78.57678985595703,59611042.0,0.0
MOTHERSON.NS,2025-03-03,79.6066665649414,79.12012481689453,27788080.0,0.0
MOTHERSON.NS,2025-03-04,78.84666442871094,78.36476135253906,28319941.0,0.0
MOTHERSON.NS,2025-03-05,82.62666320800781,82.12165832519531,15541101.0,0.0
MOTHERSON.NS,2025-03-06,85.24666595458984,84.72565460205078,40741189.0,0.0
MOTHERSON.NS,2025-03-07,85.1933364868164,84.67264556884766,18841185.0,0.0
MOTHERSON.NS,2025-03-10,83.86666870117188,83.35408782958984,14067241.0,0.0
MOTHERSON.NS,2025-03-11,83.04000091552734,82.532470703125,31065579.0,0.0
MOTHERSON.NS,2025-03-12,83.65333557128906,83.14205932617188,13818637.0,0.0
MOTHERSON.NS,2025-03-13,81.17333221435547,80.67720794677734,20251365.0,0.0
MOTHERSON.NS,2025-03-17,80.66000366210938,80.1670150756836,18117784.0,0.0
MOTHERSON.NS,2025-03-18,80.66000366210938,80.1670150756836,0.0,0.0
MOTHERSON.NS,2025-03-19,86.00666809082031,85.48101043701172,14779144.0,0.0
MOTHERSON.NS,2025-03-20,85.84666442871094,85.32198333740234,10843546.0,0.0
MOTHERSON.NS,2025-03-21,87.55999755859375,87.02484130859375,28235211.0,0.0
MOTHERSON.NS,2025-03-24,89.33333587646484,88.78733825683594,13819324.0,0.0
MOTHERSON.NS,2025-03-25,87.63999938964844,87.10436248779297,18107763.0,0.0
MOTHERSON.NS,2025-03-26,89.95333099365234,89.40354919433594,28123465.0,0.0
MOTHERSON.NS,2025-03-27,87.94000244140625,87.40252685546875,55633498.0,0.0
MOTHERSON.NS,2025-03-28,87.3066635131836,87.10321807861328,28719250.0,0.0
MOTHERSON.NS,2025-04-01,87.413330078125,87.20963287353516,14986759.0,0.0
MOTHERSON.NS,2025-04-02,88.14666748046875,87.9412612915039,11112421.0,0.0
MOTHERSON.NS,2025-04-03,85.95999908447266,85.75968933105469,29815504.0,0.0
MOTHERSON.NS,2025-04-04,79.28666687011719,79.1019058227539,62319645.0,0.0
MOTHERSON.NS,2025-04-07,76.25333404541016,76.07564544677734,45359316.0,0.0
MOTHERSON.NS,2025-04-08,76.6866683959961,76.50797271728516,37537851.0,0.0
MOTHERSON.NS,2025-04-09,75.33999633789062,75.16443634033203,22199550.0,0.0
MOTHERSON.NS,2025-04-11,78.81999969482422,78.6363296508789,34635463.0,0.0
MOTHERSON.NS,2025-04-15,85.08666229248047,84.88838958740234,80473206.0,0.0
MOTHERSON.NS,2025-04-16,85.55999755859375,85.3606185913086,21142170.0,0.0
MOTHERSON.NS,2025-04-17,86.44666290283203,86.24522399902344,14369247.0,0.0
MOTHERSON.NS,2025-04-21,88.37333679199219,88.16740417480469,15849453.0,0.0
MOTHERSON.NS,2025-04-22,88.86666870117188,88.65958404541016,23254356.0,0.0
MOTHERSON.NS,2025-04-23,90.48666381835938,90.27581024169922,24652246.0,0.0
MOTHERSON.NS,2025-04-24,90.7933349609375,90.5817642211914,24761502.0,0.0
MOTHERSON.NS,2025-04-25,89.13999938964844,88.93228149414062,38228610.0,0.0
MOTHERSON.NS,2025-04-28,89.99333190917969,89.78362274169922,19022104.0,0.0
MOTHERSON.NS,2025-04-29,90.72000122070312,90.50859832763672,35097037.0,0.0
MOTHERSON.NS,2025-04-30,88.84666442871094,88.63963317871094,28209172.0,0.0
MOTHERSON.NS,2025-05-02,88.08666229248047,87.88140106201172,13176181.0,0.0
MOTHERSON.NS,2025-05-05,92.6066665649414,92.390869140625,18358515.0,0.0
MOTHERSON.NS,2025-05-06,90.3133316040039,90.1028823852539,15873267.0,0.0
MOTHERSON.NS,2025-05-07,94.97333526611328,94.75202178955078,41575503.0,0.0
MOTHERSON.NS,2025-05-08,94.3133316040039,94.09355926513672,58000560.0,0.0
MOTHERSON.NS,2025-05-09,91.8933334350586,91.67919921875,32624419.0,0.0
MOTHERSON.NS,2025-05-12,96.7066650390625,96.48131561279297,39048681.0,0.0
MOTHERSON.NS,2025-05-13,94.96666717529297,94.74536895751953,14950111.0,0.0
MOTHERSON.NS,2025-05-14,94.05999755859375,93.84081268310547,13084842.0,0.0
MOTHERSON.NS,2025-05-15,95.7933349609375,95.57011413574219,15295747.0,0.0
MOTHERSON.NS,2025-05-16,98.02666473388672,97.7982406616211,15832765.0,0.0
MOTHERSON.NS,2025-05-19,98.42666625976562,98.19731140136719,18345486.0,0.0
MOTHERSON.NS,2025-05-20,97.28666687011719,97.05996704101562,19353394.0,0.0
MOTHERSON.NS,2025-05-21,98.82666778564453,98.59637451171875,12889834.0,0.0
MOTHERSON.NS,2025-05-22,98.80000305175781,98.56977844238281,15487942.0,0.0
MOTHERSON.NS,2025-05-23,98.81999969482422,98.5897216796875,20196588.0,0.0
MOTHERSON.NS,2025-05-26,99.99333190917969,99.76032257080078,18707139.0,0.0
MOTHERSON.NS,2025-05-27,98.88666534423828,98.65623474121094,39306147.0,0.0
MOTHERSON.NS,2025-05-28,99.13333129882812,98.90232849121094,20803096.0,0.0
MOTHERSON.NS,2025-05-29,101.3933334350586,101.15705871582031,52550901.0,0.0
MOTHERSON.NS,2025-05-30,102.08000183105469,101.84213256835938,77430208.0,0.0
MOTHERSON.NS,2025-06-02,100.62666320800781,100.39218139648438,24675474.0,0.0
MOTHERSON.NS,2025-06-03,100.27333068847656,100.0396728515625,14172043.0,0.0
MOTHERSON.NS,2025-06-04,101.8066635131836,101.56942749023438,20919648.0,0.0
MOTHERSON.NS,2025-06-05,103.75333404541016,103.51156616210938,20085477.0,0.0
MOTHERSON.NS,2025-06-06,104.99333190917969,104.74867248535156,14573961.0,0.0
MOTHERSON.NS,2025-06-09,107.33333587646484,107.08322143554688,21832009.0,0.0
MOTHERSON.NS,2025-06-10,105.88666534423828,105.63992309570312,16479480.0,0.0
MOTHERSON.NS,2025-06-11,106.37999725341797,106.1321029663086,13470111.0,0.0
MOTHERSON.NS,2025-06-12,103.49333190917969,103.25216674804688,13840854.0,0.0
MOTHERSON.NS,2025-06-13,102.67333221435547,102.43408203125,9716179.0,0.0
MOTHERSON.NS,2025-06-16,102.12000274658203,101.88204193115234,15588451.0,0.0
MOTHERSON.NS,2025-06-17,100.53333282470703,100.29906463623047,16860490.0,0.0
MOTHERSON.NS,2025-06-18,99.87333679199219,99.64060974121094,9407610.0,0.0
MOTHERSON.NS,2025-06-19,98.49333190917969,98.2638168334961,15789631.0,0.0
MOTHERSON.NS,2025-06-20,100.13333129882812,99.89999389648438,28915708.0,0.0
MOTHERSON.NS,2025-06-23,98.69999694824219,98.69999694824219,21541980.0,0.0
MOTHERSON.NS,2025-06-24,100.96666717529297,100.96666717529297,20919358.0,0.0
MOTHERSON.NS,2025-06-25,102.23999786376953,102.23999786376953,18785613.0,0.0
MOTHERSON.NS,2025-06-26,102.92666625976562,102.92666625976562,15513201.0,0.0
MOTHERSON.NS,2025-06-27,102.75333404541016,102.75333404541016,31792290.0,0.0
MOTHERSON.NS,2025-06-30,103.22000122070312,103.22000122070312,9059988.0,0.0
MOTHERSON.NS,2025-07-01,101.43333435058594,101.43333435058594,8339743.0,0.0
MOTHERSON.NS,2025-07-02,101.94666290283203,101.94666290283203,10867662.0,0.0
MOTHERSON.NS,2025-07-03,102.85333251953125,102.85333251953125,14066409.0,0.0
MOTHERSON.NS,2025-07-04,102.5999984741211,102.5999984741211,5751045.0,0.0
MOTHERSON.NS,2025-07-07,103.49333190917969,103.49333190917969,13209805.0,0.0
MOTHERSON.NS,2025-07-08,102.6933364868164,102.6933364868164,15747742.0,0.0
MOTHERSON.NS,2025-07-09,103.27999877929688,103.27999877929688,11630878.0,0.0
MOTHERSON.NS,2025-07-10,102.35333251953125,102.35333251953125,15224410.0,0.0
MOTHERSON.NS,2025-07-11,100.5,100.5,9892551.0,0.0
MOTHERSON.NS,2025-07-14,101.49333190917969,101.49333190917969,18965572.0,0.0
MOTHERSON.NS,2025-07-15,104.00666809082031,104.00666809082031,24891183.0,0.0
MOTHERSON.NS,2025-07-16,102.78666687011719,102.78666687011719,9407277.0,0.0
MOTHERSON.NS,2025-07-17,102.58000183105469,102.58000183105469,7232913.0,0.0
MOTHERSON.NS,2025-07-18,100.97000122070312,100.97000122070312,12755135.0,1.5
MOTHERSON.NS,2025-07-21,100.80999755859375,100.80999755859375,12592541.0,0.0
MOTHERSON.NS,2025-07-22,97.23999786376953,97.23999786376953,13022343.0,0.0
MOTHERSON.NS,2025-07-23,98.83000183105469,98.83000183105469,16250471.0,0.0
MOTHERSON.NS,2025-07-24,103.05000305175781,103.05000305175781,34498069.0,0.0
MOTHERSON.NS,2025-07-25,100.33999633789062,100.33999633789062,11999734.0,0.0
MOTHERSON.NS,2025-07-28,101.87999725341797,101.87999725341797,16642565.0,0.0
MOTHERSON.NS,2025-07-29,102.58999633789062,102.58999633789062,5756095.0,0.0
MOTHERSON.NS,2025-07-30,98.91999816894531,98.91999816894531,16070296.0,0.0
MOTHERSON.NS,2025-07-31,97.16999816894531,97.16999816894531,17246210.0,0.0
MOTHERSON.NS,2025-08-01,95.54000091552734,95.54000091552734,6424969.0,0.0
MOTHERSON.NS,2025-08-04,98.30000305175781,98.30000305175781,9078395.0,0.0
MOTHERSON.NS,2025-08-05,97.37999725341797,97.37999725341797,9072134.0,0.0
MOTHERSON.NS,2025-08-06,95.3499984741211,95.3499984741211,11149228.0,0.0
MOTHERSON.NS,2025-08-07,94.12000274658203,94.12000274658203,24236301.0,0.0
MOTHERSON.NS,2025-08-08,91.44999694824219,91.44999694824219,9884650.0,0.0
MOTHERSON.NS,2025-08-11,90.7699966430664,90.7699966430664,19734988.0,0.0
MOTHERSON.NS,2025-08-12,90.2699966430664,90.2699966430664,7712576.0,0.0
MOTHERSON.NS,2025-08-13,93.38999938964844,93.38999938964844,27152026.0,0.0
MOTHERSON.NS,2025-08-14,93.0999984741211,93.0999984741211,14771758.0,0.0
MOTHERSON.NS,2025-08-18,94.08000183105469,94.08000183105469,14834715.0,0.0
MOTHERSON.NS,2025-08-19,99.4000015258789,99.4000015258789,30083383.0,0.0
MOTHERSON.NS,2025-08-20,97.97000122070312,97.97000122070312,14042238.0,0.0
MOTHERSON.NS,2025-08-21,97.9000015258789,97.9000015258789,10323617.0,0.0
MOTHERSON.NS,2025-08-22,95.16000366210938,95.16000366210938,9583759.0,0.0
MOTHERSON.NS,2025-08-25,94.97000122070312,94.97000122070312,10376097.0,0.0
MOTHERSON.NS,2025-08-26,92.95999908447266,92.95999908447266,14380291.0,0.0
MOTHERSON.NS,2025-08-28,92.11000061035156,92.11000061035156,13098197.0,0.0
MOTHERSON.NS,2025-08-29,92.75,92.75,28080321.0,0.0
MOTHERSON.NS,2025-09-01,96.73999786376953,96.73999786376953,30257885.0,0.0
MOTHERSON.NS,2025-09-02,96.47000122070312,96.47000122070312,12452715.0,0.0
MOTHERSON.NS,2025-09-03,96.52999877929688,96.52999877929688,12129613.0,0.0
MOTHERSON.NS,2025-09-04,94.31999969482422,94.31999969482422,14039109.0,0.0
MOTHERSON.NS,2025-09-05,94.5999984741211,94.5999984741211,19637004.0,0.0
MOTHERSON.NS,2025-09-08,98.56999969482422,98.56999969482422,56299081.0,0.0
MOTHERSON.NS,2025-09-09,98.81999969482422,98.81999969482422,22643077.0,0.0
MOTHERSON.NS,2025-09-10,100.5999984741211,100.5999984741211,39207033.0,0.0
MOTHERSON.NS,2025-09-11,100.66999816894531,100.66999816894531,19218566.0,0.0
MOTHERSON.NS,2025-09-12,104.69000244140625,104.69000244140625,46300257.0,0.0
MOTHERSON.NS,2025-09-15,107.80999755859375,107.80999755859375,44585391.0,0.0
MOTHERSON.NS,2025-09-16,109.88999938964844,109.88999938964844,42750129.0,0.0
MOTHERSON.NS,2025-09-17,109.33999633789062,109.33999633789062,23963434.0,0.0
MOTHERSON.NS,2025-09-18,108.9800033569336,108.9800033569336,16247845.0,0.0
MOTHERSON.NS,2025-09-19,109.08000183105469,109.08000183105469,13983683.0,0.0
MOTHERSON.NS,2025-09-22,109.94999694824219,109.94999694824219,16627782.0,0.0
MOTHERSON.NS,2025-09-23,112.08000183105469,112.08000183105469,33790140.0,0.0
MOTHERSON.NS,2025-09-24,107.95999908447266,107.95999908447266,24814885.0,0.0
MOTHERSON.NS,2025-09-25,105.37999725341797,105.37999725341797,14787443.0,0.0
MOTHERSON.NS,2025-09-26,105.66000366210938,105.66000366210938,24534407.0,0.0
MOTHERSON.NS,2025-09-29,106.87999725341797,106.87999725341797,26556235.0,0.0
MOTHERSON.NS,2025-09-30,105.6500015258789,105.6500015258789,22843513.0,0.0
MOTHERSON.NS,2025-10-01,106.0,106.0,7448493.0,0.0
MOTHERSON.NS,2025-10-03,106.66999816894531,106.66999816894531,8086392.0,0.0
MOTHERSON.NS,2025-10-06,106.22000122070312,106.22000122070312,7260072.0,0.0
MOTHERSON.NS,2025-10-07,104.12000274658203,104.12000274658203,18966822.0,0.0
MOTHERSON.NS,2025-10-08,101.63999938964844,101.63999938964844,11890467.0,0.0
MOTHERSON.NS,2025-10-09,103.44000244140625,103.44000244140625,13623431.0,0.0
MOTHERSON.NS,2025-10-10,104.0999984741211,104.0999984741211,9724654.0,0.0
MOTHERSON.NS,2025-10-13,104.0999984741211,104.0999984741211,16216577.0,0.0
MOTHERSON.NS,2025-10-14,105.05000305175781,105.05000305175781,24973101.0,0.0
MOTHERSON.NS,2025-10-15,104.77999877929688,104.77999877929688,13717505.0,0.0
MOTHERSON.NS,2025-10-16,107.2699966430664,107.2699966430664,18610741.0,0.0
MOTHERSON.NS,2025-10-17,104.69999694824219,104.69999694824219,14290399.0,0.0
MOTHERSON.NS,2025-10-20,105.7699966430664,105.7699966430664,5352437.0,0.0
MOTHERSON.NS,2025-10-21,105.37000274658203,105.37000274658203,1768861.0,0.0
MOTHERSON.NS,2025-10-23,107.30999755859375,107.30999755859375,30104528.0,0.0
MOTHERSON.NS,2025-10-24,106.25,106.25,11030911.0,0.0
MOTHERSON.NS,2025-10-27,106.93000030517578,106.93000030517578,8676084.0,0.0
MOTHERSON.NS,2025-10-28,106.9800033569336,106.9800033569336,7582607.0,0.0
MOTHERSON.NS,2025-10-29,107.7300033569336,107.7300033569336,12702765.0,0.0
MOTHERSON.NS,2025-10-30,106.87999725341797,106.87999725341797,9808066.0,0.0
MOTHERSON.NS,2025-10-31,105.38999938964844,105.38999938964844,5215003.0,0.0
MOTHERSON.NS,2025-11-03,105.56999969482422,105.56999969482422,9823455.0,0.0
MOTHERSON.NS,2025-11-04,104.48999786376953,104.48999786376953,8923020.0,0.0
MOTHERSON.NS,2025-11-06,103.91999816894531,103.91999816894531,11443281.0,0.0
MOTHERSON.NS,2025-11-07,103.80000305175781,103.80000305175781,8431755.0,0.0
MOTHERSON.NS,2025-11-10,102.55000305175781,102.55000305175781,18067302.0,0.0
MOTHERSON.NS,2025-11-11,105.45999908447266,105.45999908447266,20357785.0,0.0
MOTHERSON.NS,2025-11-12,105.91999816894531,105.91999816894531,26930415.0,0.0
MOTHERSON.NS,2025-11-13,109.12999725341797,109.12999725341797,45246799.0,0.0
MOTHERSON.NS,2025-11-14,109.83999633789062,109.83999633789062,68460187.0,0.0
MOTHERSON.NS,2025-11-17,110.0199966430664,110.0199966430664,12995776.0,0.0
MOTHERSON.NS,2025-11-18,108.95999908447266,108.95999908447266,9891961.0,0.0
MOTHERSON.NS,2025-11-19,112.16000366210938,112.16000366210938,33900889.0,0.0
MOTHERSON.NS,2025-11-20,112.0,112.0,15140498.0,0.0
MOTHERSON.NS,2025-11-21,109.80000305175781,109.80000305175781,12406270.0,0.0
MOTHERSON.NS,2025-11-24,109.22000122070312,109.22000122070312,59352567.0,0.0
MOTHERSON.NS,2025-11-25,110.20999908447266,110.20999908447266,13551413.0,0.0
MOTHERSON.NS,2025-11-26,111.80999755859375,111.80999755859375,13388286.0,0.0
MOTHERSON.NS,2025-11-27,116.12999725341797,116.12999725341797,42435479.0,0.0
MOTHERSON.NS,2025-11-28,116.30999755859375,116.30999755859375,22765742.0,0.0
MOTHERSON.NS,2025-12-01,116.55000305175781,116.55000305175781,14172449.0,0.0
MOTHERSON.NS,2025-12-02,119.26000213623047,119.26000213623047,31242759.0,0.0
MOTHERSON.NS,2025-12-03,116.56999969482422,116.56999969482422,23947588.0,0.0
MOTHERSON.NS,2025-12-04,117.55999755859375,117.55999755859375,14828624.0,0.0
MOTHERSON.NS,2025-12-05,117.05000305175781,117.05000305175781,8681992.0,0.0
MOTHERSON.NS,2025-12-08,115.30000305175781,115.30000305175781,8912150.0,0.0
MOTHERSON.NS,2025-12-09,116.75,116.75,14546773.0,0.0
MOTHERSON.NS,2025-12-10,116.27999877929688,116.27999877929688,7837414.0,0.0
MOTHERSON.NS,2025-12-11,119.80000305175781,119.80000305175781,30012240.0,0.0
MOTHERSON.NS,2025-12-12,121.30000305175781,121.30000305175781,14876284.0,0.0
MOTHERSON.NS,2025-12-15,120.30999755859375,120.30999755859375,8527618.0,0.0
MOTHERSON.NS,2025-12-16,119.56999969482422,119.56999969482422,5700638.0,0.0
MOTHERSON.NS,2025-12-17,119.55999755859375,119.55999755859375,7069688.0,0.0
MOTHERSON.NS,2025-12-18,117.1500015258789,117.1500015258789,14949216.0,0.0
MOTHERSON.NS,2025-12-19,120.9800033569336,120.9800033569336,21232127.0,0.0
MOTHERSON.NS,2025-12-22,121.11000061035156,121.11000061035156,12005771.0,0.0
MOTHERSON.NS,2025-12-23,120.23999786376953,120.23999786376953,9958172.0,0.0
MOTHERSON.NS,2025-12-24,119.52999877929688,119.52999877929688,7675699.0,0.0
MOTHERSON.NS,2025-12-26,119.29000091552734,119.29000091552734,12938540.0,0.0
MOTHERSON.NS,2025-12-29,119.63999938964844,119.63999938964844,10853968.0,0.0
MOTHERSON.NS,2025-12-30,119.75,119.75,10132129.0,0.0
MOTHERSON.NS,2025-12-31,119.94000244140625,119.94000244140625,5541329.0,0.0
MOTHERSON.NS,2026-01-01,122.5199966430664,122.5199966430664,13120204.0,0.0
MOTHERSON.NS,2026-01-02,122.04000091552734,122.04000091552734,20423410.0,0.0
MOTHERSON.NS,2026-01-05,121.80999755859375,121.80999755859375,17109084.0,0.0
MOTHERSON.NS,2026-01-06,120.83000183105469,120.83000183105469,19478525.0,0.0
MOTHERSON.NS,2026-01-07,119.3499984741211,119.3499984741211,9250970.0,0.0
MOTHERSON.NS,2026-01-08,118.11000061035156,118.11000061035156,13950281.0,0.0
MOTHERSON.NS,2026-01-09,115.63999938964844,115.63999938964844,11448466.0,0.0
MOTHERSON.NS,2026-01-12,114.98999786376953,114.98999786376953,11208157.0,0.0
MOTHERSON.NS,2026-01-13,114.93000030517578,114.93000030517578,12781089.0,0.0
MOTHERSON.NS,2026-01-14,113.55000305175781,113.55000305175781,12258494.0,0.0
MOTHERSON.NS,2026-01-15,113.55000305175781,113.55000305175781,0.0,0.0
MOTHERSON.NS,2026-01-16,114.79000091552734,114.79000091552734,14170255.0,0.0
MOTHERSON.NS,2026-01-19,112.33000183105469,112.33000183105469,27290462.0,0.0
MOTHERSON.NS,2026-01-20,107.88999938964844,107.88999938964844,16421476.0,0.0
MOTHERSON.NS,2026-01-21,109.66999816894531,109.66999816894531,17449709.0,0.0
MOTHERSON.NS,2026-01-22,111.33000183105469,111.33000183105469,10103546.0,0.0
MOTHERSON.NS,2026-01-23,108.4000015258789,108.4000015258789,10449787.0,0.0
MOTHERSON.NS,2026-01-27,109.66999816894531,109.66999816894531,9770928.0,0.0
MOTHERSON.NS,2026-01-28,111.43000030517578,111.43000030517578,12128916.0,0.0
MOTHERSON.NS,2026-01-29,113.87999725341797,113.87999725341797,16047659.0,0.0
MOTHERSON.NS,2026-01-30,112.9000015258789,112.9000015258789,14380990.0,0.0
MOTHERSON.NS,2026-02-02,114.08999633789062,114.08999633789062,10374677.0,0.0
MOTHERSON.NS,2026-02-03,121.31999969482422,121.31999969482422,35289099.0,0.0
MOTHERSON.NS,2026-02-04,122.62000274658203,122.62000274658203,13094471.0,0.0
MOTHERSON.NS,2026-02-05,120.98999786376953,120.98999786376953,6105921.0,0.0
MOTHERSON.NS,2026-02-06,118.0999984741211,118.0999984741211,18822881.0,0.0
MOTHERSON.NS,2026-02-09,124.41000366210938,124.41000366210938,20428343.0,0.0
MOTHERSON.NS,2026-02-10,129.42999267578125,129.42999267578125,55014074.0,0.0
MOTHERSON.NS,2026-02-11,130.1699981689453,130.1699981689453,58058429.0,0.0
SHREECEM.NS,2025-02-11,27989.75,27856.263671875,69686.0,0.0
SHREECEM.NS,2025-02-12,28235.05078125,28100.39453125,18436.0,0.0
SHREECEM.NS,2025-02-13,28225.0,28090.392578125,22179.0,0.0
SHREECEM.NS,2025-02-14,28556.05078125,28419.865234375,64359.0,0.0
SHREECEM.NS,2025-02-17,28309.150390625,28174.142578125,33067.0,0.0
SHREECEM.NS,2025-02-18,28361.19921875,28225.943359375,22494.0,0.0
SHREECEM.NS,2025-02-19,28655.150390625,28518.4921875,15671.0,0.0
SHREECEM.NS,2025-02-20,28496.75,28360.84765625,23853.0,0.0
SHREECEM.NS,2025-02-21,28405.69921875,28270.232421875,13779.0,0.0
SHREECEM.NS,2025-02-24,28292.400390625,28157.470703125,11442.0,0.0
SHREECEM.NS,2025-02-25,28197.44921875,28062.974609375,31625.0,0.0
SHREECEM.NS,2025-02-27,28306.400390625,28171.404296875,53283.0,0.0
SHREECEM.NS,2025-02-28,27284.0,27153.880859375,71987.0,0.0
SHREECEM.NS,2025-03-03,27678.900390625,27546.8984375,39731.0,0.0
SHREECEM.NS,2025-03-04,27363.349609375,27232.853515625,74924.0,0.0
SHREECEM.NS,2025-03-05,28155.44921875,28021.17578125,30701.0,0.0
SHREECEM.NS,2025-03-06,28061.75,27927.921875,22246.0,0.0
SHREECEM.NS,2025-03-07,27985.19921875,27851.736328125,15712.0,0.0
SHREECEM.NS,2025-03-10,27883.650390625,27750.671875,15735.0,0.0
SHREECEM.NS,2025-03-11,27937.0,27803.767578125,13576.0,0.0
SHREECEM.NS,2025-03-12,27531.0,27399.703125,30641.0,0.0
SHREECEM.NS,2025-03-13,27495.150390625,27364.0234375,17124.0,0.0
SHREECEM.NS,2025-03-17,27734.599609375,27602.33203125,54828.0,0.0
SHREECEM.NS,2025-03-18,27734.599609375,27602.33203125,0.0,0.0
SHREECEM.NS,2025-03-19,28527.849609375,28391.798828125,35602.0,0.0
SHREECEM.NS,2025-03-20,28628.849609375,28492.318359375,25300.0,0.0
SHREECEM.NS,2025-03-21,28987.400390625,28849.158203125,63982.0,0.0
SHREECEM.NS,2025-03-24,29442.650390625,29302.236328125,20004.0,0.0
SHREECEM.NS,2025-03-25,29544.05078125,29403.154296875,79264.0,0.0
SHREECEM.NS,2025-03-26,29931.099609375,29788.357421875,24799.0,0.0
SHREECEM.NS,2025-03-27,30146.44921875,30002.6796875,71437.0,0.0
SHREECEM.NS,2025-03-28,30502.94921875,30357.478515625,58593.0,0.0
SHREECEM.NS,2025-04-01,30246.400390625,30102.15234375,19571.0,0.0
SHREECEM.NS,2025-04-02,30273.400390625,30129.0234375,52150.0,0.0
SHREECEM.NS,2025-04-03,30902.0,30754.626953125,26224.0,0.0
SHREECEM.NS,2025-04-04,30694.5,30548.115234375,14821.0,0.0
SHREECEM.NS,2025-04-07,29751.55078125,29609.6640625,54086.0,0.0
SHREECEM.NS,2025-04-08,30433.19921875,30288.060546875,42775.0,0.0
SHREECEM.NS,2025-04-09,30370.25,30225.412109375,39073.0,0.0
SHREECEM.NS,2025-04-11,30107.94921875,29964.36328125,32572.0,0.0
SHREECEM.NS,2025-04-15,31125.0,30976.5625,39498.0,0.0
SHREECEM.NS,2025-04-16,30800.0,30653.111328125,25525.0,0.0
SHREECEM.NS,2025-04-17,31000.0,30852.158203125,36538.0,0.0
SHREECEM.NS,2025-04-21,31155.0,31006.419921875,28359.0,0.0
SHREECEM.NS,2025-04-22,30910.0,30762.587890625,45981.0,0.0
SHREECEM.NS,2025-04-23,30365.0,30220.1875,27170.0,0.0
SHREECEM.NS,2025-04-24,30705.0,30558.56640625,55566.0,0.0
SHREECEM.NS,2025-04-25,30540.0,30394.353515625,26946.0,0.0
SHREECEM.NS,2025-04-28,30400.0,30255.01953125,22491.0,0.0
SHREECEM.NS,2025-04-29,30025.0,29881.80859375,25432.0,0.0
SHREECEM.NS,2025-04-30,29710.0,29568.310546875,22258.0,0.0
SHREECEM.NS,2025-05-02,29280.0,29140.36328125,17300.0,0.0
SHREECEM.NS,2025-05-05,29470.0,29329.45703125,14607.0,0.0
SHREECEM.NS,2025-05-06,29485.0,29344.384765625,28266.0,0.0
SHREECEM.NS,2025-05-07,29570.0,29428.978515625,11379.0,0.0
SHREECEM.NS,2025-05-08,29410.0,29269.740234375,44201.0,0.0
SHREECEM.NS,2025-05-09,29230.0,29090.599609375,24760.0,0.0
SHREECEM.NS,2025-05-12,30135.0,29991.28515625,13032.0,0.0
SHREECEM.NS,2025-05-13,30145.0,30001.236328125,39445.0,0.0
SHREECEM.NS,2025-05-14,30620.0,30473.970703125,98120.0,0.0
SHREECEM.NS,2025-05-15,31400.0,31250.25,172193.0,0.0
SHREECEM.NS,2025-05-16,31615.0,31464.2265625,34222.0,0.0
SHREECEM.NS,2025-05-19,31600.0,31449.296875,28500.0,0.0
SHREECEM.NS,2025-05-20,31525.0,31374.654296875,29706.0,0.0
SHREECEM.NS,2025-05-21,31490.0,31339.822265625,31519.0,0.0
SHREECEM.NS,2025-05-22,31410.0,31260.203125,34673.0,0.0
SHREECEM.NS,2025-05-23,31495.0,31344.798828125,19027.0,0.0
SHREECEM.NS,2025-05-26,31100.0,30951.681640625,15503.0,0.0
SHREECEM.NS,2025-05-27,30950.0,30802.396484375,37923.0,0.0
SHREECEM.NS,2025-05-28,29895.0,29752.4296875,34686.0,0.0
SHREECEM.NS,2025-05-29,29915.0,29772.333984375,50069.0,0.0
SHREECEM.NS,2025-05-30,29595.0,29453.859375,65782.0,0.0
SHREECEM.NS,2025-06-02,29410.0,29269.740234375,25260.0,0.0
SHREECEM.NS,2025-06-03,29375.0,29234.908203125,26184.0,0.0
SHREECEM.NS,2025-06-04,29440.0,29299.59765625,16028.0,0.0
SHREECEM.NS,2025-06-05,29515.0,29374.2421875,27504.0,0.0
SHREECEM.NS,2025-06-06,29600.0,29458.8359375,28546.0,0.0
SHREECEM.NS,2025-06-09,29825.0,29682.76171875,26404.0,0.0
SHREECEM.NS,2025-06-10,29825.0,29682.76171875,22926.0,0.0
SHREECEM.NS,2025-06-11,29830.0,29687.73828125,35659.0,0.0
SHREECEM.NS,2025-06-12,29690.0,29548.40625,36013.0,0.0
SHREECEM.NS,2025-06-13,29610.0,29468.787109375,16460.0,0.0
SHREECEM.NS,2025-06-16,29805.0,29662.857421875,19409.0,0.0
SHREECEM.NS,2025-06-17,29620.0,29478.740234375,17595.0,0.0
SHREECEM.NS,2025-06-18,29305.0,29165.2421875,13011.0,0.0
SHREECEM.NS,2025-06-19,29310.0,29170.21875,15605.0,0.0
SHREECEM.NS,2025-06-20,28875.0,28737.294921875,296684.0,0.0
SHREECEM.NS,2025-06-23,28565.0,28428.771484375,35494.0,0.0
SHREECEM.NS,2025-06-24,28505.0,28369.05859375,79141.0,0.0
SHREECEM.NS,2025-06-25,29075.0,28936.33984375,92269.0,0.0
SHREECEM.NS,2025-06-26,30105.0,29961.427734375,98924.0,0.0
SHREECEM.NS,2025-06-27,31030.0,30882.017578125,218128.0,0.0
SHREECEM.NS,2025-06-30,31030.0,30882.017578125,42009.0,0.0
SHREECEM.NS,2025-07-01,31185.0,31036.275390625,46618.0,0.0
SHREECEM.NS,2025-07-02,31640.0,31489.107421875,20945.0,0.0
SHREECEM.NS,2025-07-03,31420.0,31270.15625,26592.0,0.0
SHREECEM.NS,2025-07-04,31315.0,31165.65625,12514.0,0.0
SHREECEM.NS,2025-07-07,31105.0,30956.658203125,15768.0,0.0
SHREECEM.NS,2025-07-08,31300.0,31150.728515625,27148.0,0.0
SHREECEM.NS,2025-07-09,31615.0,31464.2265625,25101.0,0.0
SHREECEM.NS,2025-07-10,31175.0,31026.32421875,31524.0,0.0
SHREECEM.NS,2025-07-11,31210.0,31061.15625,26485.0,0.0
SHREECEM.NS,2025-07-14,31100.0,30951.681640625,24794.0,0.0
SHREECEM.NS,2025-07-15,31080.0,30931.77734375,13064.0,0.0
SHREECEM.NS,2025-07-16,30955.0,30807.373046875,15939.0,0.0
SHREECEM.NS,2025-07-17,30845.0,30697.8984375,10121.0,0.0
SHREECEM.NS,2025-07-18,30790.0,30643.16015625,21051.0,0.0
SHREECEM.NS,2025-07-21,31535.0,31445.88671875,48993.0,0.0
SHREECEM.NS,2025-07-22,32345.0,32253.59765625,59832.0,0.0
SHREECEM.NS,2025-07-23,32115.0,32024.248046875,34639.0,0.0
SHREECEM.NS,2025-07-24,31745.0,31655.29296875,20833.0,0.0
SHREECEM.NS,2025-07-25,30950.0,30862.5390625,16681.0,0.0
SHREECEM.NS,2025-07-28,30695.0,30608.259765625,27460.0,0.0
SHREECEM.NS,2025-07-29,30410.0,30324.06640625,20699.0,0.0
SHREECEM.NS,2025-07-30,30590.0,30503.556640625,18682.0,0.0
SHREECEM.NS,2025-07-31,30810.0,30722.935546875,15010.0,0.0
SHREECEM.NS,2025-08-01,30675.0,30588.31640625,29448.0,0.0
SHREECEM.NS,2025-08-04,30645.0,30558.40234375,91108.0,0.0
SHREECEM.NS,2025-08-05,30205.0,30119.64453125,38269.0,0.0
SHREECEM.NS,2025-08-06,30570.0,30483.61328125,45369.0,0.0
SHREECEM.NS,2025-08-07,30655.0,30568.373046875,13398.0,0.0
SHREECEM.NS,2025-08-08,30415.0,30329.05078125,14155.0,0.0
SHREECEM.NS,2025-08-11,30640.0,30553.416015625,18515.0,0.0
SHREECEM.NS,2025-08-12,30410.0,30324.06640625,19839.0,0.0
SHREECEM.NS,2025-08-13,30410.0,30324.06640625,47546.0,0.0
SHREECEM.NS,2025-08-14,30400.0,30314.09375,34703.0,0.0
SHREECEM.NS,2025-08-18,31340.0,31251.4375,40018.0,0.0
SHREECEM.NS,2025-08-19,30905.0,30817.666015625,44452.0,0.0
SHREECEM.NS,2025-08-20,30690.0,30603.275390625,29464.0,0.0
SHREECEM.NS,2025-08-21,30605.0,30518.515625,12148.0,0.0
SHREECEM.NS,2025-08-22,30005.0,29920.2109375,23082.0,0.0
SHREECEM.NS,2025-08-25,30015.0,29930.181640625,36110.0,0.0
SHREECEM.NS,2025-08-26,30110.0,30024.9140625,27970.0,0.0
SHREECEM.NS,2025-08-28,29675.0,29591.142578125,32689.0,0.0
SHREECEM.NS,2025-08-29,29275.0,29192.2734375,63260.0,0.0
SHREECEM.NS,2025-09-01,29870.0,29785.591796875,37442.0,0.0
SHREECEM.NS,2025-09-02,29995.0,29910.23828125,23155.0,0.0
SHREECEM.NS,2025-09-03,29940.0,29855.39453125,23539.0,0.0
SHREECEM.NS,2025-09-04,29945.0,29860.37890625,25439.0,0.0
SHREECEM.NS,2025-09-05,30040.0,29955.111328125,16653.0,0.0
SHREECEM.NS,2025-09-08,30485.0,30398.853515625,12239.0,0.0
SHREECEM.NS,2025-09-09,30190.0,30104.6875,22879.0,0.0
SHREECEM.NS,2025-09-10,29890.0,29805.53515625,34161.0,0.0
SHREECEM.NS,2025-09-11,29830.0,29745.705078125,20878.0,0.0
SHREECEM.NS,2025-09-12,29580.0,29496.412109375,21104.0,0.0
SHREECEM.NS,2025-09-15,29275.0,29192.2734375,25565.0,0.0
SHREECEM.NS,2025-09-16,29575.0,29491.42578125,40795.0,0.0
SHREECEM.NS,2025-09-17,29685.0,29601.115234375,47492.0,0.0
SHREECEM.NS,2025-09-18,29960.0,29875.337890625,36221.0,0.0
SHREECEM.NS,2025-09-19,29880.0,29795.5625,62728.0,0.0
SHREECEM.NS,2025-09-22,29705.0,29621.05859375,42575.0,0.0
SHREECEM.NS,2025-09-23,29790.0,29705.818359375,33031.0,0.0
SHREECEM.NS,2025-09-24,29650.0,29566.212890625,35863.0,0.0
SHREECEM.NS,2025-09-25,29515.0,29431.595703125,31286.0,0.0
SHREECEM.NS,2025-09-26,28910.0,28828.3046875,20857.0,0.0
SHREECEM.NS,2025-09-29,29735.0,29650.97265625,143519.0,0.0
SHREECEM.NS,2025-09-30,29265.0,29182.30078125,29375.0,0.0
SHREECEM.NS,2025-10-01,29295.0,29212.216796875,26328.0,0.0
SHREECEM.NS,2025-10-03,29180.0,29097.541015625,13811.0,0.0
SHREECEM.NS,2025-10-06,29295.0,29212.216796875,12202.0,0.0
SHREECEM.NS,2025-10-07,29530.0,29446.552734375,13596.0,0.0
SHREECEM.NS,2025-10-08,29285.0,29202.244140625,10980.0,0.0
SHREECEM.NS,2025-10-09,29485.0,29401.6796875,22117.0,0.0
SHREECEM.NS,2025-10-10,29445.0,29361.79296875,17432.0,0.0
SHREECEM.NS,2025-10-13,29615.0,29531.3125,13296.0,0.0
SHREECEM.NS,2025-10-14,29615.0,29531.3125,15385.0,0.0
SHREECEM.NS,2025-10-15,29940.0,29855.39453125,15822.0,0.0
SHREECEM.NS,2025-10-16,30010.0,29925.1953125,12514.0,0.0
SHREECEM.NS,2025-10-17,29690.0,29606.099609375,16520.0,0.0
SHREECEM.NS,2025-10-20,28880.0,28798.388671875,23281.0,0.0
SHREECEM.NS,2025-10-21,28950.0,28868.19140625,1726.0,0.0
SHREECEM.NS,2025-10-23,28970.0,28888.134765625,48966.0,0.0
SHREECEM.NS,2025-10-24,28705.0,28623.884765625,25030.0,0.0
SHREECEM.NS,2025-10-27,28590.0,28509.208984375,36230.0,0.0
SHREECEM.NS,2025-10-28,28585.0,28504.22265625,34211.0,0.0
SHREECEM.NS,2025-10-29,29210.0,29127.45703125,79429.0,0.0
SHREECEM.NS,2025-10-30,28740.0,28658.78515625,22402.0,0.0
SHREECEM.NS,2025-10-31,28310.0,28230.0,24223.0,0.0
SHREECEM.NS,2025-11-03,27975.0,27975.0,12006.0,0.0
SHREECEM.NS,2025-11-04,27600.0,27600.0,12031.0,0.0
SHREECEM.NS,2025-11-06,27450.0,27450.0,15109.0,0.0
SHREECEM.NS,2025-11-07,27375.0,27375.0,23046.0,0.0
SHREECEM.NS,2025-11-10,27090.0,27090.0,32166.0,0.0
SHREECEM.NS,2025-11-11,27035.0,27035.0,19431.0,0.0
SHREECEM.NS,2025-11-12,27095.0,27095.0,24395.0,0.0
SHREECEM.NS,2025-11-13,26995.0,26995.0,14547.0,0.0
SHREECEM.NS,2025-11-14,26700.0,26700.0,18167.0,0.0
SHREECEM.NS,2025-11-17,26680.0,26680.0,20761.0,0.0
SHREECEM.NS,2025-11-18,26420.0,26420.0,36817.0,0.0
SHREECEM.NS,2025-11-19,26510.0,26510.0,12630.0,0.0
SHREECEM.NS,2025-11-20,26480.0,26480.0,15461.0,0.0
SHREECEM.NS,2025-11-21,26480.0,26480.0,15422.0,0.0
SHREECEM.NS,2025-11-24,26490.0,26490.0,23404.0,0.0
SHREECEM.NS,2025-11-25,26455.0,26455.0,35989.0,0.0
SHREECEM.NS,2025-11-26,26935.0,26935.0,16119.0,0.0
SHREECEM.NS,2025-11-27,26755.0,26755.0,25657.0,0.0
SHREECEM.NS,2025-11-28,26400.0,26400.0,15137.0,0.0
SHREECEM.NS,2025-12-01,26415.0,26415.0,16587.0,0.0
SHREECEM.NS,2025-12-02,26545.0,26545.0,34844.0,0.0
SHREECEM.NS,2025-12-03,26300.0,26300.0,36102.0,0.0
SHREECEM.NS,2025-12-04,26450.0,26450.0,9275.0,0.0
SHREECEM.NS,2025-12-05,26075.0,26075.0,30319.0,0.0
SHREECEM.NS,2025-12-08,26135.0,26135.0,48562.0,0.0
SHREECEM.NS,2025-12-09,26100.0,26100.0,117831.0,0.0
SHREECEM.NS,2025-12-10,25885.0,25885.0,32453.0,0.0
SHREECEM.NS,2025-12-11,26080.0,26080.0,46366.0,0.0
SHREECEM.NS,2025-12-12,26285.0,26285.0,23933.0,0.0
SHREECEM.NS,2025-12-15,26625.0,26625.0,66214.0,0.0
SHREECEM.NS,2025-12-16,25990.0,25990.0,30430.0,0.0
SHREECEM.NS,2025-12-17,26045.0,26045.0,64316.0,0.0
SHREECEM.NS,2025-12-18,25645.0,25645.0,23636.0,0.0
SHREECEM.NS,2025-12-19,25600.0,25600.0,47019.0,0.0
SHREECEM.NS,2025-12-22,25710.0,25710.0,13917.0,0.0
SHREECEM.NS,2025-12-23,25940.0,25940.0,46538.0,0.0
SHREECEM.NS,2025-12-24,26145.0,26145.0,18508.0,0.0
SHREECEM.NS,2025-12-26,26420.0,26420.0,46123.0,0.0
SHREECEM.NS,2025-12-29,26275.0,26275.0,57381.0,0.0
SHREECEM.NS,2025-12-30,26340.0,26340.0,137300.0,0.0
SHREECEM.NS,2025-12-31,26575.0,26575.0,24906.0,0.0
SHREECEM.NS,2026-01-01,26835.0,26835.0,9497.0,0.0
SHREECEM.NS,2026-01-02,27045.0,27045.0,36285.0,0.0
SHREECEM.NS,2026-01-05,27645.0,27645.0,23089.0,0.0
SHREECEM.NS,2026-01-06,27670.0,27670.0,35574.0,0.0
SHREECEM.NS,2026-01-07,27320.0,27320.0,22391.0,0.0
SHREECEM.NS,2026-01-08,26850.0,26850.0,17963.0,0.0
SHREECEM.NS,2026-01-09,26950.0,26950.0,33316.0,0.0
SHREECEM.NS,2026-01-12,27165.0,27165.0,22728.0,0.0
SHREECEM.NS,2026-01-13,27155.0,27155.0,16064.0,0.0
SHREECEM.NS,2026-01-14,27550.0,27550.0,37405.0,0.0
SHREECEM.NS,2026-01-15,27550.0,27550.0,0.0,0.0
SHREECEM.NS,2026-01-16,27840.0,27840.0,32929.0,0.0
SHREECEM.NS,2026-01-19,27510.0,27510.0,10707.0,0.0
SHREECEM.NS,2026-01-20,27225.0,27225.0,42671.0,0.0
SHREECEM.NS,2026-01-21,27370.0,27370.0,25027.0,0.0
SHREECEM.NS,2026-01-22,27430.0,27430.0,14663.0,0.0
SHREECEM.NS,2026-01-23,27000.0,27000.0,24439.0,0.0
SHREECEM.NS,2026-01-27,27220.0,27220.0,32223.0,0.0
SHREECEM.NS,2026-01-28,27480.0,27480.0,18343.0,0.0
SHREECEM.NS,2026-01-29,27055.0,27055.0,28182.0,0.0
SHREECEM.NS,2026-01-30,26985.0,26985.0,42402.0,0.0
SHREECEM.NS,2026-02-02,26800.0,26800.0,42072.0,0.0
SHREECEM.NS,2026-02-03,27020.0,27020.0,51933.0,0.0
SHREECEM.NS,2026-02-04,27350.0,27350.0,25807.0,0.0
SHREECEM.NS,2026-02-05,27225.0,27225.0,38447.0,0.0
SHREECEM.NS,2026-02-06,27330.0,27330.0,14772.0,0.0
SHREECEM.NS,2026-02-09,27145.0,27145.0,74200.0,0.0
SHREECEM.NS,2026-02-10,26525.0,26525.0,38471.0,0.0
SHREECEM.NS,2026-02-11,26805.0,26805.0,25422.0,0.0
ENRIN.NS,2025-06-19,2735.0,2730.59130859375,4080416.0,0.0
ENRIN.NS,2025-06-20,2640.800048828125,2636.543212890625,10030400.0,0.0
ENRIN.NS,2025-06-23,2615.800048828125,2611.58349609375,3288612.0,0.0
ENRIN.NS,2025-06-24,2706.39990234375,2702.037353515625,2439573.0,0.0
ENRIN.NS,2025-06-25,2802.10009765625,2797.583251953125,1348714.0,0.0
ENRIN.NS,2025-06-26,2827.60009765625,2823.042236328125,3328114.0,0.0
ENRIN.NS,2025-06-27,2901.199951171875,2896.5234375,663663.0,0.0
ENRIN.NS,2025-06-30,2975.89990234375,2971.10302734375,601274.0,0.0
ENRIN.NS,2025-07-01,2971.5,2966.710205078125,536577.0,0.0
ENRIN.NS,2025-07-02,2951.10009765625,2946.343017578125,568584.0,0.0
ENRIN.NS,2025-07-03,2922.300048828125,2917.58935546875,650654.0,0.0
ENRIN.NS,2025-07-04,2894.0,2889.3349609375,654426.0,0.0
ENRIN.NS,2025-07-07,3000.10009765625,2995.26416015625,1958335.0,0.0
ENRIN.NS,2025-07-08,3046.89990234375,3041.988525390625,1519432.0,0.0
ENRIN.NS,2025-07-09,3126.5,3121.460205078125,1519442.0,0.0
ENRIN.NS,2025-07-10,3140.300048828125,3135.238037109375,821004.0,0.0
ENRIN.NS,2025-07-11,3176.699951171875,3171.579345703125,1046411.0,0.0
ENRIN.NS,2025-07-14,3076.10009765625,3071.1416015625,894477.0,0.0
ENRIN.NS,2025-07-15,3053.699951171875,3048.777587890625,884299.0,0.0
ENRIN.NS,2025-07-16,3086.300048828125,3081.3251953125,767166.0,0.0
ENRIN.NS,2025-07-17,3054.199951171875,3049.27685546875,758679.0,0.0
ENRIN.NS,2025-07-18,3037.5,3032.603759765625,505495.0,0.0
ENRIN.NS,2025-07-21,3057.89990234375,3052.970703125,364458.0,0.0
ENRIN.NS,2025-07-22,3042.39990234375,3037.49560546875,401792.0,0.0
ENRIN.NS,2025-07-23,3010.60009765625,3005.7470703125,461601.0,0.0
ENRIN.NS,2025-07-24,3005.300048828125,3000.45556640625,485288.0,0.0
ENRIN.NS,2025-07-25,2977.5,2972.700439453125,343613.0,0.0
ENRIN.NS,2025-07-28,3017.199951171875,3012.33642578125,753781.0,0.0
ENRIN.NS,2025-07-29,3034.5,3029.608642578125,623985.0,0.0
ENRIN.NS,2025-07-30,3226.89990234375,3221.6982421875,1303514.0,0.0
ENRIN.NS,2025-07-31,3237.89990234375,3232.6806640625,566282.0,0.0
ENRIN.NS,2025-08-01,3168.800048828125,3163.692138671875,439298.0,0.0
ENRIN.NS,2025-08-04,3233.60009765625,3228.3876953125,861099.0,0.0
ENRIN.NS,2025-08-05,3259.89990234375,3254.64501953125,1643505.0,0.0
ENRIN.NS,2025-08-06,3161.800048828125,3156.703369140625,628232.0,0.0
ENRIN.NS,2025-08-07,3175.300048828125,3170.181640625,576167.0,0.0
ENRIN.NS,2025-08-08,3083.89990234375,3078.9287109375,569835.0,0.0
ENRIN.NS,2025-08-11,3112.60009765625,3107.582763671875,1120311.0,0.0
ENRIN.NS,2025-08-12,3147.10009765625,3142.027099609375,676128.0,0.0
ENRIN.NS,2025-08-13,3162.39990234375,3157.30224609375,435126.0,0.0
ENRIN.NS,2025-08-14,3173.300048828125,3168.184814453125,291868.0,0.0
ENRIN.NS,2025-08-18,3168.10009765625,3162.9931640625,1013198.0,0.0
ENRIN.NS,2025-08-19,3195.199951171875,3190.049560546875,316378.0,0.0
ENRIN.NS,2025-08-20,3295.0,3289.688720703125,824347.0,0.0
ENRIN.NS,2025-08-21,3297.5,3292.1845703125,618164.0,0.0
ENRIN.NS,2025-08-22,3374.0,3368.561279296875,572409.0,0.0
ENRIN.NS,2025-08-25,3382.699951171875,3377.247314453125,417287.0,0.0
ENRIN.NS,2025-08-26,3337.0,3331.620849609375,323462.0,0.0
ENRIN.NS,2025-08-28,3379.0,3373.55322265625,736641.0,0.0
ENRIN.NS,2025-08-29,3374.89990234375,3369.459716796875,265904.0,0.0
ENRIN.NS,2025-09-01,3492.300048828125,3486.670654296875,720880.0,0.0
ENRIN.NS,2025-09-02,3525.5,3519.817138671875,446967.0,0.0
ENRIN.NS,2025-09-03,3437.10009765625,3431.5595703125,319732.0,0.0
ENRIN.NS,2025-09-04,3389.300048828125,3383.836669921875,314128.0,0.0
ENRIN.NS,2025-09-05,3425.800048828125,3420.27783203125,194795.0,0.0
ENRIN.NS,2025-09-08,3501.89990234375,3496.255126953125,220861.0,0.0
ENRIN.NS,2025-09-09,3458.199951171875,3452.62548828125,284896.0,0.0
ENRIN.NS,2025-09-10,3383.10009765625,3377.646728515625,706150.0,0.0
ENRIN.NS,2025-09-11,3358.10009765625,3352.68701171875,418414.0,0.0
ENRIN.NS,2025-09-12,3386.39990234375,3380.941162109375,381267.0,0.0
ENRIN.NS,2025-09-15,3402.39990234375,3396.91552734375,440197.0,0.0
ENRIN.NS,2025-09-16,3460.89990234375,3455.321044921875,294625.0,0.0
ENRIN.NS,2025-09-17,3499.60009765625,3493.958984375,551483.0,0.0
ENRIN.NS,2025-09-18,3474.800048828125,3469.19873046875,435534.0,0.0
ENRIN.NS,2025-09-19,3435.60009765625,3430.06201171875,584304.0,0.0
ENRIN.NS,2025-09-22,3528.60009765625,3522.912109375,792460.0,0.0
ENRIN.NS,2025-09-23,3606.5,3600.6865234375,839211.0,0.0
ENRIN.NS,2025-09-24,3510.199951171875,3504.541748046875,698304.0,0.0
ENRIN.NS,2025-09-25,3527.800048828125,3522.113525390625,487362.0,0.0
ENRIN.NS,2025-09-26,3516.199951171875,3510.531982421875,616010.0,0.0
ENRIN.NS,2025-09-29,3510.60009765625,3504.941162109375,2644655.0,0.0
ENRIN.NS,2025-09-30,3432.800048828125,3427.2666015625,432263.0,0.0
ENRIN.NS,2025-10-01,3399.199951171875,3393.720703125,271735.0,0.0
ENRIN.NS,2025-10-03,3357.699951171875,3352.28759765625,363956.0,0.0
ENRIN.NS,2025-10-06,3236.39990234375,3231.18310546875,682384.0,0.0
ENRIN.NS,2025-10-07,3282.300048828125,3277.009033203125,425040.0,0.0
ENRIN.NS,2025-10-08,3342.199951171875,3336.8125,517546.0,0.0
ENRIN.NS,2025-10-09,3241.10009765625,3235.875732421875,469760.0,0.0
ENRIN.NS,2025-10-10,3235.5,3230.284423828125,267763.0,0.0
ENRIN.NS,2025-10-13,3183.39990234375,3178.268310546875,193664.0,0.0
ENRIN.NS,2025-10-14,3197.300048828125,3192.146240234375,335064.0,0.0
ENRIN.NS,2025-10-15,3144.199951171875,3139.131591796875,347219.0,0.0
ENRIN.NS,2025-10-16,3139.89990234375,3134.838623046875,324000.0,0.0
ENRIN.NS,2025-10-17,3116.699951171875,3111.676025390625,208531.0,0.0
ENRIN.NS,2025-10-20,3100.800048828125,3095.8017578125,196576.0,0.0
ENRIN.NS,2025-10-21,3144.699951171875,3139.630859375,34372.0,0.0
ENRIN.NS,2025-10-23,3141.89990234375,3136.835205078125,286511.0,0.0
ENRIN.NS,2025-10-24,3138.39990234375,3133.341064453125,327942.0,0.0
ENRIN.NS,2025-10-27,3153.39990234375,3148.31689453125,365706.0,0.0
ENRIN.NS,2025-10-28,3101.300048828125,3096.301025390625,334524.0,0.0
ENRIN.NS,2025-10-29,3134.300048828125,3129.247802734375,747722.0,0.0
ENRIN.NS,2025-10-30,3206.5,3201.331298828125,736839.0,0.0
ENRIN.NS,2025-10-31,3185.60009765625,3180.465087890625,323249.0,0.0
ENRIN.NS,2025-11-03,3206.300048828125,3201.131591796875,211143.0,0.0
ENRIN.NS,2025-11-04,3245.39990234375,3240.16845703125,551946.0,0.0
ENRIN.NS,2025-11-06,3185.60009765625,3180.465087890625,697833.0,0.0
ENRIN.NS,2025-11-07,3228.199951171875,3222.996337890625,464412.0,0.0
ENRIN.NS,2025-11-10,3282.10009765625,3276.8095703125,357564.0,0.0
ENRIN.NS,2025-11-11,3248.199951171875,3242.964111328125,297925.0,0.0
ENRIN.NS,2025-11-12,3283.60009765625,3278.30712890625,324320.0,0.0
ENRIN.NS,2025-11-14,3257.60009765625,3252.34912109375,284739.0,0.0
ENRIN.NS,2025-11-17,3296.10009765625,3290.786865234375,217701.0,0.0
ENRIN.NS,2025-11-18,3348.89990234375,3343.501708984375,539522.0,0.0
ENRIN.NS,2025-11-19,3314.89990234375,3309.556396484375,412298.0,0.0
ENRIN.NS,2025-11-20,3346.0,3340.6064453125,493812.0,0.0
ENRIN.NS,2025-11-21,3332.89990234375,3327.52734375,362284.0,0.0
ENRIN.NS,2025-11-24,3162.89990234375,3157.801513671875,14975770.0,0.0
ENRIN.NS,2025-11-25,3097.5,3092.507080078125,2473410.0,0.0
ENRIN.NS,2025-11-26,3113.699951171875,3108.680908203125,934038.0,0.0
ENRIN.NS,2025-11-27,3111.60009765625,3106.58447265625,724788.0,0.0
ENRIN.NS,2025-11-28,3159.60009765625,3154.507080078125,961631.0,0.0
ENRIN.NS,2025-12-01,3140.89990234375,3135.8369140625,258130.0,0.0
ENRIN.NS,2025-12-02,3194.300048828125,3189.151123046875,443633.0,0.0
ENRIN.NS,2025-12-03,3150.5,3145.421630859375,274280.0,0.0
ENRIN.NS,2025-12-04,3100.699951171875,3095.701904296875,305254.0,0.0
ENRIN.NS,2025-12-05,3098.199951171875,3093.205810546875,372926.0,0.0
ENRIN.NS,2025-12-08,2953.800048828125,2949.03857421875,518818.0,0.0
ENRIN.NS,2025-12-09,3032.800048828125,3027.911376953125,563954.0,0.0
ENRIN.NS,2025-12-10,2996.300048828125,2991.47021484375,409895.0,0.0
ENRIN.NS,2025-12-11,2905.39990234375,2900.716552734375,653327.0,0.0
ENRIN.NS,2025-12-12,2893.60009765625,2888.935791015625,380471.0,0.0
ENRIN.NS,2025-12-15,2945.60009765625,2940.85205078125,456360.0,0.0
ENRIN.NS,2025-12-16,2979.800048828125,2974.996826171875,612192.0,0.0
ENRIN.NS,2025-12-17,2971.699951171875,2966.90966796875,356990.0,0.0
ENRIN.NS,2025-12-18,2839.39990234375,2834.822998046875,768526.0,0.0
ENRIN.NS,2025-12-19,2747.0,2742.572021484375,4395833.0,0.0
ENRIN.NS,2025-12-22,2616.5,2612.2822265625,4675842.0,0.0
ENRIN.NS,2025-12-23,2593.39990234375,2589.219482421875,1736147.0,0.0
ENRIN.NS,2025-12-24,2595.5,2591.316162109375,573553.0,0.0
ENRIN.NS,2025-12-26,2625.10009765625,2620.86865234375,488094.0,0.0
ENRIN.NS,2025-12-29,2578.5,2574.343505859375,390571.0,0.0
ENRIN.NS,2025-12-30,2574.5,2570.35009765625,300101.0,0.0
ENRIN.NS,2025-12-31,2560.10009765625,2555.973388671875,215819.0,0.0
ENRIN.NS,2026-01-01,2539.0,2534.9072265625,203170.0,0.0
ENRIN.NS,2026-01-02,2546.699951171875,2542.5947265625,181253.0,0.0
ENRIN.NS,2026-01-05,2564.5,2560.3662109375,383932.0,0.0
ENRIN.NS,2026-01-06,2622.0,2617.7734375,424253.0,0.0
ENRIN.NS,2026-01-07,2603.300048828125,2599.103759765625,162918.0,0.0
ENRIN.NS,2026-01-08,2527.800048828125,2523.725341796875,419780.0,0.0
ENRIN.NS,2026-01-09,2403.800048828125,2399.92529296875,860998.0,0.0
ENRIN.NS,2026-01-12,2373.699951171875,2369.873779296875,859118.0,0.0
ENRIN.NS,2026-01-13,2404.39990234375,2400.524169921875,426428.0,0.0
ENRIN.NS,2026-01-14,2363.5,2359.690185546875,729905.0,0.0
ENRIN.NS,2026-01-16,2327.0,2323.2490234375,520655.0,0.0
ENRIN.NS,2026-01-19,2316.89990234375,2313.165283203125,348821.0,0.0
ENRIN.NS,2026-01-20,2269.39990234375,2265.74169921875,422879.0,0.0
ENRIN.NS,2026-01-21,2250.89990234375,2247.271484375,474791.0,0.0
ENRIN.NS,2026-01-22,2202.800048828125,2199.249267578125,706731.0,0.0
ENRIN.NS,2026-01-23,2125.39990234375,2121.973876953125,771845.0,0.0
ENRIN.NS,2026-01-27,2184.0,2180.4794921875,427689.0,0.0
ENRIN.NS,2026-01-28,2356.89990234375,2353.1005859375,1001172.0,0.0
ENRIN.NS,2026-01-29,2481.5,2477.5,1013095.0,0.0
ENRIN.NS,2026-01-30,2487.199951171875,2487.199951171875,509717.0,0.0
ENRIN.NS,2026-02-02,2438.800048828125,2438.800048828125,284642.0,0.0
ENRIN.NS,2026-02-03,2529.800048828125,2529.800048828125,576969.0,0.0
ENRIN.NS,2026-02-04,2604.60009765625,2604.60009765625,948600.0,0.0
ENRIN.NS,2026-02-05,2598.89990234375,2598.89990234375,194559.0,0.0
ENRIN.NS,2026-02-06,2740.60009765625,2740.60009765625,1091498.0,0.0
ENRIN.NS,2026-02-09,2691.300048828125,2691.300048828125,462672.0,0.0
ENRIN.NS,2026-02-10,2683.39990234375,2683.39990234375,174431.0,0.0
ENRIN.NS,2026-02-11,2666.0,2666.0,242000.0,0.0
SIEMENS.NS,2025-02-11,3055.244384765625,3055.244384765625,854281.0,0.0
SIEMENS.NS,2025-02-12,3051.8984375,3051.8984375,1379042.0,0.0
SIEMENS.NS,2025-02-13,2996.779052734375,2996.779052734375,1841280.0,0.0
SIEMENS.NS,2025-02-14,2929.62646484375,2929.62646484375,561232.0,0.0
SIEMENS.NS,2025-02-17,2852.406494140625,2852.406494140625,1358038.0,0.0
SIEMENS.NS,2025-02-18,2843.219970703125,2843.219970703125,875987.0,0.0
SIEMENS.NS,2025-02-19,2908.523681640625,2908.523681640625,1130801.0,0.0
SIEMENS.NS,2025-02-20,2950.20068359375,2950.20068359375,749470.0,0.0
SIEMENS.NS,2025-02-21,2888.829833984375,2888.829833984375,779092.0,0.0
SIEMENS.NS,2025-02-24,2860.389892578125,2860.389892578125,957130.0,0.0
SIEMENS.NS,2025-02-25,2839.7568359375,2839.7568359375,490647.0,0.0
SIEMENS.NS,2025-02-27,2751.06103515625,2751.06103515625,641615.0,0.0
SIEMENS.NS,2025-02-28,2713.9921875,2713.9921875,919544.0,0.0
SIEMENS.NS,2025-03-03,2839.140380859375,2839.140380859375,810733.0,0.0
SIEMENS.NS,2025-03-04,2895.022705078125,2895.022705078125,992217.0,0.0
SIEMENS.NS,2025-03-05,2985.332763671875,2985.332763671875,1248047.0,0.0
SIEMENS.NS,2025-03-06,3029.093505859375,3029.093505859375,1446016.0,0.0
SIEMENS.NS,2025-03-07,2997.278076171875,2997.278076171875,1000990.0,0.0
SIEMENS.NS,2025-03-10,2920.058349609375,2920.058349609375,566630.0,0.0
SIEMENS.NS,2025-03-11,2900.980712890625,2900.980712890625,889506.0,0.0
SIEMENS.NS,2025-03-12,2879.6728515625,2879.6728515625,416828.0,0.0
SIEMENS.NS,2025-03-13,2892.6748046875,2892.6748046875,696251.0,0.0
SIEMENS.NS,2025-03-17,2897.693603515625,2897.693603515625,435109.0,0.0
SIEMENS.NS,2025-03-18,2897.693603515625,2897.693603515625,0.0,0.0
SIEMENS.NS,2025-03-19,3066.77880859375,3066.77880859375,855208.0,0.0
SIEMENS.NS,2025-03-20,3048.93408203125,3048.93408203125,548075.0,0.0
SIEMENS.NS,2025-03-21,3052.77880859375,3052.77880859375,1256241.0,0.0
SIEMENS.NS,2025-03-24,3066.015625,3066.015625,600664.0,0.0
SIEMENS.NS,2025-03-25,3004.9091796875,3004.9091796875,399335.0,0.0
SIEMENS.NS,2025-03-26,3180.510009765625,3180.510009765625,4736380.0,0.0
SIEMENS.NS,2025-03-27,3119.4033203125,3119.4033203125,1078586.0,0.0
SIEMENS.NS,2025-03-28,3096.627685546875,3096.627685546875,1201834.0,0.0
SIEMENS.NS,2025-04-01,3069.97802734375,3069.97802734375,562131.0,0.0
SIEMENS.NS,2025-04-02,3101.0302734375,3101.0302734375,634342.0,0.0
SIEMENS.NS,2025-04-03,3080.896240234375,3080.896240234375,677222.0,0.0
SIEMENS.NS,2025-04-04,2892.821533203125,2892.821533203125,1869669.0,0.0
SIEMENS.NS,2025-04-07,2812.449951171875,2812.449951171875,2716014.0,0.0
SIEMENS.NS,2025-04-08,2763.449951171875,2763.449951171875,2603929.0,0.0
SIEMENS.NS,2025-04-09,2715.85009765625,2715.85009765625,866126.0,0.0
SIEMENS.NS,2025-04-11,2727.800048828125,2727.800048828125,784039.0,0.0
SIEMENS.NS,2025-04-15,2839.5,2839.5,872503.0,0.0
SIEMENS.NS,2025-04-16,2811.5,2811.5,865906.0,0.0
SIEMENS.NS,2025-04-17,2810.0,2810.0,537062.0,0.0
SIEMENS.NS,2025-04-21,2827.0,2827.0,653092.0,0.0
SIEMENS.NS,2025-04-22,2856.5,2856.5,576915.0,0.0
SIEMENS.NS,2025-04-23,2872.0,2872.0,607062.0,0.0
SIEMENS.NS,2025-04-24,2903.5,2903.5,453763.0,0.0
SIEMENS.NS,2025-04-25,2833.5,2833.5,776070.0,0.0
SIEMENS.NS,2025-04-28,2916.5,2916.5,460919.0,0.0
SIEMENS.NS,2025-04-29,2930.0,2930.0,674757.0,0.0
SIEMENS.NS,2025-04-30,2901.5,2901.5,512358.0,0.0
SIEMENS.NS,2025-05-02,2912.5,2912.5,367358.0,0.0
SIEMENS.NS,2025-05-05,2951.699951171875,2951.699951171875,237370.0,0.0
SIEMENS.NS,2025-05-06,2941.10009765625,2941.10009765625,269762.0,0.0
SIEMENS.NS,2025-05-07,2967.199951171875,2967.199951171875,415422.0,0.0
SIEMENS.NS,2025-05-08,2838.60009765625,2838.60009765625,898180.0,0.0
SIEMENS.NS,2025-05-09,2857.199951171875,2857.199951171875,539592.0,0.0
SIEMENS.NS,2025-05-12,2895.89990234375,2895.89990234375,506851.0,0.0
SIEMENS.NS,2025-05-13,2916.699951171875,2916.699951171875,784313.0,0.0
SIEMENS.NS,2025-05-14,3006.800048828125,3006.800048828125,1814823.0,0.0
SIEMENS.NS,2025-05-15,3009.5,3009.5,501027.0,0.0
SIEMENS.NS,2025-05-16,3069.5,3069.5,809043.0,0.0
SIEMENS.NS,2025-05-19,3104.39990234375,3104.39990234375,596943.0,0.0
SIEMENS.NS,2025-05-20,3127.699951171875,3127.699951171875,1314196.0,0.0
SIEMENS.NS,2025-05-21,3290.800048828125,3290.800048828125,1482098.0,0.0
SIEMENS.NS,2025-05-22,3304.60009765625,3304.60009765625,1026833.0,0.0
SIEMENS.NS,2025-05-23,3277.300048828125,3277.300048828125,650091.0,0.0
SIEMENS.NS,2025-05-26,3248.699951171875,3248.699951171875,585314.0,0.0
SIEMENS.NS,2025-05-27,3299.10009765625,3299.10009765625,663341.0,0.0
SIEMENS.NS,2025-05-28,3337.60009765625,3337.60009765625,570286.0,0.0
SIEMENS.NS,2025-05-29,3349.199951171875,3349.199951171875,515527.0,0.0
SIEMENS.NS,2025-05-30,3265.60009765625,3265.60009765625,756152.0,0.0
SIEMENS.NS,2025-06-02,3292.0,3292.0,349448.0,0.0
SIEMENS.NS,2025-06-03,3314.0,3314.0,390549.0,0.0
SIEMENS.NS,2025-06-04,3309.300048828125,3309.300048828125,259833.0,0.0
SIEMENS.NS,2025-06-05,3280.5,3280.5,185492.0,0.0
SIEMENS.NS,2025-06-06,3297.5,3297.5,333166.0,0.0
SIEMENS.NS,2025-06-09,3383.300048828125,3383.300048828125,618824.0,0.0
SIEMENS.NS,2025-06-10,3371.699951171875,3371.699951171875,348784.0,0.0
SIEMENS.NS,2025-06-11,3349.89990234375,3349.89990234375,412042.0,0.0
SIEMENS.NS,2025-06-12,3267.5,3267.5,348509.0,0.0
SIEMENS.NS,2025-06-13,3260.0,3260.0,347257.0,0.0
SIEMENS.NS,2025-06-16,3271.5,3271.5,362584.0,0.0
SIEMENS.NS,2025-06-17,3321.60009765625,3321.60009765625,834726.0,0.0
SIEMENS.NS,2025-06-18,3355.800048828125,3355.800048828125,382866.0,0.0
SIEMENS.NS,2025-06-19,3284.800048828125,3284.800048828125,547608.0,0.0
SIEMENS.NS,2025-06-20,3214.199951171875,3214.199951171875,1000560.0,0.0
SIEMENS.NS,2025-06-23,3091.60009765625,3091.60009765625,1299174.0,0.0
SIEMENS.NS,2025-06-24,3159.800048828125,3159.800048828125,1187970.0,0.0
SIEMENS.NS,2025-06-25,3149.10009765625,3149.10009765625,845690.0,0.0
SIEMENS.NS,2025-06-26,3164.89990234375,3164.89990234375,501325.0,0.0
SIEMENS.NS,2025-06-27,3178.39990234375,3178.39990234375,2052948.0,0.0
SIEMENS.NS,2025-06-30,3251.5,3251.5,880507.0,0.0
SIEMENS.NS,2025-07-01,3323.10009765625,3323.10009765625,1445646.0,0.0
SIEMENS.NS,2025-07-02,3287.699951171875,3287.699951171875,592322.0,0.0
SIEMENS.NS,2025-07-03,3311.699951171875,3311.699951171875,496857.0,0.0
SIEMENS.NS,2025-07-04,3292.39990234375,3292.39990234375,504152.0,0.0
SIEMENS.NS,2025-07-07,3278.199951171875,3278.199951171875,439627.0,0.0
SIEMENS.NS,2025-07-08,3296.800048828125,3296.800048828125,549860.0,0.0
SIEMENS.NS,2025-07-09,3218.300048828125,3218.300048828125,458107.0,0.0
SIEMENS.NS,2025-07-10,3191.60009765625,3191.60009765625,354856.0,0.0
SIEMENS.NS,2025-07-11,3117.699951171875,3117.699951171875,370986.0,0.0
SIEMENS.NS,2025-07-14,3152.60009765625,3152.60009765625,588779.0,0.0
SIEMENS.NS,2025-07-15,3146.800048828125,3146.800048828125,361397.0,0.0
SIEMENS.NS,2025-07-16,3089.300048828125,3089.300048828125,624769.0,0.0
SIEMENS.NS,2025-07-17,3110.300048828125,3110.300048828125,991736.0,0.0
SIEMENS.NS,2025-07-18,3128.39990234375,3128.39990234375,462228.0,0.0
SIEMENS.NS,2025-07-21,3154.800048828125,3154.800048828125,257721.0,0.0
SIEMENS.NS,2025-07-22,3141.800048828125,3141.800048828125,348800.0,0.0
SIEMENS.NS,2025-07-23,3143.10009765625,3143.10009765625,205688.0,0.0
SIEMENS.NS,2025-07-24,3129.0,3129.0,295195.0,0.0
SIEMENS.NS,2025-07-25,3038.199951171875,3038.199951171875,246680.0,0.0
SIEMENS.NS,2025-07-28,3061.60009765625,3061.60009765625,398906.0,0.0
SIEMENS.NS,2025-07-29,3068.0,3068.0,255592.0,0.0
SIEMENS.NS,2025-07-30,3071.39990234375,3071.39990234375,310945.0,0.0
SIEMENS.NS,2025-07-31,3033.39990234375,3033.39990234375,299015.0,0.0
SIEMENS.NS,2025-08-01,3023.60009765625,3023.60009765625,281885.0,0.0
SIEMENS.NS,2025-08-04,2993.60009765625,2993.60009765625,478003.0,0.0
SIEMENS.NS,2025-08-05,3081.0,3081.0,772626.0,0.0
SIEMENS.NS,2025-08-06,3083.89990234375,3083.89990234375,392854.0,0.0
SIEMENS.NS,2025-08-07,3117.0,3117.0,457545.0,0.0
SIEMENS.NS,2025-08-08,3031.800048828125,3031.800048828125,263161.0,0.0
SIEMENS.NS,2025-08-11,3114.800048828125,3114.800048828125,1102245.0,0.0
SIEMENS.NS,2025-08-12,3135.10009765625,3135.10009765625,697711.0,0.0
SIEMENS.NS,2025-08-13,3150.699951171875,3150.699951171875,305836.0,0.0
SIEMENS.NS,2025-08-14,3169.0,3169.0,330958.0,0.0
SIEMENS.NS,2025-08-18,3118.0,3118.0,276357.0,0.0
SIEMENS.NS,2025-08-19,3133.199951171875,3133.199951171875,189758.0,0.0
SIEMENS.NS,2025-08-20,3155.10009765625,3155.10009765625,259839.0,0.0
SIEMENS.NS,2025-08-21,3197.199951171875,3197.199951171875,708572.0,0.0
SIEMENS.NS,2025-08-22,3173.199951171875,3173.199951171875,290166.0,0.0
SIEMENS.NS,2025-08-25,3164.60009765625,3164.60009765625,335061.0,0.0
SIEMENS.NS,2025-08-26,3048.0,3048.0,829921.0,0.0
SIEMENS.NS,2025-08-28,3043.199951171875,3043.199951171875,527913.0,0.0
SIEMENS.NS,2025-08-29,3063.699951171875,3063.699951171875,430652.0,0.0
SIEMENS.NS,2025-09-01,3138.89990234375,3138.89990234375,231094.0,0.0
SIEMENS.NS,2025-09-02,3190.300048828125,3190.300048828125,326742.0,0.0
SIEMENS.NS,2025-09-03,3211.89990234375,3211.89990234375,240535.0,0.0
SIEMENS.NS,2025-09-04,3154.39990234375,3154.39990234375,191346.0,0.0
SIEMENS.NS,2025-09-05,3089.10009765625,3089.10009765625,316358.0,0.0
SIEMENS.NS,2025-09-08,3121.60009765625,3121.60009765625,221407.0,0.0
SIEMENS.NS,2025-09-09,3190.10009765625,3190.10009765625,307706.0,0.0
SIEMENS.NS,2025-09-10,3142.699951171875,3142.699951171875,655563.0,0.0
SIEMENS.NS,2025-09-11,3185.300048828125,3185.300048828125,448621.0,0.0
SIEMENS.NS,2025-09-12,3202.0,3202.0,172093.0,0.0
SIEMENS.NS,2025-09-15,3293.699951171875,3293.699951171875,1094939.0,0.0
SIEMENS.NS,2025-09-16,3313.800048828125,3313.800048828125,441922.0,0.0
SIEMENS.NS,2025-09-17,3322.699951171875,3322.699951171875,569372.0,0.0
SIEMENS.NS,2025-09-18,3317.800048828125,3317.800048828125,459746.0,0.0
SIEMENS.NS,2025-09-19,3325.89990234375,3325.89990234375,431619.0,0.0
SIEMENS.NS,2025-09-22,3243.5,3243.5,292028.0,0.0
SIEMENS.NS,2025-09-23,3240.39990234375,3240.39990234375,204819.0,0.0
SIEMENS.NS,2025-09-24,3201.0,3201.0,257405.0,0.0
SIEMENS.NS,2025-09-25,3156.300048828125,3156.300048828125,180638.0,0.0
SIEMENS.NS,2025-09-26,3096.300048828125,3096.300048828125,246575.0,0.0
SIEMENS.NS,2025-09-29,3105.199951171875,3105.199951171875,615998.0,0.0
SIEMENS.NS,2025-09-30,3129.199951171875,3129.199951171875,315843.0,0.0
SIEMENS.NS,2025-10-01,3121.5,3121.5,195465.0,0.0
SIEMENS.NS,2025-10-03,3164.10009765625,3164.10009765625,223614.0,0.0
SIEMENS.NS,2025-10-06,3251.699951171875,3251.699951171875,597115.0,0.0
SIEMENS.NS,2025-10-07,3250.800048828125,3250.800048828125,221931.0,0.0
SIEMENS.NS,2025-10-08,3216.800048828125,3216.800048828125,204414.0,0.0
SIEMENS.NS,2025-10-09,3178.39990234375,3178.39990234375,129907.0,0.0
SIEMENS.NS,2025-10-10,3147.39990234375,3147.39990234375,234596.0,0.0
SIEMENS.NS,2025-10-13,3077.5,3077.5,622559.0,0.0
SIEMENS.NS,2025-10-14,3107.300048828125,3107.300048828125,364449.0,0.0
SIEMENS.NS,2025-10-15,3118.60009765625,3118.60009765625,208170.0,0.0
SIEMENS.NS,2025-10-16,3119.0,3119.0,415106.0,0.0
SIEMENS.NS,2025-10-17,3121.199951171875,3121.199951171875,221425.0,0.0
SIEMENS.NS,2025-10-20,3096.800048828125,3096.800048828125,91651.0,0.0
SIEMENS.NS,2025-10-21,3102.89990234375,3102.89990234375,37003.0,0.0
SIEMENS.NS,2025-10-23,3149.89990234375,3149.89990234375,381414.0,0.0
SIEMENS.NS,2025-10-24,3152.199951171875,3152.199951171875,202470.0,0.0
SIEMENS.NS,2025-10-27,3159.89990234375,3159.89990234375,123806.0,0.0
SIEMENS.NS,2025-10-28,3109.699951171875,3109.699951171875,266222.0,0.0
SIEMENS.NS,2025-10-29,3148.699951171875,3148.699951171875,197714.0,0.0
SIEMENS.NS,2025-10-30,3126.800048828125,3126.800048828125,122934.0,0.0
SIEMENS.NS,2025-10-31,3096.300048828125,3096.300048828125,128829.0,0.0
SIEMENS.NS,2025-11-03,3127.5,3127.5,132017.0,0.0
SIEMENS.NS,2025-11-04,3119.60009765625,3119.60009765625,131676.0,0.0
SIEMENS.NS,2025-11-06,3083.5,3083.5,297842.0,0.0
SIEMENS.NS,2025-11-07,3033.39990234375,3033.39990234375,304289.0,0.0
SIEMENS.NS,2025-11-10,3054.39990234375,3054.39990234375,465289.0,0.0
SIEMENS.NS,2025-11-11,3022.0,3022.0,214908.0,0.0
SIEMENS.NS,2025-11-12,3056.60009765625,3056.60009765625,284010.0,0.0
SIEMENS.NS,2025-11-13,3066.10009765625,3066.10009765625,324328.0,0.0
SIEMENS.NS,2025-11-14,3084.199951171875,3084.199951171875,284674.0,0.0
SIEMENS.NS,2025-11-17,3232.60009765625,3232.60009765625,1556685.0,0.0
SIEMENS.NS,2025-11-18,3249.5,3249.5,596935.0,0.0
SIEMENS.NS,2025-11-19,3211.5,3211.5,336775.0,0.0
SIEMENS.NS,2025-11-20,3216.300048828125,3216.300048828125,344112.0,0.0
SIEMENS.NS,2025-11-21,3173.5,3173.5,424858.0,0.0
SIEMENS.NS,2025-11-24,3163.89990234375,3163.89990234375,597847.0,0.0
SIEMENS.NS,2025-11-25,3181.10009765625,3181.10009765625,397365.0,0.0
SIEMENS.NS,2025-11-26,3318.800048828125,3318.800048828125,1149408.0,0.0
SIEMENS.NS,2025-11-27,3312.10009765625,3312.10009765625,269573.0,0.0
SIEMENS.NS,2025-11-28,3297.0,3297.0,186409.0,0.0
SIEMENS.NS,2025-12-01,3310.199951171875,3310.199951171875,194610.0,0.0
SIEMENS.NS,2025-12-02,3361.0,3361.0,744346.0,0.0
SIEMENS.NS,2025-12-03,3329.89990234375,3329.89990234375,368000.0,0.0
SIEMENS.NS,2025-12-04,3362.5,3362.5,268367.0,0.0
SIEMENS.NS,2025-12-05,3325.89990234375,3325.89990234375,287226.0,0.0
SIEMENS.NS,2025-12-08,3204.199951171875,3204.199951171875,308854.0,0.0
SIEMENS.NS,2025-12-09,3142.800048828125,3142.800048828125,387788.0,0.0
SIEMENS.NS,2025-12-10,3179.89990234375,3179.89990234375,358536.0,0.0
SIEMENS.NS,2025-12-11,3196.5,3196.5,223515.0,0.0
SIEMENS.NS,2025-12-12,3144.60009765625,3144.60009765625,1390227.0,0.0
SIEMENS.NS,2025-12-15,3157.800048828125,3157.800048828125,810524.0,0.0
SIEMENS.NS,2025-12-16,3161.39990234375,3161.39990234375,255211.0,0.0
SIEMENS.NS,2025-12-17,3140.10009765625,3140.10009765625,282648.0,0.0
SIEMENS.NS,2025-12-18,3074.0,3074.0,489930.0,0.0
SIEMENS.NS,2025-12-19,3111.60009765625,3111.60009765625,488781.0,0.0
SIEMENS.NS,2025-12-22,3140.0,3140.0,355883.0,0.0
SIEMENS.NS,2025-12-23,3134.199951171875,3134.199951171875,219121.0,0.0
SIEMENS.NS,2025-12-24,3098.0,3098.0,255036.0,0.0
SIEMENS.NS,2025-12-26,3100.89990234375,3100.89990234375,229163.0,0.0
SIEMENS.NS,2025-12-29,3054.300048828125,3054.300048828125,157194.0,0.0
SIEMENS.NS,2025-12-30,3029.5,3029.5,406282.0,0.0
SIEMENS.NS,2025-12-31,3063.300048828125,3063.300048828125,114705.0,0.0
SIEMENS.NS,2026-01-01,3091.300048828125,3091.300048828125,68164.0,0.0
SIEMENS.NS,2026-01-02,3097.699951171875,3097.699951171875,283939.0,0.0
SIEMENS.NS,2026-01-05,3086.60009765625,3086.60009765625,155847.0,0.0
SIEMENS.NS,2026-01-06,3128.10009765625,3128.10009765625,374745.0,0.0
SIEMENS.NS,2026-01-07,3133.60009765625,3133.60009765625,190568.0,0.0
SIEMENS.NS,2026-01-08,3009.5,3009.5,581946.0,0.0
SIEMENS.NS,2026-01-09,3043.800048828125,3043.800048828125,587723.0,0.0
SIEMENS.NS,2026-01-12,2980.800048828125,2980.800048828125,423168.0,0.0
SIEMENS.NS,2026-01-13,2947.699951171875,2947.699951171875,561556.0,0.0
SIEMENS.NS,2026-01-14,2970.800048828125,2970.800048828125,148958.0,0.0
SIEMENS.NS,2026-01-16,2919.199951171875,2919.199951171875,280317.0,0.0
SIEMENS.NS,2026-01-19,2952.60009765625,2952.60009765625,219839.0,0.0
SIEMENS.NS,2026-01-20,2848.60009765625,2848.60009765625,203479.0,0.0
SIEMENS.NS,2026-01-21,2884.5,2884.5,291591.0,0.0
SIEMENS.NS,2026-01-22,2928.199951171875,2928.199951171875,239704.0,0.0
SIEMENS.NS,2026-01-23,2900.39990234375,2900.39990234375,281797.0,0.0
SIEMENS.NS,2026-01-27,2894.0,2894.0,227790.0,0.0
SIEMENS.NS,2026-01-28,2980.800048828125,2980.800048828125,249534.0,0.0
SIEMENS.NS,2026-01-29,3096.300048828125,3096.300048828125,487145.0,0.0
SIEMENS.NS,2026-01-30,3101.300048828125,3101.300048828125,242521.0,0.0
SIEMENS.NS,2026-02-02,3089.89990234375,3089.89990234375,211371.0,0.0
SIEMENS.NS,2026-02-03,3211.699951171875,3211.699951171875,555228.0,0.0
SIEMENS.NS,2026-02-04,3290.5,3290.5,466540.0,0.0
SIEMENS.NS,2026-02-05,3300.0,3300.0,205714.0,0.0
SIEMENS.NS,2026-02-06,3176.199951171875,3176.199951171875,851068.0,0.0
SIEMENS.NS,2026-02-09,3109.0,3109.0,643425.0,0.0
SIEMENS.NS,2026-02-10,3111.5,3111.5,223168.0,0.0
SIEMENS.NS,2026-02-11,3151.60009765625,3151.60009765625,191450.0,0.0
SOLARINDS.NS,2025-02-11,8816.25,8810.9765625,114459.0,0.0
SOLARINDS.NS,2025-02-12,8956.7998046875,8951.4423828125,103063.0,0.0
SOLARINDS.NS,2025-02-13,8807.2001953125,8801.931640625,95399.0,0.0
SOLARINDS.NS,2025-02-14,8862.400390625,8857.0986328125,79277.0,0.0
SOLARINDS.NS,2025-02-17,8619.349609375,8614.193359375,89448.0,0.0
SOLARINDS.NS,2025-02-18,8609.2001953125,8604.0498046875,44527.0,0.0
SOLARINDS.NS,2025-02-19,8783.7001953125,8778.4462890625,86726.0,0.0
SOLARINDS.NS,2025-02-20,8935.650390625,8930.3046875,74941.0,0.0
SOLARINDS.NS,2025-02-21,8850.5,8845.2060546875,70395.0,0.0
SOLARINDS.NS,2025-02-24,8865.9501953125,8860.646484375,48361.0,0.0
SOLARINDS.NS,2025-02-25,8870.099609375,8864.7939453125,76811.0,0.0
SOLARINDS.NS,2025-02-27,8723.5,8718.28125,90581.0,0.0
SOLARINDS.NS,2025-02-28,8710.599609375,8705.388671875,157759.0,0.0
SOLARINDS.NS,2025-03-03,8977.7998046875,8972.4296875,130495.0,0.0
SOLARINDS.NS,2025-03-04,9038.400390625,9032.994140625,138848.0,0.0
SOLARINDS.NS,2025-03-05,9238.349609375,9232.8232421875,114123.0,0.0
SOLARINDS.NS,2025-03-06,9386.849609375,9381.234375,110566.0,0.0
SOLARINDS.NS,2025-03-07,9486.5,9480.8251953125,95337.0,0.0
SOLARINDS.NS,2025-03-10,9837.099609375,9831.21484375,329667.0,0.0
SOLARINDS.NS,2025-03-11,9765.2998046875,9759.4580078125,116288.0,0.0
SOLARINDS.NS,2025-03-12,9781.099609375,9775.2490234375,59512.0,0.0
SOLARINDS.NS,2025-03-13,10097.150390625,10091.1103515625,252649.0,0.0
SOLARINDS.NS,2025-03-17,10088.650390625,10082.615234375,65188.0,0.0
SOLARINDS.NS,2025-03-18,10088.650390625,10082.615234375,0.0,0.0
SOLARINDS.NS,2025-03-19,10310.7998046875,10304.6318359375,144527.0,0.0
SOLARINDS.NS,2025-03-20,10424.4501953125,10418.21484375,92377.0,0.0
SOLARINDS.NS,2025-03-21,10650.650390625,10644.279296875,171161.0,0.0
SOLARINDS.NS,2025-03-24,10870.2998046875,10863.796875,89375.0,0.0
SOLARINDS.NS,2025-03-25,10772.7001953125,10766.255859375,69035.0,0.0
SOLARINDS.NS,2025-03-26,10981.400390625,10974.8310546875,105515.0,0.0
SOLARINDS.NS,2025-03-27,10935.099609375,10928.55859375,153789.0,0.0
SOLARINDS.NS,2025-03-28,11244.0,11237.2744140625,116147.0,0.0
SOLARINDS.NS,2025-04-01,11131.599609375,11124.9404296875,74995.0,0.0
SOLARINDS.NS,2025-04-02,11194.9501953125,11188.25390625,55759.0,0.0
SOLARINDS.NS,2025-04-03,11293.599609375,11286.84375,46220.0,0.0
SOLARINDS.NS,2025-04-04,10987.099609375,10980.52734375,55500.0,0.0
SOLARINDS.NS,2025-04-07,10645.25,10638.8818359375,139771.0,0.0
SOLARINDS.NS,2025-04-08,10930.75,10924.2109375,79486.0,0.0
SOLARINDS.NS,2025-04-09,10873.5498046875,10867.044921875,38765.0,0.0
SOLARINDS.NS,2025-04-11,11317.0498046875,11310.2802734375,91401.0,0.0
SOLARINDS.NS,2025-04-15,11945.0,11937.8544921875,104614.0,0.0
SOLARINDS.NS,2025-04-16,12128.0,12120.7451171875,91692.0,0.0
SOLARINDS.NS,2025-04-17,12233.0,12225.6826171875,90971.0,0.0
SOLARINDS.NS,2025-04-21,12475.0,12467.537109375,60960.0,0.0
SOLARINDS.NS,2025-04-22,12834.0,12826.3232421875,86725.0,0.0
SOLARINDS.NS,2025-04-23,13084.0,13076.1728515625,139212.0,0.0
SOLARINDS.NS,2025-04-24,13247.0,13239.076171875,92083.0,0.0
SOLARINDS.NS,2025-04-25,12757.0,12749.369140625,107402.0,0.0
SOLARINDS.NS,2025-04-28,13123.0,13115.150390625,108764.0,0.0
SOLARINDS.NS,2025-04-29,13452.0,13443.953125,202435.0,0.0
SOLARINDS.NS,2025-04-30,13172.0,13164.12109375,94250.0,0.0
SOLARINDS.NS,2025-05-02,13069.0,13061.1826171875,67344.0,0.0
SOLARINDS.NS,2025-05-05,13191.0,13183.109375,56819.0,0.0
SOLARINDS.NS,2025-05-06,13188.0,13180.111328125,115661.0,0.0
SOLARINDS.NS,2025-05-07,13295.0,13287.046875,74022.0,0.0
SOLARINDS.NS,2025-05-08,13118.0,13110.1533203125,75039.0,0.0
SOLARINDS.NS,2025-05-09,13487.0,13478.9326171875,225129.0,0.0
SOLARINDS.NS,2025-05-12,13289.0,13281.05078125,216720.0,0.0
SOLARINDS.NS,2025-05-13,13592.0,13583.869140625,119398.0,0.0
SOLARINDS.NS,2025-05-14,13724.0,13715.7900390625,150753.0,0.0
SOLARINDS.NS,2025-05-15,13880.0,13871.697265625,101999.0,0.0
SOLARINDS.NS,2025-05-16,14025.0,14016.6103515625,220490.0,0.0
SOLARINDS.NS,2025-05-19,13704.0,13695.802734375,169360.0,0.0
SOLARINDS.NS,2025-05-20,13489.0,13480.9306640625,216542.0,0.0
SOLARINDS.NS,2025-05-21,14192.0,14183.5107421875,751167.0,0.0
SOLARINDS.NS,2025-05-22,15008.0,14999.0224609375,592960.0,0.0
SOLARINDS.NS,2025-05-23,15334.0,15324.8271484375,399001.0,0.0
SOLARINDS.NS,2025-05-26,15885.0,15875.498046875,380347.0,0.0
SOLARINDS.NS,2025-05-27,15890.0,15880.4951171875,292981.0,0.0
SOLARINDS.NS,2025-05-28,16113.0,16103.361328125,329888.0,0.0
SOLARINDS.NS,2025-05-29,16249.0,16239.2802734375,236598.0,0.0
SOLARINDS.NS,2025-05-30,16104.0,16094.3671875,275874.0,0.0
SOLARINDS.NS,2025-06-02,16294.0,16284.2529296875,136870.0,0.0
SOLARINDS.NS,2025-06-03,16619.0,16609.05859375,224764.0,0.0
SOLARINDS.NS,2025-06-04,16809.0,16798.9453125,182148.0,0.0
SOLARINDS.NS,2025-06-05,17023.0,17012.81640625,118708.0,0.0
SOLARINDS.NS,2025-06-06,16523.0,16513.115234375,202272.0,0.0
SOLARINDS.NS,2025-06-09,16827.0,16816.93359375,155779.0,0.0
SOLARINDS.NS,2025-06-10,16907.0,16896.88671875,137287.0,0.0
SOLARINDS.NS,2025-06-11,16587.0,16577.078125,144415.0,0.0
SOLARINDS.NS,2025-06-12,16652.0,16642.0390625,143997.0,0.0
SOLARINDS.NS,2025-06-13,16850.0,16839.919921875,146409.0,0.0
SOLARINDS.NS,2025-06-16,17009.0,16998.826171875,124749.0,0.0
SOLARINDS.NS,2025-06-17,17155.0,17144.73828125,188113.0,0.0
SOLARINDS.NS,2025-06-18,17098.0,17087.771484375,98840.0,0.0
SOLARINDS.NS,2025-06-19,16882.0,16871.900390625,96457.0,0.0
SOLARINDS.NS,2025-06-20,16996.0,16985.833984375,193662.0,0.0
SOLARINDS.NS,2025-06-23,17056.0,17045.796875,136814.0,0.0
SOLARINDS.NS,2025-06-24,17097.0,17086.7734375,117870.0,0.0
SOLARINDS.NS,2025-06-25,17000.0,16989.830078125,123554.0,0.0
SOLARINDS.NS,2025-06-26,17266.0,17255.671875,135647.0,0.0
SOLARINDS.NS,2025-06-27,17484.0,17473.541015625,634965.0,0.0
SOLARINDS.NS,2025-06-30,17598.0,17587.47265625,273856.0,0.0
SOLARINDS.NS,2025-07-01,17196.0,17185.712890625,128622.0,0.0
SOLARINDS.NS,2025-07-02,16939.0,16928.8671875,151251.0,0.0
SOLARINDS.NS,2025-07-03,16822.0,16811.9375,128590.0,0.0
SOLARINDS.NS,2025-07-04,16856.0,16845.916015625,80651.0,0.0
SOLARINDS.NS,2025-07-07,16717.0,16707.0,164158.0,0.0
SOLARINDS.NS,2025-07-08,16511.0,16511.0,131320.0,0.0
SOLARINDS.NS,2025-07-09,16502.0,16502.0,178830.0,0.0
SOLARINDS.NS,2025-07-10,15904.0,15904.0,169946.0,0.0
SOLARINDS.NS,2025-07-11,15420.0,15420.0,176379.0,0.0
SOLARINDS.NS,2025-07-14,15213.0,15213.0,173999.0,0.0
SOLARINDS.NS,2025-07-15,15366.0,15366.0,131844.0,0.0
SOLARINDS.NS,2025-07-16,15190.0,15190.0,88705.0,0.0
SOLARINDS.NS,2025-07-17,15147.0,15147.0,78036.0,0.0
SOLARINDS.NS,2025-07-18,14906.0,14906.0,154952.0,0.0
SOLARINDS.NS,2025-07-21,14926.0,14926.0,179346.0,0.0
SOLARINDS.NS,2025-07-22,14938.0,14938.0,69975.0,0.0
SOLARINDS.NS,2025-07-23,14826.0,14826.0,112225.0,0.0
SOLARINDS.NS,2025-07-24,14752.0,14752.0,108336.0,0.0
SOLARINDS.NS,2025-07-25,14505.0,14505.0,137270.0,0.0
SOLARINDS.NS,2025-07-28,14467.0,14467.0,61683.0,0.0
SOLARINDS.NS,2025-07-29,14471.0,14471.0,123437.0,0.0
SOLARINDS.NS,2025-07-30,14469.0,14469.0,122728.0,0.0
SOLARINDS.NS,2025-07-31,14220.0,14220.0,202685.0,0.0
SOLARINDS.NS,2025-08-01,13807.0,13807.0,215027.0,0.0
SOLARINDS.NS,2025-08-04,14366.0,14366.0,148641.0,0.0
SOLARINDS.NS,2025-08-05,14920.0,14920.0,182223.0,0.0
SOLARINDS.NS,2025-08-06,15014.0,15014.0,188951.0,0.0
SOLARINDS.NS,2025-08-07,14896.0,14896.0,109095.0,0.0
SOLARINDS.NS,2025-08-08,14462.0,14462.0,181789.0,0.0
SOLARINDS.NS,2025-08-11,14891.0,14891.0,156655.0,0.0
SOLARINDS.NS,2025-08-12,14592.0,14592.0,85158.0,0.0
SOLARINDS.NS,2025-08-13,15039.0,15039.0,153070.0,0.0
SOLARINDS.NS,2025-08-14,15100.0,15100.0,82095.0,0.0
SOLARINDS.NS,2025-08-18,14957.0,14957.0,88355.0,0.0
SOLARINDS.NS,2025-08-19,14699.0,14699.0,90425.0,0.0
SOLARINDS.NS,2025-08-20,14463.0,14463.0,83864.0,0.0
SOLARINDS.NS,2025-08-21,14581.0,14581.0,102501.0,0.0
SOLARINDS.NS,2025-08-22,14845.0,14845.0,140765.0,0.0
SOLARINDS.NS,2025-08-25,14654.0,14654.0,58873.0,0.0
SOLARINDS.NS,2025-08-26,14233.0,14233.0,192518.0,0.0
SOLARINDS.NS,2025-08-28,13813.0,13813.0,107635.0,0.0
SOLARINDS.NS,2025-08-29,13795.0,13795.0,99713.0,0.0
SOLARINDS.NS,2025-09-01,14046.0,14046.0,106536.0,0.0
SOLARINDS.NS,2025-09-02,14018.0,14018.0,74883.0,0.0
SOLARINDS.NS,2025-09-03,14293.0,14293.0,61883.0,0.0
SOLARINDS.NS,2025-09-04,14059.0,14059.0,113228.0,0.0
SOLARINDS.NS,2025-09-05,13915.0,13915.0,46037.0,0.0
SOLARINDS.NS,2025-09-08,13935.0,13935.0,52415.0,0.0
SOLARINDS.NS,2025-09-09,13882.0,13882.0,59551.0,0.0
SOLARINDS.NS,2025-09-10,14017.0,14017.0,171973.0,0.0
SOLARINDS.NS,2025-09-11,13985.0,13985.0,83450.0,0.0
SOLARINDS.NS,2025-09-12,14403.0,14403.0,164133.0,0.0
SOLARINDS.NS,2025-09-15,14484.0,14484.0,88146.0,0.0
SOLARINDS.NS,2025-09-16,14609.0,14609.0,68821.0,0.0
SOLARINDS.NS,2025-09-17,14820.0,14820.0,107634.0,0.0
SOLARINDS.NS,2025-09-18,14617.0,14617.0,86314.0,0.0
SOLARINDS.NS,2025-09-19,14672.0,14672.0,54489.0,0.0
SOLARINDS.NS,2025-09-22,14464.0,14464.0,58720.0,0.0
SOLARINDS.NS,2025-09-23,14215.0,14215.0,109997.0,0.0
SOLARINDS.NS,2025-09-24,14022.0,14022.0,78632.0,0.0
SOLARINDS.NS,2025-09-25,14148.0,14148.0,82926.0,0.0
SOLARINDS.NS,2025-09-26,13766.0,13766.0,120026.0,0.0
SOLARINDS.NS,2025-09-29,13545.0,13545.0,709678.0,0.0
SOLARINDS.NS,2025-09-30,13326.0,13326.0,263771.0,0.0
SOLARINDS.NS,2025-10-01,13374.0,13374.0,89935.0,0.0
SOLARINDS.NS,2025-10-03,13853.0,13853.0,240741.0,0.0
SOLARINDS.NS,2025-10-06,14140.0,14140.0,137175.0,0.0
SOLARINDS.NS,2025-10-07,14143.0,14143.0,59361.0,0.0
SOLARINDS.NS,2025-10-08,14007.0,14007.0,58742.0,0.0
SOLARINDS.NS,2025-10-09,14239.0,14239.0,68468.0,0.0
SOLARINDS.NS,2025-10-10,14110.0,14110.0,62879.0,0.0
SOLARINDS.NS,2025-10-13,14000.0,14000.0,145807.0,0.0
SOLARINDS.NS,2025-10-14,13976.0,13976.0,93330.0,0.0
SOLARINDS.NS,2025-10-15,14052.0,14052.0,56766.0,0.0
SOLARINDS.NS,2025-10-16,14035.0,14035.0,81585.0,0.0
SOLARINDS.NS,2025-10-17,14058.0,14058.0,79343.0,0.0
SOLARINDS.NS,2025-10-20,14084.0,14084.0,45937.0,0.0
SOLARINDS.NS,2025-10-21,14107.0,14107.0,10143.0,0.0
SOLARINDS.NS,2025-10-23,14022.0,14022.0,77806.0,0.0
SOLARINDS.NS,2025-10-24,14017.0,14017.0,45736.0,0.0
SOLARINDS.NS,2025-10-27,14019.0,14019.0,50716.0,0.0
SOLARINDS.NS,2025-10-28,13853.0,13853.0,146545.0,0.0
SOLARINDS.NS,2025-10-29,13960.0,13960.0,38060.0,0.0
SOLARINDS.NS,2025-10-30,13901.0,13901.0,45057.0,0.0
SOLARINDS.NS,2025-10-31,13878.0,13878.0,99109.0,0.0
SOLARINDS.NS,2025-11-03,14161.0,14161.0,49738.0,0.0
SOLARINDS.NS,2025-11-04,13624.0,13624.0,149622.0,0.0
SOLARINDS.NS,2025-11-06,13376.0,13376.0,75461.0,0.0
SOLARINDS.NS,2025-11-07,13573.0,13573.0,62144.0,0.0
SOLARINDS.NS,2025-11-10,13407.0,13407.0,147395.0,0.0
SOLARINDS.NS,2025-11-11,13788.0,13788.0,305585.0,0.0
SOLARINDS.NS,2025-11-12,14084.0,14084.0,210558.0,0.0
SOLARINDS.NS,2025-11-13,13759.0,13759.0,114341.0,0.0
SOLARINDS.NS,2025-11-14,13880.0,13880.0,99365.0,0.0
SOLARINDS.NS,2025-11-17,13910.0,13910.0,105557.0,0.0
SOLARINDS.NS,2025-11-18,13770.0,13770.0,90160.0,0.0
SOLARINDS.NS,2025-11-19,13809.0,13809.0,175913.0,0.0
SOLARINDS.NS,2025-11-20,13951.0,13951.0,104582.0,0.0
SOLARINDS.NS,2025-11-21,13758.0,13758.0,74990.0,0.0
SOLARINDS.NS,2025-11-24,13367.0,13367.0,148239.0,0.0
SOLARINDS.NS,2025-11-25,13267.0,13267.0,79357.0,0.0
SOLARINDS.NS,2025-11-26,13460.0,13460.0,50316.0,0.0
SOLARINDS.NS,2025-11-27,13353.0,13353.0,61893.0,0.0
SOLARINDS.NS,2025-11-28,13272.0,13272.0,103574.0,0.0
SOLARINDS.NS,2025-12-01,13248.0,13248.0,85807.0,0.0
SOLARINDS.NS,2025-12-02,13307.0,13307.0,89898.0,0.0
SOLARINDS.NS,2025-12-03,12835.0,12835.0,114964.0,0.0
SOLARINDS.NS,2025-12-04,12941.0,12941.0,83946.0,0.0
SOLARINDS.NS,2025-12-05,12819.0,12819.0,50887.0,0.0
SOLARINDS.NS,2025-12-08,12436.0,12436.0,82748.0,0.0
SOLARINDS.NS,2025-12-09,12588.0,12588.0,127407.0,0.0
SOLARINDS.NS,2025-12-10,12456.0,12456.0,66901.0,0.0
SOLARINDS.NS,2025-12-11,12458.0,12458.0,67648.0,0.0
SOLARINDS.NS,2025-12-12,12304.0,12304.0,81198.0,0.0
SOLARINDS.NS,2025-12-15,12196.0,12196.0,42663.0,0.0
SOLARINDS.NS,2025-12-16,11918.0,11918.0,82093.0,0.0
SOLARINDS.NS,2025-12-17,11815.0,11815.0,62325.0,0.0
SOLARINDS.NS,2025-12-18,11772.0,11772.0,119304.0,0.0
SOLARINDS.NS,2025-12-19,11911.0,11911.0,132829.0,0.0
SOLARINDS.NS,2025-12-22,12620.0,12620.0,189388.0,0.0
SOLARINDS.NS,2025-12-23,12545.0,12545.0,130163.0,0.0
SOLARINDS.NS,2025-12-24,12485.0,12485.0,107064.0,0.0
SOLARINDS.NS,2025-12-26,12437.0,12437.0,129532.0,0.0
SOLARINDS.NS,2025-12-29,12331.0,12331.0,104608.0,0.0
SOLARINDS.NS,2025-12-30,12028.0,12028.0,819536.0,0.0
SOLARINDS.NS,2025-12-31,12252.0,12252.0,175391.0,0.0
SOLARINDS.NS,2026-01-01,12166.0,12166.0,85262.0,0.0
SOLARINDS.NS,2026-01-02,12336.0,12336.0,70737.0,0.0
SOLARINDS.NS,2026-01-05,12731.0,12731.0,231189.0,0.0
SOLARINDS.NS,2026-01-06,12856.0,12856.0,95209.0,0.0
SOLARINDS.NS,2026-01-07,13328.0,13328.0,232632.0,0.0
SOLARINDS.NS,2026-01-08,13452.0,13452.0,301679.0,0.0
SOLARINDS.NS,2026-01-09,13191.0,13191.0,211884.0,0.0
SOLARINDS.NS,2026-01-12,13042.0,13042.0,124260.0,0.0
SOLARINDS.NS,2026-01-13,12696.0,12696.0,149946.0,0.0
SOLARINDS.NS,2026-01-14,12875.0,12875.0,166944.0,0.0
SOLARINDS.NS,2026-01-16,12835.0,12835.0,145658.0,0.0
SOLARINDS.NS,2026-01-19,12925.0,12925.0,132135.0,0.0
SOLARINDS.NS,2026-01-20,12596.0,12596.0,104387.0,0.0
SOLARINDS.NS,2026-01-21,12539.0,12539.0,104047.0,0.0
SOLARINDS.NS,2026-01-22,12901.0,12901.0,137703.0,0.0
SOLARINDS.NS,2026-01-23,12658.0,12658.0,84340.0,0.0
SOLARINDS.NS,2026-01-27,12766.0,12766.0,106267.0,0.0
SOLARINDS.NS,2026-01-28,13916.0,13916.0,294069.0,0.0
SOLARINDS.NS,2026-01-29,13327.0,13327.0,214858.0,0.0
SOLARINDS.NS,2026-01-30,13480.0,13480.0,314201.0,0.0
SOLARINDS.NS,2026-02-02,13199.0,13199.0,143982.0,0.0
SOLARINDS.NS,2026-02-03,13793.0,13793.0,347896.0,0.0
SOLARINDS.NS,2026-02-04,13572.0,13572.0,272209.0,0.0
SOLARINDS.NS,2026-02-05,13384.0,13384.0,107492.0,0.0
SOLARINDS.NS,2026-02-06,12999.0,12999.0,148802.0,0.0
SOLARINDS.NS,2026-02-09,13389.0,13389.0,118441.0,0.0
SOLARINDS.NS,2026-02-10,13423.0,13423.0,72552.0,0.0
SOLARINDS.NS,2026-02-11,13445.0,13445.0,75167.0,0.0
TVSMOTOR.NS,2025-02-11,2485.0,2474.73779296875,366437.0,0.0
TVSMOTOR.NS,2025-02-12,2493.449951171875,2483.15283203125,527642.0,0.0
TVSMOTOR.NS,2025-02-13,2475.39990234375,2465.177490234375,396181.0,0.0
TVSMOTOR.NS,2025-02-14,2401.39990234375,2391.48291015625,483107.0,0.0
TVSMOTOR.NS,2025-02-17,2365.699951171875,2355.930419921875,459708.0,0.0
TVSMOTOR.NS,2025-02-18,2353.64990234375,2343.93017578125,514133.0,0.0
TVSMOTOR.NS,2025-02-19,2381.89990234375,2372.0634765625,631536.0,0.0
TVSMOTOR.NS,2025-02-20,2419.25,2409.25927734375,645674.0,0.0
TVSMOTOR.NS,2025-02-21,2324.949951171875,2315.3486328125,1384743.0,0.0
TVSMOTOR.NS,2025-02-24,2362.449951171875,2352.69384765625,505656.0,0.0
TVSMOTOR.NS,2025-02-25,2360.64990234375,2350.9013671875,455790.0,0.0
TVSMOTOR.NS,2025-02-27,2338.949951171875,2329.291015625,558324.0,0.0
TVSMOTOR.NS,2025-02-28,2225.5,2216.3095703125,1399849.0,0.0
TVSMOTOR.NS,2025-03-03,2323.85009765625,2314.25341796875,1316845.0,0.0
TVSMOTOR.NS,2025-03-04,2293.89990234375,2284.427001953125,1208564.0,0.0
TVSMOTOR.NS,2025-03-05,2330.699951171875,2321.074951171875,695924.0,0.0
TVSMOTOR.NS,2025-03-06,2319.5,2309.92138671875,651917.0,0.0
TVSMOTOR.NS,2025-03-07,2332.89990234375,2323.265869140625,683846.0,0.0
TVSMOTOR.NS,2025-03-10,2257.25,2247.928466796875,480419.0,0.0
TVSMOTOR.NS,2025-03-11,2288.85009765625,2279.39794921875,574902.0,0.0
TVSMOTOR.NS,2025-03-12,2259.0,2249.671142578125,519721.0,0.0
TVSMOTOR.NS,2025-03-13,2250.89990234375,2241.6044921875,413139.0,0.0
TVSMOTOR.NS,2025-03-17,2266.800048828125,2257.43896484375,582066.0,0.0
TVSMOTOR.NS,2025-03-18,2266.800048828125,2257.43896484375,0.0,0.0
TVSMOTOR.NS,2025-03-19,2319.75,2310.170166015625,610676.0,0.0
TVSMOTOR.NS,2025-03-20,2346.800048828125,2337.108642578125,597377.0,0.0
TVSMOTOR.NS,2025-03-21,2413.85009765625,2403.8818359375,1871573.0,0.0
TVSMOTOR.NS,2025-03-24,2444.699951171875,2434.604248046875,703461.0,0.0
TVSMOTOR.NS,2025-03-25,2421.5,2411.5,767700.0,0.0
TVSMOTOR.NS,2025-03-26,2429.199951171875,2429.199951171875,512282.0,0.0
TVSMOTOR.NS,2025-03-27,2455.64990234375,2455.64990234375,636174.0,0.0
TVSMOTOR.NS,2025-03-28,2419.85009765625,2419.85009765625,582409.0,0.0
TVSMOTOR.NS,2025-04-01,2440.85009765625,2440.85009765625,463333.0,0.0
TVSMOTOR.NS,2025-04-02,2496.10009765625,2496.10009765625,832671.0,0.0
TVSMOTOR.NS,2025-04-03,2476.050048828125,2476.050048828125,529522.0,0.0
TVSMOTOR.NS,2025-04-04,2464.949951171875,2464.949951171875,567198.0,0.0
TVSMOTOR.NS,2025-04-07,2368.14990234375,2368.14990234375,1050483.0,0.0
TVSMOTOR.NS,2025-04-08,2437.64990234375,2437.64990234375,692612.0,0.0
TVSMOTOR.NS,2025-04-09,2475.25,2475.25,898839.0,0.0
TVSMOTOR.NS,2025-04-11,2513.300048828125,2513.300048828125,912929.0,0.0
TVSMOTOR.NS,2025-04-15,2586.5,2586.5,1045478.0,0.0
TVSMOTOR.NS,2025-04-16,2614.199951171875,2614.199951171875,591510.0,0.0
TVSMOTOR.NS,2025-04-17,2679.300048828125,2679.300048828125,891895.0,0.0
TVSMOTOR.NS,2025-04-21,2735.60009765625,2735.60009765625,454985.0,0.0
TVSMOTOR.NS,2025-04-22,2738.5,2738.5,1128946.0,0.0
TVSMOTOR.NS,2025-04-23,2806.699951171875,2806.699951171875,465708.0,0.0
TVSMOTOR.NS,2025-04-24,2773.89990234375,2773.89990234375,605270.0,0.0
TVSMOTOR.NS,2025-04-25,2737.89990234375,2737.89990234375,711996.0,0.0
TVSMOTOR.NS,2025-04-28,2793.10009765625,2793.10009765625,859499.0,0.0
TVSMOTOR.NS,2025-04-29,2702.60009765625,2702.60009765625,2948364.0,0.0
TVSMOTOR.NS,2025-04-30,2672.0,2672.0,1551074.0,0.0
TVSMOTOR.NS,2025-05-02,2720.0,2720.0,1412488.0,0.0
TVSMOTOR.NS,2025-05-05,2782.60009765625,2782.60009765625,833618.0,0.0
TVSMOTOR.NS,2025-05-06,2773.5,2773.5,961359.0,0.0
TVSMOTOR.NS,2025-05-07,2792.300048828125,2792.300048828125,779782.0,0.0
TVSMOTOR.NS,2025-05-08,2695.60009765625,2695.60009765625,888115.0,0.0
TVSMOTOR.NS,2025-05-09,2663.699951171875,2663.699951171875,964332.0,0.0
TVSMOTOR.NS,2025-05-12,2760.699951171875,2760.699951171875,701314.0,0.0
TVSMOTOR.NS,2025-05-13,2712.39990234375,2712.39990234375,657860.0,0.0
TVSMOTOR.NS,2025-05-14,2727.300048828125,2727.300048828125,609489.0,0.0
TVSMOTOR.NS,2025-05-15,2789.800048828125,2789.800048828125,1126642.0,0.0
TVSMOTOR.NS,2025-05-16,2841.5,2841.5,823478.0,0.0
TVSMOTOR.NS,2025-05-19,2825.10009765625,2825.10009765625,841294.0,0.0
TVSMOTOR.NS,2025-05-20,2751.199951171875,2751.199951171875,680986.0,0.0
TVSMOTOR.NS,2025-05-21,2767.300048828125,2767.300048828125,486324.0,0.0
TVSMOTOR.NS,2025-05-22,2802.800048828125,2802.800048828125,785085.0,0.0
TVSMOTOR.NS,2025-05-23,2780.60009765625,2780.60009765625,537902.0,0.0
TVSMOTOR.NS,2025-05-26,2776.800048828125,2776.800048828125,656043.0,0.0
TVSMOTOR.NS,2025-05-27,2799.699951171875,2799.699951171875,457064.0,0.0
TVSMOTOR.NS,2025-05-28,2801.5,2801.5,479024.0,0.0
TVSMOTOR.NS,2025-05-29,2808.60009765625,2808.60009765625,601733.0,0.0
TVSMOTOR.NS,2025-05-30,2780.800048828125,2780.800048828125,1690693.0,0.0
TVSMOTOR.NS,2025-06-02,2763.39990234375,2763.39990234375,673513.0,0.0
TVSMOTOR.NS,2025-06-03,2744.800048828125,2744.800048828125,453177.0,0.0
TVSMOTOR.NS,2025-06-04,2760.39990234375,2760.39990234375,440642.0,0.0
TVSMOTOR.NS,2025-06-05,2717.60009765625,2717.60009765625,969443.0,0.0
TVSMOTOR.NS,2025-06-06,2747.800048828125,2747.800048828125,825448.0,0.0
TVSMOTOR.NS,2025-06-09,2743.199951171875,2743.199951171875,645071.0,0.0
TVSMOTOR.NS,2025-06-10,2745.0,2745.0,570176.0,0.0
TVSMOTOR.NS,2025-06-11,2771.0,2771.0,1303148.0,0.0
TVSMOTOR.NS,2025-06-12,2739.39990234375,2739.39990234375,418847.0,0.0
TVSMOTOR.NS,2025-06-13,2740.89990234375,2740.89990234375,554368.0,0.0
TVSMOTOR.NS,2025-06-16,2796.5,2796.5,568490.0,0.0
TVSMOTOR.NS,2025-06-17,2777.199951171875,2777.199951171875,480492.0,0.0
TVSMOTOR.NS,2025-06-18,2775.89990234375,2775.89990234375,792908.0,0.0
TVSMOTOR.NS,2025-06-19,2779.89990234375,2779.89990234375,597873.0,0.0
TVSMOTOR.NS,2025-06-20,2812.10009765625,2812.10009765625,1007979.0,0.0
TVSMOTOR.NS,2025-06-23,2778.60009765625,2778.60009765625,414211.0,0.0
TVSMOTOR.NS,2025-06-24,2837.10009765625,2837.10009765625,1407004.0,0.0
TVSMOTOR.NS,2025-06-25,2916.800048828125,2916.800048828125,1137136.0,0.0
TVSMOTOR.NS,2025-06-26,2928.89990234375,2928.89990234375,949146.0,0.0
TVSMOTOR.NS,2025-06-27,2939.300048828125,2939.300048828125,2231250.0,0.0
TVSMOTOR.NS,2025-06-30,2918.0,2918.0,1372365.0,0.0
TVSMOTOR.NS,2025-07-01,2893.60009765625,2893.60009765625,840834.0,0.0
TVSMOTOR.NS,2025-07-02,2898.300048828125,2898.300048828125,606782.0,0.0
TVSMOTOR.NS,2025-07-03,2899.199951171875,2899.199951171875,787076.0,0.0
TVSMOTOR.NS,2025-07-04,2880.10009765625,2880.10009765625,494247.0,0.0
TVSMOTOR.NS,2025-07-07,2876.89990234375,2876.89990234375,256130.0,0.0
TVSMOTOR.NS,2025-07-08,2830.699951171875,2830.699951171875,495704.0,0.0
TVSMOTOR.NS,2025-07-09,2840.10009765625,2840.10009765625,316919.0,0.0
TVSMOTOR.NS,2025-07-10,2830.10009765625,2830.10009765625,307147.0,0.0
TVSMOTOR.NS,2025-07-11,2754.5,2754.5,553847.0,0.0
TVSMOTOR.NS,2025-07-14,2802.199951171875,2802.199951171875,1072824.0,0.0
TVSMOTOR.NS,2025-07-15,2885.0,2885.0,916986.0,0.0
TVSMOTOR.NS,2025-07-16,2897.300048828125,2897.300048828125,451252.0,0.0
TVSMOTOR.NS,2025-07-17,2878.800048828125,2878.800048828125,586027.0,0.0
TVSMOTOR.NS,2025-07-18,2849.300048828125,2849.300048828125,410749.0,0.0
TVSMOTOR.NS,2025-07-21,2835.5,2835.5,485377.0,0.0
TVSMOTOR.NS,2025-07-22,2795.39990234375,2795.39990234375,355925.0,0.0
TVSMOTOR.NS,2025-07-23,2802.60009765625,2802.60009765625,545414.0,0.0
TVSMOTOR.NS,2025-07-24,2797.699951171875,2797.699951171875,395856.0,0.0
TVSMOTOR.NS,2025-07-25,2774.39990234375,2774.39990234375,909208.0,0.0
TVSMOTOR.NS,2025-07-28,2798.89990234375,2798.89990234375,601547.0,0.0
TVSMOTOR.NS,2025-07-29,2801.800048828125,2801.800048828125,820647.0,0.0
TVSMOTOR.NS,2025-07-30,2793.60009765625,2793.60009765625,624411.0,0.0
TVSMOTOR.NS,2025-07-31,2801.800048828125,2801.800048828125,1287444.0,0.0
TVSMOTOR.NS,2025-08-01,2858.199951171875,2858.199951171875,2512045.0,0.0
TVSMOTOR.NS,2025-08-04,2942.5,2942.5,1942925.0,0.0
TVSMOTOR.NS,2025-08-05,2983.199951171875,2983.199951171875,1159503.0,0.0
TVSMOTOR.NS,2025-08-06,2952.699951171875,2952.699951171875,700188.0,0.0
TVSMOTOR.NS,2025-08-07,3013.39990234375,3013.39990234375,830216.0,0.0
TVSMOTOR.NS,2025-08-08,2968.89990234375,2968.89990234375,387198.0,0.0
TVSMOTOR.NS,2025-08-11,2981.199951171875,2981.199951171875,569270.0,0.0
TVSMOTOR.NS,2025-08-12,2963.800048828125,2963.800048828125,612973.0,0.0
TVSMOTOR.NS,2025-08-13,3019.199951171875,3019.199951171875,1546062.0,0.0
TVSMOTOR.NS,2025-08-14,3020.300048828125,3020.300048828125,1075908.0,0.0
TVSMOTOR.NS,2025-08-18,3219.699951171875,3219.699951171875,3748828.0,0.0
TVSMOTOR.NS,2025-08-19,3251.89990234375,3251.89990234375,1233895.0,0.0
TVSMOTOR.NS,2025-08-20,3229.800048828125,3229.800048828125,886979.0,0.0
TVSMOTOR.NS,2025-08-21,3280.89990234375,3280.89990234375,1427568.0,0.0
TVSMOTOR.NS,2025-08-22,3294.60009765625,3294.60009765625,1323997.0,0.0
TVSMOTOR.NS,2025-08-25,3284.699951171875,3284.699951171875,733843.0,0.0
TVSMOTOR.NS,2025-08-26,3272.300048828125,3272.300048828125,1060760.0,0.0
TVSMOTOR.NS,2025-08-28,3256.0,3256.0,856511.0,0.0
TVSMOTOR.NS,2025-08-29,3276.60009765625,3276.60009765625,1023381.0,0.0
TVSMOTOR.NS,2025-09-01,3356.199951171875,3356.199951171875,803428.0,0.0
TVSMOTOR.NS,2025-09-02,3369.60009765625,3369.60009765625,641932.0,0.0
TVSMOTOR.NS,2025-09-03,3400.300048828125,3400.300048828125,752456.0,0.0
TVSMOTOR.NS,2025-09-04,3433.199951171875,3433.199951171875,1331870.0,0.0
TVSMOTOR.NS,2025-09-05,3476.60009765625,3476.60009765625,786141.0,0.0
TVSMOTOR.NS,2025-09-08,3591.300048828125,3591.300048828125,1406946.0,0.0
TVSMOTOR.NS,2025-09-09,3566.300048828125,3566.300048828125,675896.0,0.0
TVSMOTOR.NS,2025-09-10,3495.300048828125,3495.300048828125,916961.0,0.0
TVSMOTOR.NS,2025-09-11,3512.10009765625,3512.10009765625,545731.0,0.0
TVSMOTOR.NS,2025-09-12,3492.39990234375,3492.39990234375,437676.0,0.0
TVSMOTOR.NS,2025-09-15,3477.39990234375,3477.39990234375,561079.0,0.0
TVSMOTOR.NS,2025-09-16,3499.89990234375,3499.89990234375,771880.0,0.0
TVSMOTOR.NS,2025-09-17,3500.10009765625,3500.10009765625,335818.0,0.0
TVSMOTOR.NS,2025-09-18,3546.60009765625,3546.60009765625,637171.0,0.0
TVSMOTOR.NS,2025-09-19,3529.39990234375,3529.39990234375,469027.0,0.0
TVSMOTOR.NS,2025-09-22,3525.60009765625,3525.60009765625,364825.0,0.0
TVSMOTOR.NS,2025-09-23,3512.699951171875,3512.699951171875,491046.0,0.0
TVSMOTOR.NS,2025-09-24,3453.0,3453.0,693587.0,0.0
TVSMOTOR.NS,2025-09-25,3408.39990234375,3408.39990234375,786698.0,0.0
TVSMOTOR.NS,2025-09-26,3414.39990234375,3414.39990234375,610742.0,0.0
TVSMOTOR.NS,2025-09-29,3439.60009765625,3439.60009765625,743356.0,0.0
TVSMOTOR.NS,2025-09-30,3438.699951171875,3438.699951171875,499575.0,0.0
TVSMOTOR.NS,2025-10-01,3457.800048828125,3457.800048828125,287239.0,0.0
TVSMOTOR.NS,2025-10-03,3456.10009765625,3456.10009765625,515537.0,0.0
TVSMOTOR.NS,2025-10-06,3510.89990234375,3510.89990234375,806627.0,0.0
TVSMOTOR.NS,2025-10-07,3513.5,3513.5,403033.0,0.0
TVSMOTOR.NS,2025-10-08,3483.0,3483.0,281210.0,0.0
TVSMOTOR.NS,2025-10-09,3486.60009765625,3486.60009765625,454868.0,0.0
TVSMOTOR.NS,2025-10-10,3490.300048828125,3490.300048828125,315926.0,0.0
TVSMOTOR.NS,2025-10-13,3503.199951171875,3503.199951171875,610644.0,0.0
TVSMOTOR.NS,2025-10-14,3505.0,3505.0,509821.0,0.0
TVSMOTOR.NS,2025-10-15,3574.89990234375,3574.89990234375,1116729.0,0.0
TVSMOTOR.NS,2025-10-16,3576.5,3576.5,757797.0,0.0
TVSMOTOR.NS,2025-10-17,3654.0,3654.0,1173044.0,0.0
TVSMOTOR.NS,2025-10-20,3652.0,3652.0,607833.0,0.0
TVSMOTOR.NS,2025-10-21,3658.300048828125,3658.300048828125,60230.0,0.0
TVSMOTOR.NS,2025-10-23,3597.199951171875,3597.199951171875,870969.0,0.0
TVSMOTOR.NS,2025-10-24,3599.800048828125,3599.800048828125,450646.0,0.0
TVSMOTOR.NS,2025-10-27,3639.89990234375,3639.89990234375,363802.0,0.0
TVSMOTOR.NS,2025-10-28,3562.0,3562.0,1390930.0,0.0
TVSMOTOR.NS,2025-10-29,3498.89990234375,3498.89990234375,2288619.0,0.0
TVSMOTOR.NS,2025-10-30,3491.699951171875,3491.699951171875,1453161.0,0.0
TVSMOTOR.NS,2025-10-31,3508.699951171875,3508.699951171875,838519.0,0.0
TVSMOTOR.NS,2025-11-03,3510.5,3510.5,932956.0,0.0
TVSMOTOR.NS,2025-11-04,3473.10009765625,3473.10009765625,3540359.0,0.0
TVSMOTOR.NS,2025-11-06,3446.800048828125,3446.800048828125,972150.0,0.0
TVSMOTOR.NS,2025-11-07,3456.800048828125,3456.800048828125,1074925.0,0.0
TVSMOTOR.NS,2025-11-10,3490.800048828125,3490.800048828125,782233.0,0.0
TVSMOTOR.NS,2025-11-11,3474.199951171875,3474.199951171875,633478.0,0.0
TVSMOTOR.NS,2025-11-12,3454.5,3454.5,641642.0,0.0
TVSMOTOR.NS,2025-11-13,3450.60009765625,3450.60009765625,415874.0,0.0
TVSMOTOR.NS,2025-11-14,3386.5,3386.5,1156532.0,0.0
TVSMOTOR.NS,2025-11-17,3475.39990234375,3475.39990234375,1333551.0,0.0
TVSMOTOR.NS,2025-11-18,3479.89990234375,3479.89990234375,727156.0,0.0
TVSMOTOR.NS,2025-11-19,3477.699951171875,3477.699951171875,652297.0,0.0
TVSMOTOR.NS,2025-11-20,3486.39990234375,3486.39990234375,517982.0,0.0
TVSMOTOR.NS,2025-11-21,3441.89990234375,3441.89990234375,535665.0,0.0
TVSMOTOR.NS,2025-11-24,3441.5,3441.5,1480534.0,0.0
TVSMOTOR.NS,2025-11-25,3447.800048828125,3447.800048828125,361442.0,0.0
TVSMOTOR.NS,2025-11-26,3538.60009765625,3538.60009765625,689565.0,0.0
TVSMOTOR.NS,2025-11-27,3518.0,3518.0,565331.0,0.0
TVSMOTOR.NS,2025-11-28,3531.5,3531.5,542882.0,0.0
TVSMOTOR.NS,2025-12-01,3661.800048828125,3661.800048828125,1616247.0,0.0
TVSMOTOR.NS,2025-12-02,3670.699951171875,3670.699951171875,939558.0,0.0
TVSMOTOR.NS,2025-12-03,3631.800048828125,3631.800048828125,506439.0,0.0
TVSMOTOR.NS,2025-12-04,3646.39990234375,3646.39990234375,602960.0,0.0
TVSMOTOR.NS,2025-12-05,3665.39990234375,3665.39990234375,331003.0,0.0
TVSMOTOR.NS,2025-12-08,3612.699951171875,3612.699951171875,472896.0,0.0
TVSMOTOR.NS,2025-12-09,3614.5,3614.5,606495.0,0.0
TVSMOTOR.NS,2025-12-10,3606.60009765625,3606.60009765625,400339.0,0.0
TVSMOTOR.NS,2025-12-11,3637.39990234375,3637.39990234375,446958.0,0.0
TVSMOTOR.NS,2025-12-12,3655.199951171875,3655.199951171875,290853.0,0.0
TVSMOTOR.NS,2025-12-15,3639.300048828125,3639.300048828125,327503.0,0.0
TVSMOTOR.NS,2025-12-16,3619.60009765625,3619.60009765625,266040.0,0.0
TVSMOTOR.NS,2025-12-17,3638.89990234375,3638.89990234375,423064.0,0.0
TVSMOTOR.NS,2025-12-18,3592.199951171875,3592.199951171875,835779.0,0.0
TVSMOTOR.NS,2025-12-19,3666.0,3666.0,602861.0,0.0
TVSMOTOR.NS,2025-12-22,3709.60009765625,3709.60009765625,592689.0,0.0
TVSMOTOR.NS,2025-12-23,3686.5,3686.5,261018.0,0.0
TVSMOTOR.NS,2025-12-24,3665.199951171875,3665.199951171875,644417.0,0.0
TVSMOTOR.NS,2025-12-26,3634.10009765625,3634.10009765625,223878.0,0.0
TVSMOTOR.NS,2025-12-29,3574.199951171875,3574.199951171875,462957.0,0.0
TVSMOTOR.NS,2025-12-30,3634.60009765625,3634.60009765625,1497535.0,0.0
TVSMOTOR.NS,2025-12-31,3719.800048828125,3719.800048828125,602873.0,0.0
TVSMOTOR.NS,2026-01-01,3794.39990234375,3794.39990234375,611579.0,0.0
TVSMOTOR.NS,2026-01-02,3847.800048828125,3847.800048828125,1002294.0,0.0
TVSMOTOR.NS,2026-01-05,3864.199951171875,3864.199951171875,528557.0,0.0
TVSMOTOR.NS,2026-01-06,3866.10009765625,3866.10009765625,382299.0,0.0
TVSMOTOR.NS,2026-01-07,3840.199951171875,3840.199951171875,341204.0,0.0
TVSMOTOR.NS,2026-01-08,3801.699951171875,3801.699951171875,367668.0,0.0
TVSMOTOR.NS,2026-01-09,3759.199951171875,3759.199951171875,567897.0,0.0
TVSMOTOR.NS,2026-01-12,3754.800048828125,3754.800048828125,588225.0,0.0
TVSMOTOR.NS,2026-01-13,3755.39990234375,3755.39990234375,1075385.0,0.0
TVSMOTOR.NS,2026-01-14,3690.39990234375,3690.39990234375,601520.0,0.0
TVSMOTOR.NS,2026-01-15,3690.39990234375,3690.39990234375,0.0,0.0
TVSMOTOR.NS,2026-01-16,3667.800048828125,3667.800048828125,1324087.0,0.0
TVSMOTOR.NS,2026-01-19,3701.89990234375,3701.89990234375,589483.0,0.0
TVSMOTOR.NS,2026-01-20,3615.699951171875,3615.699951171875,533454.0,0.0
TVSMOTOR.NS,2026-01-21,3602.0,3602.0,965963.0,0.0
TVSMOTOR.NS,2026-01-22,3570.10009765625,3570.10009765625,436109.0,0.0
TVSMOTOR.NS,2026-01-23,3549.800048828125,3549.800048828125,618661.0,0.0
TVSMOTOR.NS,2026-01-27,3568.0,3568.0,963692.0,0.0
TVSMOTOR.NS,2026-01-28,3728.39990234375,3728.39990234375,2151909.0,0.0
TVSMOTOR.NS,2026-01-29,3655.0,3655.0,950498.0,0.0
TVSMOTOR.NS,2026-01-30,3677.39990234375,3677.39990234375,994421.0,0.0
TVSMOTOR.NS,2026-02-02,3645.800048828125,3645.800048828125,594725.0,0.0
TVSMOTOR.NS,2026-02-03,3726.300048828125,3726.300048828125,895529.0,0.0
TVSMOTOR.NS,2026-02-04,3727.39990234375,3727.39990234375,889710.0,0.0
TVSMOTOR.NS,2026-02-05,3712.699951171875,3712.699951171875,593814.0,0.0
TVSMOTOR.NS,2026-02-06,3758.5,3758.5,735378.0,0.0
TVSMOTOR.NS,2026-02-09,3764.699951171875,3764.699951171875,545338.0,0.0
TVSMOTOR.NS,2026-02-10,3762.39990234375,3762.39990234375,816771.0,0.0
TVSMOTOR.NS,2026-02-11,3865.10009765625,3865.10009765625,1125106.0,0.0
TATAPOWER.NS,2025-02-11,349.1000061035156,347.05743408203125,4620826.0,0.0
TATAPOWER.NS,2025-02-12,348.1000061035156,346.06329345703125,7835524.0,0.0
TATAPOWER.NS,2025-02-13,347.8500061035156,345.81475830078125,5816040.0,0.0
TATAPOWER.NS,2025-02-14,337.1499938964844,335.1773376464844,8576754.0,0.0
TATAPOWER.NS,2025-02-17,337.20001220703125,335.22705078125,7217327.0,0.0
TATAPOWER.NS,2025-02-18,339.6000061035156,337.6130065917969,6538131.0,0.0
TATAPOWER.NS,2025-02-19,347.6499938964844,345.61590576171875,6083541.0,0.0
TATAPOWER.NS,2025-02-20,357.95001220703125,355.85565185546875,10098769.0,0.0
TATAPOWER.NS,2025-02-21,357.20001220703125,355.11004638671875,6119901.0,0.0
TATAPOWER.NS,2025-02-24,354.6000061035156,352.5252380371094,3758390.0,0.0
TATAPOWER.NS,2025-02-25,351.5,349.4433898925781,4066133.0,0.0
TATAPOWER.NS,2025-02-27,343.29998779296875,341.2913513183594,6464092.0,0.0
TATAPOWER.NS,2025-02-28,339.20001220703125,337.2153625488281,8340920.0,0.0
TATAPOWER.NS,2025-03-03,342.8500061035156,340.843994140625,9727866.0,0.0
TATAPOWER.NS,2025-03-04,345.95001220703125,343.9258728027344,5170345.0,0.0
TATAPOWER.NS,2025-03-05,351.3999938964844,349.3439636230469,6098026.0,0.0
TATAPOWER.NS,2025-03-06,354.04998779296875,351.97845458984375,4879725.0,0.0
TATAPOWER.NS,2025-03-07,351.45001220703125,349.3936767578125,5520005.0,0.0
TATAPOWER.NS,2025-03-10,352.45001220703125,350.3878479003906,11222110.0,0.0
TATAPOWER.NS,2025-03-11,352.45001220703125,350.3878479003906,5141578.0,0.0
TATAPOWER.NS,2025-03-12,356.25,354.16558837890625,5285957.0,0.0
TATAPOWER.NS,2025-03-13,350.75,348.6977844238281,4898500.0,0.0
TATAPOWER.NS,2025-03-17,350.75,348.6977844238281,3997959.0,0.0
TATAPOWER.NS,2025-03-18,350.75,348.6977844238281,0.0,0.0
TATAPOWER.NS,2025-03-19,371.45001220703125,369.27667236328125,7875564.0,0.0
TATAPOWER.NS,2025-03-20,370.3500061035156,368.18310546875,4678329.0,0.0
TATAPOWER.NS,2025-03-21,379.5,377.2795715332031,7559436.0,0.0
TATAPOWER.NS,2025-03-24,383.29998779296875,381.05731201171875,6177301.0,0.0
TATAPOWER.NS,2025-03-25,377.1000061035156,374.89361572265625,6063608.0,0.0
TATAPOWER.NS,2025-03-26,376.0,373.800048828125,8048272.0,0.0
TATAPOWER.NS,2025-03-27,383.3999938964844,381.15673828125,6287597.0,0.0
TATAPOWER.NS,2025-03-28,375.3999938964844,373.20355224609375,6458106.0,0.0
TATAPOWER.NS,2025-04-01,374.75,372.5573425292969,3414174.0,0.0
TATAPOWER.NS,2025-04-02,378.25,376.036865234375,3283925.0,0.0
TATAPOWER.NS,2025-04-03,385.6499938964844,383.3935546875,6580525.0,0.0
TATAPOWER.NS,2025-04-04,368.95001220703125,366.7912902832031,7609077.0,0.0
TATAPOWER.NS,2025-04-07,354.8500061035156,352.7738037109375,9906124.0,0.0
TATAPOWER.NS,2025-04-08,359.70001220703125,357.5954284667969,6317158.0,0.0
TATAPOWER.NS,2025-04-09,358.25,356.1539001464844,4343527.0,0.0
TATAPOWER.NS,2025-04-11,364.45001220703125,362.317626953125,5187303.0,0.0
TATAPOWER.NS,2025-04-15,378.5,376.285400390625,7238758.0,0.0
TATAPOWER.NS,2025-04-16,381.25,379.0193176269531,5869686.0,0.0
TATAPOWER.NS,2025-04-17,381.70001220703125,379.4667053222656,6156250.0,0.0
TATAPOWER.NS,2025-04-21,390.8500061035156,388.5631408691406,7589962.0,0.0
TATAPOWER.NS,2025-04-22,388.6000061035156,386.3263244628906,6180369.0,0.0
TATAPOWER.NS,2025-04-23,394.45001220703125,392.14208984375,8443906.0,0.0
TATAPOWER.NS,2025-04-24,395.8500061035156,393.5339050292969,6639147.0,0.0
TATAPOWER.NS,2025-04-25,387.6000061035156,385.3321838378906,14233760.0,0.0
TATAPOWER.NS,2025-04-28,395.1000061035156,392.7882995605469,10237785.0,0.0
TATAPOWER.NS,2025-04-29,393.3500061035156,391.04852294921875,8781695.0,0.0
TATAPOWER.NS,2025-04-30,384.3999938964844,382.15087890625,4942900.0,0.0
TATAPOWER.NS,2025-05-02,381.29998779296875,379.0690002441406,5482908.0,0.0
TATAPOWER.NS,2025-05-05,389.1000061035156,386.8233947753906,4274926.0,0.0
TATAPOWER.NS,2025-05-06,374.8999938964844,372.7064514160156,5610082.0,0.0
TATAPOWER.NS,2025-05-07,377.3500061035156,375.14215087890625,6822934.0,0.0
TATAPOWER.NS,2025-05-08,370.1499938964844,367.9842529296875,5891937.0,0.0
TATAPOWER.NS,2025-05-09,371.0,368.82928466796875,9008734.0,0.0
TATAPOWER.NS,2025-05-12,391.3999938964844,389.10992431640625,8931721.0,0.0
TATAPOWER.NS,2025-05-13,389.29998779296875,387.022216796875,5941514.0,0.0
TATAPOWER.NS,2025-05-14,396.95001220703125,394.6274719238281,8640596.0,0.0
TATAPOWER.NS,2025-05-15,397.95001220703125,395.6216125488281,18848985.0,0.0
TATAPOWER.NS,2025-05-16,405.79998779296875,403.4256591796875,13234846.0,0.0
TATAPOWER.NS,2025-05-19,408.1000061035156,405.71221923828125,6903749.0,0.0
TATAPOWER.NS,2025-05-20,398.95001220703125,396.6157531738281,5873673.0,0.0
TATAPOWER.NS,2025-05-21,401.8500061035156,399.498779296875,3841567.0,0.0
TATAPOWER.NS,2025-05-22,395.6000061035156,393.2853698730469,5109983.0,0.0
TATAPOWER.NS,2025-05-23,402.04998779296875,399.6976013183594,5125963.0,0.0
TATAPOWER.NS,2025-05-26,402.6000061035156,400.2444152832031,5935753.0,0.0
TATAPOWER.NS,2025-05-27,402.20001220703125,399.84674072265625,4088356.0,0.0
TATAPOWER.NS,2025-05-28,396.3500061035156,394.0309753417969,5224499.0,0.0
TATAPOWER.NS,2025-05-29,397.29998779296875,394.97540283203125,3547895.0,0.0
TATAPOWER.NS,2025-05-30,392.79998779296875,390.5017395019531,6602059.0,0.0
TATAPOWER.NS,2025-06-02,396.8500061035156,394.5280456542969,4988795.0,0.0
TATAPOWER.NS,2025-06-03,391.5,389.2093505859375,4922600.0,0.0
TATAPOWER.NS,2025-06-04,393.6499938964844,391.3467712402344,7238701.0,0.0
TATAPOWER.NS,2025-06-05,393.54998779296875,391.2473449707031,3947460.0,0.0
TATAPOWER.NS,2025-06-06,399.54998779296875,397.21221923828125,6204861.0,0.0
TATAPOWER.NS,2025-06-09,406.20001220703125,403.8233337402344,5981383.0,0.0
TATAPOWER.NS,2025-06-10,413.20001220703125,410.7823791503906,10129259.0,0.0
TATAPOWER.NS,2025-06-11,412.04998779296875,409.63909912109375,6791313.0,0.0
TATAPOWER.NS,2025-06-12,401.6499938964844,399.2999572753906,5284359.0,0.0
TATAPOWER.NS,2025-06-13,397.20001220703125,394.8760070800781,4749159.0,0.0
TATAPOWER.NS,2025-06-16,399.3999938964844,397.0631103515625,3609820.0,0.0
TATAPOWER.NS,2025-06-17,396.04998779296875,393.7326965332031,3234777.0,0.0
TATAPOWER.NS,2025-06-18,393.3999938964844,391.0982360839844,2973122.0,0.0
TATAPOWER.NS,2025-06-19,384.54998779296875,382.29998779296875,4441866.0,0.0
TATAPOWER.NS,2025-06-20,390.1000061035156,390.1000061035156,15318217.0,0.0
TATAPOWER.NS,2025-06-23,393.0,393.0,5195843.0,0.0
TATAPOWER.NS,2025-06-24,398.45001220703125,398.45001220703125,6296902.0,0.0
TATAPOWER.NS,2025-06-25,403.04998779296875,403.04998779296875,6324991.0,0.0
TATAPOWER.NS,2025-06-26,405.6499938964844,405.6499938964844,5064123.0,0.0
TATAPOWER.NS,2025-06-27,408.8500061035156,408.8500061035156,5243333.0,0.0
TATAPOWER.NS,2025-06-30,405.45001220703125,405.45001220703125,3232056.0,0.0
TATAPOWER.NS,2025-07-01,406.54998779296875,406.54998779296875,3180881.0,0.0
TATAPOWER.NS,2025-07-02,406.6499938964844,406.6499938964844,4283041.0,0.0
TATAPOWER.NS,2025-07-03,399.8999938964844,399.8999938964844,9669274.0,0.0
TATAPOWER.NS,2025-07-04,401.0,401.0,3432678.0,0.0
TATAPOWER.NS,2025-07-07,401.20001220703125,401.20001220703125,6385392.0,0.0
TATAPOWER.NS,2025-07-08,400.8500061035156,400.8500061035156,5551339.0,0.0
TATAPOWER.NS,2025-07-09,400.6499938964844,400.6499938964844,4148059.0,0.0
TATAPOWER.NS,2025-07-10,399.8999938964844,399.8999938964844,4302998.0,0.0
TATAPOWER.NS,2025-07-11,396.8500061035156,396.8500061035156,6893575.0,0.0
TATAPOWER.NS,2025-07-14,402.54998779296875,402.54998779296875,4074490.0,0.0
TATAPOWER.NS,2025-07-15,403.8999938964844,403.8999938964844,4286434.0,0.0
TATAPOWER.NS,2025-07-16,414.70001220703125,414.70001220703125,13501549.0,0.0
TATAPOWER.NS,2025-07-17,413.45001220703125,413.45001220703125,6347491.0,0.0
TATAPOWER.NS,2025-07-18,407.8999938964844,407.8999938964844,4614946.0,0.0
TATAPOWER.NS,2025-07-21,401.8500061035156,401.8500061035156,7045744.0,0.0
TATAPOWER.NS,2025-07-22,399.1499938964844,399.1499938964844,3980682.0,0.0
TATAPOWER.NS,2025-07-23,402.5,402.5,3778869.0,0.0
TATAPOWER.NS,2025-07-24,400.70001220703125,400.70001220703125,4023200.0,0.0
TATAPOWER.NS,2025-07-25,395.3500061035156,395.3500061035156,5831294.0,0.0
TATAPOWER.NS,2025-07-28,399.20001220703125,399.20001220703125,5758606.0,0.0
TATAPOWER.NS,2025-07-29,399.8500061035156,399.8500061035156,5038609.0,0.0
TATAPOWER.NS,2025-07-30,401.3500061035156,401.3500061035156,5468844.0,0.0
TATAPOWER.NS,2025-07-31,397.75,397.75,5285016.0,0.0
TATAPOWER.NS,2025-08-01,389.29998779296875,389.29998779296875,6240934.0,0.0
TATAPOWER.NS,2025-08-04,387.1000061035156,387.1000061035156,13251686.0,0.0
TATAPOWER.NS,2025-08-05,385.54998779296875,385.54998779296875,6366590.0,0.0
TATAPOWER.NS,2025-08-06,385.54998779296875,385.54998779296875,6114204.0,0.0
TATAPOWER.NS,2025-08-07,385.54998779296875,385.54998779296875,5333971.0,0.0
TATAPOWER.NS,2025-08-08,378.79998779296875,378.79998779296875,3495353.0,0.0
TATAPOWER.NS,2025-08-11,384.29998779296875,384.29998779296875,3328976.0,0.0
TATAPOWER.NS,2025-08-12,384.45001220703125,384.45001220703125,2575426.0,0.0
TATAPOWER.NS,2025-08-13,387.20001220703125,387.20001220703125,3757839.0,0.0
TATAPOWER.NS,2025-08-14,385.29998779296875,385.29998779296875,2662149.0,0.0
TATAPOWER.NS,2025-08-18,387.29998779296875,387.29998779296875,3712118.0,0.0
TATAPOWER.NS,2025-08-19,389.1499938964844,389.1499938964844,2047149.0,0.0
TATAPOWER.NS,2025-08-20,390.54998779296875,390.54998779296875,3045301.0,0.0
TATAPOWER.NS,2025-08-21,388.04998779296875,388.04998779296875,2551655.0,0.0
TATAPOWER.NS,2025-08-22,385.6000061035156,385.6000061035156,3042678.0,0.0
TATAPOWER.NS,2025-08-25,383.25,383.25,4216691.0,0.0
TATAPOWER.NS,2025-08-26,377.75,377.75,5561286.0,0.0
TATAPOWER.NS,2025-08-28,371.1000061035156,371.1000061035156,5704659.0,0.0
TATAPOWER.NS,2025-08-29,374.1499938964844,374.1499938964844,5793121.0,0.0
TATAPOWER.NS,2025-09-01,380.54998779296875,380.54998779296875,2169911.0,0.0
TATAPOWER.NS,2025-09-02,386.04998779296875,386.04998779296875,3362410.0,0.0
TATAPOWER.NS,2025-09-03,389.1499938964844,389.1499938964844,2628692.0,0.0
TATAPOWER.NS,2025-09-04,382.6000061035156,382.6000061035156,4114491.0,0.0
TATAPOWER.NS,2025-09-05,385.79998779296875,385.79998779296875,3358057.0,0.0
TATAPOWER.NS,2025-09-08,383.25,383.25,2978303.0,0.0
TATAPOWER.NS,2025-09-09,384.6499938964844,384.6499938964844,3129390.0,0.0
TATAPOWER.NS,2025-09-10,386.5,386.5,4022433.0,0.0
TATAPOWER.NS,2025-09-11,388.1000061035156,388.1000061035156,3078027.0,0.0
TATAPOWER.NS,2025-09-12,386.25,386.25,3626792.0,0.0
TATAPOWER.NS,2025-09-15,388.0,388.0,3837268.0,0.0
TATAPOWER.NS,2025-09-16,396.04998779296875,396.04998779296875,10102211.0,0.0
TATAPOWER.NS,2025-09-17,394.6499938964844,394.6499938964844,4229347.0,0.0
TATAPOWER.NS,2025-09-18,393.1000061035156,393.1000061035156,3956999.0,0.0
TATAPOWER.NS,2025-09-19,396.29998779296875,396.29998779296875,5457632.0,0.0
TATAPOWER.NS,2025-09-22,395.29998779296875,395.29998779296875,4424464.0,0.0
TATAPOWER.NS,2025-09-23,395.5,395.5,2963511.0,0.0
TATAPOWER.NS,2025-09-24,390.29998779296875,390.29998779296875,3121538.0,0.0
TATAPOWER.NS,2025-09-25,386.0,386.0,3091484.0,0.0
TATAPOWER.NS,2025-09-26,383.79998779296875,383.79998779296875,3519702.0,0.0
TATAPOWER.NS,2025-09-29,388.04998779296875,388.04998779296875,3592071.0,0.0
TATAPOWER.NS,2025-09-30,388.6499938964844,388.6499938964844,3229139.0,0.0
TATAPOWER.NS,2025-10-01,391.1499938964844,391.1499938964844,2705427.0,0.0
TATAPOWER.NS,2025-10-03,394.8999938964844,394.8999938964844,4157330.0,0.0
TATAPOWER.NS,2025-10-06,395.54998779296875,395.54998779296875,4190489.0,0.0
TATAPOWER.NS,2025-10-07,392.5,392.5,5544502.0,0.0
TATAPOWER.NS,2025-10-08,385.45001220703125,385.45001220703125,5286159.0,0.0
TATAPOWER.NS,2025-10-09,388.20001220703125,388.20001220703125,5139999.0,0.0
TATAPOWER.NS,2025-10-10,390.1000061035156,390.1000061035156,7725390.0,0.0
TATAPOWER.NS,2025-10-13,391.1499938964844,391.1499938964844,4861965.0,0.0
TATAPOWER.NS,2025-10-14,391.54998779296875,391.54998779296875,4978714.0,0.0
TATAPOWER.NS,2025-10-15,396.5,396.5,4091897.0,0.0
TATAPOWER.NS,2025-10-16,399.0,399.0,5611314.0,0.0
TATAPOWER.NS,2025-10-17,397.79998779296875,397.79998779296875,4998891.0,0.0
TATAPOWER.NS,2025-10-20,399.79998779296875,399.79998779296875,4130123.0,0.0
TATAPOWER.NS,2025-10-21,398.79998779296875,398.79998779296875,712785.0,0.0
TATAPOWER.NS,2025-10-23,397.6499938964844,397.6499938964844,5231732.0,0.0
TATAPOWER.NS,2025-10-24,396.8500061035156,396.8500061035156,5032576.0,0.0
TATAPOWER.NS,2025-10-27,400.25,400.25,2799280.0,0.0
TATAPOWER.NS,2025-10-28,398.6499938964844,398.6499938964844,3949368.0,0.0
TATAPOWER.NS,2025-10-29,410.70001220703125,410.70001220703125,10944400.0,0.0
TATAPOWER.NS,2025-10-30,409.79998779296875,409.79998779296875,3782450.0,0.0
TATAPOWER.NS,2025-10-31,404.8999938964844,404.8999938964844,5071291.0,0.0
TATAPOWER.NS,2025-11-03,408.6000061035156,408.6000061035156,4166052.0,0.0
TATAPOWER.NS,2025-11-04,400.6000061035156,400.6000061035156,6132035.0,0.0
TATAPOWER.NS,2025-11-06,391.75,391.75,5024909.0,0.0
TATAPOWER.NS,2025-11-07,393.20001220703125,393.20001220703125,4676601.0,0.0
TATAPOWER.NS,2025-11-10,395.8500061035156,395.8500061035156,2906630.0,0.0
TATAPOWER.NS,2025-11-11,395.6000061035156,395.6000061035156,3826554.0,0.0
TATAPOWER.NS,2025-11-12,388.6499938964844,388.6499938964844,7856248.0,0.0
TATAPOWER.NS,2025-11-13,388.79998779296875,388.79998779296875,5052456.0,0.0
TATAPOWER.NS,2025-11-14,388.3999938964844,388.3999938964844,5263918.0,0.0
TATAPOWER.NS,2025-11-17,392.75,392.75,6120004.0,0.0
TATAPOWER.NS,2025-11-18,386.25,386.25,4583330.0,0.0
TATAPOWER.NS,2025-11-19,389.1000061035156,389.1000061035156,3747191.0,0.0
TATAPOWER.NS,2025-11-20,388.1000061035156,388.1000061035156,3477240.0,0.0
TATAPOWER.NS,2025-11-21,387.0,387.0,4036922.0,0.0
TATAPOWER.NS,2025-11-24,382.54998779296875,382.54998779296875,5819567.0,0.0
TATAPOWER.NS,2025-11-25,380.0,380.0,4238096.0,0.0
TATAPOWER.NS,2025-11-26,391.5,391.5,4917525.0,0.0
TATAPOWER.NS,2025-11-27,392.04998779296875,392.04998779296875,7412732.0,0.0
TATAPOWER.NS,2025-11-28,390.1000061035156,390.1000061035156,3760769.0,0.0
TATAPOWER.NS,2025-12-01,389.75,389.75,3420680.0,0.0
TATAPOWER.NS,2025-12-02,388.45001220703125,388.45001220703125,3302460.0,0.0
TATAPOWER.NS,2025-12-03,383.6499938964844,383.6499938964844,3885600.0,0.0
TATAPOWER.NS,2025-12-04,384.45001220703125,384.45001220703125,3786100.0,0.0
TATAPOWER.NS,2025-12-05,384.5,384.5,5332479.0,0.0
TATAPOWER.NS,2025-12-08,374.1499938964844,374.1499938964844,7008862.0,0.0
TATAPOWER.NS,2025-12-09,376.25,376.25,2822828.0,0.0
TATAPOWER.NS,2025-12-10,379.8500061035156,379.8500061035156,4914788.0,0.0
TATAPOWER.NS,2025-12-11,380.1499938964844,380.1499938964844,3985013.0,0.0
TATAPOWER.NS,2025-12-12,381.95001220703125,381.95001220703125,6778054.0,0.0
TATAPOWER.NS,2025-12-15,381.6499938964844,381.6499938964844,3359948.0,0.0
TATAPOWER.NS,2025-12-16,379.8500061035156,379.8500061035156,2682924.0,0.0
TATAPOWER.NS,2025-12-17,378.54998779296875,378.54998779296875,2168123.0,0.0
TATAPOWER.NS,2025-12-18,374.95001220703125,374.95001220703125,3323975.0,0.0
TATAPOWER.NS,2025-12-19,380.54998779296875,380.54998779296875,3882916.0,0.0
TATAPOWER.NS,2025-12-22,380.79998779296875,380.79998779296875,3280837.0,0.0
TATAPOWER.NS,2025-12-23,382.20001220703125,382.20001220703125,2330687.0,0.0
TATAPOWER.NS,2025-12-24,379.70001220703125,379.70001220703125,5215726.0,0.0
TATAPOWER.NS,2025-12-26,379.54998779296875,379.54998779296875,2459099.0,0.0
TATAPOWER.NS,2025-12-29,376.20001220703125,376.20001220703125,2379612.0,0.0
TATAPOWER.NS,2025-12-30,374.3500061035156,374.3500061035156,1675136.0,0.0
TATAPOWER.NS,2025-12-31,379.6000061035156,379.6000061035156,2075846.0,0.0
TATAPOWER.NS,2026-01-01,381.8500061035156,381.8500061035156,1798707.0,0.0
TATAPOWER.NS,2026-01-02,393.1000061035156,393.1000061035156,13045325.0,0.0
TATAPOWER.NS,2026-01-05,388.8500061035156,388.8500061035156,3966735.0,0.0
TATAPOWER.NS,2026-01-06,386.5,386.5,3689482.0,0.0
TATAPOWER.NS,2026-01-07,380.75,380.75,4136188.0,0.0
TATAPOWER.NS,2026-01-08,374.20001220703125,374.20001220703125,3791372.0,0.0
TATAPOWER.NS,2026-01-09,364.79998779296875,364.79998779296875,5875179.0,0.0
TATAPOWER.NS,2026-01-12,370.6000061035156,370.6000061035156,5589564.0,0.0
TATAPOWER.NS,2026-01-13,368.45001220703125,368.45001220703125,3242292.0,0.0
TATAPOWER.NS,2026-01-14,367.3999938964844,367.3999938964844,3084937.0,0.0
TATAPOWER.NS,2026-01-15,367.3999938964844,367.3999938964844,0.0,0.0
TATAPOWER.NS,2026-01-16,366.1000061035156,366.1000061035156,3726735.0,0.0
TATAPOWER.NS,2026-01-19,363.20001220703125,363.20001220703125,2283012.0,0.0
TATAPOWER.NS,2026-01-20,352.95001220703125,352.95001220703125,3143726.0,0.0
TATAPOWER.NS,2026-01-21,349.3500061035156,349.3500061035156,4066338.0,0.0
TATAPOWER.NS,2026-01-22,353.29998779296875,353.29998779296875,3432952.0,0.0
TATAPOWER.NS,2026-01-23,345.25,345.25,3122016.0,0.0
TATAPOWER.NS,2026-01-27,347.75,347.75,3960617.0,0.0
TATAPOWER.NS,2026-01-28,355.04998779296875,355.04998779296875,6892969.0,0.0
TATAPOWER.NS,2026-01-29,366.45001220703125,366.45001220703125,4356054.0,0.0
TATAPOWER.NS,2026-01-30,366.29998779296875,366.29998779296875,5917250.0,0.0
TATAPOWER.NS,2026-02-02,358.79998779296875,358.79998779296875,3274185.0,0.0
TATAPOWER.NS,2026-02-03,365.1000061035156,365.1000061035156,3756665.0,0.0
TATAPOWER.NS,2026-02-04,371.54998779296875,371.54998779296875,4215317.0,0.0
TATAPOWER.NS,2026-02-05,364.5,364.5,5457078.0,0.0
TATAPOWER.NS,2026-02-06,365.95001220703125,365.95001220703125,2245318.0,0.0
TATAPOWER.NS,2026-02-09,368.70001220703125,368.70001220703125,2824091.0,0.0
TATAPOWER.NS,2026-02-10,369.95001220703125,369.95001220703125,1910161.0,0.0
TATAPOWER.NS,2026-02-11,375.6499938964844,375.6499938964844,3456205.0,0.0
TORNTPHARM.NS,2025-02-11,3106.5,3100.609130859375,212638.0,0.0
TORNTPHARM.NS,2025-02-12,3059.89990234375,3054.097412109375,477990.0,0.0
TORNTPHARM.NS,2025-02-13,3074.25,3068.420166015625,275849.0,0.0
TORNTPHARM.NS,2025-02-14,3013.85009765625,3008.134765625,311381.0,0.0
TORNTPHARM.NS,2025-02-17,3078.0,3072.1630859375,260333.0,0.0
TORNTPHARM.NS,2025-02-18,3041.800048828125,3036.03173828125,233306.0,0.0
TORNTPHARM.NS,2025-02-19,3120.550048828125,3114.632568359375,294730.0,0.0
TORNTPHARM.NS,2025-02-20,3095.949951171875,3090.0791015625,222923.0,0.0
TORNTPHARM.NS,2025-02-21,3039.35009765625,3033.58642578125,190251.0,0.0
TORNTPHARM.NS,2025-02-24,3023.300048828125,3017.56689453125,353049.0,0.0
TORNTPHARM.NS,2025-02-25,3031.050048828125,3025.30224609375,287650.0,0.0
TORNTPHARM.NS,2025-02-27,2987.0,2981.335693359375,278659.0,0.0
TORNTPHARM.NS,2025-02-28,2948.10009765625,2942.509521484375,2377398.0,0.0
TORNTPHARM.NS,2025-03-03,2959.25,2953.638427734375,287062.0,0.0
TORNTPHARM.NS,2025-03-04,2930.300048828125,2924.7431640625,401576.0,0.0
TORNTPHARM.NS,2025-03-05,2978.75,2973.101318359375,195287.0,0.0
TORNTPHARM.NS,2025-03-06,3059.0,3053.19921875,261988.0,0.0
TORNTPHARM.NS,2025-03-07,3073.800048828125,3067.97119140625,284470.0,0.0
TORNTPHARM.NS,2025-03-10,3071.10009765625,3065.2763671875,328858.0,0.0
TORNTPHARM.NS,2025-03-11,3057.949951171875,3052.151123046875,275298.0,0.0
TORNTPHARM.NS,2025-03-12,3096.5,3090.6279296875,188711.0,0.0
TORNTPHARM.NS,2025-03-13,3056.050048828125,3050.2548828125,170542.0,0.0
TORNTPHARM.NS,2025-03-17,3066.35009765625,3060.535400390625,216124.0,0.0
TORNTPHARM.NS,2025-03-18,3066.35009765625,3060.535400390625,0.0,0.0
TORNTPHARM.NS,2025-03-19,3191.300048828125,3185.248291015625,358238.0,0.0
TORNTPHARM.NS,2025-03-20,3230.75,3224.62353515625,186344.0,0.0
TORNTPHARM.NS,2025-03-21,3223.10009765625,3216.988037109375,477309.0,0.0
TORNTPHARM.NS,2025-03-24,3271.449951171875,3265.246337890625,290413.0,0.0
TORNTPHARM.NS,2025-03-25,3245.050048828125,3238.896484375,279418.0,0.0
TORNTPHARM.NS,2025-03-26,3219.10009765625,3212.99560546875,186816.0,0.0
TORNTPHARM.NS,2025-03-27,3233.14990234375,3227.018798828125,551167.0,0.0
TORNTPHARM.NS,2025-03-28,3227.949951171875,3221.82861328125,271746.0,0.0
TORNTPHARM.NS,2025-04-01,3183.89990234375,3177.8623046875,215496.0,0.0
TORNTPHARM.NS,2025-04-02,3207.10009765625,3201.018310546875,202794.0,0.0
TORNTPHARM.NS,2025-04-03,3247.699951171875,3241.541259765625,228524.0,0.0
TORNTPHARM.NS,2025-04-04,3286.5,3280.267822265625,513622.0,0.0
TORNTPHARM.NS,2025-04-07,3233.550048828125,3227.418212890625,1329653.0,0.0
TORNTPHARM.NS,2025-04-08,3246.60009765625,3240.443603515625,602145.0,0.0
TORNTPHARM.NS,2025-04-09,3126.800048828125,3120.87060546875,282721.0,0.0
TORNTPHARM.NS,2025-04-11,3129.0,3123.06640625,420358.0,0.0
TORNTPHARM.NS,2025-04-15,3221.800048828125,3215.6904296875,330278.0,0.0
TORNTPHARM.NS,2025-04-16,3222.699951171875,3216.588623046875,210528.0,0.0
TORNTPHARM.NS,2025-04-17,3254.800048828125,3248.6279296875,202256.0,0.0
TORNTPHARM.NS,2025-04-21,3254.60009765625,3248.42822265625,168941.0,0.0
TORNTPHARM.NS,2025-04-22,3246.39990234375,3240.24365234375,473579.0,0.0
TORNTPHARM.NS,2025-04-23,3332.39990234375,3326.08056640625,390583.0,0.0
TORNTPHARM.NS,2025-04-24,3325.10009765625,3318.794677734375,233361.0,0.0
TORNTPHARM.NS,2025-04-25,3238.89990234375,3232.7578125,330175.0,0.0
TORNTPHARM.NS,2025-04-28,3335.0,3328.67578125,479709.0,0.0
TORNTPHARM.NS,2025-04-29,3322.699951171875,3316.39892578125,180900.0,0.0
TORNTPHARM.NS,2025-04-30,3322.0,3315.700439453125,1148944.0,0.0
TORNTPHARM.NS,2025-05-02,3232.60009765625,3226.469970703125,94311.0,0.0
TORNTPHARM.NS,2025-05-05,3285.199951171875,3278.97021484375,88781.0,0.0
TORNTPHARM.NS,2025-05-06,3270.10009765625,3263.89892578125,121815.0,0.0
TORNTPHARM.NS,2025-05-07,3291.10009765625,3284.859130859375,257116.0,0.0
TORNTPHARM.NS,2025-05-08,3185.800048828125,3179.7587890625,214566.0,0.0
TORNTPHARM.NS,2025-05-09,3141.199951171875,3135.2431640625,535042.0,0.0
TORNTPHARM.NS,2025-05-12,3237.699951171875,3231.560302734375,230359.0,0.0
TORNTPHARM.NS,2025-05-13,3236.0,3229.863525390625,171501.0,0.0
TORNTPHARM.NS,2025-05-14,3244.89990234375,3238.74658203125,197710.0,0.0
TORNTPHARM.NS,2025-05-15,3265.0,3258.80859375,182769.0,0.0
TORNTPHARM.NS,2025-05-16,3266.800048828125,3260.605224609375,358759.0,0.0
TORNTPHARM.NS,2025-05-19,3302.800048828125,3296.536865234375,245907.0,0.0
TORNTPHARM.NS,2025-05-20,3241.5,3235.35302734375,490947.0,0.0
TORNTPHARM.NS,2025-05-21,3289.0,3282.762939453125,1098579.0,0.0
TORNTPHARM.NS,2025-05-22,3212.0,3205.908935546875,376149.0,0.0
TORNTPHARM.NS,2025-05-23,3174.699951171875,3168.6796875,342311.0,0.0
TORNTPHARM.NS,2025-05-26,3187.39990234375,3181.35546875,203985.0,0.0
TORNTPHARM.NS,2025-05-27,3175.699951171875,3169.677734375,342162.0,0.0
TORNTPHARM.NS,2025-05-28,3165.89990234375,3159.896240234375,446655.0,0.0
TORNTPHARM.NS,2025-05-29,3161.10009765625,3155.105712890625,352271.0,0.0
TORNTPHARM.NS,2025-05-30,3174.699951171875,3168.6796875,484246.0,0.0
TORNTPHARM.NS,2025-06-02,3127.800048828125,3121.86865234375,352903.0,0.0
TORNTPHARM.NS,2025-06-03,3135.0,3129.054931640625,427912.0,0.0
TORNTPHARM.NS,2025-06-04,3137.10009765625,3131.151123046875,364196.0,0.0
TORNTPHARM.NS,2025-06-05,3141.699951171875,3135.7421875,252641.0,0.0
TORNTPHARM.NS,2025-06-06,3154.300048828125,3148.318359375,86576.0,0.0
TORNTPHARM.NS,2025-06-09,3180.699951171875,3174.668212890625,111428.0,0.0
TORNTPHARM.NS,2025-06-10,3221.0,3214.891845703125,254258.0,0.0
TORNTPHARM.NS,2025-06-11,3205.800048828125,3199.720703125,178850.0,0.0
TORNTPHARM.NS,2025-06-12,3258.800048828125,3252.620361328125,893350.0,0.0
TORNTPHARM.NS,2025-06-13,3252.5,3246.332275390625,412987.0,0.0
TORNTPHARM.NS,2025-06-16,3275.800048828125,3269.588134765625,418900.0,0.0
TORNTPHARM.NS,2025-06-17,3255.39990234375,3249.2265625,305553.0,0.0
TORNTPHARM.NS,2025-06-18,3227.0,3220.880615234375,238143.0,0.0
TORNTPHARM.NS,2025-06-19,3164.0,3158.0,230664.0,0.0
TORNTPHARM.NS,2025-06-20,3167.199951171875,3167.199951171875,307885.0,0.0
TORNTPHARM.NS,2025-06-23,3165.5,3165.5,352562.0,0.0
TORNTPHARM.NS,2025-06-24,3180.89990234375,3180.89990234375,176732.0,0.0
TORNTPHARM.NS,2025-06-25,3226.699951171875,3226.699951171875,269778.0,0.0
TORNTPHARM.NS,2025-06-26,3222.5,3222.5,367033.0,0.0
TORNTPHARM.NS,2025-06-27,3341.39990234375,3341.39990234375,1739609.0,0.0
TORNTPHARM.NS,2025-06-30,3408.199951171875,3408.199951171875,2210845.0,0.0
TORNTPHARM.NS,2025-07-01,3416.699951171875,3416.699951171875,1549804.0,0.0
TORNTPHARM.NS,2025-07-02,3349.39990234375,3349.39990234375,401800.0,0.0
TORNTPHARM.NS,2025-07-03,3334.10009765625,3334.10009765625,521114.0,0.0
TORNTPHARM.NS,2025-07-04,3368.0,3368.0,423431.0,0.0
TORNTPHARM.NS,2025-07-07,3352.300048828125,3352.300048828125,181997.0,0.0
TORNTPHARM.NS,2025-07-08,3322.39990234375,3322.39990234375,718004.0,0.0
TORNTPHARM.NS,2025-07-09,3353.699951171875,3353.699951171875,522231.0,0.0
TORNTPHARM.NS,2025-07-10,3339.39990234375,3339.39990234375,435962.0,0.0
TORNTPHARM.NS,2025-07-11,3314.199951171875,3314.199951171875,344198.0,0.0
TORNTPHARM.NS,2025-07-14,3404.89990234375,3404.89990234375,539810.0,0.0
TORNTPHARM.NS,2025-07-15,3439.60009765625,3439.60009765625,494066.0,0.0
TORNTPHARM.NS,2025-07-16,3459.5,3459.5,612808.0,0.0
TORNTPHARM.NS,2025-07-17,3504.60009765625,3504.60009765625,742875.0,0.0
TORNTPHARM.NS,2025-07-18,3521.39990234375,3521.39990234375,331864.0,0.0
TORNTPHARM.NS,2025-07-21,3524.0,3524.0,494692.0,0.0
TORNTPHARM.NS,2025-07-22,3503.5,3503.5,555636.0,0.0
TORNTPHARM.NS,2025-07-23,3553.699951171875,3553.699951171875,463944.0,0.0
TORNTPHARM.NS,2025-07-24,3519.89990234375,3519.89990234375,306778.0,0.0
TORNTPHARM.NS,2025-07-25,3603.800048828125,3603.800048828125,837877.0,0.0
TORNTPHARM.NS,2025-07-28,3622.89990234375,3622.89990234375,453818.0,0.0
TORNTPHARM.NS,2025-07-29,3768.10009765625,3768.10009765625,1677573.0,0.0
TORNTPHARM.NS,2025-07-30,3730.60009765625,3730.60009765625,439527.0,0.0
TORNTPHARM.NS,2025-07-31,3741.89990234375,3741.89990234375,261716.0,0.0
TORNTPHARM.NS,2025-08-01,3678.199951171875,3678.199951171875,605657.0,0.0
TORNTPHARM.NS,2025-08-04,3612.800048828125,3612.800048828125,406695.0,0.0
TORNTPHARM.NS,2025-08-05,3589.199951171875,3589.199951171875,281518.0,0.0
TORNTPHARM.NS,2025-08-06,3524.10009765625,3524.10009765625,257376.0,0.0
TORNTPHARM.NS,2025-08-07,3596.699951171875,3596.699951171875,402653.0,0.0
TORNTPHARM.NS,2025-08-08,3573.199951171875,3573.199951171875,178509.0,0.0
TORNTPHARM.NS,2025-08-11,3614.89990234375,3614.89990234375,125488.0,0.0
TORNTPHARM.NS,2025-08-12,3626.10009765625,3626.10009765625,230368.0,0.0
TORNTPHARM.NS,2025-08-13,3617.800048828125,3617.800048828125,287440.0,0.0
TORNTPHARM.NS,2025-08-14,3623.0,3623.0,382408.0,0.0
TORNTPHARM.NS,2025-08-18,3651.60009765625,3651.60009765625,515859.0,0.0
TORNTPHARM.NS,2025-08-19,3651.60009765625,3651.60009765625,197241.0,0.0
TORNTPHARM.NS,2025-08-20,3663.800048828125,3663.800048828125,230775.0,0.0
TORNTPHARM.NS,2025-08-21,3647.39990234375,3647.39990234375,155569.0,0.0
TORNTPHARM.NS,2025-08-22,3685.300048828125,3685.300048828125,279865.0,0.0
TORNTPHARM.NS,2025-08-25,3674.5,3674.5,270324.0,0.0
TORNTPHARM.NS,2025-08-26,3604.800048828125,3604.800048828125,504173.0,0.0
TORNTPHARM.NS,2025-08-28,3576.89990234375,3576.89990234375,141719.0,0.0
TORNTPHARM.NS,2025-08-29,3559.800048828125,3559.800048828125,279287.0,0.0
TORNTPHARM.NS,2025-09-01,3584.300048828125,3584.300048828125,104921.0,0.0
TORNTPHARM.NS,2025-09-02,3582.89990234375,3582.89990234375,126362.0,0.0
TORNTPHARM.NS,2025-09-03,3606.699951171875,3606.699951171875,134650.0,0.0
TORNTPHARM.NS,2025-09-04,3599.300048828125,3599.300048828125,128395.0,0.0
TORNTPHARM.NS,2025-09-05,3579.10009765625,3579.10009765625,94944.0,0.0
TORNTPHARM.NS,2025-09-08,3612.89990234375,3612.89990234375,166143.0,0.0
TORNTPHARM.NS,2025-09-09,3643.300048828125,3643.300048828125,221678.0,0.0
TORNTPHARM.NS,2025-09-10,3591.699951171875,3591.699951171875,136378.0,0.0
TORNTPHARM.NS,2025-09-11,3583.60009765625,3583.60009765625,113836.0,0.0
TORNTPHARM.NS,2025-09-12,3566.199951171875,3566.199951171875,139361.0,0.0
TORNTPHARM.NS,2025-09-15,3531.60009765625,3531.60009765625,158714.0,0.0
TORNTPHARM.NS,2025-09-16,3535.5,3535.5,109929.0,0.0
TORNTPHARM.NS,2025-09-17,3548.300048828125,3548.300048828125,197736.0,0.0
TORNTPHARM.NS,2025-09-18,3567.39990234375,3567.39990234375,156756.0,0.0
TORNTPHARM.NS,2025-09-19,3629.199951171875,3629.199951171875,314125.0,0.0
TORNTPHARM.NS,2025-09-22,3655.89990234375,3655.89990234375,440659.0,0.0
TORNTPHARM.NS,2025-09-23,3651.5,3651.5,421379.0,0.0
TORNTPHARM.NS,2025-09-24,3614.60009765625,3614.60009765625,135283.0,0.0
TORNTPHARM.NS,2025-09-25,3531.60009765625,3531.60009765625,208134.0,0.0
TORNTPHARM.NS,2025-09-26,3561.0,3561.0,717472.0,0.0
TORNTPHARM.NS,2025-09-29,3586.60009765625,3586.60009765625,249211.0,0.0
TORNTPHARM.NS,2025-09-30,3603.199951171875,3603.199951171875,627648.0,0.0
TORNTPHARM.NS,2025-10-01,3567.10009765625,3567.10009765625,300599.0,0.0
TORNTPHARM.NS,2025-10-03,3514.699951171875,3514.699951171875,382209.0,0.0
TORNTPHARM.NS,2025-10-06,3526.0,3526.0,376282.0,0.0
TORNTPHARM.NS,2025-10-07,3536.89990234375,3536.89990234375,443942.0,0.0
TORNTPHARM.NS,2025-10-08,3569.0,3569.0,287936.0,0.0
TORNTPHARM.NS,2025-10-09,3550.5,3550.5,203645.0,0.0
TORNTPHARM.NS,2025-10-10,3532.800048828125,3532.800048828125,179322.0,0.0
TORNTPHARM.NS,2025-10-13,3518.199951171875,3518.199951171875,90713.0,0.0
TORNTPHARM.NS,2025-10-14,3522.0,3522.0,250391.0,0.0
TORNTPHARM.NS,2025-10-15,3532.800048828125,3532.800048828125,131171.0,0.0
TORNTPHARM.NS,2025-10-16,3533.800048828125,3533.800048828125,207979.0,0.0
TORNTPHARM.NS,2025-10-17,3584.300048828125,3584.300048828125,171465.0,0.0
TORNTPHARM.NS,2025-10-20,3570.39990234375,3570.39990234375,161648.0,0.0
TORNTPHARM.NS,2025-10-21,3590.89990234375,3590.89990234375,20403.0,0.0
TORNTPHARM.NS,2025-10-23,3614.10009765625,3614.10009765625,240712.0,0.0
TORNTPHARM.NS,2025-10-24,3581.39990234375,3581.39990234375,95321.0,0.0
TORNTPHARM.NS,2025-10-27,3596.39990234375,3596.39990234375,118007.0,0.0
TORNTPHARM.NS,2025-10-28,3576.5,3576.5,134453.0,0.0
TORNTPHARM.NS,2025-10-29,3599.300048828125,3599.300048828125,96326.0,0.0
TORNTPHARM.NS,2025-10-30,3602.39990234375,3602.39990234375,131170.0,0.0
TORNTPHARM.NS,2025-10-31,3560.10009765625,3560.10009765625,354024.0,0.0
TORNTPHARM.NS,2025-11-03,3628.300048828125,3628.300048828125,160187.0,0.0
TORNTPHARM.NS,2025-11-04,3575.0,3575.0,195438.0,0.0
TORNTPHARM.NS,2025-11-06,3553.39990234375,3553.39990234375,173609.0,0.0
TORNTPHARM.NS,2025-11-07,3580.0,3580.0,94430.0,0.0
TORNTPHARM.NS,2025-11-10,3817.5,3817.5,1651416.0,0.0
TORNTPHARM.NS,2025-11-11,3825.800048828125,3825.800048828125,623726.0,0.0
TORNTPHARM.NS,2025-11-12,3824.60009765625,3824.60009765625,403999.0,0.0
TORNTPHARM.NS,2025-11-13,3826.10009765625,3826.10009765625,182215.0,0.0
TORNTPHARM.NS,2025-11-14,3831.800048828125,3831.800048828125,559539.0,0.0
TORNTPHARM.NS,2025-11-17,3819.39990234375,3819.39990234375,153147.0,0.0
TORNTPHARM.NS,2025-11-18,3790.800048828125,3790.800048828125,112118.0,0.0
TORNTPHARM.NS,2025-11-19,3731.39990234375,3731.39990234375,116182.0,0.0
TORNTPHARM.NS,2025-11-20,3721.39990234375,3721.39990234375,114934.0,0.0
TORNTPHARM.NS,2025-11-21,3686.5,3686.5,86005.0,0.0
TORNTPHARM.NS,2025-11-24,3718.39990234375,3718.39990234375,342523.0,0.0
TORNTPHARM.NS,2025-11-25,3745.199951171875,3745.199951171875,122282.0,0.0
TORNTPHARM.NS,2025-11-26,3755.800048828125,3755.800048828125,107687.0,0.0
TORNTPHARM.NS,2025-11-27,3730.39990234375,3730.39990234375,258852.0,0.0
TORNTPHARM.NS,2025-11-28,3720.60009765625,3720.60009765625,164885.0,0.0
TORNTPHARM.NS,2025-12-01,3736.89990234375,3736.89990234375,136982.0,0.0
TORNTPHARM.NS,2025-12-02,3728.0,3728.0,196142.0,0.0
TORNTPHARM.NS,2025-12-03,3720.89990234375,3720.89990234375,163478.0,0.0
TORNTPHARM.NS,2025-12-04,3795.699951171875,3795.699951171875,561605.0,0.0
TORNTPHARM.NS,2025-12-05,3785.89990234375,3785.89990234375,197257.0,0.0
TORNTPHARM.NS,2025-12-08,3760.0,3760.0,144529.0,0.0
TORNTPHARM.NS,2025-12-09,3763.89990234375,3763.89990234375,210622.0,0.0
TORNTPHARM.NS,2025-12-10,3794.39990234375,3794.39990234375,257257.0,0.0
TORNTPHARM.NS,2025-12-11,3799.0,3799.0,100122.0,0.0
TORNTPHARM.NS,2025-12-12,3791.5,3791.5,168916.0,0.0
TORNTPHARM.NS,2025-12-15,3782.60009765625,3782.60009765625,168589.0,0.0
TORNTPHARM.NS,2025-12-16,3765.10009765625,3765.10009765625,136916.0,0.0
TORNTPHARM.NS,2025-12-17,3770.800048828125,3770.800048828125,132340.0,0.0
TORNTPHARM.NS,2025-12-18,3759.5,3759.5,125105.0,0.0
TORNTPHARM.NS,2025-12-19,3800.300048828125,3800.300048828125,150394.0,0.0
TORNTPHARM.NS,2025-12-22,3816.0,3816.0,275033.0,0.0
TORNTPHARM.NS,2025-12-23,3820.10009765625,3820.10009765625,195979.0,0.0
TORNTPHARM.NS,2025-12-24,3834.300048828125,3834.300048828125,152700.0,0.0
TORNTPHARM.NS,2025-12-26,3816.60009765625,3816.60009765625,38231.0,0.0
TORNTPHARM.NS,2025-12-29,3793.699951171875,3793.699951171875,86172.0,0.0
TORNTPHARM.NS,2025-12-30,3822.10009765625,3822.10009765625,371621.0,0.0
TORNTPHARM.NS,2025-12-31,3850.0,3850.0,151815.0,0.0
TORNTPHARM.NS,2026-01-01,3848.39990234375,3848.39990234375,39767.0,0.0
TORNTPHARM.NS,2026-01-02,3885.300048828125,3885.300048828125,57479.0,0.0
TORNTPHARM.NS,2026-01-05,3869.800048828125,3869.800048828125,100222.0,0.0
TORNTPHARM.NS,2026-01-06,3936.800048828125,3936.800048828125,193169.0,0.0
TORNTPHARM.NS,2026-01-07,4092.199951171875,4092.199951171875,893695.0,0.0
TORNTPHARM.NS,2026-01-08,4026.39990234375,4026.39990234375,202187.0,0.0
TORNTPHARM.NS,2026-01-09,3963.39990234375,3963.39990234375,312744.0,0.0
TORNTPHARM.NS,2026-01-12,3949.800048828125,3949.800048828125,161556.0,0.0
TORNTPHARM.NS,2026-01-13,3940.300048828125,3940.300048828125,202650.0,0.0
TORNTPHARM.NS,2026-01-14,4003.699951171875,4003.699951171875,194665.0,0.0
TORNTPHARM.NS,2026-01-15,4003.699951171875,4003.699951171875,0.0,0.0
TORNTPHARM.NS,2026-01-16,4018.199951171875,4018.199951171875,171667.0,0.0
TORNTPHARM.NS,2026-01-19,4086.60009765625,4086.60009765625,433688.0,0.0
TORNTPHARM.NS,2026-01-20,3976.800048828125,3976.800048828125,203141.0,0.0
TORNTPHARM.NS,2026-01-21,3981.800048828125,3981.800048828125,367318.0,0.0
TORNTPHARM.NS,2026-01-22,4020.5,4020.5,167617.0,0.0
TORNTPHARM.NS,2026-01-23,3932.199951171875,3932.199951171875,315842.0,0.0
TORNTPHARM.NS,2026-01-27,3997.39990234375,3997.39990234375,249417.0,0.0
TORNTPHARM.NS,2026-01-28,3958.699951171875,3958.699951171875,384358.0,0.0
TORNTPHARM.NS,2026-01-29,3930.10009765625,3930.10009765625,219303.0,0.0
TORNTPHARM.NS,2026-01-30,3960.800048828125,3960.800048828125,544103.0,0.0
TORNTPHARM.NS,2026-02-02,3987.199951171875,3987.199951171875,293121.0,0.0
TORNTPHARM.NS,2026-02-03,4045.60009765625,4045.60009765625,464524.0,0.0
TORNTPHARM.NS,2026-02-04,4023.5,4023.5,319619.0,0.0
TORNTPHARM.NS,2026-02-05,3976.39990234375,3976.39990234375,230235.0,0.0
TORNTPHARM.NS,2026-02-06,3939.0,3939.0,231319.0,0.0
TORNTPHARM.NS,2026-02-09,3997.199951171875,3997.199951171875,483762.0,0.0
TORNTPHARM.NS,2026-02-10,4079.60009765625,4079.60009765625,192731.0,0.0
TORNTPHARM.NS,2026-02-11,4056.699951171875,4056.699951171875,127696.0,0.0
UNITDSPR.NS,2025-02-11,1389.550048828125,1371.203857421875,694651.0,0.0
UNITDSPR.NS,2025-02-12,1397.5,1379.0489501953125,654233.0,0.0
UNITDSPR.NS,2025-02-13,1396.8499755859375,1378.4073486328125,561668.0,0.0
UNITDSPR.NS,2025-02-14,1364.4000244140625,1346.3858642578125,828825.0,0.0
UNITDSPR.NS,2025-02-17,1349.699951171875,1331.8800048828125,890483.0,0.0
UNITDSPR.NS,2025-02-18,1335.0,1317.3740234375,415003.0,0.0
UNITDSPR.NS,2025-02-19,1328.8499755859375,1311.3052978515625,464950.0,0.0
UNITDSPR.NS,2025-02-20,1344.949951171875,1327.192626953125,728768.0,0.0
UNITDSPR.NS,2025-02-21,1306.5,1289.2503662109375,1297282.0,0.0
UNITDSPR.NS,2025-02-24,1342.800048828125,1325.0711669921875,754464.0,0.0
UNITDSPR.NS,2025-02-25,1346.0999755859375,1328.327392578125,400379.0,0.0
UNITDSPR.NS,2025-02-27,1335.4000244140625,1317.768798828125,621665.0,0.0
UNITDSPR.NS,2025-02-28,1284.449951171875,1267.491455078125,900840.0,0.0
UNITDSPR.NS,2025-03-03,1306.1500244140625,1288.905029296875,705964.0,0.0
UNITDSPR.NS,2025-03-04,1288.0,1270.99462890625,516071.0,0.0
UNITDSPR.NS,2025-03-05,1320.199951171875,1302.76953125,621963.0,0.0
UNITDSPR.NS,2025-03-06,1332.8499755859375,1315.25244140625,275303.0,0.0
UNITDSPR.NS,2025-03-07,1327.8499755859375,1310.3184814453125,265595.0,0.0
UNITDSPR.NS,2025-03-10,1313.0999755859375,1295.76318359375,613699.0,0.0
UNITDSPR.NS,2025-03-11,1319.8499755859375,1302.4241943359375,302563.0,0.0
UNITDSPR.NS,2025-03-12,1336.25,1318.607666015625,598766.0,0.0
UNITDSPR.NS,2025-03-13,1353.699951171875,1335.8271484375,441272.0,0.0
UNITDSPR.NS,2025-03-17,1353.050048828125,1335.185791015625,546482.0,0.0
UNITDSPR.NS,2025-03-18,1367.449951171875,1349.3956298828125,594495.0,0.0
UNITDSPR.NS,2025-03-19,1347.300048828125,1329.51171875,838919.0,0.0
UNITDSPR.NS,2025-03-20,1377.75,1359.5595703125,855272.0,0.0
UNITDSPR.NS,2025-03-21,1391.5999755859375,1373.226806640625,1093226.0,0.0
UNITDSPR.NS,2025-03-24,1392.5,1374.1148681640625,440777.0,0.0
UNITDSPR.NS,2025-03-25,1365.550048828125,1347.520751953125,426894.0,0.0
UNITDSPR.NS,2025-03-26,1361.5,1343.524169921875,421022.0,0.0
UNITDSPR.NS,2025-03-27,1408.0999755859375,1389.5089111328125,768855.0,0.0
UNITDSPR.NS,2025-03-28,1401.300048828125,1382.7987060546875,959532.0,0.0
UNITDSPR.NS,2025-04-01,1406.1500244140625,1387.584716796875,365985.0,0.0
UNITDSPR.NS,2025-04-02,1434.449951171875,1415.510986328125,870739.0,0.0
UNITDSPR.NS,2025-04-03,1430.1500244140625,1415.2142333984375,230919.0,0.0
UNITDSPR.NS,2025-04-04,1427.3499755859375,1412.443359375,500497.0,0.0
UNITDSPR.NS,2025-04-07,1403.800048828125,1389.1395263671875,579009.0,0.0
UNITDSPR.NS,2025-04-08,1425.0999755859375,1410.2169189453125,562645.0,0.0
UNITDSPR.NS,2025-04-09,1451.5999755859375,1436.440185546875,886893.0,0.0
UNITDSPR.NS,2025-04-11,1476.9000244140625,1461.4759521484375,693426.0,0.0
UNITDSPR.NS,2025-04-15,1501.699951171875,1486.016845703125,797044.0,0.0
UNITDSPR.NS,2025-04-16,1503.199951171875,1487.501220703125,739318.0,0.0
UNITDSPR.NS,2025-04-17,1517.800048828125,1501.9488525390625,569237.0,0.0
UNITDSPR.NS,2025-04-21,1516.699951171875,1500.8602294921875,528024.0,0.0
UNITDSPR.NS,2025-04-22,1557.5999755859375,1541.3331298828125,823672.0,0.0
UNITDSPR.NS,2025-04-23,1580.4000244140625,1563.8951416015625,1385393.0,0.0
UNITDSPR.NS,2025-04-24,1560.800048828125,1544.499755859375,1320677.0,0.0
UNITDSPR.NS,2025-04-25,1547.4000244140625,1531.23974609375,517429.0,0.0
UNITDSPR.NS,2025-04-28,1556.5999755859375,1540.3436279296875,604732.0,0.0
UNITDSPR.NS,2025-04-29,1545.9000244140625,1529.75537109375,560975.0,0.0
UNITDSPR.NS,2025-04-30,1563.9000244140625,1547.5673828125,705329.0,0.0
UNITDSPR.NS,2025-05-02,1555.5999755859375,1539.3541259765625,931415.0,0.0
UNITDSPR.NS,2025-05-05,1559.0999755859375,1542.8173828125,247436.0,0.0
UNITDSPR.NS,2025-05-06,1576.300048828125,1559.837890625,898145.0,0.0
UNITDSPR.NS,2025-05-07,1589.5,1572.9000244140625,2290058.0,0.0
UNITDSPR.NS,2025-05-08,1537.199951171875,1521.1461181640625,715376.0,0.0
UNITDSPR.NS,2025-05-09,1531.199951171875,1515.2088623046875,991191.0,0.0
UNITDSPR.NS,2025-05-12,1564.199951171875,1547.8641357421875,480122.0,0.0
UNITDSPR.NS,2025-05-13,1553.9000244140625,1537.671875,427254.0,0.0
UNITDSPR.NS,2025-05-14,1534.4000244140625,1518.37548828125,638135.0,0.0
UNITDSPR.NS,2025-05-15,1538.5,1522.4326171875,441481.0,0.0
UNITDSPR.NS,2025-05-16,1540.300048828125,1524.2138671875,847943.0,0.0
UNITDSPR.NS,2025-05-19,1556.0,1539.7498779296875,982452.0,0.0
UNITDSPR.NS,2025-05-20,1556.5999755859375,1540.3436279296875,726976.0,0.0
UNITDSPR.NS,2025-05-21,1557.4000244140625,1541.1353759765625,2403116.0,0.0
UNITDSPR.NS,2025-05-22,1568.4000244140625,1552.0205078125,776793.0,0.0
UNITDSPR.NS,2025-05-23,1578.9000244140625,1562.4107666015625,640485.0,0.0
UNITDSPR.NS,2025-05-26,1555.5,1539.2550048828125,343457.0,0.0
UNITDSPR.NS,2025-05-27,1533.0999755859375,1517.0889892578125,639811.0,0.0
UNITDSPR.NS,2025-05-28,1522.699951171875,1506.797607421875,423530.0,0.0
UNITDSPR.NS,2025-05-29,1522.5999755859375,1506.6986083984375,649913.0,0.0
UNITDSPR.NS,2025-05-30,1520.0999755859375,1504.224853515625,1450384.0,0.0
UNITDSPR.NS,2025-06-02,1549.199951171875,1533.0208740234375,962416.0,0.0
UNITDSPR.NS,2025-06-03,1579.5999755859375,1563.1033935546875,2105296.0,0.0
UNITDSPR.NS,2025-06-04,1584.0999755859375,1567.556396484375,1158597.0,0.0
UNITDSPR.NS,2025-06-05,1610.0,1593.1859130859375,2195473.0,0.0
UNITDSPR.NS,2025-06-06,1593.4000244140625,1576.75927734375,803768.0,0.0
UNITDSPR.NS,2025-06-09,1592.699951171875,1576.0665283203125,619292.0,0.0
UNITDSPR.NS,2025-06-10,1609.9000244140625,1593.0869140625,1003019.0,0.0
UNITDSPR.NS,2025-06-11,1503.800048828125,1488.0950927734375,9786390.0,0.0
UNITDSPR.NS,2025-06-12,1485.0999755859375,1469.59033203125,1578161.0,0.0
UNITDSPR.NS,2025-06-13,1453.0999755859375,1437.924560546875,1568758.0,0.0
UNITDSPR.NS,2025-06-16,1485.4000244140625,1469.88720703125,1234580.0,0.0
UNITDSPR.NS,2025-06-17,1474.800048828125,1459.39794921875,946768.0,0.0
UNITDSPR.NS,2025-06-18,1461.800048828125,1446.53369140625,366997.0,0.0
UNITDSPR.NS,2025-06-19,1460.800048828125,1445.5440673828125,593453.0,0.0
UNITDSPR.NS,2025-06-20,1458.9000244140625,1443.6639404296875,1652262.0,0.0
UNITDSPR.NS,2025-06-23,1419.9000244140625,1405.0711669921875,3416836.0,0.0
UNITDSPR.NS,2025-06-24,1443.300048828125,1428.2269287109375,1116069.0,0.0
UNITDSPR.NS,2025-06-25,1454.9000244140625,1439.705810546875,1958351.0,0.0
UNITDSPR.NS,2025-06-26,1444.5,1429.414306640625,1725849.0,0.0
UNITDSPR.NS,2025-06-27,1442.199951171875,1427.1383056640625,2130175.0,0.0
UNITDSPR.NS,2025-06-30,1428.0999755859375,1413.185546875,3001009.0,0.0
UNITDSPR.NS,2025-07-01,1400.4000244140625,1385.77490234375,1280859.0,0.0
UNITDSPR.NS,2025-07-02,1383.4000244140625,1368.952392578125,1464003.0,0.0
UNITDSPR.NS,2025-07-03,1381.699951171875,1367.2701416015625,930122.0,0.0
UNITDSPR.NS,2025-07-04,1378.199951171875,1363.806640625,905626.0,0.0
UNITDSPR.NS,2025-07-07,1382.5999755859375,1368.1607666015625,1772885.0,0.0
UNITDSPR.NS,2025-07-08,1364.699951171875,1350.44775390625,963015.0,0.0
UNITDSPR.NS,2025-07-09,1370.9000244140625,1356.5828857421875,1302716.0,0.0
UNITDSPR.NS,2025-07-10,1384.0,1369.546142578125,686811.0,0.0
UNITDSPR.NS,2025-07-11,1357.5999755859375,1343.421875,781058.0,0.0
UNITDSPR.NS,2025-07-14,1364.0,1349.7550048828125,1850508.0,0.0
UNITDSPR.NS,2025-07-15,1370.199951171875,1355.8902587890625,962048.0,0.0
UNITDSPR.NS,2025-07-16,1377.199951171875,1362.817138671875,1343693.0,0.0
UNITDSPR.NS,2025-07-17,1380.0,1365.587890625,1027003.0,0.0
UNITDSPR.NS,2025-07-18,1362.300048828125,1348.0728759765625,509628.0,0.0
UNITDSPR.NS,2025-07-21,1366.4000244140625,1352.1300048828125,949878.0,0.0
UNITDSPR.NS,2025-07-22,1343.5,1329.4691162109375,827126.0,0.0
UNITDSPR.NS,2025-07-23,1342.300048828125,1328.28173828125,860631.0,0.0
UNITDSPR.NS,2025-07-24,1335.199951171875,1321.2557373046875,924127.0,0.0
UNITDSPR.NS,2025-07-25,1309.5999755859375,1295.923095703125,815158.0,0.0
UNITDSPR.NS,2025-07-28,1316.0,1302.25634765625,746523.0,0.0
UNITDSPR.NS,2025-07-29,1324.0,1310.1728515625,1769493.0,0.0
UNITDSPR.NS,2025-07-30,1315.800048828125,1302.0584716796875,541385.0,0.0
UNITDSPR.NS,2025-07-31,1340.199951171875,1326.20361328125,1486378.0,0.0
UNITDSPR.NS,2025-08-01,1322.4000244140625,1316.44775390625,1209840.0,0.0
UNITDSPR.NS,2025-08-04,1339.699951171875,1333.6697998046875,1091819.0,0.0
UNITDSPR.NS,2025-08-05,1323.699951171875,1317.7418212890625,1528084.0,0.0
UNITDSPR.NS,2025-08-06,1308.199951171875,1302.3116455078125,1071422.0,0.0
UNITDSPR.NS,2025-08-07,1290.0,1284.193603515625,1182773.0,0.0
UNITDSPR.NS,2025-08-08,1291.5,1285.686767578125,1324949.0,0.0
UNITDSPR.NS,2025-08-11,1302.199951171875,1296.338623046875,691799.0,0.0
UNITDSPR.NS,2025-08-12,1297.800048828125,1291.95849609375,642530.0,0.0
UNITDSPR.NS,2025-08-13,1306.199951171875,1300.320556640625,402056.0,0.0
UNITDSPR.NS,2025-08-14,1319.300048828125,1313.3616943359375,1527475.0,0.0
UNITDSPR.NS,2025-08-18,1307.5,1301.61474609375,2136037.0,0.0
UNITDSPR.NS,2025-08-19,1328.5999755859375,1322.6197509765625,1846772.0,0.0
UNITDSPR.NS,2025-08-20,1335.9000244140625,1329.886962890625,1075724.0,0.0
UNITDSPR.NS,2025-08-21,1337.0,1330.9820556640625,1071331.0,0.0
UNITDSPR.NS,2025-08-22,1329.9000244140625,1323.9140625,545032.0,0.0
UNITDSPR.NS,2025-08-25,1311.300048828125,1305.397705078125,1258475.0,0.0
UNITDSPR.NS,2025-08-26,1302.800048828125,1296.93603515625,1382762.0,0.0
UNITDSPR.NS,2025-08-28,1281.5,1275.7318115234375,1374328.0,0.0
UNITDSPR.NS,2025-08-29,1311.0,1305.0989990234375,1687323.0,0.0
UNITDSPR.NS,2025-09-01,1321.199951171875,1315.2530517578125,911511.0,0.0
UNITDSPR.NS,2025-09-02,1334.0,1327.9954833984375,969704.0,0.0
UNITDSPR.NS,2025-09-03,1347.0999755859375,1341.0364990234375,1743317.0,0.0
UNITDSPR.NS,2025-09-04,1321.5,1315.5517578125,716303.0,0.0
UNITDSPR.NS,2025-09-05,1312.0999755859375,1306.194091796875,551551.0,0.0
UNITDSPR.NS,2025-09-08,1296.0,1290.1666259765625,822646.0,0.0
UNITDSPR.NS,2025-09-09,1304.4000244140625,1298.52880859375,411404.0,0.0
UNITDSPR.NS,2025-09-10,1303.5,1297.6328125,748158.0,0.0
UNITDSPR.NS,2025-09-11,1319.0,1313.06298828125,1024840.0,0.0
UNITDSPR.NS,2025-09-12,1309.699951171875,1303.8048095703125,1240784.0,0.0
UNITDSPR.NS,2025-09-15,1315.300048828125,1309.3797607421875,1111447.0,0.0
UNITDSPR.NS,2025-09-16,1330.0,1324.0135498046875,879154.0,0.0
UNITDSPR.NS,2025-09-17,1337.0999755859375,1331.08154296875,1831382.0,0.0
UNITDSPR.NS,2025-09-18,1327.4000244140625,1321.42529296875,708672.0,0.0
UNITDSPR.NS,2025-09-19,1328.199951171875,1322.2215576171875,1037085.0,0.0
UNITDSPR.NS,2025-09-22,1339.9000244140625,1333.8690185546875,1193493.0,0.0
UNITDSPR.NS,2025-09-23,1341.199951171875,1335.1630859375,608739.0,0.0
UNITDSPR.NS,2025-09-24,1350.9000244140625,1344.8194580078125,755361.0,0.0
UNITDSPR.NS,2025-09-25,1317.5999755859375,1311.6693115234375,1180092.0,0.0
UNITDSPR.NS,2025-09-26,1297.4000244140625,1291.560302734375,733634.0,0.0
UNITDSPR.NS,2025-09-29,1308.5,1302.6103515625,829604.0,0.0
UNITDSPR.NS,2025-09-30,1324.300048828125,1318.3392333984375,1455473.0,0.0
UNITDSPR.NS,2025-10-01,1346.699951171875,1340.6383056640625,1098185.0,0.0
UNITDSPR.NS,2025-10-03,1362.5999755859375,1356.466796875,1058525.0,0.0
UNITDSPR.NS,2025-10-06,1361.0,1354.8740234375,405517.0,0.0
UNITDSPR.NS,2025-10-07,1351.800048828125,1345.7154541015625,269092.0,0.0
UNITDSPR.NS,2025-10-08,1333.0999755859375,1327.099609375,727143.0,0.0
UNITDSPR.NS,2025-10-09,1337.5999755859375,1331.579345703125,889040.0,0.0
UNITDSPR.NS,2025-10-10,1337.0,1330.9820556640625,849804.0,0.0
UNITDSPR.NS,2025-10-13,1316.0999755859375,1310.176025390625,526581.0,0.0
UNITDSPR.NS,2025-10-14,1302.4000244140625,1296.537841796875,647546.0,0.0
UNITDSPR.NS,2025-10-15,1333.0999755859375,1327.099609375,822427.0,0.0
UNITDSPR.NS,2025-10-16,1359.0999755859375,1352.9825439453125,835083.0,0.0
UNITDSPR.NS,2025-10-17,1361.4000244140625,1355.272216796875,560298.0,0.0
UNITDSPR.NS,2025-10-20,1365.5999755859375,1359.4532470703125,518539.0,0.0
UNITDSPR.NS,2025-10-21,1359.699951171875,1353.579833984375,94445.0,0.0
UNITDSPR.NS,2025-10-23,1351.199951171875,1345.1180419921875,526206.0,0.0
UNITDSPR.NS,2025-10-24,1357.4000244140625,1351.290283203125,561687.0,0.0
UNITDSPR.NS,2025-10-27,1353.0999755859375,1347.009521484375,422172.0,0.0
UNITDSPR.NS,2025-10-28,1351.800048828125,1345.7154541015625,417933.0,0.0
UNITDSPR.NS,2025-10-29,1387.4000244140625,1381.1551513671875,1390351.0,0.0
UNITDSPR.NS,2025-10-30,1394.5999755859375,1388.32275390625,958881.0,0.0
UNITDSPR.NS,2025-10-31,1431.4000244140625,1424.9571533203125,10485930.0,0.0
UNITDSPR.NS,2025-11-03,1447.5999755859375,1441.084228515625,1297031.0,0.0
UNITDSPR.NS,2025-11-04,1450.9000244140625,1444.369384765625,961290.0,0.0
UNITDSPR.NS,2025-11-06,1416.5,1410.1241455078125,1003182.0,0.0
UNITDSPR.NS,2025-11-07,1429.0999755859375,1422.66748046875,507698.0,0.0
UNITDSPR.NS,2025-11-10,1409.5,1403.1556396484375,429606.0,0.0
UNITDSPR.NS,2025-11-11,1414.5,1408.1331787109375,1025644.0,0.0
UNITDSPR.NS,2025-11-12,1435.5999755859375,1429.13818359375,1363723.0,0.0
UNITDSPR.NS,2025-11-13,1420.800048828125,1414.4049072265625,464975.0,0.0
UNITDSPR.NS,2025-11-14,1429.4000244140625,1422.9661865234375,335913.0,0.0
UNITDSPR.NS,2025-11-17,1434.9000244140625,1428.44140625,380093.0,0.0
UNITDSPR.NS,2025-11-18,1434.699951171875,1428.2421875,455921.0,0.0
UNITDSPR.NS,2025-11-19,1411.699951171875,1405.345703125,484493.0,0.0
UNITDSPR.NS,2025-11-20,1416.199951171875,1409.825439453125,560899.0,0.0
UNITDSPR.NS,2025-11-21,1427.0999755859375,1420.6763916015625,1018074.0,0.0
UNITDSPR.NS,2025-11-24,1431.199951171875,1424.7579345703125,888660.0,0.0
UNITDSPR.NS,2025-11-25,1430.4000244140625,1423.961669921875,522357.0,0.0
UNITDSPR.NS,2025-11-26,1459.5,1452.9306640625,1283956.0,0.0
UNITDSPR.NS,2025-11-27,1445.800048828125,1439.2923583984375,855725.0,0.0
UNITDSPR.NS,2025-11-28,1451.5999755859375,1445.066162109375,714629.0,0.0
UNITDSPR.NS,2025-12-01,1447.0999755859375,1440.58642578125,512075.0,0.0
UNITDSPR.NS,2025-12-02,1440.9000244140625,1434.4144287109375,761536.0,0.0
UNITDSPR.NS,2025-12-03,1421.300048828125,1414.902587890625,965273.0,0.0
UNITDSPR.NS,2025-12-04,1431.9000244140625,1425.454833984375,756367.0,0.0
UNITDSPR.NS,2025-12-05,1455.5999755859375,1449.0482177734375,612882.0,0.0
UNITDSPR.NS,2025-12-08,1429.4000244140625,1422.9661865234375,456180.0,0.0
UNITDSPR.NS,2025-12-09,1435.4000244140625,1428.9390869140625,404040.0,0.0
UNITDSPR.NS,2025-12-10,1436.5,1430.0341796875,384839.0,0.0
UNITDSPR.NS,2025-12-11,1437.199951171875,1430.73095703125,287781.0,0.0
UNITDSPR.NS,2025-12-12,1447.0999755859375,1440.58642578125,347794.0,0.0
UNITDSPR.NS,2025-12-15,1442.4000244140625,1435.9075927734375,229303.0,0.0
UNITDSPR.NS,2025-12-16,1451.4000244140625,1444.8670654296875,428654.0,0.0
UNITDSPR.NS,2025-12-17,1424.9000244140625,1418.4864501953125,726612.0,0.0
UNITDSPR.NS,2025-12-18,1391.199951171875,1384.93798828125,1129800.0,0.0
UNITDSPR.NS,2025-12-19,1406.699951171875,1400.3682861328125,397838.0,0.0
UNITDSPR.NS,2025-12-22,1426.699951171875,1420.2781982421875,530499.0,0.0
UNITDSPR.NS,2025-12-23,1441.800048828125,1435.310302734375,386351.0,0.0
UNITDSPR.NS,2025-12-24,1422.0999755859375,1415.698974609375,499655.0,0.0
UNITDSPR.NS,2025-12-26,1428.4000244140625,1421.970703125,578732.0,0.0
UNITDSPR.NS,2025-12-29,1429.699951171875,1423.2647705078125,923624.0,0.0
UNITDSPR.NS,2025-12-30,1423.800048828125,1417.391357421875,2611454.0,0.0
UNITDSPR.NS,2025-12-31,1443.699951171875,1437.20166015625,765435.0,0.0
UNITDSPR.NS,2026-01-01,1404.199951171875,1397.8795166015625,1020153.0,0.0
UNITDSPR.NS,2026-01-02,1381.5999755859375,1375.3812255859375,1986738.0,0.0
UNITDSPR.NS,2026-01-05,1375.5,1369.3087158203125,1093742.0,0.0
UNITDSPR.NS,2026-01-06,1376.5999755859375,1370.40380859375,1189346.0,0.0
UNITDSPR.NS,2026-01-07,1377.800048828125,1371.598388671875,825599.0,0.0
UNITDSPR.NS,2026-01-08,1350.199951171875,1344.12255859375,863070.0,0.0
UNITDSPR.NS,2026-01-09,1331.0,1325.009033203125,753264.0,0.0
UNITDSPR.NS,2026-01-12,1327.5999755859375,1321.624267578125,564288.0,0.0
UNITDSPR.NS,2026-01-13,1319.4000244140625,1313.4613037109375,565666.0,0.0
UNITDSPR.NS,2026-01-14,1336.0,1329.986572265625,1050390.0,0.0
UNITDSPR.NS,2026-01-16,1348.699951171875,1342.6292724609375,888719.0,0.0
UNITDSPR.NS,2026-01-19,1324.800048828125,1318.8370361328125,429661.0,0.0
UNITDSPR.NS,2026-01-20,1318.5999755859375,1312.664794921875,1422810.0,0.0
UNITDSPR.NS,2026-01-21,1320.0,1314.05859375,2399345.0,0.0
UNITDSPR.NS,2026-01-22,1338.4000244140625,1332.375732421875,1240014.0,0.0
UNITDSPR.NS,2026-01-23,1333.0,1327.0,1398884.0,0.0
UNITDSPR.NS,2026-01-27,1311.5,1311.5,830607.0,0.0
UNITDSPR.NS,2026-01-28,1326.699951171875,1326.699951171875,1154014.0,0.0
UNITDSPR.NS,2026-01-29,1330.4000244140625,1330.4000244140625,949233.0,0.0
UNITDSPR.NS,2026-01-30,1362.5999755859375,1362.5999755859375,1803157.0,0.0
UNITDSPR.NS,2026-02-02,1346.5,1346.5,510793.0,0.0
UNITDSPR.NS,2026-02-03,1366.0999755859375,1366.0999755859375,726570.0,0.0
UNITDSPR.NS,2026-02-04,1358.0999755859375,1358.0999755859375,506352.0,0.0
UNITDSPR.NS,2026-02-05,1359.4000244140625,1359.4000244140625,519049.0,0.0
UNITDSPR.NS,2026-02-06,1377.0,1377.0,475208.0,0.0
UNITDSPR.NS,2026-02-09,1409.800048828125,1409.800048828125,689551.0,0.0
UNITDSPR.NS,2026-02-10,1409.9000244140625,1409.9000244140625,309157.0,0.0
UNITDSPR.NS,2026-02-11,1412.9000244140625,1412.9000244140625,383041.0,0.0
VBL.NS,2025-02-11,520.3499755859375,518.8698120117188,12273792.0,0.0
VBL.NS,2025-02-12,534.5,532.9795532226562,8581416.0,0.0
VBL.NS,2025-02-13,513.4000244140625,511.9396057128906,9467636.0,0.0
VBL.NS,2025-02-14,488.54998779296875,487.1602783203125,14027216.0,0.0
VBL.NS,2025-02-17,474.54998779296875,473.2001037597656,12706214.0,0.0
VBL.NS,2025-02-18,469.1000061035156,467.7656555175781,8968551.0,0.0
VBL.NS,2025-02-19,475.8999938964844,474.5462646484375,10307513.0,0.0
VBL.NS,2025-02-20,468.3999938964844,467.067626953125,11542401.0,0.0
VBL.NS,2025-02-21,477.6499938964844,476.2912902832031,12871051.0,0.0
VBL.NS,2025-02-24,499.95001220703125,498.5278625488281,15905230.0,0.0
VBL.NS,2025-02-25,476.5,475.1445617675781,10593112.0,0.0
VBL.NS,2025-02-27,448.29998779296875,447.0247802734375,19975636.0,0.0
VBL.NS,2025-02-28,436.04998779296875,434.80963134765625,48247867.0,0.0
VBL.NS,2025-03-03,456.95001220703125,455.65020751953125,27472740.0,0.0
VBL.NS,2025-03-04,477.29998779296875,475.9422607421875,16010754.0,0.0
VBL.NS,2025-03-05,476.0,474.64599609375,14097135.0,0.0
VBL.NS,2025-03-06,491.3500061035156,489.9523620605469,12690927.0,0.0
VBL.NS,2025-03-07,487.75,486.3625793457031,10433984.0,0.0
VBL.NS,2025-03-10,481.8999938964844,480.5292053222656,11965662.0,0.0
VBL.NS,2025-03-11,485.20001220703125,483.8198547363281,5774624.0,0.0
VBL.NS,2025-03-12,478.3500061035156,476.98931884765625,9109922.0,0.0
VBL.NS,2025-03-13,488.1499938964844,486.7614440917969,7798554.0,0.0
VBL.NS,2025-03-17,507.25,505.8070983886719,10136334.0,0.0
VBL.NS,2025-03-18,507.25,505.8070983886719,0.0,0.0
VBL.NS,2025-03-19,540.9000244140625,539.3613891601562,9383855.0,0.0
VBL.NS,2025-03-20,548.75,547.1890258789062,12121424.0,0.0
VBL.NS,2025-03-21,537.9500122070312,536.4197387695312,10054240.0,0.0
VBL.NS,2025-03-24,531.0999755859375,529.5891723632812,5386711.0,0.0
VBL.NS,2025-03-25,517.1500244140625,515.678955078125,6675687.0,0.0
VBL.NS,2025-03-26,527.9000244140625,526.3983764648438,6576567.0,0.0
VBL.NS,2025-03-27,536.2999877929688,534.7744140625,7748386.0,0.0
VBL.NS,2025-03-28,539.6500244140625,538.114990234375,5075723.0,0.0
VBL.NS,2025-04-01,538.75,537.2174682617188,5144301.0,0.0
VBL.NS,2025-04-02,546.9000244140625,545.3443603515625,3535699.0,0.0
VBL.NS,2025-04-03,544.5,542.951171875,4789352.0,0.0
VBL.NS,2025-04-04,535.4500122070312,534.4176635742188,3148688.0,0.0
VBL.NS,2025-04-07,519.5999755859375,518.59814453125,6892589.0,0.0
VBL.NS,2025-04-08,540.4000244140625,539.3580932617188,3768369.0,0.0
VBL.NS,2025-04-09,540.2000122070312,539.158447265625,4722939.0,0.0
VBL.NS,2025-04-11,545.75,544.69775390625,5318824.0,0.0
VBL.NS,2025-04-15,550.5999755859375,549.5383911132812,5151065.0,0.0
VBL.NS,2025-04-16,549.2000122070312,548.14111328125,3702521.0,0.0
VBL.NS,2025-04-17,556.75,555.6765747070312,8481820.0,0.0
VBL.NS,2025-04-21,546.7999877929688,545.7457275390625,5680586.0,0.0
VBL.NS,2025-04-22,549.4500122070312,548.390625,4384225.0,0.0
VBL.NS,2025-04-23,549.1500244140625,548.0912475585938,5172584.0,0.0
VBL.NS,2025-04-24,532.3499755859375,531.3235473632812,8356371.0,0.0
VBL.NS,2025-04-25,521.9500122070312,520.9436645507812,8422092.0,0.0
VBL.NS,2025-04-28,533.2000122070312,532.1719970703125,5207203.0,0.0
VBL.NS,2025-04-29,529.1500244140625,528.1297607421875,5188740.0,0.0
VBL.NS,2025-04-30,522.3499755859375,521.3428955078125,22672997.0,0.0
VBL.NS,2025-05-02,521.8499755859375,520.8438720703125,8743052.0,0.0
VBL.NS,2025-05-05,538.75,537.7112426757812,8452993.0,0.0
VBL.NS,2025-05-06,514.2999877929688,513.3084106445312,7404521.0,0.0
VBL.NS,2025-05-07,512.0999755859375,511.6100158691406,7509344.0,0.0
VBL.NS,2025-05-08,488.75,488.2823791503906,13165058.0,0.0
VBL.NS,2025-05-09,496.25,495.77520751953125,12371720.0,0.0
VBL.NS,2025-05-12,513.8499755859375,513.3583374023438,4982466.0,0.0
VBL.NS,2025-05-13,508.75,508.26324462890625,5612532.0,0.0
VBL.NS,2025-05-14,510.1000061035156,509.6119689941406,8226540.0,0.0
VBL.NS,2025-05-15,506.6000061035156,506.11529541015625,9548436.0,0.0
VBL.NS,2025-05-16,501.6499938964844,501.1700134277344,9603273.0,0.0
VBL.NS,2025-05-19,494.79998779296875,494.3265686035156,6822744.0,0.0
VBL.NS,2025-05-20,480.29998779296875,479.8404541015625,10517145.0,0.0
VBL.NS,2025-05-21,479.1499938964844,478.6915588378906,6741531.0,0.0
VBL.NS,2025-05-22,469.54998779296875,469.1007385253906,11871047.0,0.0
VBL.NS,2025-05-23,488.75,488.2823791503906,12851371.0,0.0
VBL.NS,2025-05-26,482.70001220703125,482.2381896972656,5213331.0,0.0
VBL.NS,2025-05-27,485.54998779296875,485.0854187011719,12868629.0,0.0
VBL.NS,2025-05-28,483.8999938964844,483.43701171875,4402044.0,0.0
VBL.NS,2025-05-29,483.04998779296875,482.58782958984375,3848181.0,0.0
VBL.NS,2025-05-30,475.95001220703125,475.49462890625,8745176.0,0.0
VBL.NS,2025-06-02,481.6499938964844,481.1891784667969,4888453.0,0.0
VBL.NS,2025-06-03,474.3999938964844,473.94610595703125,6727880.0,0.0
VBL.NS,2025-06-04,467.79998779296875,467.3524169921875,6368562.0,0.0
VBL.NS,2025-06-05,468.1000061035156,467.6521301269531,14463672.0,0.0
VBL.NS,2025-06-06,477.0,476.5436096191406,4357360.0,0.0
VBL.NS,2025-06-09,476.6000061035156,476.1440124511719,5449423.0,0.0
VBL.NS,2025-06-10,476.25,475.7943420410156,9766215.0,0.0
VBL.NS,2025-06-11,475.1000061035156,474.64544677734375,10243554.0,0.0
VBL.NS,2025-06-12,476.6000061035156,476.1440124511719,10054611.0,0.0
VBL.NS,2025-06-13,469.8999938964844,469.4504089355469,5251917.0,0.0
VBL.NS,2025-06-16,473.1499938964844,472.6972961425781,7686376.0,0.0
VBL.NS,2025-06-17,470.3500061035156,469.8999938964844,7390960.0,0.0
VBL.NS,2025-06-18,469.3999938964844,468.9508972167969,4768336.0,0.0
VBL.NS,2025-06-19,448.6499938964844,448.2207336425781,14815320.0,0.0
VBL.NS,2025-06-20,459.6000061035156,459.1602783203125,22583949.0,0.0
VBL.NS,2025-06-23,461.79998779296875,461.358154296875,8576051.0,0.0
VBL.NS,2025-06-24,462.75,462.3072509765625,6439004.0,0.0
VBL.NS,2025-06-25,460.29998779296875,459.8595886230469,6769539.0,0.0
VBL.NS,2025-06-26,458.3999938964844,457.9613952636719,8390695.0,0.0
VBL.NS,2025-06-27,461.6000061035156,461.1583557128906,7460924.0,0.0
VBL.NS,2025-06-30,457.54998779296875,457.1122131347656,7221867.0,0.0
VBL.NS,2025-07-01,451.6000061035156,451.1679382324219,6674529.0,0.0
VBL.NS,2025-07-02,453.04998779296875,452.61651611328125,6457381.0,0.0
VBL.NS,2025-07-03,450.70001220703125,450.268798828125,3844728.0,0.0
VBL.NS,2025-07-04,456.1499938964844,455.71356201171875,4123037.0,0.0
VBL.NS,2025-07-07,464.04998779296875,463.6059875488281,5985198.0,0.0
VBL.NS,2025-07-08,458.1499938964844,457.7116394042969,5134262.0,0.0
VBL.NS,2025-07-09,465.75,465.30438232421875,12242332.0,0.0
VBL.NS,2025-07-10,459.75,459.31011962890625,5463510.0,0.0
VBL.NS,2025-07-11,452.25,451.8172912597656,7924312.0,0.0
VBL.NS,2025-07-14,461.20001220703125,460.7587585449219,9306246.0,0.0
VBL.NS,2025-07-15,469.79998779296875,469.3504943847656,5262734.0,0.0
VBL.NS,2025-07-16,480.1000061035156,479.6406555175781,15026248.0,0.0
VBL.NS,2025-07-17,490.1499938964844,489.6810302734375,16465830.0,0.0
VBL.NS,2025-07-18,484.8500061035156,484.3861083984375,9200236.0,0.0
VBL.NS,2025-07-21,489.29998779296875,488.83184814453125,4835434.0,0.0
VBL.NS,2025-07-22,485.25,484.7857360839844,4432584.0,0.0
VBL.NS,2025-07-23,487.75,487.2833251953125,5120218.0,0.0
VBL.NS,2025-07-24,486.0,485.5350036621094,6791051.0,0.0
VBL.NS,2025-07-25,477.1499938964844,476.6934814453125,6477551.0,0.0
VBL.NS,2025-07-28,486.75,486.2843017578125,8143141.0,0.0
VBL.NS,2025-07-29,512.1500244140625,511.6600036621094,24363407.0,0.0
VBL.NS,2025-07-30,522.0999755859375,521.6004638671875,25521111.0,0.0
VBL.NS,2025-07-31,522.5999755859375,522.0999755859375,6593398.0,0.0
VBL.NS,2025-08-01,511.8999938964844,511.8999938964844,4418258.0,0.0
VBL.NS,2025-08-04,508.6000061035156,508.6000061035156,3691631.0,0.0
VBL.NS,2025-08-05,508.1000061035156,508.1000061035156,2223010.0,0.0
VBL.NS,2025-08-06,499.20001220703125,499.20001220703125,3191536.0,0.0
VBL.NS,2025-08-07,502.70001220703125,502.70001220703125,4385680.0,0.0
VBL.NS,2025-08-08,495.95001220703125,495.95001220703125,2571658.0,0.0
VBL.NS,2025-08-11,510.75,510.75,6605020.0,0.0
VBL.NS,2025-08-12,514.25,514.25,3513096.0,0.0
VBL.NS,2025-08-13,511.1000061035156,511.1000061035156,6969613.0,0.0
VBL.NS,2025-08-14,501.8500061035156,501.8500061035156,5002148.0,0.0
VBL.NS,2025-08-18,499.79998779296875,499.79998779296875,8750521.0,0.0
VBL.NS,2025-08-19,505.3999938964844,505.3999938964844,6495179.0,0.0
VBL.NS,2025-08-20,517.6500244140625,517.6500244140625,6226154.0,0.0
VBL.NS,2025-08-21,517.25,517.25,3262937.0,0.0
VBL.NS,2025-08-22,516.5999755859375,516.5999755859375,5460288.0,0.0
VBL.NS,2025-08-25,516.0,516.0,2932412.0,0.0
VBL.NS,2025-08-26,508.54998779296875,508.54998779296875,4566054.0,0.0
VBL.NS,2025-08-28,497.70001220703125,497.70001220703125,5319711.0,0.0
VBL.NS,2025-08-29,487.1499938964844,487.1499938964844,5493941.0,0.0
VBL.NS,2025-09-01,495.3500061035156,495.3500061035156,5901966.0,0.0
VBL.NS,2025-09-02,499.20001220703125,499.20001220703125,3742278.0,0.0
VBL.NS,2025-09-03,505.25,505.25,3994499.0,0.0
VBL.NS,2025-09-04,489.5,489.5,15790199.0,0.0
VBL.NS,2025-09-05,469.6499938964844,469.6499938964844,13613187.0,0.0
VBL.NS,2025-09-08,474.04998779296875,474.04998779296875,6635305.0,0.0
VBL.NS,2025-09-09,474.5,474.5,3649613.0,0.0
VBL.NS,2025-09-10,475.79998779296875,475.79998779296875,5895498.0,0.0
VBL.NS,2025-09-11,474.6499938964844,474.6499938964844,2921431.0,0.0
VBL.NS,2025-09-12,469.79998779296875,469.79998779296875,4967395.0,0.0
VBL.NS,2025-09-15,471.6499938964844,471.6499938964844,3410341.0,0.0
VBL.NS,2025-09-16,462.8999938964844,462.8999938964844,4794399.0,0.0
VBL.NS,2025-09-17,471.04998779296875,471.04998779296875,9799159.0,0.0
VBL.NS,2025-09-18,473.54998779296875,473.54998779296875,7730017.0,0.0
VBL.NS,2025-09-19,474.45001220703125,474.45001220703125,4399593.0,0.0
VBL.NS,2025-09-22,463.95001220703125,463.95001220703125,3377847.0,0.0
VBL.NS,2025-09-23,458.5,458.5,2589988.0,0.0
VBL.NS,2025-09-24,452.6000061035156,452.6000061035156,5413431.0,0.0
VBL.NS,2025-09-25,451.8500061035156,451.8500061035156,8207075.0,0.0
VBL.NS,2025-09-26,444.75,444.75,5431906.0,0.0
VBL.NS,2025-09-29,451.70001220703125,451.70001220703125,5440921.0,0.0
VBL.NS,2025-09-30,443.70001220703125,443.70001220703125,6732218.0,0.0
VBL.NS,2025-10-01,442.95001220703125,442.95001220703125,3840726.0,0.0
VBL.NS,2025-10-03,443.45001220703125,443.45001220703125,4069784.0,0.0
VBL.NS,2025-10-06,438.95001220703125,438.95001220703125,2872225.0,0.0
VBL.NS,2025-10-07,440.0,440.0,3204014.0,0.0
VBL.NS,2025-10-08,434.8500061035156,434.8500061035156,3378068.0,0.0
VBL.NS,2025-10-09,445.8999938964844,445.8999938964844,3947619.0,0.0
VBL.NS,2025-10-10,443.6499938964844,443.6499938964844,2528589.0,0.0
VBL.NS,2025-10-13,442.45001220703125,442.45001220703125,1899577.0,0.0
VBL.NS,2025-10-14,441.6000061035156,441.6000061035156,1462957.0,0.0
VBL.NS,2025-10-15,445.3500061035156,445.3500061035156,2061374.0,0.0
VBL.NS,2025-10-16,461.29998779296875,461.29998779296875,8353480.0,0.0
VBL.NS,2025-10-17,461.54998779296875,461.54998779296875,5494264.0,0.0
VBL.NS,2025-10-20,456.3500061035156,456.3500061035156,2631308.0,0.0
VBL.NS,2025-10-21,459.45001220703125,459.45001220703125,507808.0,0.0
VBL.NS,2025-10-23,465.54998779296875,465.54998779296875,9412633.0,0.0
VBL.NS,2025-10-24,461.3999938964844,461.3999938964844,3719605.0,0.0
VBL.NS,2025-10-27,459.3500061035156,459.3500061035156,7398287.0,0.0
VBL.NS,2025-10-28,454.1499938964844,454.1499938964844,7189256.0,0.0
VBL.NS,2025-10-29,495.45001220703125,495.45001220703125,44567490.0,0.0
VBL.NS,2025-10-30,485.25,485.25,16027919.0,0.0
VBL.NS,2025-10-31,469.6499938964844,469.6499938964844,9048607.0,0.0
VBL.NS,2025-11-03,474.75,474.75,4702192.0,0.0
VBL.NS,2025-11-04,471.0,471.0,3554888.0,0.0
VBL.NS,2025-11-06,471.8500061035156,471.8500061035156,4827230.0,0.0
VBL.NS,2025-11-07,470.20001220703125,470.20001220703125,4991085.0,0.0
VBL.NS,2025-11-10,463.25,463.25,4863609.0,0.0
VBL.NS,2025-11-11,470.6000061035156,470.6000061035156,4669423.0,0.0
VBL.NS,2025-11-12,459.29998779296875,459.29998779296875,6996274.0,0.0
VBL.NS,2025-11-13,453.0,453.0,10531716.0,0.0
VBL.NS,2025-11-14,459.3999938964844,459.3999938964844,4449524.0,0.0
VBL.NS,2025-11-17,461.70001220703125,461.70001220703125,4330719.0,0.0
VBL.NS,2025-11-18,457.8999938964844,457.8999938964844,3423663.0,0.0
VBL.NS,2025-11-19,454.54998779296875,454.54998779296875,4612838.0,0.0
VBL.NS,2025-11-20,451.5,451.5,5119680.0,0.0
VBL.NS,2025-11-21,447.6499938964844,447.6499938964844,3406202.0,0.0
VBL.NS,2025-11-24,446.1000061035156,446.1000061035156,8615148.0,0.0
VBL.NS,2025-11-25,449.04998779296875,449.04998779296875,3455709.0,0.0
VBL.NS,2025-11-26,465.5,465.5,8934221.0,0.0
VBL.NS,2025-11-27,467.29998779296875,467.29998779296875,2393262.0,0.0
VBL.NS,2025-11-28,481.54998779296875,481.54998779296875,13013412.0,0.0
VBL.NS,2025-12-01,484.1499938964844,484.1499938964844,3211925.0,0.0
VBL.NS,2025-12-02,481.3999938964844,481.3999938964844,3473726.0,0.0
VBL.NS,2025-12-03,477.5,477.5,2668903.0,0.0
VBL.NS,2025-12-04,479.8999938964844,479.8999938964844,3925680.0,0.0
VBL.NS,2025-12-05,479.95001220703125,479.95001220703125,2387160.0,0.0
VBL.NS,2025-12-08,469.79998779296875,469.79998779296875,2182021.0,0.0
VBL.NS,2025-12-09,471.54998779296875,471.54998779296875,5508110.0,0.0
VBL.NS,2025-12-10,472.95001220703125,472.95001220703125,2704952.0,0.0
VBL.NS,2025-12-11,478.5,478.5,2652292.0,0.0
VBL.NS,2025-12-12,479.95001220703125,479.95001220703125,2810867.0,0.0
VBL.NS,2025-12-15,477.6000061035156,477.6000061035156,3177203.0,0.0
VBL.NS,2025-12-16,477.1499938964844,477.1499938964844,4157266.0,0.0
VBL.NS,2025-12-17,470.8500061035156,470.8500061035156,3498290.0,0.0
VBL.NS,2025-12-18,473.6000061035156,473.6000061035156,2829460.0,0.0
VBL.NS,2025-12-19,469.3999938964844,469.3999938964844,6531025.0,0.0
VBL.NS,2025-12-22,485.6499938964844,485.6499938964844,10893397.0,0.0
VBL.NS,2025-12-23,481.75,481.75,3918797.0,0.0
VBL.NS,2025-12-24,477.6499938964844,477.6499938964844,3268207.0,0.0
VBL.NS,2025-12-26,482.8500061035156,482.8500061035156,5793445.0,0.0
VBL.NS,2025-12-29,482.70001220703125,482.70001220703125,5900713.0,0.0
VBL.NS,2025-12-30,484.45001220703125,484.45001220703125,5238532.0,0.0
VBL.NS,2025-12-31,489.8500061035156,489.8500061035156,5050001.0,0.0
VBL.NS,2026-01-01,491.75,491.75,1882033.0,0.0
VBL.NS,2026-01-02,493.79998779296875,493.79998779296875,4268299.0,0.0
VBL.NS,2026-01-05,488.70001220703125,488.70001220703125,4736202.0,0.0
VBL.NS,2026-01-06,498.8500061035156,498.8500061035156,8149788.0,0.0
VBL.NS,2026-01-07,509.70001220703125,509.70001220703125,5740556.0,0.0
VBL.NS,2026-01-08,500.8999938964844,500.8999938964844,3510812.0,0.0
VBL.NS,2026-01-09,489.0,489.0,3997698.0,0.0
VBL.NS,2026-01-12,493.79998779296875,493.79998779296875,4793134.0,0.0
VBL.NS,2026-01-13,501.20001220703125,501.20001220703125,4787423.0,0.0
VBL.NS,2026-01-14,502.3999938964844,502.3999938964844,3400938.0,0.0
VBL.NS,2026-01-15,502.3999938964844,502.3999938964844,0.0,0.0
VBL.NS,2026-01-16,500.3999938964844,500.3999938964844,4442688.0,0.0
VBL.NS,2026-01-19,496.0,496.0,4726501.0,0.0
VBL.NS,2026-01-20,489.1000061035156,489.1000061035156,3568142.0,0.0
VBL.NS,2026-01-21,478.0,478.0,5819986.0,0.0
VBL.NS,2026-01-22,487.1000061035156,487.1000061035156,4471094.0,0.0
VBL.NS,2026-01-23,474.1000061035156,474.1000061035156,3352354.0,0.0
VBL.NS,2026-01-27,471.6499938964844,471.6499938964844,3880383.0,0.0
VBL.NS,2026-01-28,468.3999938964844,468.3999938964844,7554323.0,0.0
VBL.NS,2026-01-29,467.04998779296875,467.04998779296875,7732682.0,0.0
VBL.NS,2026-01-30,471.25,471.25,6589147.0,0.0
VBL.NS,2026-02-02,466.29998779296875,466.29998779296875,5718949.0,0.0
VBL.NS,2026-02-03,451.1000061035156,451.1000061035156,28666048.0,0.0
VBL.NS,2026-02-04,444.8999938964844,444.8999938964844,13262771.0,0.0
VBL.NS,2026-02-05,437.1000061035156,437.1000061035156,9354103.0,0.0
VBL.NS,2026-02-06,439.04998779296875,439.04998779296875,6623250.0,0.0
VBL.NS,2026-02-09,457.3500061035156,457.3500061035156,7503533.0,0.0
VBL.NS,2026-02-10,456.5,456.5,5289731.0,0.0
VBL.NS,2026-02-11,456.8999938964844,456.8999938964844,2466592.0,0.0
VEDL.NS,2025-02-11,421.45001220703125,400.1500549316406,7728184.0,0.0
VEDL.NS,2025-02-12,421.8999938964844,400.5773010253906,8868601.0,0.0
VEDL.NS,2025-02-13,424.54998779296875,403.0933532714844,5255713.0,0.0
VEDL.NS,2025-02-14,413.3500061035156,392.45941162109375,10205699.0,0.0
VEDL.NS,2025-02-17,415.1499938964844,394.1684265136719,9351334.0,0.0
VEDL.NS,2025-02-18,418.20001220703125,397.0643005371094,9347116.0,0.0
VEDL.NS,2025-02-19,423.5,402.096435546875,9389191.0,0.0
VEDL.NS,2025-02-20,433.5,411.5910339355469,10218019.0,0.0
VEDL.NS,2025-02-21,438.20001220703125,416.0534973144531,11856575.0,0.0
VEDL.NS,2025-02-24,422.8500061035156,401.4792785644531,6486110.0,0.0
VEDL.NS,2025-02-25,409.25,388.5666198730469,16517618.0,0.0
VEDL.NS,2025-02-27,404.54998779296875,384.1041259765625,9800701.0,0.0
VEDL.NS,2025-02-28,394.75,374.7994384765625,13633752.0,0.0
VEDL.NS,2025-03-03,409.1499938964844,388.4716796875,10995655.0,0.0
VEDL.NS,2025-03-04,406.75,386.1929626464844,7083802.0,0.0
VEDL.NS,2025-03-05,428.95001220703125,407.27099609375,14319490.0,0.0
VEDL.NS,2025-03-06,442.95001220703125,420.5634460449219,13001883.0,0.0
VEDL.NS,2025-03-07,445.45001220703125,422.93707275390625,7860045.0,0.0
VEDL.NS,2025-03-10,437.3999938964844,415.2939147949219,6433534.0,0.0
VEDL.NS,2025-03-11,441.54998779296875,419.2341613769531,6287024.0,0.0
VEDL.NS,2025-03-12,444.95001220703125,422.46234130859375,5120030.0,0.0
VEDL.NS,2025-03-13,442.95001220703125,420.5634460449219,5054710.0,0.0
VEDL.NS,2025-03-17,446.95001220703125,424.3612976074219,4865003.0,0.0
VEDL.NS,2025-03-18,446.95001220703125,424.3612976074219,0.0,0.0
VEDL.NS,2025-03-19,460.54998779296875,437.27392578125,5728903.0,0.0
VEDL.NS,2025-03-20,470.75,446.95843505859375,10370120.0,0.0
VEDL.NS,2025-03-21,467.29998779296875,443.6827697753906,12194708.0,0.0
VEDL.NS,2025-03-24,472.25,448.3825988769531,7110186.0,0.0
VEDL.NS,2025-03-25,461.79998779296875,438.46075439453125,6983464.0,0.0
VEDL.NS,2025-03-26,464.1499938964844,440.69195556640625,9260792.0,0.0
VEDL.NS,2025-03-27,472.3500061035156,448.4775695800781,7585534.0,0.0
VEDL.NS,2025-03-28,463.3999938964844,439.9798889160156,6966128.0,0.0
VEDL.NS,2025-04-01,457.3999938964844,434.2831115722656,4385769.0,0.0
VEDL.NS,2025-04-02,457.6499938964844,434.5205078125,4104869.0,0.0
VEDL.NS,2025-04-03,439.5,417.28778076171875,13020114.0,0.0
VEDL.NS,2025-04-04,401.45001220703125,381.1608581542969,32283095.0,0.0
VEDL.NS,2025-04-07,374.04998779296875,355.1455993652344,26557078.0,0.0
VEDL.NS,2025-04-08,376.1000061035156,357.092041015625,17126260.0,0.0
VEDL.NS,2025-04-09,370.54998779296875,351.822509765625,13982904.0,0.0
VEDL.NS,2025-04-11,380.1499938964844,360.93731689453125,12949202.0,0.0
VEDL.NS,2025-04-15,395.79998779296875,375.79638671875,10517215.0,0.0
VEDL.NS,2025-04-16,398.70001220703125,378.5498352050781,9739439.0,0.0
VEDL.NS,2025-04-17,400.04998779296875,379.8315734863281,8212290.0,0.0
VEDL.NS,2025-04-21,411.95001220703125,391.13018798828125,7998005.0,0.0
VEDL.NS,2025-04-22,413.04998779296875,392.174560546875,7329286.0,0.0
VEDL.NS,2025-04-23,418.20001220703125,397.0643005371094,8692823.0,0.0
VEDL.NS,2025-04-24,420.25,399.01068115234375,13580010.0,0.0
VEDL.NS,2025-04-25,413.29998779296875,392.41192626953125,11205671.0,0.0
VEDL.NS,2025-04-28,416.1000061035156,395.0704345703125,6864935.0,0.0
VEDL.NS,2025-04-29,416.29998779296875,395.26031494140625,7054453.0,0.0
VEDL.NS,2025-04-30,419.20001220703125,398.0137634277344,13507492.0,0.0
VEDL.NS,2025-05-02,414.70001220703125,393.7412109375,13939534.0,0.0
VEDL.NS,2025-05-05,419.5,398.298583984375,7450806.0,0.0
VEDL.NS,2025-05-06,410.95001220703125,390.18072509765625,7943490.0,0.0
VEDL.NS,2025-05-07,416.0,394.9754943847656,8806194.0,0.0
VEDL.NS,2025-05-08,407.1000061035156,386.5252990722656,10344459.0,0.0
VEDL.NS,2025-05-09,407.8999938964844,387.28485107421875,7120988.0,0.0
VEDL.NS,2025-05-12,436.04998779296875,414.0121154785156,16818909.0,0.0
VEDL.NS,2025-05-13,435.3999938964844,413.3949890136719,7806161.0,0.0
VEDL.NS,2025-05-14,442.70001220703125,420.3260803222656,11385432.0,0.0
VEDL.NS,2025-05-15,443.79998779296875,421.3704528808594,7108289.0,0.0
VEDL.NS,2025-05-16,441.20001220703125,418.9018859863281,5525659.0,0.0
VEDL.NS,2025-05-19,442.04998779296875,419.7088928222656,4707043.0,0.0
VEDL.NS,2025-05-20,435.3500061035156,413.3475341796875,6201064.0,0.0
VEDL.NS,2025-05-21,437.75,415.6262512207031,5310912.0,0.0
VEDL.NS,2025-05-22,435.1000061035156,413.11016845703125,5505100.0,0.0
VEDL.NS,2025-05-23,440.04998779296875,417.80999755859375,4707367.0,0.0
VEDL.NS,2025-05-26,445.54998779296875,423.0320129394531,4402485.0,0.0
VEDL.NS,2025-05-27,448.0,425.3581848144531,7017265.0,0.0
VEDL.NS,2025-05-28,446.8500061035156,424.2663269042969,5398706.0,0.0
VEDL.NS,2025-05-29,451.6499938964844,428.82373046875,8539002.0,0.0
VEDL.NS,2025-05-30,435.54998779296875,413.53741455078125,13752148.0,0.0
VEDL.NS,2025-06-02,432.3999938964844,410.546630859375,9008143.0,0.0
VEDL.NS,2025-06-03,434.0,412.0657653808594,6553349.0,0.0
VEDL.NS,2025-06-04,436.8500061035156,414.771728515625,4747404.0,0.0
VEDL.NS,2025-06-05,439.1499938964844,416.9554748535156,5877012.0,0.0
VEDL.NS,2025-06-06,448.04998779296875,425.4056701660156,10475617.0,0.0
VEDL.NS,2025-06-09,457.8999938964844,434.7578430175781,8982580.0,0.0
VEDL.NS,2025-06-10,461.54998779296875,438.223388671875,8036246.0,0.0
VEDL.NS,2025-06-11,469.29998779296875,445.58172607421875,15635681.0,0.0
VEDL.NS,2025-06-12,460.5,437.2264709472656,7559224.0,0.0
VEDL.NS,2025-06-13,458.1000061035156,434.94775390625,6666190.0,0.0
VEDL.NS,2025-06-16,463.8999938964844,440.4546203613281,8258945.0,0.0
VEDL.NS,2025-06-17,458.95001220703125,435.75482177734375,5621986.0,0.0
VEDL.NS,2025-06-18,456.5,433.4286193847656,15852801.0,0.0
VEDL.NS,2025-06-19,439.5,417.28778076171875,12549420.0,0.0
VEDL.NS,2025-06-20,447.1000061035156,424.5036926269531,11493281.0,0.0
VEDL.NS,2025-06-23,449.8500061035156,427.1147155761719,7310603.0,0.0
VEDL.NS,2025-06-24,445.79998779296875,429.9598693847656,6350436.0,0.0
VEDL.NS,2025-06-25,441.95001220703125,426.2467041015625,6329973.0,0.0
VEDL.NS,2025-06-26,455.5,439.3152160644531,10412097.0,0.0
VEDL.NS,2025-06-27,463.75,447.2720947265625,23776172.0,0.0
VEDL.NS,2025-06-30,460.8500061035156,444.4751281738281,6466543.0,0.0
VEDL.NS,2025-07-01,465.8999938964844,449.345703125,11455315.0,0.0
VEDL.NS,2025-07-02,469.45001220703125,452.7695617675781,11881474.0,0.0
VEDL.NS,2025-07-03,458.29998779296875,442.0157165527344,17268863.0,0.0
VEDL.NS,2025-07-04,459.04998779296875,442.73907470703125,4456947.0,0.0
VEDL.NS,2025-07-07,454.20001220703125,438.0614318847656,4498429.0,0.0
VEDL.NS,2025-07-08,456.29998779296875,440.0867919921875,4116967.0,0.0
VEDL.NS,2025-07-09,440.75,425.0893249511719,38812827.0,0.0
VEDL.NS,2025-07-10,439.20001220703125,423.59442138671875,13276890.0,0.0
VEDL.NS,2025-07-11,442.75,427.01824951171875,8741844.0,0.0
VEDL.NS,2025-07-14,448.20001220703125,432.2746276855469,5611380.0,0.0
VEDL.NS,2025-07-15,450.0,434.0106506347656,5408813.0,0.0
VEDL.NS,2025-07-16,447.45001220703125,431.55126953125,3554230.0,0.0
VEDL.NS,2025-07-17,444.3500061035156,428.5614013671875,2713654.0,0.0
VEDL.NS,2025-07-18,445.79998779296875,429.9598693847656,3419720.0,0.0
VEDL.NS,2025-07-21,453.8500061035156,437.723876953125,6402589.0,0.0
VEDL.NS,2025-07-22,450.6000061035156,434.58935546875,2871620.0,0.0
VEDL.NS,2025-07-23,455.6499938964844,439.45989990234375,3049686.0,0.0
VEDL.NS,2025-07-24,451.3500061035156,435.31268310546875,4846149.0,0.0
VEDL.NS,2025-07-25,443.54998779296875,427.7898254394531,2481198.0,0.0
VEDL.NS,2025-07-28,437.95001220703125,422.3888244628906,3837524.0,0.0
VEDL.NS,2025-07-29,439.5,423.88372802734375,3034968.0,0.0
VEDL.NS,2025-07-30,434.6000061035156,419.1578369140625,2945839.0,0.0
VEDL.NS,2025-07-31,425.6499938964844,410.5258483886719,7762131.0,0.0
VEDL.NS,2025-08-01,424.45001220703125,409.3684997558594,4291007.0,0.0
VEDL.NS,2025-08-04,431.45001220703125,416.1197814941406,3635372.0,0.0
VEDL.NS,2025-08-05,438.45001220703125,422.8710632324219,5703172.0,0.0
VEDL.NS,2025-08-06,440.54998779296875,424.89642333984375,4042034.0,0.0
VEDL.NS,2025-08-07,437.79998779296875,422.244140625,4103120.0,0.0
VEDL.NS,2025-08-08,431.45001220703125,416.1197814941406,2396484.0,0.0
VEDL.NS,2025-08-11,430.1000061035156,414.8177490234375,5148588.0,0.0
VEDL.NS,2025-08-12,433.25,417.8558044433594,4915393.0,0.0
VEDL.NS,2025-08-13,438.75,423.160400390625,5925324.0,0.0
VEDL.NS,2025-08-14,430.20001220703125,414.9141845703125,5618967.0,0.0
VEDL.NS,2025-08-18,438.20001220703125,422.62994384765625,4699393.0,0.0
VEDL.NS,2025-08-19,450.20001220703125,434.20355224609375,12000341.0,0.0
VEDL.NS,2025-08-20,445.5,429.6705627441406,19775631.0,0.0
VEDL.NS,2025-08-21,446.8999938964844,431.0207824707031,8103807.0,0.0
VEDL.NS,2025-08-22,444.25,428.4649658203125,16717742.0,0.0
VEDL.NS,2025-08-25,450.29998779296875,434.29998779296875,13543057.0,0.0
VEDL.NS,2025-08-26,428.20001220703125,428.20001220703125,10665952.0,0.0
VEDL.NS,2025-08-28,424.5,424.5,6955858.0,0.0
VEDL.NS,2025-08-29,420.6499938964844,420.6499938964844,7712901.0,0.0
VEDL.NS,2025-09-01,431.0,431.0,7817717.0,0.0
VEDL.NS,2025-09-02,431.6000061035156,431.6000061035156,6420682.0,0.0
VEDL.NS,2025-09-03,439.45001220703125,439.45001220703125,10052593.0,0.0
VEDL.NS,2025-09-04,435.70001220703125,435.70001220703125,7605728.0,0.0
VEDL.NS,2025-09-05,445.5,445.5,8277809.0,0.0
VEDL.NS,2025-09-08,434.3999938964844,434.3999938964844,11885826.0,0.0
VEDL.NS,2025-09-09,432.79998779296875,432.79998779296875,6379983.0,0.0
VEDL.NS,2025-09-10,433.70001220703125,433.70001220703125,5516735.0,0.0
VEDL.NS,2025-09-11,437.70001220703125,437.70001220703125,6964582.0,0.0
VEDL.NS,2025-09-12,450.8999938964844,450.8999938964844,15838929.0,0.0
VEDL.NS,2025-09-15,454.3999938964844,454.3999938964844,14003502.0,0.0
VEDL.NS,2025-09-16,461.29998779296875,461.29998779296875,9675778.0,0.0
VEDL.NS,2025-09-17,456.1499938964844,456.1499938964844,27609041.0,0.0
VEDL.NS,2025-09-18,455.6499938964844,455.6499938964844,7741800.0,0.0
VEDL.NS,2025-09-19,455.6000061035156,455.6000061035156,10444975.0,0.0
VEDL.NS,2025-09-22,458.45001220703125,458.45001220703125,6873708.0,0.0
VEDL.NS,2025-09-23,457.20001220703125,457.20001220703125,6504267.0,0.0
VEDL.NS,2025-09-24,448.45001220703125,448.45001220703125,8390096.0,0.0
VEDL.NS,2025-09-25,461.6499938964844,461.6499938964844,12571562.0,0.0
VEDL.NS,2025-09-26,447.95001220703125,447.95001220703125,10271939.0,0.0
VEDL.NS,2025-09-29,452.25,452.25,11707970.0,0.0
VEDL.NS,2025-09-30,465.79998779296875,465.79998779296875,16517105.0,0.0
VEDL.NS,2025-10-01,464.8500061035156,464.8500061035156,7779725.0,0.0
VEDL.NS,2025-10-03,470.95001220703125,470.95001220703125,21404838.0,0.0
VEDL.NS,2025-10-06,470.79998779296875,470.79998779296875,9042871.0,0.0
VEDL.NS,2025-10-07,471.8500061035156,471.8500061035156,5931853.0,0.0
VEDL.NS,2025-10-08,472.70001220703125,472.70001220703125,10158945.0,0.0
VEDL.NS,2025-10-09,484.20001220703125,484.20001220703125,16201074.0,0.0
VEDL.NS,2025-10-10,482.20001220703125,482.20001220703125,13091981.0,0.0
VEDL.NS,2025-10-13,479.29998779296875,479.29998779296875,8312537.0,0.0
VEDL.NS,2025-10-14,480.04998779296875,480.04998779296875,14181566.0,0.0
VEDL.NS,2025-10-15,483.04998779296875,483.04998779296875,7569516.0,0.0
VEDL.NS,2025-10-16,479.1000061035156,479.1000061035156,5099739.0,0.0
VEDL.NS,2025-10-17,474.04998779296875,474.04998779296875,5816016.0,0.0
VEDL.NS,2025-10-20,473.8999938964844,473.8999938964844,4010765.0,0.0
VEDL.NS,2025-10-21,475.6499938964844,475.6499938964844,841526.0,0.0
VEDL.NS,2025-10-23,483.25,483.25,11194491.0,0.0
VEDL.NS,2025-10-24,495.6000061035156,495.6000061035156,25748299.0,0.0
VEDL.NS,2025-10-27,505.25,505.25,13611047.0,0.0
VEDL.NS,2025-10-28,502.45001220703125,502.45001220703125,10881126.0,0.0
VEDL.NS,2025-10-29,516.2000122070312,516.2000122070312,25108474.0,0.0
VEDL.NS,2025-10-30,506.95001220703125,506.95001220703125,7439433.0,0.0
VEDL.NS,2025-10-31,493.54998779296875,493.54998779296875,13235197.0,0.0
VEDL.NS,2025-11-03,513.0,513.0,16492217.0,0.0
VEDL.NS,2025-11-04,508.1499938964844,508.1499938964844,9015840.0,0.0
VEDL.NS,2025-11-06,504.95001220703125,504.95001220703125,7236023.0,0.0
VEDL.NS,2025-11-07,515.0499877929688,515.0499877929688,9229050.0,0.0
VEDL.NS,2025-11-10,519.5999755859375,519.5999755859375,9368684.0,0.0
VEDL.NS,2025-11-11,523.8499755859375,523.8499755859375,6857737.0,0.0
VEDL.NS,2025-11-12,520.5999755859375,520.5999755859375,8017904.0,0.0
VEDL.NS,2025-11-13,529.5999755859375,529.5999755859375,14483739.0,0.0
VEDL.NS,2025-11-14,525.3499755859375,525.3499755859375,6780850.0,0.0
VEDL.NS,2025-11-17,520.7999877929688,520.7999877929688,4575270.0,0.0
VEDL.NS,2025-11-18,510.70001220703125,510.70001220703125,7919977.0,0.0
VEDL.NS,2025-11-19,511.79998779296875,511.79998779296875,4009545.0,0.0
VEDL.NS,2025-11-20,509.75,509.75,5736356.0,0.0
VEDL.NS,2025-11-21,496.3999938964844,496.3999938964844,8023391.0,0.0
VEDL.NS,2025-11-24,495.1499938964844,495.1499938964844,10371411.0,0.0
VEDL.NS,2025-11-25,504.6499938964844,504.6499938964844,7658295.0,0.0
VEDL.NS,2025-11-26,516.2999877929688,516.2999877929688,7777469.0,0.0
VEDL.NS,2025-11-27,519.0999755859375,519.0999755859375,5978457.0,0.0
VEDL.NS,2025-11-28,526.0,526.0,9990143.0,0.0
VEDL.NS,2025-12-01,533.2999877929688,533.2999877929688,10279499.0,0.0
VEDL.NS,2025-12-02,538.4000244140625,538.4000244140625,9490883.0,0.0
VEDL.NS,2025-12-03,532.7999877929688,532.7999877929688,9182829.0,0.0
VEDL.NS,2025-12-04,529.6500244140625,529.6500244140625,14735849.0,0.0
VEDL.NS,2025-12-05,524.5,524.5,14808276.0,0.0
VEDL.NS,2025-12-08,511.25,511.25,7598744.0,0.0
VEDL.NS,2025-12-09,516.1500244140625,516.1500244140625,7594795.0,0.0
VEDL.NS,2025-12-10,524.2000122070312,524.2000122070312,14712797.0,0.0
VEDL.NS,2025-12-11,529.0499877929688,529.0499877929688,11125398.0,0.0
VEDL.NS,2025-12-12,543.5999755859375,543.5999755859375,18629112.0,0.0
VEDL.NS,2025-12-15,549.4000244140625,549.4000244140625,13889922.0,0.0
VEDL.NS,2025-12-16,569.5,569.5,34011443.0,0.0
VEDL.NS,2025-12-17,569.7999877929688,569.7999877929688,30344596.0,0.0
VEDL.NS,2025-12-18,579.1500244140625,579.1500244140625,14766995.0,0.0
VEDL.NS,2025-12-19,581.5999755859375,581.5999755859375,16753034.0,0.0
VEDL.NS,2025-12-22,585.6500244140625,585.6500244140625,16201067.0,0.0
VEDL.NS,2025-12-23,586.4000244140625,586.4000244140625,7941430.0,0.0
VEDL.NS,2025-12-24,598.1500244140625,598.1500244140625,15686960.0,0.0
VEDL.NS,2025-12-26,600.9500122070312,600.9500122070312,12119491.0,0.0
VEDL.NS,2025-12-29,593.0999755859375,593.0999755859375,25560591.0,0.0
VEDL.NS,2025-12-30,605.5499877929688,605.5499877929688,14079178.0,0.0
VEDL.NS,2025-12-31,604.4000244140625,604.4000244140625,8925223.0,0.0
VEDL.NS,2026-01-01,602.6500244140625,602.6500244140625,4250535.0,0.0
VEDL.NS,2026-01-02,616.9500122070312,616.9500122070312,9255218.0,0.0
VEDL.NS,2026-01-05,615.6500244140625,615.6500244140625,8336113.0,0.0
VEDL.NS,2026-01-06,621.75,621.75,10820314.0,0.0
VEDL.NS,2026-01-07,622.2000122070312,622.2000122070312,10182854.0,0.0
VEDL.NS,2026-01-08,603.5,603.5,18002061.0,0.0
VEDL.NS,2026-01-09,609.8499755859375,609.8499755859375,10839255.0,0.0
VEDL.NS,2026-01-12,627.3499755859375,627.3499755859375,13566302.0,0.0
VEDL.NS,2026-01-13,637.2000122070312,637.2000122070312,17754332.0,0.0
VEDL.NS,2026-01-14,675.75,675.75,45759805.0,0.0
VEDL.NS,2026-01-15,675.75,675.75,0.0,0.0
VEDL.NS,2026-01-16,682.7000122070312,682.7000122070312,27743749.0,0.0
VEDL.NS,2026-01-19,674.7999877929688,674.7999877929688,16748844.0,0.0
VEDL.NS,2026-01-20,671.7999877929688,671.7999877929688,18175860.0,0.0
VEDL.NS,2026-01-21,676.6500244140625,676.6500244140625,16508847.0,0.0
VEDL.NS,2026-01-22,678.6500244140625,678.6500244140625,19313521.0,0.0
VEDL.NS,2026-01-23,684.1500244140625,684.1500244140625,21435331.0,0.0
VEDL.NS,2026-01-27,705.4500122070312,705.4500122070312,18667388.0,0.0
VEDL.NS,2026-01-28,737.0999755859375,737.0999755859375,26645434.0,0.0
VEDL.NS,2026-01-29,766.3499755859375,766.3499755859375,30290476.0,0.0
VEDL.NS,2026-01-30,681.5499877929688,681.5499877929688,54628339.0,0.0
VEDL.NS,2026-02-02,660.6500244140625,660.6500244140625,35747809.0,0.0
VEDL.NS,2026-02-03,675.6500244140625,675.6500244140625,21124257.0,0.0
VEDL.NS,2026-02-04,687.7999877929688,687.7999877929688,13319058.0,0.0
VEDL.NS,2026-02-05,655.2000122070312,655.2000122070312,18234038.0,0.0
VEDL.NS,2026-02-06,671.0499877929688,671.0499877929688,16866400.0,0.0
VEDL.NS,2026-02-09,679.75,679.75,10904101.0,0.0
VEDL.NS,2026-02-10,690.1500244140625,690.1500244140625,10605218.0,0.0
VEDL.NS,2026-02-11,701.1500244140625,701.1500244140625,11135640.0,0.0
ZYDUSLIFE.NS,2025-02-11,942.25,931.5784301757812,660233.0,0.0
ZYDUSLIFE.NS,2025-02-12,934.0499877929688,923.4713134765625,569136.0,0.0
ZYDUSLIFE.NS,2025-02-13,942.8499755859375,932.171630859375,568317.0,0.0
ZYDUSLIFE.NS,2025-02-14,901.8499755859375,891.635986328125,1284861.0,0.0
ZYDUSLIFE.NS,2025-02-17,923.9000244140625,913.436279296875,1079060.0,0.0
ZYDUSLIFE.NS,2025-02-18,914.0499877929688,903.6978149414062,875587.0,0.0
ZYDUSLIFE.NS,2025-02-19,891.4500122070312,881.3538208007812,2989352.0,0.0
ZYDUSLIFE.NS,2025-02-20,899.6500244140625,889.4609375,996072.0,0.0
ZYDUSLIFE.NS,2025-02-21,885.3499755859375,875.3228759765625,1854330.0,0.0
ZYDUSLIFE.NS,2025-02-24,891.25,881.1560668945312,854348.0,0.0
ZYDUSLIFE.NS,2025-02-25,882.9500122070312,872.9500732421875,867288.0,0.0
ZYDUSLIFE.NS,2025-02-27,886.4500122070312,876.4104614257812,1460237.0,0.0
ZYDUSLIFE.NS,2025-02-28,876.5999755859375,866.6719360351562,1708929.0,0.0
ZYDUSLIFE.NS,2025-03-03,870.4500122070312,860.5916748046875,1109751.0,0.0
ZYDUSLIFE.NS,2025-03-04,871.6500244140625,861.778076171875,612480.0,0.0
ZYDUSLIFE.NS,2025-03-05,887.4500122070312,877.3991088867188,659121.0,0.0
ZYDUSLIFE.NS,2025-03-06,907.4000244140625,897.1231689453125,3024764.0,0.0
ZYDUSLIFE.NS,2025-03-07,900.7999877929688,890.597900390625,663269.0,0.0
ZYDUSLIFE.NS,2025-03-10,893.7000122070312,883.5783081054688,605996.0,0.0
ZYDUSLIFE.NS,2025-03-11,899.8499755859375,889.6586303710938,559901.0,0.0
ZYDUSLIFE.NS,2025-03-12,888.25,878.1900634765625,2335024.0,0.0
ZYDUSLIFE.NS,2025-03-13,883.0999755859375,873.0983276367188,312720.0,0.0
ZYDUSLIFE.NS,2025-03-17,892.7000122070312,882.5896606445312,960318.0,0.0
ZYDUSLIFE.NS,2025-03-18,892.7000122070312,882.5896606445312,0.0,0.0
ZYDUSLIFE.NS,2025-03-19,909.9000244140625,899.5948486328125,2142040.0,0.0
ZYDUSLIFE.NS,2025-03-20,917.25,906.861572265625,689231.0,0.0
ZYDUSLIFE.NS,2025-03-21,918.5999755859375,908.1962890625,1384887.0,0.0
ZYDUSLIFE.NS,2025-03-24,923.7000122070312,913.2385864257812,1401513.0,0.0
ZYDUSLIFE.NS,2025-03-25,907.3499755859375,897.0736694335938,847472.0,0.0
ZYDUSLIFE.NS,2025-03-26,907.5,897.2220458984375,1505932.0,0.0
ZYDUSLIFE.NS,2025-03-27,890.75,880.6617431640625,2181319.0,0.0
ZYDUSLIFE.NS,2025-03-28,886.4000244140625,876.3610229492188,1244840.0,0.0
ZYDUSLIFE.NS,2025-04-01,877.5,867.561767578125,1453564.0,0.0
ZYDUSLIFE.NS,2025-04-02,891.1500244140625,881.0571899414062,1068766.0,0.0
ZYDUSLIFE.NS,2025-04-03,901.9000244140625,891.6854858398438,4159473.0,0.0
ZYDUSLIFE.NS,2025-04-04,866.9000244140625,857.0818481445312,3287190.0,0.0
ZYDUSLIFE.NS,2025-04-07,837.5999755859375,828.1136474609375,1792473.0,0.0
ZYDUSLIFE.NS,2025-04-08,859.0999755859375,849.3701782226562,2795212.0,0.0
ZYDUSLIFE.NS,2025-04-09,844.4000244140625,834.836669921875,1594419.0,0.0
ZYDUSLIFE.NS,2025-04-11,868.8499755859375,859.0097045898438,1116144.0,0.0
ZYDUSLIFE.NS,2025-04-15,883.1500244140625,873.1478271484375,1550801.0,0.0
ZYDUSLIFE.NS,2025-04-16,822.0999755859375,812.7891845703125,10251029.0,0.0
ZYDUSLIFE.NS,2025-04-17,831.5499877929688,822.1322021484375,4090722.0,0.0
ZYDUSLIFE.NS,2025-04-21,845.3499755859375,835.77587890625,1861224.0,0.0
ZYDUSLIFE.NS,2025-04-22,852.7000122070312,843.0426635742188,1015442.0,0.0
ZYDUSLIFE.NS,2025-04-23,868.0,858.1693725585938,1149096.0,0.0
ZYDUSLIFE.NS,2025-04-24,880.25,870.2806396484375,1167381.0,0.0
ZYDUSLIFE.NS,2025-04-25,859.6500244140625,849.9140014648438,1090283.0,0.0
ZYDUSLIFE.NS,2025-04-28,886.5499877929688,876.50927734375,1527151.0,0.0
ZYDUSLIFE.NS,2025-04-29,888.0499877929688,877.9923095703125,1027694.0,0.0
ZYDUSLIFE.NS,2025-04-30,888.25,878.1900634765625,907542.0,0.0
ZYDUSLIFE.NS,2025-05-02,882.0499877929688,872.0602416992188,622199.0,0.0
ZYDUSLIFE.NS,2025-05-05,892.5,882.3919067382812,392926.0,0.0
ZYDUSLIFE.NS,2025-05-06,880.6500244140625,870.6761474609375,1001672.0,0.0
ZYDUSLIFE.NS,2025-05-07,886.1500244140625,876.1138305664062,819319.0,0.0
ZYDUSLIFE.NS,2025-05-08,873.7000122070312,863.8048095703125,923809.0,0.0
ZYDUSLIFE.NS,2025-05-09,878.6500244140625,868.6987915039062,783197.0,0.0
ZYDUSLIFE.NS,2025-05-12,884.8499755859375,874.8284912109375,695749.0,0.0
ZYDUSLIFE.NS,2025-05-13,901.8499755859375,891.635986328125,1523977.0,0.0
ZYDUSLIFE.NS,2025-05-14,903.5,893.267333984375,1074055.0,0.0
ZYDUSLIFE.NS,2025-05-15,904.7000122070312,894.4537353515625,493067.0,0.0
ZYDUSLIFE.NS,2025-05-16,902.7000122070312,892.4763793945312,720221.0,0.0
ZYDUSLIFE.NS,2025-05-19,911.25,900.9295654296875,832279.0,0.0
ZYDUSLIFE.NS,2025-05-20,883.2999877929688,873.2960815429688,2737758.0,0.0
ZYDUSLIFE.NS,2025-05-21,889.6500244140625,879.57421875,1659446.0,0.0
ZYDUSLIFE.NS,2025-05-22,903.4500122070312,893.2178955078125,2150946.0,0.0
ZYDUSLIFE.NS,2025-05-23,908.5999755859375,898.3095092773438,795387.0,0.0
ZYDUSLIFE.NS,2025-05-26,912.8499755859375,902.5114135742188,703642.0,0.0
ZYDUSLIFE.NS,2025-05-27,918.0999755859375,907.7019653320312,634513.0,0.0
ZYDUSLIFE.NS,2025-05-28,925.5999755859375,915.1170043945312,874275.0,0.0
ZYDUSLIFE.NS,2025-05-29,924.75,914.2766723632812,643360.0,0.0
ZYDUSLIFE.NS,2025-05-30,930.0,919.4672241210938,1896380.0,0.0
ZYDUSLIFE.NS,2025-06-02,928.0,917.4898681640625,817584.0,0.0
ZYDUSLIFE.NS,2025-06-03,926.4000244140625,915.9080200195312,480256.0,0.0
ZYDUSLIFE.NS,2025-06-04,931.5,920.9501953125,1429173.0,0.0
ZYDUSLIFE.NS,2025-06-05,955.7000122070312,944.8761596679688,1804863.0,0.0
ZYDUSLIFE.NS,2025-06-06,960.1500244140625,949.2757568359375,810158.0,0.0
ZYDUSLIFE.NS,2025-06-09,973.6500244140625,962.6228637695312,641864.0,0.0
ZYDUSLIFE.NS,2025-06-10,981.7999877929688,970.6805419921875,981945.0,0.0
ZYDUSLIFE.NS,2025-06-11,978.7999877929688,967.7144775390625,869226.0,0.0
ZYDUSLIFE.NS,2025-06-12,978.7999877929688,967.7144775390625,1972538.0,0.0
ZYDUSLIFE.NS,2025-06-13,974.9500122070312,963.9081420898438,1046498.0,0.0
ZYDUSLIFE.NS,2025-06-16,974.4000244140625,963.3643798828125,777623.0,0.0
ZYDUSLIFE.NS,2025-06-17,957.6500244140625,946.8040771484375,1639313.0,0.0
ZYDUSLIFE.NS,2025-06-18,958.2999877929688,947.4466552734375,1016691.0,0.0
ZYDUSLIFE.NS,2025-06-19,950.0499877929688,939.2901000976562,798082.0,0.0
ZYDUSLIFE.NS,2025-06-20,957.0999755859375,946.26025390625,708234.0,0.0
ZYDUSLIFE.NS,2025-06-23,952.0999755859375,941.31689453125,642532.0,0.0
ZYDUSLIFE.NS,2025-06-24,964.5499877929688,953.6258544921875,1162909.0,0.0
ZYDUSLIFE.NS,2025-06-25,974.75,963.7103881835938,655603.0,0.0
ZYDUSLIFE.NS,2025-06-26,981.9500122070312,970.828857421875,876152.0,0.0
ZYDUSLIFE.NS,2025-06-27,981.7999877929688,970.6805419921875,1545595.0,0.0
ZYDUSLIFE.NS,2025-06-30,989.9500122070312,978.7382202148438,818854.0,0.0
ZYDUSLIFE.NS,2025-07-01,1002.5,991.1461181640625,925574.0,0.0
ZYDUSLIFE.NS,2025-07-02,995.4000244140625,984.1265258789062,1227396.0,0.0
ZYDUSLIFE.NS,2025-07-03,999.4000244140625,988.0812377929688,718095.0,0.0
ZYDUSLIFE.NS,2025-07-04,1001.0,989.6630859375,845835.0,0.0
ZYDUSLIFE.NS,2025-07-07,998.7999877929688,987.4879760742188,567413.0,0.0
ZYDUSLIFE.NS,2025-07-08,983.2000122070312,972.064697265625,1014905.0,0.0
ZYDUSLIFE.NS,2025-07-09,978.4500122070312,967.3684692382812,906874.0,0.0
ZYDUSLIFE.NS,2025-07-10,972.9500122070312,961.9307861328125,721738.0,0.0
ZYDUSLIFE.NS,2025-07-11,979.5999755859375,968.5054321289062,921032.0,0.0
ZYDUSLIFE.NS,2025-07-14,968.4500122070312,957.4817504882812,1409414.0,0.0
ZYDUSLIFE.NS,2025-07-15,967.6500244140625,956.6907958984375,553271.0,0.0
ZYDUSLIFE.NS,2025-07-16,968.9000244140625,957.9266357421875,1049414.0,0.0
ZYDUSLIFE.NS,2025-07-17,982.75,971.6197509765625,669080.0,0.0
ZYDUSLIFE.NS,2025-07-18,974.9500122070312,963.9081420898438,726018.0,0.0
ZYDUSLIFE.NS,2025-07-21,970.0,959.01416015625,961832.0,0.0
ZYDUSLIFE.NS,2025-07-22,956.75,945.9142456054688,864768.0,0.0
ZYDUSLIFE.NS,2025-07-23,961.9500122070312,951.0553588867188,417511.0,0.0
ZYDUSLIFE.NS,2025-07-24,971.25,960.25,639210.0,0.0
ZYDUSLIFE.NS,2025-07-25,976.4000244140625,976.4000244140625,1188906.0,0.0
ZYDUSLIFE.NS,2025-07-28,980.0999755859375,980.0999755859375,1032847.0,0.0
ZYDUSLIFE.NS,2025-07-29,994.8499755859375,994.8499755859375,943918.0,0.0
ZYDUSLIFE.NS,2025-07-30,995.1500244140625,995.1500244140625,775428.0,0.0
ZYDUSLIFE.NS,2025-07-31,969.7999877929688,969.7999877929688,1187065.0,0.0
ZYDUSLIFE.NS,2025-08-01,949.0499877929688,949.0499877929688,1284762.0,0.0
ZYDUSLIFE.NS,2025-08-04,958.8499755859375,958.8499755859375,621617.0,0.0
ZYDUSLIFE.NS,2025-08-05,960.25,960.25,479835.0,0.0
ZYDUSLIFE.NS,2025-08-06,932.7000122070312,932.7000122070312,1059453.0,0.0
ZYDUSLIFE.NS,2025-08-07,944.4500122070312,944.4500122070312,954020.0,0.0
ZYDUSLIFE.NS,2025-08-08,936.1500244140625,936.1500244140625,589784.0,0.0
ZYDUSLIFE.NS,2025-08-11,955.5499877929688,955.5499877929688,355333.0,0.0
ZYDUSLIFE.NS,2025-08-12,955.6500244140625,955.6500244140625,912710.0,0.0
ZYDUSLIFE.NS,2025-08-13,988.5999755859375,988.5999755859375,1911458.0,0.0
ZYDUSLIFE.NS,2025-08-14,988.7999877929688,988.7999877929688,717164.0,0.0
ZYDUSLIFE.NS,2025-08-18,986.5,986.5,677972.0,0.0
ZYDUSLIFE.NS,2025-08-19,989.4500122070312,989.4500122070312,718678.0,0.0
ZYDUSLIFE.NS,2025-08-20,983.2999877929688,983.2999877929688,535407.0,0.0
ZYDUSLIFE.NS,2025-08-21,985.7999877929688,985.7999877929688,716876.0,0.0
ZYDUSLIFE.NS,2025-08-22,988.7999877929688,988.7999877929688,307423.0,0.0
ZYDUSLIFE.NS,2025-08-25,1023.1500244140625,1023.1500244140625,2565579.0,0.0
ZYDUSLIFE.NS,2025-08-26,987.8499755859375,987.8499755859375,2997316.0,0.0
ZYDUSLIFE.NS,2025-08-28,978.5999755859375,978.5999755859375,1108790.0,0.0
ZYDUSLIFE.NS,2025-08-29,981.0499877929688,981.0499877929688,833114.0,0.0
ZYDUSLIFE.NS,2025-09-01,991.0499877929688,991.0499877929688,1463193.0,0.0
ZYDUSLIFE.NS,2025-09-02,996.0999755859375,996.0999755859375,1106144.0,0.0
ZYDUSLIFE.NS,2025-09-03,1008.2000122070312,1008.2000122070312,1683054.0,0.0
ZYDUSLIFE.NS,2025-09-04,1011.9500122070312,1011.9500122070312,1038028.0,0.0
ZYDUSLIFE.NS,2025-09-05,1013.8499755859375,1013.8499755859375,1860389.0,0.0
ZYDUSLIFE.NS,2025-09-08,1009.6500244140625,1009.6500244140625,777187.0,0.0
ZYDUSLIFE.NS,2025-09-09,1035.5999755859375,1035.5999755859375,1228793.0,0.0
ZYDUSLIFE.NS,2025-09-10,1039.5999755859375,1039.5999755859375,1086228.0,0.0
ZYDUSLIFE.NS,2025-09-11,1043.5999755859375,1043.5999755859375,537049.0,0.0
ZYDUSLIFE.NS,2025-09-12,1044.75,1044.75,559927.0,0.0
ZYDUSLIFE.NS,2025-09-15,1036.9000244140625,1036.9000244140625,391508.0,0.0
ZYDUSLIFE.NS,2025-09-16,1034.5,1034.5,511672.0,0.0
ZYDUSLIFE.NS,2025-09-17,1033.800048828125,1033.800048828125,754208.0,0.0
ZYDUSLIFE.NS,2025-09-18,1047.8499755859375,1047.8499755859375,977193.0,0.0
ZYDUSLIFE.NS,2025-09-19,1037.300048828125,1037.300048828125,1054747.0,0.0
ZYDUSLIFE.NS,2025-09-22,1035.699951171875,1035.699951171875,599637.0,0.0
ZYDUSLIFE.NS,2025-09-23,1044.8499755859375,1044.8499755859375,544814.0,0.0
ZYDUSLIFE.NS,2025-09-24,1036.0,1036.0,657285.0,0.0
ZYDUSLIFE.NS,2025-09-25,1019.25,1019.25,1146210.0,0.0
ZYDUSLIFE.NS,2025-09-26,975.0,975.0,2575036.0,0.0
ZYDUSLIFE.NS,2025-09-29,992.0999755859375,992.0999755859375,1029788.0,0.0
ZYDUSLIFE.NS,2025-09-30,981.9000244140625,981.9000244140625,895491.0,0.0
ZYDUSLIFE.NS,2025-10-01,991.1500244140625,991.1500244140625,560905.0,0.0
ZYDUSLIFE.NS,2025-10-03,988.2999877929688,988.2999877929688,577348.0,0.0
ZYDUSLIFE.NS,2025-10-06,994.6500244140625,994.6500244140625,364990.0,0.0
ZYDUSLIFE.NS,2025-10-07,987.9000244140625,987.9000244140625,882271.0,0.0
ZYDUSLIFE.NS,2025-10-08,985.9500122070312,985.9500122070312,858560.0,0.0
ZYDUSLIFE.NS,2025-10-09,994.4500122070312,994.4500122070312,2566310.0,0.0
ZYDUSLIFE.NS,2025-10-10,993.4500122070312,993.4500122070312,1559044.0,0.0
ZYDUSLIFE.NS,2025-10-13,995.5,995.5,727760.0,0.0
ZYDUSLIFE.NS,2025-10-14,979.25,979.25,827749.0,0.0
ZYDUSLIFE.NS,2025-10-15,977.2999877929688,977.2999877929688,563166.0,0.0
ZYDUSLIFE.NS,2025-10-16,984.5999755859375,984.5999755859375,832737.0,0.0
ZYDUSLIFE.NS,2025-10-17,987.6500244140625,987.6500244140625,745052.0,0.0
ZYDUSLIFE.NS,2025-10-20,1002.3499755859375,1002.3499755859375,820061.0,0.0
ZYDUSLIFE.NS,2025-10-21,999.5,999.5,59416.0,0.0
ZYDUSLIFE.NS,2025-10-23,1009.0,1009.0,693670.0,0.0
ZYDUSLIFE.NS,2025-10-24,1004.9000244140625,1004.9000244140625,583326.0,0.0
ZYDUSLIFE.NS,2025-10-27,1013.8499755859375,1013.8499755859375,506495.0,0.0
ZYDUSLIFE.NS,2025-10-28,1001.25,1001.25,382370.0,0.0
ZYDUSLIFE.NS,2025-10-29,1002.9000244140625,1002.9000244140625,730755.0,0.0
ZYDUSLIFE.NS,2025-10-30,986.1500244140625,986.1500244140625,750435.0,0.0
ZYDUSLIFE.NS,2025-10-31,974.4500122070312,974.4500122070312,458973.0,0.0
ZYDUSLIFE.NS,2025-11-03,981.0499877929688,981.0499877929688,534425.0,0.0
ZYDUSLIFE.NS,2025-11-04,971.7000122070312,971.7000122070312,444915.0,0.0
ZYDUSLIFE.NS,2025-11-06,936.7000122070312,936.7000122070312,2919859.0,0.0
ZYDUSLIFE.NS,2025-11-07,944.0999755859375,944.0999755859375,667543.0,0.0
ZYDUSLIFE.NS,2025-11-10,948.4000244140625,948.4000244140625,920267.0,0.0
ZYDUSLIFE.NS,2025-11-11,938.9000244140625,938.9000244140625,1819775.0,0.0
ZYDUSLIFE.NS,2025-11-12,951.4000244140625,951.4000244140625,791415.0,0.0
ZYDUSLIFE.NS,2025-11-13,944.1500244140625,944.1500244140625,698519.0,0.0
ZYDUSLIFE.NS,2025-11-14,944.4500122070312,944.4500122070312,592731.0,0.0
ZYDUSLIFE.NS,2025-11-17,934.75,934.75,873274.0,0.0
ZYDUSLIFE.NS,2025-11-18,928.4000244140625,928.4000244140625,824350.0,0.0
ZYDUSLIFE.NS,2025-11-19,930.2000122070312,930.2000122070312,659272.0,0.0
ZYDUSLIFE.NS,2025-11-20,928.0,928.0,747920.0,0.0
ZYDUSLIFE.NS,2025-11-21,924.2999877929688,924.2999877929688,470759.0,0.0
ZYDUSLIFE.NS,2025-11-24,926.6500244140625,926.6500244140625,4921102.0,0.0
ZYDUSLIFE.NS,2025-11-25,928.5,928.5,508282.0,0.0
ZYDUSLIFE.NS,2025-11-26,940.5499877929688,940.5499877929688,972690.0,0.0
ZYDUSLIFE.NS,2025-11-27,937.25,937.25,768619.0,0.0
ZYDUSLIFE.NS,2025-11-28,942.5,942.5,919929.0,0.0
ZYDUSLIFE.NS,2025-12-01,936.4500122070312,936.4500122070312,534206.0,0.0
ZYDUSLIFE.NS,2025-12-02,942.7000122070312,942.7000122070312,823400.0,0.0
ZYDUSLIFE.NS,2025-12-03,934.9500122070312,934.9500122070312,1158530.0,0.0
ZYDUSLIFE.NS,2025-12-04,935.75,935.75,874529.0,0.0
ZYDUSLIFE.NS,2025-12-05,931.4500122070312,931.4500122070312,892186.0,0.0
ZYDUSLIFE.NS,2025-12-08,924.5999755859375,924.5999755859375,632165.0,0.0
ZYDUSLIFE.NS,2025-12-09,920.25,920.25,1334688.0,0.0
ZYDUSLIFE.NS,2025-12-10,923.5999755859375,923.5999755859375,786332.0,0.0
ZYDUSLIFE.NS,2025-12-11,922.5499877929688,922.5499877929688,519404.0,0.0
ZYDUSLIFE.NS,2025-12-12,929.1500244140625,929.1500244140625,435255.0,0.0
ZYDUSLIFE.NS,2025-12-15,921.5999755859375,921.5999755859375,397336.0,0.0
ZYDUSLIFE.NS,2025-12-16,914.3499755859375,914.3499755859375,750574.0,0.0
ZYDUSLIFE.NS,2025-12-17,918.0999755859375,918.0999755859375,531484.0,0.0
ZYDUSLIFE.NS,2025-12-18,913.6500244140625,913.6500244140625,351731.0,0.0
ZYDUSLIFE.NS,2025-12-19,919.5999755859375,919.5999755859375,799834.0,0.0
ZYDUSLIFE.NS,2025-12-22,918.2000122070312,918.2000122070312,479708.0,0.0
ZYDUSLIFE.NS,2025-12-23,927.7999877929688,927.7999877929688,320217.0,0.0
ZYDUSLIFE.NS,2025-12-24,917.7999877929688,917.7999877929688,745235.0,0.0
ZYDUSLIFE.NS,2025-12-26,911.5499877929688,911.5499877929688,304792.0,0.0
ZYDUSLIFE.NS,2025-12-29,904.5999755859375,904.5999755859375,487836.0,0.0
ZYDUSLIFE.NS,2025-12-30,901.4500122070312,901.4500122070312,721717.0,0.0
ZYDUSLIFE.NS,2025-12-31,914.3499755859375,914.3499755859375,383442.0,0.0
ZYDUSLIFE.NS,2026-01-01,915.0499877929688,915.0499877929688,472472.0,0.0
ZYDUSLIFE.NS,2026-01-02,916.9000244140625,916.9000244140625,262095.0,0.0
ZYDUSLIFE.NS,2026-01-05,921.9500122070312,921.9500122070312,442298.0,0.0
ZYDUSLIFE.NS,2026-01-06,931.0499877929688,931.0499877929688,450775.0,0.0
ZYDUSLIFE.NS,2026-01-07,927.5499877929688,927.5499877929688,518054.0,0.0
ZYDUSLIFE.NS,2026-01-08,907.5499877929688,907.5499877929688,430365.0,0.0
ZYDUSLIFE.NS,2026-01-09,894.9000244140625,894.9000244140625,797148.0,0.0
ZYDUSLIFE.NS,2026-01-12,895.0499877929688,895.0499877929688,424551.0,0.0
ZYDUSLIFE.NS,2026-01-13,900.7000122070312,900.7000122070312,493965.0,0.0
ZYDUSLIFE.NS,2026-01-14,883.75,883.75,728209.0,0.0
ZYDUSLIFE.NS,2026-01-15,883.75,883.75,0.0,0.0
ZYDUSLIFE.NS,2026-01-16,868.0999755859375,868.0999755859375,1052948.0,0.0
ZYDUSLIFE.NS,2026-01-19,881.0999755859375,881.0999755859375,606193.0,0.0
ZYDUSLIFE.NS,2026-01-20,873.4000244140625,873.4000244140625,899558.0,0.0
ZYDUSLIFE.NS,2026-01-21,876.25,876.25,902659.0,0.0
ZYDUSLIFE.NS,2026-01-22,885.2999877929688,885.2999877929688,469855.0,0.0
ZYDUSLIFE.NS,2026-01-23,882.0,882.0,460331.0,0.0
ZYDUSLIFE.NS,2026-01-27,893.3499755859375,893.3499755859375,490213.0,0.0
ZYDUSLIFE.NS,2026-01-28,896.9000244140625,896.9000244140625,313242.0,0.0
ZYDUSLIFE.NS,2026-01-29,890.7000122070312,890.7000122070312,403045.0,0.0
ZYDUSLIFE.NS,2026-01-30,885.2999877929688,885.2999877929688,662055.0,0.0
ZYDUSLIFE.NS,2026-02-02,879.6500244140625,879.6500244140625,405651.0,0.0
ZYDUSLIFE.NS,2026-02-03,902.9000244140625,902.9000244140625,1050230.0,0.0
ZYDUSLIFE.NS,2026-02-04,905.25,905.25,495453.0,0.0
ZYDUSLIFE.NS,2026-02-05,905.0,905.0,419002.0,0.0
ZYDUSLIFE.NS,2026-02-06,888.1500244140625,888.1500244140625,492792.0,0.0
ZYDUSLIFE.NS,2026-02-09,923.4500122070312,923.4500122070312,2082620.0,0.0
ZYDUSLIFE.NS,2026-02-10,887.2999877929688,887.2999877929688,2273207.0,0.0
ZYDUSLIFE.NS,2026-02-11,898.2999877929688,898.2999877929688,843691.0,0.0
