Ticker,Date,Close,Adj_Close,Volume,Split
ADANIENT.NS,2025-02-11,2321.75,2320.599609375,4895456.0,0.0
ADANIENT.NS,2025-02-12,2353.449951171875,2352.283935546875,1933098.0,0.0
ADANIENT.NS,2025-02-13,2244.699951171875,2243.587646484375,2551665.0,0.0
ADANIENT.NS,2025-02-14,2152.64990234375,2151.583251953125,2549876.0,0.0
ADANIENT.NS,2025-02-17,2223.699951171875,2222.59814453125,1400160.0,0.0
ADANIENT.NS,2025-02-18,2220.300048828125,2219.199951171875,1138085.0,0.0
ADANIENT.NS,2025-02-19,2180.800048828125,2179.719482421875,1203163.0,0.0
ADANIENT.NS,2025-02-20,2179.0,2177.92041015625,1086670.0,0.0
ADANIENT.NS,2025-02-21,2133.10009765625,2132.043212890625,1540308.0,0.0
ADANIENT.NS,2025-02-24,2115.14990234375,2114.101806640625,1032294.0,0.0
ADANIENT.NS,2025-02-25,2129.85009765625,2128.794677734375,802131.0,0.0
ADANIENT.NS,2025-02-27,2110.949951171875,2109.904052734375,941950.0,0.0
ADANIENT.NS,2025-02-28,2096.0,2094.96142578125,2373922.0,0.0
ADANIENT.NS,2025-03-03,2117.10009765625,2116.051025390625,1592611.0,0.0
ADANIENT.NS,2025-03-04,2144.800048828125,2143.7373046875,852978.0,0.0
ADANIENT.NS,2025-03-05,2245.85009765625,2244.7373046875,1370106.0,0.0
ADANIENT.NS,2025-03-06,2252.85009765625,2251.73388671875,890270.0,0.0
ADANIENT.NS,2025-03-07,2247.5,2246.386474609375,818806.0,0.0
ADANIENT.NS,2025-03-10,2228.300048828125,2227.196044921875,940113.0,0.0
ADANIENT.NS,2025-03-11,2250.60009765625,2249.48486328125,947079.0,0.0
ADANIENT.NS,2025-03-12,2241.800048828125,2240.689208984375,1049076.0,0.0
ADANIENT.NS,2025-03-13,2221.10009765625,2219.99951171875,750310.0,0.0
ADANIENT.NS,2025-03-17,2252.699951171875,2251.583740234375,927737.0,0.0
ADANIENT.NS,2025-03-18,2252.699951171875,2251.583740234375,0.0,0.0
ADANIENT.NS,2025-03-19,2318.64990234375,2317.5009765625,1030345.0,0.0
ADANIENT.NS,2025-03-20,2339.300048828125,2338.140869140625,2587050.0,0.0
ADANIENT.NS,2025-03-21,2362.800048828125,2361.62939453125,1101418.0,0.0
ADANIENT.NS,2025-03-24,2368.699951171875,2367.5263671875,1010184.0,0.0
ADANIENT.NS,2025-03-25,2320.35009765625,2319.200439453125,763065.0,0.0
ADANIENT.NS,2025-03-26,2312.60009765625,2311.4541015625,1078870.0,0.0
ADANIENT.NS,2025-03-27,2363.35009765625,2362.178955078125,1696042.0,0.0
ADANIENT.NS,2025-03-28,2315.800048828125,2314.652587890625,1838836.0,0.0
ADANIENT.NS,2025-04-01,2335.25,2334.093017578125,501942.0,0.0
ADANIENT.NS,2025-04-02,2369.39990234375,2368.225830078125,573928.0,0.0
ADANIENT.NS,2025-04-03,2410.800048828125,2409.60546875,1023200.0,0.0
ADANIENT.NS,2025-04-04,2334.64990234375,2333.4931640625,1219733.0,0.0
ADANIENT.NS,2025-04-07,2212.699951171875,2211.603515625,1567177.0,0.0
ADANIENT.NS,2025-04-08,2285.699951171875,2284.5673828125,1224337.0,0.0
ADANIENT.NS,2025-04-09,2236.89990234375,2235.79150390625,1001633.0,0.0
ADANIENT.NS,2025-04-11,2321.39990234375,2320.249755859375,981463.0,0.0
ADANIENT.NS,2025-04-15,2418.199951171875,2417.001708984375,1145125.0,0.0
ADANIENT.NS,2025-04-16,2415.60009765625,2414.403076171875,889949.0,0.0
ADANIENT.NS,2025-04-17,2418.10009765625,2416.90185546875,1054797.0,0.0
ADANIENT.NS,2025-04-21,2442.699951171875,2441.489501953125,782559.0,0.0
ADANIENT.NS,2025-04-22,2445.5,2444.288330078125,766567.0,0.0
ADANIENT.NS,2025-04-23,2453.60009765625,2452.38427734375,672262.0,0.0
ADANIENT.NS,2025-04-24,2442.5,2441.289794921875,596626.0,0.0
ADANIENT.NS,2025-04-25,2354.300048828125,2353.133544921875,1414809.0,0.0
ADANIENT.NS,2025-04-28,2369.800048828125,2368.625732421875,681421.0,0.0
ADANIENT.NS,2025-04-29,2330.60009765625,2329.4453125,670730.0,0.0
ADANIENT.NS,2025-04-30,2301.300048828125,2300.15966796875,837464.0,0.0
ADANIENT.NS,2025-05-02,2299.10009765625,2297.9609375,1695797.0,0.0
ADANIENT.NS,2025-05-05,2455.5,2454.283203125,4227194.0,0.0
ADANIENT.NS,2025-05-06,2354.0,2352.83349609375,1524692.0,0.0
ADANIENT.NS,2025-05-07,2353.10009765625,2351.93408203125,1012640.0,0.0
ADANIENT.NS,2025-05-08,2285.300048828125,2284.167724609375,1380069.0,0.0
ADANIENT.NS,2025-05-09,2251.0,2249.884765625,1006000.0,0.0
ADANIENT.NS,2025-05-12,2425.300048828125,2424.098388671875,2147039.0,0.0
ADANIENT.NS,2025-05-13,2441.199951171875,2439.990234375,1815174.0,0.0
ADANIENT.NS,2025-05-14,2461.89990234375,2460.679931640625,774441.0,0.0
ADANIENT.NS,2025-05-15,2520.0,2518.75146484375,1554800.0,0.0
ADANIENT.NS,2025-05-16,2555.0,2553.734130859375,1641135.0,0.0
ADANIENT.NS,2025-05-19,2540.60009765625,2539.34130859375,680957.0,0.0
ADANIENT.NS,2025-05-20,2501.60009765625,2500.360595703125,628023.0,0.0
ADANIENT.NS,2025-05-21,2500.39990234375,2499.160888671875,529234.0,0.0
ADANIENT.NS,2025-05-22,2487.60009765625,2486.367431640625,906909.0,0.0
ADANIENT.NS,2025-05-23,2540.0,2538.741455078125,968415.0,0.0
ADANIENT.NS,2025-05-26,2547.699951171875,2546.4375,552912.0,0.0
ADANIENT.NS,2025-05-27,2540.300048828125,2539.041259765625,514936.0,0.0
ADANIENT.NS,2025-05-28,2515.0,2513.75390625,575989.0,0.0
ADANIENT.NS,2025-05-29,2540.800048828125,2539.541015625,802317.0,0.0
ADANIENT.NS,2025-05-30,2519.89990234375,2518.6513671875,684592.0,0.0
ADANIENT.NS,2025-06-02,2518.800048828125,2517.552001953125,1008716.0,0.0
ADANIENT.NS,2025-06-03,2470.89990234375,2469.675537109375,962656.0,0.0
ADANIENT.NS,2025-06-04,2489.39990234375,2488.16650390625,552667.0,0.0
ADANIENT.NS,2025-06-05,2504.39990234375,2503.158935546875,673209.0,0.0
ADANIENT.NS,2025-06-06,2534.199951171875,2532.9443359375,640680.0,0.0
ADANIENT.NS,2025-06-09,2582.10009765625,2580.82080078125,1711167.0,0.0
ADANIENT.NS,2025-06-10,2613.10009765625,2611.805419921875,2084054.0,0.0
ADANIENT.NS,2025-06-11,2581.199951171875,2579.9208984375,745432.0,0.0
ADANIENT.NS,2025-06-12,2543.699951171875,2542.439453125,955097.0,0.0
ADANIENT.NS,2025-06-13,2507.89990234375,2507.89990234375,695869.0,0.0
ADANIENT.NS,2025-06-16,2544.0,2544.0,956459.0,0.0
ADANIENT.NS,2025-06-17,2488.5,2488.5,703343.0,0.0
ADANIENT.NS,2025-06-18,2459.10009765625,2459.10009765625,667044.0,0.0
ADANIENT.NS,2025-06-19,2420.60009765625,2420.60009765625,688209.0,0.0
ADANIENT.NS,2025-06-20,2448.39990234375,2448.39990234375,3002549.0,0.0
ADANIENT.NS,2025-06-23,2472.0,2472.0,790533.0,0.0
ADANIENT.NS,2025-06-24,2505.60009765625,2505.60009765625,996372.0,0.0
ADANIENT.NS,2025-06-25,2527.199951171875,2527.199951171875,921346.0,0.0
ADANIENT.NS,2025-06-26,2586.199951171875,2586.199951171875,1339627.0,0.0
ADANIENT.NS,2025-06-27,2646.300048828125,2646.300048828125,4049316.0,0.0
ADANIENT.NS,2025-06-30,2619.39990234375,2619.39990234375,694814.0,0.0
ADANIENT.NS,2025-07-01,2621.800048828125,2621.800048828125,729197.0,0.0
ADANIENT.NS,2025-07-02,2630.199951171875,2630.199951171875,621409.0,0.0
ADANIENT.NS,2025-07-03,2611.199951171875,2611.199951171875,502724.0,0.0
ADANIENT.NS,2025-07-04,2599.10009765625,2599.10009765625,370305.0,0.0
ADANIENT.NS,2025-07-07,2576.10009765625,2576.10009765625,412159.0,0.0
ADANIENT.NS,2025-07-08,2591.300048828125,2591.300048828125,357686.0,0.0
ADANIENT.NS,2025-07-09,2583.0,2583.0,396880.0,0.0
ADANIENT.NS,2025-07-10,2581.0,2581.0,306565.0,0.0
ADANIENT.NS,2025-07-11,2558.699951171875,2558.699951171875,390645.0,0.0
ADANIENT.NS,2025-07-14,2581.300048828125,2581.300048828125,536585.0,0.0
ADANIENT.NS,2025-07-15,2598.199951171875,2598.199951171875,379425.0,0.0
ADANIENT.NS,2025-07-16,2608.5,2608.5,686644.0,0.0
ADANIENT.NS,2025-07-17,2616.60009765625,2616.60009765625,785771.0,0.0
ADANIENT.NS,2025-07-18,2596.10009765625,2596.10009765625,479942.0,0.0
ADANIENT.NS,2025-07-21,2619.5,2619.5,369782.0,0.0
ADANIENT.NS,2025-07-22,2587.800048828125,2587.800048828125,387055.0,0.0
ADANIENT.NS,2025-07-23,2614.5,2614.5,316424.0,0.0
ADANIENT.NS,2025-07-24,2608.39990234375,2608.39990234375,253782.0,0.0
ADANIENT.NS,2025-07-25,2550.10009765625,2550.10009765625,424612.0,0.0
ADANIENT.NS,2025-07-28,2522.300048828125,2522.300048828125,428409.0,0.0
ADANIENT.NS,2025-07-29,2547.89990234375,2547.89990234375,424781.0,0.0
ADANIENT.NS,2025-07-30,2532.89990234375,2532.89990234375,262063.0,0.0
ADANIENT.NS,2025-07-31,2430.699951171875,2430.699951171875,1457616.0,0.0
ADANIENT.NS,2025-08-01,2350.89990234375,2350.89990234375,976341.0,0.0
ADANIENT.NS,2025-08-04,2363.60009765625,2363.60009765625,576426.0,0.0
ADANIENT.NS,2025-08-05,2328.199951171875,2328.199951171875,576742.0,0.0
ADANIENT.NS,2025-08-06,2300.300048828125,2300.300048828125,631582.0,0.0
ADANIENT.NS,2025-08-07,2249.800048828125,2249.800048828125,1529410.0,0.0
ADANIENT.NS,2025-08-08,2178.10009765625,2178.10009765625,2552736.0,0.0
ADANIENT.NS,2025-08-11,2283.39990234375,2283.39990234375,2376286.0,0.0
ADANIENT.NS,2025-08-12,2288.199951171875,2288.199951171875,1075526.0,0.0
ADANIENT.NS,2025-08-13,2280.10009765625,2280.10009765625,833679.0,0.0
ADANIENT.NS,2025-08-14,2281.60009765625,2281.60009765625,998109.0,0.0
ADANIENT.NS,2025-08-18,2333.60009765625,2333.60009765625,988629.0,0.0
ADANIENT.NS,2025-08-19,2388.39990234375,2388.39990234375,1069432.0,0.0
ADANIENT.NS,2025-08-20,2387.10009765625,2387.10009765625,780025.0,0.0
ADANIENT.NS,2025-08-21,2377.199951171875,2377.199951171875,441867.0,0.0
ADANIENT.NS,2025-08-22,2324.89990234375,2324.89990234375,584211.0,0.0
ADANIENT.NS,2025-08-25,2302.89990234375,2302.89990234375,542455.0,0.0
ADANIENT.NS,2025-08-26,2272.0,2272.0,1071550.0,0.0
ADANIENT.NS,2025-08-28,2275.199951171875,2275.199951171875,907868.0,0.0
ADANIENT.NS,2025-08-29,2244.699951171875,2244.699951171875,795699.0,0.0
ADANIENT.NS,2025-09-01,2284.199951171875,2284.199951171875,425639.0,0.0
ADANIENT.NS,2025-09-02,2274.199951171875,2274.199951171875,481894.0,0.0
ADANIENT.NS,2025-09-03,2288.699951171875,2288.699951171875,443629.0,0.0
ADANIENT.NS,2025-09-04,2278.800048828125,2278.800048828125,392697.0,0.0
ADANIENT.NS,2025-09-05,2281.39990234375,2281.39990234375,443010.0,0.0
ADANIENT.NS,2025-09-08,2310.89990234375,2310.89990234375,542811.0,0.0
ADANIENT.NS,2025-09-09,2311.60009765625,2311.60009765625,369431.0,0.0
ADANIENT.NS,2025-09-10,2340.199951171875,2340.199951171875,390490.0,0.0
ADANIENT.NS,2025-09-11,2398.800048828125,2398.800048828125,2111888.0,0.0
ADANIENT.NS,2025-09-12,2392.0,2392.0,533971.0,0.0
ADANIENT.NS,2025-09-15,2383.39990234375,2383.39990234375,298129.0,0.0
ADANIENT.NS,2025-09-16,2399.39990234375,2399.39990234375,752979.0,0.0
ADANIENT.NS,2025-09-17,2402.0,2402.0,514354.0,0.0
ADANIENT.NS,2025-09-18,2402.0,2402.0,703730.0,0.0
ADANIENT.NS,2025-09-19,2524.0,2524.0,7965135.0,0.0
ADANIENT.NS,2025-09-22,2629.5,2629.5,7022985.0,0.0
ADANIENT.NS,2025-09-23,2676.39990234375,2676.39990234375,5610022.0,0.0
ADANIENT.NS,2025-09-24,2619.800048828125,2619.800048828125,1720785.0,0.0
ADANIENT.NS,2025-09-25,2576.39990234375,2576.39990234375,1489682.0,0.0
ADANIENT.NS,2025-09-26,2543.699951171875,2543.699951171875,1037808.0,0.0
ADANIENT.NS,2025-09-29,2509.5,2509.5,1012402.0,0.0
ADANIENT.NS,2025-09-30,2505.89990234375,2505.89990234375,712592.0,0.0
ADANIENT.NS,2025-10-01,2592.699951171875,2592.699951171875,1573485.0,0.0
ADANIENT.NS,2025-10-03,2589.89990234375,2589.89990234375,917651.0,0.0
ADANIENT.NS,2025-10-06,2573.5,2573.5,654955.0,0.0
ADANIENT.NS,2025-10-07,2542.199951171875,2542.199951171875,1120230.0,0.0
ADANIENT.NS,2025-10-08,2524.10009765625,2524.10009765625,1063357.0,0.0
ADANIENT.NS,2025-10-09,2542.39990234375,2542.39990234375,651703.0,0.0
ADANIENT.NS,2025-10-10,2550.89990234375,2550.89990234375,690142.0,0.0
ADANIENT.NS,2025-10-13,2527.39990234375,2527.39990234375,645483.0,0.0
ADANIENT.NS,2025-10-14,2517.0,2517.0,673048.0,0.0
ADANIENT.NS,2025-10-15,2532.800048828125,2532.800048828125,759772.0,0.0
ADANIENT.NS,2025-10-16,2557.60009765625,2557.60009765625,1020102.0,0.0
ADANIENT.NS,2025-10-17,2549.39990234375,2549.39990234375,682968.0,0.0
ADANIENT.NS,2025-10-20,2548.10009765625,2548.10009765625,747349.0,0.0
ADANIENT.NS,2025-10-21,2549.89990234375,2549.89990234375,101019.0,0.0
ADANIENT.NS,2025-10-23,2545.800048828125,2545.800048828125,852445.0,0.0
ADANIENT.NS,2025-10-24,2504.199951171875,2504.199951171875,473765.0,0.0
ADANIENT.NS,2025-10-27,2492.800048828125,2492.800048828125,478055.0,0.0
ADANIENT.NS,2025-10-28,2494.39990234375,2494.39990234375,626988.0,0.0
ADANIENT.NS,2025-10-29,2537.39990234375,2537.39990234375,1526734.0,0.0
ADANIENT.NS,2025-10-30,2526.89990234375,2526.89990234375,783328.0,0.0
ADANIENT.NS,2025-10-31,2481.0,2481.0,848642.0,0.0
ADANIENT.NS,2025-11-03,2467.0,2467.0,731108.0,0.0
ADANIENT.NS,2025-11-04,2419.800048828125,2419.800048828125,2072668.0,0.0
ADANIENT.NS,2025-11-06,2314.300048828125,2314.300048828125,1978147.0,0.0
ADANIENT.NS,2025-11-07,2369.39990234375,2369.39990234375,2232889.0,0.0
ADANIENT.NS,2025-11-10,2298.358154296875,2298.358154296875,577428.0,0.0
ADANIENT.NS,2025-11-11,2294.5771484375,2294.5771484375,654132.0,0.0
ADANIENT.NS,2025-11-12,2408.685546875,2408.685546875,6895852.0,0.0
ADANIENT.NS,2025-11-13,2412.272705078125,2412.272705078125,2791508.0,0.0
ADANIENT.NS,2025-11-14,2440.0,2440.0,4637753.0,0.0
ADANIENT.NS,2025-11-17,2462.0,2462.0,2672697.0,0.0
ADANIENT.NS,2025-11-18,2436.800048828125,2436.800048828125,1245215.0,0.0
ADANIENT.NS,2025-11-19,2433.10009765625,2433.10009765625,774785.0,0.0
ADANIENT.NS,2025-11-20,2446.10009765625,2446.10009765625,1526556.0,0.0
ADANIENT.NS,2025-11-21,2422.300048828125,2422.300048828125,547541.0,0.0
ADANIENT.NS,2025-11-24,2399.199951171875,2399.199951171875,691419.0,0.0
ADANIENT.NS,2025-11-25,2332.89990234375,2332.89990234375,2223715.0,0.0
ADANIENT.NS,2025-11-26,2315.0,2315.0,1026965.0,0.0
ADANIENT.NS,2025-11-27,2255.0,2255.0,1474038.0,0.0
ADANIENT.NS,2025-11-28,2280.199951171875,2280.199951171875,3037620.0,0.0
ADANIENT.NS,2025-12-01,2262.0,2262.0,1313265.0,0.0
ADANIENT.NS,2025-12-02,2239.60009765625,2239.60009765625,1035354.0,0.0
ADANIENT.NS,2025-12-03,2189.800048828125,2189.800048828125,1643852.0,0.0
ADANIENT.NS,2025-12-04,2217.89990234375,2217.89990234375,2522821.0,0.0
ADANIENT.NS,2025-12-05,2265.39990234375,2265.39990234375,2400781.0,0.0
ADANIENT.NS,2025-12-08,2216.199951171875,2216.199951171875,939764.0,0.0
ADANIENT.NS,2025-12-09,2245.199951171875,2245.199951171875,1227728.0,0.0
ADANIENT.NS,2025-12-10,2211.60009765625,2211.60009765625,935149.0,0.0
ADANIENT.NS,2025-12-11,2277.699951171875,2277.699951171875,1519832.0,0.0
ADANIENT.NS,2025-12-12,2282.39990234375,2282.39990234375,929199.0,0.0
ADANIENT.NS,2025-12-15,2278.89990234375,2278.89990234375,573027.0,0.0
ADANIENT.NS,2025-12-16,2247.89990234375,2247.89990234375,654714.0,0.0
ADANIENT.NS,2025-12-17,2232.5,2232.5,651509.0,0.0
ADANIENT.NS,2025-12-18,2229.300048828125,2229.300048828125,508238.0,0.0
ADANIENT.NS,2025-12-19,2239.0,2239.0,880005.0,0.0
ADANIENT.NS,2025-12-22,2263.5,2263.5,599195.0,0.0
ADANIENT.NS,2025-12-23,2248.800048828125,2248.800048828125,450112.0,0.0
ADANIENT.NS,2025-12-24,2222.699951171875,2222.699951171875,825693.0,0.0
ADANIENT.NS,2025-12-26,2229.89990234375,2229.89990234375,566237.0,0.0
ADANIENT.NS,2025-12-29,2203.199951171875,2203.199951171875,690691.0,0.0
ADANIENT.NS,2025-12-30,2214.699951171875,2214.699951171875,935026.0,0.0
ADANIENT.NS,2025-12-31,2239.699951171875,2239.699951171875,779141.0,0.0
ADANIENT.NS,2026-01-01,2260.0,2260.0,1046220.0,0.0
ADANIENT.NS,2026-01-02,2279.800048828125,2279.800048828125,715242.0,0.0
ADANIENT.NS,2026-01-05,2279.5,2279.5,696380.0,0.0
ADANIENT.NS,2026-01-06,2259.10009765625,2259.10009765625,698294.0,0.0
ADANIENT.NS,2026-01-07,2274.10009765625,2274.10009765625,529451.0,0.0
ADANIENT.NS,2026-01-08,2214.0,2214.0,792800.0,0.0
ADANIENT.NS,2026-01-09,2153.699951171875,2153.699951171875,1570376.0,0.0
ADANIENT.NS,2026-01-12,2171.60009765625,2171.60009765625,1257197.0,0.0
ADANIENT.NS,2026-01-13,2158.5,2158.5,791556.0,0.0
ADANIENT.NS,2026-01-14,2153.300048828125,2153.300048828125,618139.0,0.0
ADANIENT.NS,2026-01-15,2153.300048828125,2153.300048828125,0.0,0.0
ADANIENT.NS,2026-01-16,2157.300048828125,2157.300048828125,758469.0,0.0
ADANIENT.NS,2026-01-19,2134.60009765625,2134.60009765625,749495.0,0.0
ADANIENT.NS,2026-01-20,2055.10009765625,2055.10009765625,1160975.0,0.0
ADANIENT.NS,2026-01-21,2032.199951171875,2032.199951171875,1354644.0,0.0
ADANIENT.NS,2026-01-22,2086.39990234375,2086.39990234375,942721.0,0.0
ADANIENT.NS,2026-01-23,1864.199951171875,1864.199951171875,7492631.0,0.0
ADANIENT.NS,2026-01-27,1959.5,1959.5,5449633.0,0.0
ADANIENT.NS,2026-01-28,1994.699951171875,1994.699951171875,2073198.0,0.0
ADANIENT.NS,2026-01-29,2019.199951171875,2019.199951171875,1391239.0,0.0
ADANIENT.NS,2026-01-30,2020.4000244140625,2020.4000244140625,1230915.0,0.0
ADANIENT.NS,2026-02-02,1995.4000244140625,1995.4000244140625,1229270.0,0.0
ADANIENT.NS,2026-02-03,2202.60009765625,2202.60009765625,6918581.0,0.0
ADANIENT.NS,2026-02-04,2228.199951171875,2228.199951171875,2051918.0,0.0
ADANIENT.NS,2026-02-05,2236.60009765625,2236.60009765625,992382.0,0.0
ADANIENT.NS,2026-02-06,2226.39990234375,2226.39990234375,933650.0,0.0
ADANIENT.NS,2026-02-09,2250.10009765625,2250.10009765625,1650899.0,0.0
ADANIENT.NS,2026-02-10,2228.39990234375,2228.39990234375,1670672.0,0.0
ADANIENT.NS,2026-02-11,2234.39990234375,2234.39990234375,682289.0,0.0
ADANIPORTS.NS,2025-02-11,1140.0999755859375,1134.580078125,4901591.0,0.0
ADANIPORTS.NS,2025-02-12,1128.949951171875,1123.4840087890625,2862155.0,0.0
ADANIPORTS.NS,2025-02-13,1111.550048828125,1106.1683349609375,3763868.0,0.0
ADANIPORTS.NS,2025-02-14,1062.699951171875,1057.5548095703125,4565339.0,0.0
ADANIPORTS.NS,2025-02-17,1082.9000244140625,1077.656982421875,2518527.0,0.0
ADANIPORTS.NS,2025-02-18,1085.1500244140625,1079.8961181640625,1715308.0,0.0
ADANIPORTS.NS,2025-02-19,1082.8499755859375,1077.607177734375,1792268.0,0.0
ADANIPORTS.NS,2025-02-20,1111.699951171875,1106.3175048828125,3714173.0,0.0
ADANIPORTS.NS,2025-02-21,1083.25,1078.0052490234375,2360177.0,0.0
ADANIPORTS.NS,2025-02-24,1070.4000244140625,1065.217529296875,1669749.0,0.0
ADANIPORTS.NS,2025-02-25,1080.3499755859375,1075.119384765625,1665355.0,0.0
ADANIPORTS.NS,2025-02-27,1078.949951171875,1073.72607421875,1819078.0,0.0
ADANIPORTS.NS,2025-02-28,1069.4000244140625,1064.222412109375,2849138.0,0.0
ADANIPORTS.NS,2025-03-03,1053.050048828125,1047.9515380859375,2274285.0,0.0
ADANIPORTS.NS,2025-03-04,1057.949951171875,1052.8277587890625,1788886.0,0.0
ADANIPORTS.NS,2025-03-05,1112.699951171875,1107.3126220703125,3785743.0,0.0
ADANIPORTS.NS,2025-03-06,1136.199951171875,1130.6988525390625,4020627.0,0.0
ADANIPORTS.NS,2025-03-07,1144.5,1138.958740234375,2211623.0,0.0
ADANIPORTS.NS,2025-03-10,1142.9000244140625,1137.3665771484375,2430740.0,0.0
ADANIPORTS.NS,2025-03-11,1135.0,1129.5047607421875,2399428.0,0.0
ADANIPORTS.NS,2025-03-12,1128.300048828125,1122.8372802734375,2842848.0,0.0
ADANIPORTS.NS,2025-03-13,1119.199951171875,1113.78125,1358839.0,0.0
ADANIPORTS.NS,2025-03-17,1137.1500244140625,1131.6444091796875,1489537.0,0.0
ADANIPORTS.NS,2025-03-18,1137.1500244140625,1131.6444091796875,0.0,0.0
ADANIPORTS.NS,2025-03-19,1173.5,1167.818359375,2416781.0,0.0
ADANIPORTS.NS,2025-03-20,1177.449951171875,1171.7491455078125,1919013.0,0.0
ADANIPORTS.NS,2025-03-21,1188.800048828125,1183.0443115234375,3127446.0,0.0
ADANIPORTS.NS,2025-03-24,1200.800048828125,1194.9862060546875,2135192.0,0.0
ADANIPORTS.NS,2025-03-25,1182.449951171875,1176.7249755859375,2090037.0,0.0
ADANIPORTS.NS,2025-03-26,1181.5999755859375,1175.879150390625,1676081.0,0.0
ADANIPORTS.NS,2025-03-27,1196.75,1190.955810546875,2004036.0,0.0
ADANIPORTS.NS,2025-03-28,1182.949951171875,1177.2225341796875,1670913.0,0.0
ADANIPORTS.NS,2025-04-01,1174.75,1169.062255859375,1584541.0,0.0
ADANIPORTS.NS,2025-04-02,1195.449951171875,1189.6619873046875,1232853.0,0.0
ADANIPORTS.NS,2025-04-03,1199.9000244140625,1194.090576171875,1300511.0,0.0
ADANIPORTS.NS,2025-04-04,1148.3499755859375,1142.7900390625,1785093.0,0.0
ADANIPORTS.NS,2025-04-07,1110.6500244140625,1105.272705078125,2192949.0,0.0
ADANIPORTS.NS,2025-04-08,1131.3499755859375,1125.8724365234375,2423486.0,0.0
ADANIPORTS.NS,2025-04-09,1131.800048828125,1126.3203125,1537177.0,0.0
ADANIPORTS.NS,2025-04-11,1164.550048828125,1158.9117431640625,3536245.0,0.0
ADANIPORTS.NS,2025-04-15,1210.800048828125,1204.9378662109375,3176522.0,0.0
ADANIPORTS.NS,2025-04-16,1232.9000244140625,1226.9307861328125,1909731.0,0.0
ADANIPORTS.NS,2025-04-17,1259.4000244140625,1253.302490234375,4280765.0,0.0
ADANIPORTS.NS,2025-04-21,1243.0999755859375,1237.081298828125,6049182.0,0.0
ADANIPORTS.NS,2025-04-22,1233.199951171875,1227.229248046875,2932537.0,0.0
ADANIPORTS.NS,2025-04-23,1239.0999755859375,1233.1007080078125,2580999.0,0.0
ADANIPORTS.NS,2025-04-24,1236.4000244140625,1230.413818359375,2133285.0,0.0
ADANIPORTS.NS,2025-04-25,1193.0,1187.2239990234375,3628854.0,0.0
ADANIPORTS.NS,2025-04-28,1209.9000244140625,1204.0421142578125,2646406.0,0.0
ADANIPORTS.NS,2025-04-29,1216.4000244140625,1210.5106201171875,2381980.0,0.0
ADANIPORTS.NS,2025-04-30,1216.5,1210.610107421875,1824334.0,0.0
ADANIPORTS.NS,2025-05-02,1263.0999755859375,1256.9844970703125,10694521.0,0.0
ADANIPORTS.NS,2025-05-05,1347.0999755859375,1340.577880859375,14191797.0,0.0
ADANIPORTS.NS,2025-05-06,1320.800048828125,1314.4052734375,3604276.0,0.0
ADANIPORTS.NS,2025-05-07,1338.199951171875,1331.720947265625,3269847.0,0.0
ADANIPORTS.NS,2025-05-08,1333.0999755859375,1326.6456298828125,5077662.0,0.0
ADANIPORTS.NS,2025-05-09,1306.300048828125,1299.9754638671875,2979366.0,0.0
ADANIPORTS.NS,2025-05-12,1362.0999755859375,1355.5052490234375,3662785.0,0.0
ADANIPORTS.NS,2025-05-13,1369.199951171875,1362.57080078125,3356599.0,0.0
ADANIPORTS.NS,2025-05-14,1371.800048828125,1365.1583251953125,1557379.0,0.0
ADANIPORTS.NS,2025-05-15,1406.199951171875,1399.3916015625,3706424.0,0.0
ADANIPORTS.NS,2025-05-16,1407.4000244140625,1400.5859375,2777119.0,0.0
ADANIPORTS.NS,2025-05-19,1398.300048828125,1391.530029296875,1317210.0,0.0
ADANIPORTS.NS,2025-05-20,1384.5999755859375,1377.896240234375,2970441.0,0.0
ADANIPORTS.NS,2025-05-21,1384.5999755859375,1377.896240234375,1993690.0,0.0
ADANIPORTS.NS,2025-05-22,1371.4000244140625,1364.76025390625,3186493.0,0.0
ADANIPORTS.NS,2025-05-23,1395.4000244140625,1388.64404296875,1715309.0,0.0
ADANIPORTS.NS,2025-05-26,1400.199951171875,1393.420654296875,1024835.0,0.0
ADANIPORTS.NS,2025-05-27,1404.199951171875,1397.4013671875,2571237.0,0.0
ADANIPORTS.NS,2025-05-28,1411.0,1404.16845703125,2035398.0,0.0
ADANIPORTS.NS,2025-05-29,1438.5999755859375,1431.634765625,1662886.0,0.0
ADANIPORTS.NS,2025-05-30,1432.800048828125,1425.8629150390625,2575127.0,0.0
ADANIPORTS.NS,2025-06-02,1468.0,1460.8924560546875,3164701.0,0.0
ADANIPORTS.NS,2025-06-03,1432.300048828125,1425.3653564453125,3677200.0,0.0
ADANIPORTS.NS,2025-06-04,1436.199951171875,1429.2464599609375,1446972.0,0.0
ADANIPORTS.NS,2025-06-05,1456.699951171875,1449.6470947265625,2019939.0,0.0
ADANIPORTS.NS,2025-06-06,1471.699951171875,1464.5745849609375,1269864.0,0.0
ADANIPORTS.NS,2025-06-09,1467.0999755859375,1459.996826171875,1493331.0,0.0
ADANIPORTS.NS,2025-06-10,1473.800048828125,1466.6644287109375,2125187.0,0.0
ADANIPORTS.NS,2025-06-11,1456.4000244140625,1449.3486328125,2192673.0,0.0
ADANIPORTS.NS,2025-06-12,1445.800048828125,1438.800048828125,2192452.0,0.0
ADANIPORTS.NS,2025-06-13,1405.0,1405.0,3380550.0,0.0
ADANIPORTS.NS,2025-06-16,1400.5999755859375,1400.5999755859375,2823300.0,0.0
ADANIPORTS.NS,2025-06-17,1392.300048828125,1392.300048828125,1571621.0,0.0
ADANIPORTS.NS,2025-06-18,1372.5999755859375,1372.5999755859375,1732093.0,0.0
ADANIPORTS.NS,2025-06-19,1338.0,1338.0,2950283.0,0.0
ADANIPORTS.NS,2025-06-20,1349.300048828125,1349.300048828125,4541583.0,0.0
ADANIPORTS.NS,2025-06-23,1354.800048828125,1354.800048828125,3921155.0,0.0
ADANIPORTS.NS,2025-06-24,1389.5,1389.5,7635176.0,0.0
ADANIPORTS.NS,2025-06-25,1393.0999755859375,1393.0999755859375,1915989.0,0.0
ADANIPORTS.NS,2025-06-26,1429.300048828125,1429.300048828125,2877806.0,0.0
ADANIPORTS.NS,2025-06-27,1440.199951171875,1440.199951171875,2888390.0,0.0
ADANIPORTS.NS,2025-06-30,1450.199951171875,1450.199951171875,1586196.0,0.0
ADANIPORTS.NS,2025-07-01,1447.0,1447.0,2134736.0,0.0
ADANIPORTS.NS,2025-07-02,1443.9000244140625,1443.9000244140625,1219600.0,0.0
ADANIPORTS.NS,2025-07-03,1431.0999755859375,1431.0999755859375,978007.0,0.0
ADANIPORTS.NS,2025-07-04,1424.4000244140625,1424.4000244140625,608462.0,0.0
ADANIPORTS.NS,2025-07-07,1435.5999755859375,1435.5999755859375,764520.0,0.0
ADANIPORTS.NS,2025-07-08,1448.5,1448.5,824935.0,0.0
ADANIPORTS.NS,2025-07-09,1443.0,1443.0,1008636.0,0.0
ADANIPORTS.NS,2025-07-10,1443.0999755859375,1443.0999755859375,1035509.0,0.0
ADANIPORTS.NS,2025-07-11,1431.699951171875,1431.699951171875,819864.0,0.0
ADANIPORTS.NS,2025-07-14,1433.0,1433.0,718442.0,0.0
ADANIPORTS.NS,2025-07-15,1445.0999755859375,1445.0999755859375,735108.0,0.0
ADANIPORTS.NS,2025-07-16,1456.699951171875,1456.699951171875,2488981.0,0.0
ADANIPORTS.NS,2025-07-17,1452.5,1452.5,1168071.0,0.0
ADANIPORTS.NS,2025-07-18,1443.0999755859375,1443.0999755859375,1147990.0,0.0
ADANIPORTS.NS,2025-07-21,1450.5,1450.5,815780.0,0.0
ADANIPORTS.NS,2025-07-22,1420.699951171875,1420.699951171875,976668.0,0.0
ADANIPORTS.NS,2025-07-23,1420.800048828125,1420.800048828125,740816.0,0.0
ADANIPORTS.NS,2025-07-24,1411.5999755859375,1411.5999755859375,598011.0,0.0
ADANIPORTS.NS,2025-07-25,1396.300048828125,1396.300048828125,744410.0,0.0
ADANIPORTS.NS,2025-07-28,1376.0,1376.0,790020.0,0.0
ADANIPORTS.NS,2025-07-29,1395.9000244140625,1395.9000244140625,782760.0,0.0
ADANIPORTS.NS,2025-07-30,1394.0,1394.0,627316.0,0.0
ADANIPORTS.NS,2025-07-31,1373.0999755859375,1373.0999755859375,1412892.0,0.0
ADANIPORTS.NS,2025-08-01,1347.0999755859375,1347.0999755859375,1239941.0,0.0
ADANIPORTS.NS,2025-08-04,1388.9000244140625,1388.9000244140625,1368323.0,0.0
ADANIPORTS.NS,2025-08-05,1358.0999755859375,1358.0999755859375,3000067.0,0.0
ADANIPORTS.NS,2025-08-06,1367.0999755859375,1367.0999755859375,2293293.0,0.0
ADANIPORTS.NS,2025-08-07,1345.4000244140625,1345.4000244140625,2857406.0,0.0
ADANIPORTS.NS,2025-08-08,1325.0,1325.0,1561061.0,0.0
ADANIPORTS.NS,2025-08-11,1339.4000244140625,1339.4000244140625,2053173.0,0.0
ADANIPORTS.NS,2025-08-12,1330.5,1330.5,1260241.0,0.0
ADANIPORTS.NS,2025-08-13,1319.5999755859375,1319.5999755859375,1205658.0,0.0
ADANIPORTS.NS,2025-08-14,1300.300048828125,1300.300048828125,2298528.0,0.0
ADANIPORTS.NS,2025-08-18,1327.199951171875,1327.199951171875,10225114.0,0.0
ADANIPORTS.NS,2025-08-19,1369.4000244140625,1369.4000244140625,3150673.0,0.0
ADANIPORTS.NS,2025-08-20,1370.5999755859375,1370.5999755859375,1594619.0,0.0
ADANIPORTS.NS,2025-08-21,1361.800048828125,1361.800048828125,1227167.0,0.0
ADANIPORTS.NS,2025-08-22,1341.199951171875,1341.199951171875,1210284.0,0.0
ADANIPORTS.NS,2025-08-25,1340.4000244140625,1340.4000244140625,1214246.0,0.0
ADANIPORTS.NS,2025-08-26,1315.4000244140625,1315.4000244140625,1652272.0,0.0
ADANIPORTS.NS,2025-08-28,1315.4000244140625,1315.4000244140625,1785681.0,0.0
ADANIPORTS.NS,2025-08-29,1312.800048828125,1312.800048828125,1592903.0,0.0
ADANIPORTS.NS,2025-09-01,1335.300048828125,1335.300048828125,983914.0,0.0
ADANIPORTS.NS,2025-09-02,1336.199951171875,1336.199951171875,1495993.0,0.0
ADANIPORTS.NS,2025-09-03,1332.4000244140625,1332.4000244140625,1774676.0,0.0
ADANIPORTS.NS,2025-09-04,1328.199951171875,1328.199951171875,1350147.0,0.0
ADANIPORTS.NS,2025-09-05,1321.800048828125,1321.800048828125,1135666.0,0.0
ADANIPORTS.NS,2025-09-08,1348.300048828125,1348.300048828125,1445628.0,0.0
ADANIPORTS.NS,2025-09-09,1380.9000244140625,1380.9000244140625,3515252.0,0.0
ADANIPORTS.NS,2025-09-10,1389.0999755859375,1389.0999755859375,2553605.0,0.0
ADANIPORTS.NS,2025-09-11,1393.0999755859375,1393.0999755859375,4041646.0,0.0
ADANIPORTS.NS,2025-09-12,1393.0999755859375,1393.0999755859375,1466190.0,0.0
ADANIPORTS.NS,2025-09-15,1395.199951171875,1395.199951171875,1254831.0,0.0
ADANIPORTS.NS,2025-09-16,1408.199951171875,1408.199951171875,1636246.0,0.0
ADANIPORTS.NS,2025-09-17,1406.0999755859375,1406.0999755859375,1062568.0,0.0
ADANIPORTS.NS,2025-09-18,1412.800048828125,1412.800048828125,1416920.0,0.0
ADANIPORTS.NS,2025-09-19,1427.800048828125,1427.800048828125,8069167.0,0.0
ADANIPORTS.NS,2025-09-22,1444.199951171875,1444.199951171875,5490489.0,0.0
ADANIPORTS.NS,2025-09-23,1441.5999755859375,1441.5999755859375,2550337.0,0.0
ADANIPORTS.NS,2025-09-24,1431.5999755859375,1431.5999755859375,2603193.0,0.0
ADANIPORTS.NS,2025-09-25,1407.199951171875,1407.199951171875,1970560.0,0.0
ADANIPORTS.NS,2025-09-26,1392.0,1392.0,1899079.0,0.0
ADANIPORTS.NS,2025-09-29,1383.199951171875,1383.199951171875,1978395.0,0.0
ADANIPORTS.NS,2025-09-30,1403.5,1403.5,1999250.0,0.0
ADANIPORTS.NS,2025-10-01,1422.699951171875,1422.699951171875,1602493.0,0.0
ADANIPORTS.NS,2025-10-03,1419.0999755859375,1419.0999755859375,1576970.0,0.0
ADANIPORTS.NS,2025-10-06,1400.5,1400.5,1338654.0,0.0
ADANIPORTS.NS,2025-10-07,1399.5,1399.5,1608151.0,0.0
ADANIPORTS.NS,2025-10-08,1394.300048828125,1394.300048828125,1704405.0,0.0
ADANIPORTS.NS,2025-10-09,1395.5999755859375,1395.5999755859375,1250770.0,0.0
ADANIPORTS.NS,2025-10-10,1409.4000244140625,1409.4000244140625,1359246.0,0.0
ADANIPORTS.NS,2025-10-13,1437.800048828125,1437.800048828125,2245061.0,0.0
ADANIPORTS.NS,2025-10-14,1429.0,1429.0,2640234.0,0.0
ADANIPORTS.NS,2025-10-15,1450.699951171875,1450.699951171875,2675240.0,0.0
ADANIPORTS.NS,2025-10-16,1479.5,1479.5,6512312.0,0.0
ADANIPORTS.NS,2025-10-17,1479.4000244140625,1479.4000244140625,3290072.0,0.0
ADANIPORTS.NS,2025-10-20,1467.0,1467.0,2660484.0,0.0
ADANIPORTS.NS,2025-10-21,1473.5,1473.5,394024.0,0.0
ADANIPORTS.NS,2025-10-23,1453.0999755859375,1453.0999755859375,2999137.0,0.0
ADANIPORTS.NS,2025-10-24,1429.0,1429.0,1907383.0,0.0
ADANIPORTS.NS,2025-10-27,1420.5999755859375,1420.5999755859375,2280976.0,0.0
ADANIPORTS.NS,2025-10-28,1417.9000244140625,1417.9000244140625,2068057.0,0.0
ADANIPORTS.NS,2025-10-29,1454.800048828125,1454.800048828125,3578596.0,0.0
ADANIPORTS.NS,2025-10-30,1457.9000244140625,1457.9000244140625,1380931.0,0.0
ADANIPORTS.NS,2025-10-31,1451.5,1451.5,1141853.0,0.0
ADANIPORTS.NS,2025-11-03,1444.699951171875,1444.699951171875,1059573.0,0.0
ADANIPORTS.NS,2025-11-04,1444.4000244140625,1444.4000244140625,3554714.0,0.0
ADANIPORTS.NS,2025-11-06,1436.800048828125,1436.800048828125,2745063.0,0.0
ADANIPORTS.NS,2025-11-07,1448.300048828125,1448.300048828125,2184538.0,0.0
ADANIPORTS.NS,2025-11-10,1444.9000244140625,1444.9000244140625,1161695.0,0.0
ADANIPORTS.NS,2025-11-11,1474.4000244140625,1474.4000244140625,2258827.0,0.0
ADANIPORTS.NS,2025-11-12,1506.9000244140625,1506.9000244140625,4641466.0,0.0
ADANIPORTS.NS,2025-11-13,1499.0,1499.0,2304918.0,0.0
ADANIPORTS.NS,2025-11-14,1512.699951171875,1512.699951171875,2345593.0,0.0
ADANIPORTS.NS,2025-11-17,1507.5999755859375,1507.5999755859375,1750560.0,0.0
ADANIPORTS.NS,2025-11-18,1495.0,1495.0,1818617.0,0.0
ADANIPORTS.NS,2025-11-19,1484.199951171875,1484.199951171875,1746304.0,0.0
ADANIPORTS.NS,2025-11-20,1491.0999755859375,1491.0999755859375,1459401.0,0.0
ADANIPORTS.NS,2025-11-21,1479.800048828125,1479.800048828125,1165365.0,0.0
ADANIPORTS.NS,2025-11-24,1485.9000244140625,1485.9000244140625,2485518.0,0.0
ADANIPORTS.NS,2025-11-25,1483.9000244140625,1483.9000244140625,1355333.0,0.0
ADANIPORTS.NS,2025-11-26,1506.199951171875,1506.199951171875,3986754.0,0.0
ADANIPORTS.NS,2025-11-27,1509.0999755859375,1509.0999755859375,861910.0,0.0
ADANIPORTS.NS,2025-11-28,1516.9000244140625,1516.9000244140625,2612938.0,0.0
ADANIPORTS.NS,2025-12-01,1530.5,1530.5,4059126.0,0.0
ADANIPORTS.NS,2025-12-02,1518.0999755859375,1518.0999755859375,1974536.0,0.0
ADANIPORTS.NS,2025-12-03,1497.699951171875,1497.699951171875,1958074.0,0.0
ADANIPORTS.NS,2025-12-04,1505.5999755859375,1505.5999755859375,1591805.0,0.0
ADANIPORTS.NS,2025-12-05,1509.4000244140625,1509.4000244140625,1141428.0,0.0
ADANIPORTS.NS,2025-12-08,1480.5,1480.5,1070689.0,0.0
ADANIPORTS.NS,2025-12-09,1497.199951171875,1497.199951171875,1327921.0,0.0
ADANIPORTS.NS,2025-12-10,1498.0999755859375,1498.0999755859375,1677388.0,0.0
ADANIPORTS.NS,2025-12-11,1504.0,1504.0,1451645.0,0.0
ADANIPORTS.NS,2025-12-12,1522.800048828125,1522.800048828125,1152570.0,0.0
ADANIPORTS.NS,2025-12-15,1512.5999755859375,1512.5999755859375,850425.0,0.0
ADANIPORTS.NS,2025-12-16,1499.0,1499.0,1122212.0,0.0
ADANIPORTS.NS,2025-12-17,1486.300048828125,1486.300048828125,964352.0,0.0
ADANIPORTS.NS,2025-12-18,1495.699951171875,1495.699951171875,683681.0,0.0
ADANIPORTS.NS,2025-12-19,1496.4000244140625,1496.4000244140625,1276175.0,0.0
ADANIPORTS.NS,2025-12-22,1508.699951171875,1508.699951171875,1116833.0,0.0
ADANIPORTS.NS,2025-12-23,1493.5999755859375,1493.5999755859375,928446.0,0.0
ADANIPORTS.NS,2025-12-24,1494.300048828125,1494.300048828125,1318023.0,0.0
ADANIPORTS.NS,2025-12-26,1487.0999755859375,1487.0999755859375,876540.0,0.0
ADANIPORTS.NS,2025-12-29,1454.4000244140625,1454.4000244140625,1568472.0,0.0
ADANIPORTS.NS,2025-12-30,1461.199951171875,1461.199951171875,3463973.0,0.0
ADANIPORTS.NS,2025-12-31,1469.800048828125,1469.800048828125,707055.0,0.0
ADANIPORTS.NS,2026-01-01,1481.0999755859375,1481.0999755859375,981252.0,0.0
ADANIPORTS.NS,2026-01-02,1489.5,1489.5,1251176.0,0.0
ADANIPORTS.NS,2026-01-05,1493.0,1493.0,790039.0,0.0
ADANIPORTS.NS,2026-01-06,1473.199951171875,1473.199951171875,1675609.0,0.0
ADANIPORTS.NS,2026-01-07,1465.300048828125,1465.300048828125,2124534.0,0.0
ADANIPORTS.NS,2026-01-08,1465.199951171875,1465.199951171875,1974347.0,0.0
ADANIPORTS.NS,2026-01-09,1435.9000244140625,1435.9000244140625,2280396.0,0.0
ADANIPORTS.NS,2026-01-12,1443.5,1443.5,1539180.0,0.0
ADANIPORTS.NS,2026-01-13,1428.5999755859375,1428.5999755859375,919873.0,0.0
ADANIPORTS.NS,2026-01-14,1430.0,1430.0,1278819.0,0.0
ADANIPORTS.NS,2026-01-15,1430.0,1430.0,0.0,0.0
ADANIPORTS.NS,2026-01-16,1421.9000244140625,1421.9000244140625,1556318.0,0.0
ADANIPORTS.NS,2026-01-19,1403.0,1403.0,1130162.0,0.0
ADANIPORTS.NS,2026-01-20,1367.5999755859375,1367.5999755859375,1799611.0,0.0
ADANIPORTS.NS,2026-01-21,1378.5999755859375,1378.5999755859375,2141532.0,0.0
ADANIPORTS.NS,2026-01-22,1414.199951171875,1414.199951171875,1689638.0,0.0
ADANIPORTS.NS,2026-01-23,1308.4000244140625,1308.4000244140625,6380222.0,0.0
ADANIPORTS.NS,2026-01-27,1363.9000244140625,1363.9000244140625,3838632.0,0.0
ADANIPORTS.NS,2026-01-28,1381.9000244140625,1381.9000244140625,2938285.0,0.0
ADANIPORTS.NS,2026-01-29,1417.800048828125,1417.800048828125,3918681.0,0.0
ADANIPORTS.NS,2026-01-30,1419.800048828125,1419.800048828125,2227414.0,0.0
ADANIPORTS.NS,2026-02-02,1403.0999755859375,1403.0999755859375,2796673.0,0.0
ADANIPORTS.NS,2026-02-03,1530.800048828125,1530.800048828125,11977119.0,0.0
ADANIPORTS.NS,2026-02-04,1567.9000244140625,1567.9000244140625,6632728.0,0.0
ADANIPORTS.NS,2026-02-05,1570.199951171875,1570.199951171875,3285127.0,0.0
ADANIPORTS.NS,2026-02-06,1550.699951171875,1550.699951171875,4429173.0,0.0
ADANIPORTS.NS,2026-02-09,1561.699951171875,1561.699951171875,1761025.0,0.0
ADANIPORTS.NS,2026-02-10,1554.699951171875,1554.699951171875,1643366.0,0.0
ADANIPORTS.NS,2026-02-11,1553.4000244140625,1553.4000244140625,1358959.0,0.0
APOLLOHOSP.NS,2025-02-11,6317.35009765625,6300.36328125,1728723.0,0.0
APOLLOHOSP.NS,2025-02-12,6374.5498046875,6357.4091796875,1133586.0,0.0
APOLLOHOSP.NS,2025-02-13,6372.2001953125,6355.06591796875,636246.0,0.0
APOLLOHOSP.NS,2025-02-14,6270.5,6262.484375,320088.0,0.0
APOLLOHOSP.NS,2025-02-17,6300.2001953125,6292.146484375,482329.0,0.0
APOLLOHOSP.NS,2025-02-18,6376.85009765625,6368.6982421875,220118.0,0.0
APOLLOHOSP.NS,2025-02-19,6422.64990234375,6414.439453125,195067.0,0.0
APOLLOHOSP.NS,2025-02-20,6390.9501953125,6382.7802734375,165304.0,0.0
APOLLOHOSP.NS,2025-02-21,6317.5498046875,6309.4736328125,220428.0,0.0
APOLLOHOSP.NS,2025-02-24,6251.39990234375,6243.40869140625,458224.0,0.0
APOLLOHOSP.NS,2025-02-25,6251.35009765625,6243.35888671875,421160.0,0.0
APOLLOHOSP.NS,2025-02-27,6185.2001953125,6177.29345703125,397857.0,0.0
APOLLOHOSP.NS,2025-02-28,6052.60009765625,6044.86279296875,845516.0,0.0
APOLLOHOSP.NS,2025-03-03,6170.60009765625,6162.7119140625,373515.0,0.0
APOLLOHOSP.NS,2025-03-04,6188.14990234375,6180.2392578125,445246.0,0.0
APOLLOHOSP.NS,2025-03-05,6214.39990234375,6206.45556640625,345922.0,0.0
APOLLOHOSP.NS,2025-03-06,6274.10009765625,6266.07958984375,284475.0,0.0
APOLLOHOSP.NS,2025-03-07,6216.10009765625,6208.15380859375,299433.0,0.0
APOLLOHOSP.NS,2025-03-10,6149.60009765625,6141.73876953125,266043.0,0.0
APOLLOHOSP.NS,2025-03-11,6134.7998046875,6126.95751953125,526709.0,0.0
APOLLOHOSP.NS,2025-03-12,6143.75,6135.89599609375,250139.0,0.0
APOLLOHOSP.NS,2025-03-13,6105.64990234375,6097.8447265625,247628.0,0.0
APOLLOHOSP.NS,2025-03-17,6156.64990234375,6148.77978515625,287639.0,0.0
APOLLOHOSP.NS,2025-03-18,6156.64990234375,6148.77978515625,0.0,0.0
APOLLOHOSP.NS,2025-03-19,6427.5498046875,6419.3330078125,579880.0,0.0
APOLLOHOSP.NS,2025-03-20,6474.35009765625,6466.07373046875,457285.0,0.0
APOLLOHOSP.NS,2025-03-21,6611.5498046875,6603.09814453125,496635.0,0.0
APOLLOHOSP.NS,2025-03-24,6615.7998046875,6607.3427734375,389998.0,0.0
APOLLOHOSP.NS,2025-03-25,6644.7001953125,6636.2060546875,223668.0,0.0
APOLLOHOSP.NS,2025-03-26,6519.7998046875,6511.46533203125,281646.0,0.0
APOLLOHOSP.NS,2025-03-27,6492.0498046875,6483.7509765625,728926.0,0.0
APOLLOHOSP.NS,2025-03-28,6616.2001953125,6607.74267578125,413873.0,0.0
APOLLOHOSP.NS,2025-04-01,6632.2998046875,6623.8212890625,319668.0,0.0
APOLLOHOSP.NS,2025-04-02,6732.14990234375,6723.5439453125,292940.0,0.0
APOLLOHOSP.NS,2025-04-03,6671.35009765625,6662.82177734375,312519.0,0.0
APOLLOHOSP.NS,2025-04-04,6714.5498046875,6705.96630859375,279891.0,0.0
APOLLOHOSP.NS,2025-04-07,6683.2998046875,6674.75634765625,744140.0,0.0
APOLLOHOSP.NS,2025-04-08,6755.60009765625,6746.96435546875,578124.0,0.0
APOLLOHOSP.NS,2025-04-09,6834.10009765625,6825.36376953125,680834.0,0.0
APOLLOHOSP.NS,2025-04-11,6780.9501953125,6772.28173828125,651996.0,0.0
APOLLOHOSP.NS,2025-04-15,6905.0,6896.1728515625,778401.0,0.0
APOLLOHOSP.NS,2025-04-16,7005.5,6996.54443359375,621996.0,0.0
APOLLOHOSP.NS,2025-04-17,7073.5,7064.45751953125,533349.0,0.0
APOLLOHOSP.NS,2025-04-21,7142.5,7133.36962890625,244570.0,0.0
APOLLOHOSP.NS,2025-04-22,7088.5,7079.4384765625,305540.0,0.0
APOLLOHOSP.NS,2025-04-23,7142.0,7132.8701171875,287593.0,0.0
APOLLOHOSP.NS,2025-04-24,7159.5,7150.34765625,277769.0,0.0
APOLLOHOSP.NS,2025-04-25,6953.0,6944.11181640625,550158.0,0.0
APOLLOHOSP.NS,2025-04-28,7045.0,7035.994140625,379519.0,0.0
APOLLOHOSP.NS,2025-04-29,6992.5,6983.56103515625,174253.0,0.0
APOLLOHOSP.NS,2025-04-30,6977.0,6968.0810546875,499567.0,0.0
APOLLOHOSP.NS,2025-05-02,6928.0,6919.1435546875,207912.0,0.0
APOLLOHOSP.NS,2025-05-05,6974.0,6965.0849609375,259097.0,0.0
APOLLOHOSP.NS,2025-05-06,7009.0,7000.0400390625,292595.0,0.0
APOLLOHOSP.NS,2025-05-07,6983.0,6974.0732421875,338311.0,0.0
APOLLOHOSP.NS,2025-05-08,6851.5,6842.7412109375,383274.0,0.0
APOLLOHOSP.NS,2025-05-09,6722.0,6713.4072265625,428193.0,0.0
APOLLOHOSP.NS,2025-05-12,6926.0,6917.14599609375,237009.0,0.0
APOLLOHOSP.NS,2025-05-13,6917.5,6908.6572265625,323598.0,0.0
APOLLOHOSP.NS,2025-05-14,6916.5,6907.658203125,324593.0,0.0
APOLLOHOSP.NS,2025-05-15,7072.5,7063.458984375,656146.0,0.0
APOLLOHOSP.NS,2025-05-16,7015.0,7006.0322265625,270772.0,0.0
APOLLOHOSP.NS,2025-05-19,6974.5,6965.583984375,307173.0,0.0
APOLLOHOSP.NS,2025-05-20,6912.0,6903.1640625,365507.0,0.0
APOLLOHOSP.NS,2025-05-21,6984.0,6975.072265625,449740.0,0.0
APOLLOHOSP.NS,2025-05-22,6954.5,6945.60986328125,229993.0,0.0
APOLLOHOSP.NS,2025-05-23,7064.5,7055.46923828125,321466.0,0.0
APOLLOHOSP.NS,2025-05-26,7096.5,7087.42822265625,228090.0,0.0
APOLLOHOSP.NS,2025-05-27,7073.5,7064.45751953125,218088.0,0.0
APOLLOHOSP.NS,2025-05-28,6956.5,6947.607421875,278102.0,0.0
APOLLOHOSP.NS,2025-05-29,6923.0,6914.14990234375,308885.0,0.0
APOLLOHOSP.NS,2025-05-30,6880.5,6871.70458984375,911209.0,0.0
APOLLOHOSP.NS,2025-06-02,6915.5,6906.65966796875,1217905.0,0.0
APOLLOHOSP.NS,2025-06-03,6812.5,6803.79150390625,489548.0,0.0
APOLLOHOSP.NS,2025-06-04,6855.0,6846.23681640625,629518.0,0.0
APOLLOHOSP.NS,2025-06-05,6876.0,6867.2099609375,488647.0,0.0
APOLLOHOSP.NS,2025-06-06,6942.5,6933.625,269399.0,0.0
APOLLOHOSP.NS,2025-06-09,6932.0,6923.138671875,239444.0,0.0
APOLLOHOSP.NS,2025-06-10,6918.5,6909.65576171875,559472.0,0.0
APOLLOHOSP.NS,2025-06-11,6927.5,6918.64453125,526939.0,0.0
APOLLOHOSP.NS,2025-06-12,6996.5,6987.55615234375,552007.0,0.0
APOLLOHOSP.NS,2025-06-13,6994.5,6985.55859375,367775.0,0.0
APOLLOHOSP.NS,2025-06-16,7114.0,7104.90576171875,589027.0,0.0
APOLLOHOSP.NS,2025-06-17,7006.5,6997.54345703125,264117.0,0.0
APOLLOHOSP.NS,2025-06-18,6933.5,6924.63671875,394355.0,0.0
APOLLOHOSP.NS,2025-06-19,7009.5,7000.53955078125,462080.0,0.0
APOLLOHOSP.NS,2025-06-20,7063.5,7054.47021484375,378436.0,0.0
APOLLOHOSP.NS,2025-06-23,7007.5,6998.5419921875,137379.0,0.0
APOLLOHOSP.NS,2025-06-24,7006.0,6997.0439453125,238243.0,0.0
APOLLOHOSP.NS,2025-06-25,7042.0,7032.998046875,378904.0,0.0
APOLLOHOSP.NS,2025-06-26,7101.5,7092.421875,426516.0,0.0
APOLLOHOSP.NS,2025-06-27,7308.5,7299.1572265625,523582.0,0.0
APOLLOHOSP.NS,2025-06-30,7242.0,7232.7421875,353888.0,0.0
APOLLOHOSP.NS,2025-07-01,7496.0,7486.41748046875,1872535.0,0.0
APOLLOHOSP.NS,2025-07-02,7441.0,7431.48779296875,910865.0,0.0
APOLLOHOSP.NS,2025-07-03,7565.0,7555.32958984375,894597.0,0.0
APOLLOHOSP.NS,2025-07-04,7553.5,7543.84423828125,349076.0,0.0
APOLLOHOSP.NS,2025-07-07,7616.0,7606.26416015625,449086.0,0.0
APOLLOHOSP.NS,2025-07-08,7565.0,7555.32958984375,481581.0,0.0
APOLLOHOSP.NS,2025-07-09,7469.0,7459.4521484375,266815.0,0.0
APOLLOHOSP.NS,2025-07-10,7359.0,7349.5927734375,384661.0,0.0
APOLLOHOSP.NS,2025-07-11,7189.5,7180.3095703125,578061.0,0.0
APOLLOHOSP.NS,2025-07-14,7220.0,7210.7705078125,670246.0,0.0
APOLLOHOSP.NS,2025-07-15,7360.5,7351.0908203125,517978.0,0.0
APOLLOHOSP.NS,2025-07-16,7352.5,7343.10107421875,527782.0,0.0
APOLLOHOSP.NS,2025-07-17,7350.5,7341.103515625,378666.0,0.0
APOLLOHOSP.NS,2025-07-18,7303.5,7294.16357421875,192649.0,0.0
APOLLOHOSP.NS,2025-07-21,7254.5,7245.22607421875,217270.0,0.0
APOLLOHOSP.NS,2025-07-22,7246.5,7237.236328125,300768.0,0.0
APOLLOHOSP.NS,2025-07-23,7373.5,7364.07421875,508883.0,0.0
APOLLOHOSP.NS,2025-07-24,7363.5,7354.0869140625,454916.0,0.0
APOLLOHOSP.NS,2025-07-25,7468.5,7458.95263671875,434232.0,0.0
APOLLOHOSP.NS,2025-07-28,7356.5,7347.095703125,240740.0,0.0
APOLLOHOSP.NS,2025-07-29,7456.0,7446.46875,336770.0,0.0
APOLLOHOSP.NS,2025-07-30,7450.0,7440.4765625,266922.0,0.0
APOLLOHOSP.NS,2025-07-31,7498.0,7488.4150390625,342605.0,0.0
APOLLOHOSP.NS,2025-08-01,7351.5,7342.10205078125,215243.0,0.0
APOLLOHOSP.NS,2025-08-04,7308.0,7298.65771484375,260996.0,0.0
APOLLOHOSP.NS,2025-08-05,7274.0,7264.701171875,282791.0,0.0
APOLLOHOSP.NS,2025-08-06,7189.5,7180.3095703125,296623.0,0.0
APOLLOHOSP.NS,2025-08-07,7170.0,7160.83447265625,407857.0,0.0
APOLLOHOSP.NS,2025-08-08,7084.5,7075.443359375,327102.0,0.0
APOLLOHOSP.NS,2025-08-11,7259.0,7249.720703125,498598.0,0.0
APOLLOHOSP.NS,2025-08-12,7236.5,7227.24951171875,342006.0,0.0
APOLLOHOSP.NS,2025-08-13,7808.5,7798.51806640625,2291645.0,0.0
APOLLOHOSP.NS,2025-08-14,7821.5,7811.50146484375,673142.0,0.0
APOLLOHOSP.NS,2025-08-18,7822.5,7812.5,633876.0,0.0
APOLLOHOSP.NS,2025-08-19,7823.5,7823.5,384598.0,0.0
APOLLOHOSP.NS,2025-08-20,7883.0,7883.0,452843.0,0.0
APOLLOHOSP.NS,2025-08-21,7926.5,7926.5,482016.0,0.0
APOLLOHOSP.NS,2025-08-22,7922.5,7922.5,843648.0,0.0
APOLLOHOSP.NS,2025-08-25,7851.0,7851.0,402979.0,0.0
APOLLOHOSP.NS,2025-08-26,7793.5,7793.5,671659.0,0.0
APOLLOHOSP.NS,2025-08-28,7728.0,7728.0,418353.0,0.0
APOLLOHOSP.NS,2025-08-29,7610.0,7610.0,481590.0,0.0
APOLLOHOSP.NS,2025-09-01,7671.5,7671.5,255894.0,0.0
APOLLOHOSP.NS,2025-09-02,7682.0,7682.0,195907.0,0.0
APOLLOHOSP.NS,2025-09-03,7736.0,7736.0,321268.0,0.0
APOLLOHOSP.NS,2025-09-04,7900.0,7900.0,386286.0,0.0
APOLLOHOSP.NS,2025-09-05,7804.5,7804.5,228324.0,0.0
APOLLOHOSP.NS,2025-09-08,7786.5,7786.5,314960.0,0.0
APOLLOHOSP.NS,2025-09-09,7825.5,7825.5,303494.0,0.0
APOLLOHOSP.NS,2025-09-10,7929.0,7929.0,337313.0,0.0
APOLLOHOSP.NS,2025-09-11,7879.5,7879.5,161041.0,0.0
APOLLOHOSP.NS,2025-09-12,7874.5,7874.5,117761.0,0.0
APOLLOHOSP.NS,2025-09-15,7816.5,7816.5,214626.0,0.0
APOLLOHOSP.NS,2025-09-16,7852.5,7852.5,194911.0,0.0
APOLLOHOSP.NS,2025-09-17,7888.0,7888.0,249447.0,0.0
APOLLOHOSP.NS,2025-09-18,7850.5,7850.5,264065.0,0.0
APOLLOHOSP.NS,2025-09-19,7806.5,7806.5,207129.0,0.0
APOLLOHOSP.NS,2025-09-22,7739.0,7739.0,302818.0,0.0
APOLLOHOSP.NS,2025-09-23,7684.0,7684.0,443181.0,0.0
APOLLOHOSP.NS,2025-09-24,7643.5,7643.5,201984.0,0.0
APOLLOHOSP.NS,2025-09-25,7624.0,7624.0,374239.0,0.0
APOLLOHOSP.NS,2025-09-26,7510.0,7510.0,207170.0,0.0
APOLLOHOSP.NS,2025-09-29,7444.0,7444.0,388214.0,0.0
APOLLOHOSP.NS,2025-09-30,7409.0,7409.0,369272.0,0.0
APOLLOHOSP.NS,2025-10-01,7441.0,7441.0,220764.0,0.0
APOLLOHOSP.NS,2025-10-03,7449.5,7449.5,478143.0,0.0
APOLLOHOSP.NS,2025-10-06,7662.0,7662.0,423558.0,0.0
APOLLOHOSP.NS,2025-10-07,7700.0,7700.0,210121.0,0.0
APOLLOHOSP.NS,2025-10-08,7662.0,7662.0,188810.0,0.0
APOLLOHOSP.NS,2025-10-09,7695.0,7695.0,295802.0,0.0
APOLLOHOSP.NS,2025-10-10,7681.0,7681.0,273853.0,0.0
APOLLOHOSP.NS,2025-10-13,7671.0,7671.0,191488.0,0.0
APOLLOHOSP.NS,2025-10-14,7759.0,7759.0,413862.0,0.0
APOLLOHOSP.NS,2025-10-15,7826.0,7826.0,212807.0,0.0
APOLLOHOSP.NS,2025-10-16,7833.5,7833.5,178563.0,0.0
APOLLOHOSP.NS,2025-10-17,7901.5,7901.5,610960.0,0.0
APOLLOHOSP.NS,2025-10-20,8010.0,8010.0,498555.0,0.0
APOLLOHOSP.NS,2025-10-21,8012.0,8012.0,31082.0,0.0
APOLLOHOSP.NS,2025-10-23,7968.5,7968.5,456860.0,0.0
APOLLOHOSP.NS,2025-10-24,7837.5,7837.5,287555.0,0.0
APOLLOHOSP.NS,2025-10-27,7845.5,7845.5,266541.0,0.0
APOLLOHOSP.NS,2025-10-28,7880.5,7880.5,348079.0,0.0
APOLLOHOSP.NS,2025-10-29,7858.5,7858.5,199897.0,0.0
APOLLOHOSP.NS,2025-10-30,7790.0,7790.0,209452.0,0.0
APOLLOHOSP.NS,2025-10-31,7681.0,7681.0,347031.0,0.0
APOLLOHOSP.NS,2025-11-03,7824.5,7824.5,332284.0,0.0
APOLLOHOSP.NS,2025-11-04,7810.5,7810.5,384562.0,0.0
APOLLOHOSP.NS,2025-11-06,7782.0,7782.0,425649.0,0.0
APOLLOHOSP.NS,2025-11-07,7642.0,7642.0,486385.0,0.0
APOLLOHOSP.NS,2025-11-10,7529.5,7529.5,377719.0,0.0
APOLLOHOSP.NS,2025-11-11,7501.0,7501.0,306736.0,0.0
APOLLOHOSP.NS,2025-11-12,7498.0,7498.0,420561.0,0.0
APOLLOHOSP.NS,2025-11-13,7440.5,7440.5,448567.0,0.0
APOLLOHOSP.NS,2025-11-14,7420.5,7420.5,218565.0,0.0
APOLLOHOSP.NS,2025-11-17,7487.5,7487.5,248470.0,0.0
APOLLOHOSP.NS,2025-11-18,7385.5,7385.5,285148.0,0.0
APOLLOHOSP.NS,2025-11-19,7459.0,7459.0,454714.0,0.0
APOLLOHOSP.NS,2025-11-20,7423.0,7423.0,228411.0,0.0
APOLLOHOSP.NS,2025-11-21,7391.0,7391.0,138622.0,0.0
APOLLOHOSP.NS,2025-11-24,7354.5,7354.5,751685.0,0.0
APOLLOHOSP.NS,2025-11-25,7330.5,7330.5,237415.0,0.0
APOLLOHOSP.NS,2025-11-26,7393.0,7393.0,272489.0,0.0
APOLLOHOSP.NS,2025-11-27,7322.5,7322.5,243681.0,0.0
APOLLOHOSP.NS,2025-11-28,7335.5,7335.5,299937.0,0.0
APOLLOHOSP.NS,2025-12-01,7287.5,7287.5,227568.0,0.0
APOLLOHOSP.NS,2025-12-02,7242.0,7242.0,329723.0,0.0
APOLLOHOSP.NS,2025-12-03,7184.0,7184.0,329160.0,0.0
APOLLOHOSP.NS,2025-12-04,7201.0,7201.0,306183.0,0.0
APOLLOHOSP.NS,2025-12-05,7189.5,7189.5,260117.0,0.0
APOLLOHOSP.NS,2025-12-08,7096.0,7096.0,287363.0,0.0
APOLLOHOSP.NS,2025-12-09,7091.0,7091.0,560843.0,0.0
APOLLOHOSP.NS,2025-12-10,7018.5,7018.5,266098.0,0.0
APOLLOHOSP.NS,2025-12-11,7009.5,7009.5,350620.0,0.0
APOLLOHOSP.NS,2025-12-12,7101.0,7101.0,306662.0,0.0
APOLLOHOSP.NS,2025-12-15,7086.5,7086.5,205982.0,0.0
APOLLOHOSP.NS,2025-12-16,7051.5,7051.5,385236.0,0.0
APOLLOHOSP.NS,2025-12-17,6921.5,6921.5,358023.0,0.0
APOLLOHOSP.NS,2025-12-18,6918.5,6918.5,384579.0,0.0
APOLLOHOSP.NS,2025-12-19,7012.5,7012.5,235742.0,0.0
APOLLOHOSP.NS,2025-12-22,7054.0,7054.0,358776.0,0.0
APOLLOHOSP.NS,2025-12-23,7073.5,7073.5,286197.0,0.0
APOLLOHOSP.NS,2025-12-24,7172.0,7172.0,351381.0,0.0
APOLLOHOSP.NS,2025-12-26,7156.0,7156.0,228172.0,0.0
APOLLOHOSP.NS,2025-12-29,7084.5,7084.5,234376.0,0.0
APOLLOHOSP.NS,2025-12-30,6990.0,6990.0,433130.0,0.0
APOLLOHOSP.NS,2025-12-31,7042.5,7042.5,226286.0,0.0
APOLLOHOSP.NS,2026-01-01,7111.5,7111.5,81987.0,0.0
APOLLOHOSP.NS,2026-01-02,7129.5,7129.5,353245.0,0.0
APOLLOHOSP.NS,2026-01-05,7083.0,7083.0,349588.0,0.0
APOLLOHOSP.NS,2026-01-06,7348.0,7348.0,581189.0,0.0
APOLLOHOSP.NS,2026-01-07,7447.5,7447.5,567878.0,0.0
APOLLOHOSP.NS,2026-01-08,7364.5,7364.5,778407.0,0.0
APOLLOHOSP.NS,2026-01-09,7256.5,7256.5,312461.0,0.0
APOLLOHOSP.NS,2026-01-12,7268.5,7268.5,333583.0,0.0
APOLLOHOSP.NS,2026-01-13,7311.5,7311.5,275363.0,0.0
APOLLOHOSP.NS,2026-01-14,7272.5,7272.5,383251.0,0.0
APOLLOHOSP.NS,2026-01-15,7272.5,7272.5,0.0,0.0
APOLLOHOSP.NS,2026-01-16,7235.5,7235.5,501597.0,0.0
APOLLOHOSP.NS,2026-01-19,7133.0,7133.0,364331.0,0.0
APOLLOHOSP.NS,2026-01-20,6912.5,6912.5,499367.0,0.0
APOLLOHOSP.NS,2026-01-21,6826.5,6826.5,620592.0,0.0
APOLLOHOSP.NS,2026-01-22,6797.0,6797.0,714732.0,0.0
APOLLOHOSP.NS,2026-01-23,6803.0,6803.0,458099.0,0.0
APOLLOHOSP.NS,2026-01-27,6793.5,6793.5,515312.0,0.0
APOLLOHOSP.NS,2026-01-28,6877.5,6877.5,399249.0,0.0
APOLLOHOSP.NS,2026-01-29,6801.0,6801.0,517720.0,0.0
APOLLOHOSP.NS,2026-01-30,6960.5,6960.5,489138.0,0.0
APOLLOHOSP.NS,2026-02-02,6933.5,6933.5,343776.0,0.0
APOLLOHOSP.NS,2026-02-03,7088.5,7088.5,438009.0,0.0
APOLLOHOSP.NS,2026-02-04,7116.0,7116.0,216137.0,0.0
APOLLOHOSP.NS,2026-02-05,7122.0,7122.0,234707.0,0.0
APOLLOHOSP.NS,2026-02-06,7152.5,7152.5,668962.0,0.0
APOLLOHOSP.NS,2026-02-09,7211.0,7211.0,412161.0,0.0
APOLLOHOSP.NS,2026-02-10,7219.0,7219.0,277132.0,0.0
APOLLOHOSP.NS,2026-02-11,7507.0,7507.0,1496384.0,0.0
ASIANPAINT.NS,2025-02-11,2240.85009765625,2216.90478515625,1607942.0,0.0
ASIANPAINT.NS,2025-02-12,2228.25,2204.439208984375,1181706.0,0.0
ASIANPAINT.NS,2025-02-13,2236.39990234375,2212.501953125,921923.0,0.0
ASIANPAINT.NS,2025-02-14,2231.300048828125,2207.456787109375,1380052.0,0.0
ASIANPAINT.NS,2025-02-17,2250.85009765625,2226.7978515625,923900.0,0.0
ASIANPAINT.NS,2025-02-18,2237.60009765625,2213.689208984375,735853.0,0.0
ASIANPAINT.NS,2025-02-19,2239.10009765625,2215.17333984375,645234.0,0.0
ASIANPAINT.NS,2025-02-20,2249.050048828125,2225.016845703125,637442.0,0.0
ASIANPAINT.NS,2025-02-21,2257.60009765625,2233.475830078125,755585.0,0.0
ASIANPAINT.NS,2025-02-24,2246.199951171875,2222.197265625,765042.0,0.0
ASIANPAINT.NS,2025-02-25,2224.75,2200.9765625,947702.0,0.0
ASIANPAINT.NS,2025-02-27,2213.64990234375,2189.9951171875,1027196.0,0.0
ASIANPAINT.NS,2025-02-28,2179.75,2156.45751953125,1701193.0,0.0
ASIANPAINT.NS,2025-03-03,2166.39990234375,2143.25,959068.0,0.0
ASIANPAINT.NS,2025-03-04,2132.10009765625,2109.31689453125,2180989.0,0.0
ASIANPAINT.NS,2025-03-05,2164.14990234375,2141.024169921875,1535212.0,0.0
ASIANPAINT.NS,2025-03-06,2267.699951171875,2243.467529296875,1985096.0,0.0
ASIANPAINT.NS,2025-03-07,2270.0,2245.7431640625,921429.0,0.0
ASIANPAINT.NS,2025-03-10,2278.60009765625,2254.25146484375,1072395.0,0.0
ASIANPAINT.NS,2025-03-11,2287.39990234375,2262.957275390625,601228.0,0.0
ASIANPAINT.NS,2025-03-12,2251.300048828125,2227.242919921875,749216.0,0.0
ASIANPAINT.NS,2025-03-13,2231.300048828125,2207.456787109375,747470.0,0.0
ASIANPAINT.NS,2025-03-17,2219.550048828125,2195.832275390625,838015.0,0.0
ASIANPAINT.NS,2025-03-18,2219.550048828125,2195.832275390625,0.0,0.0
ASIANPAINT.NS,2025-03-19,2280.699951171875,2256.32861328125,663292.0,0.0
ASIANPAINT.NS,2025-03-20,2287.199951171875,2262.75927734375,1166849.0,0.0
ASIANPAINT.NS,2025-03-21,2300.39990234375,2275.818359375,1624115.0,0.0
ASIANPAINT.NS,2025-03-24,2322.5,2297.681884765625,1100353.0,0.0
ASIANPAINT.NS,2025-03-25,2330.75,2305.843994140625,1828005.0,0.0
ASIANPAINT.NS,2025-03-26,2323.14990234375,2298.324951171875,1934287.0,0.0
ASIANPAINT.NS,2025-03-27,2338.10009765625,2313.115478515625,1497861.0,0.0
ASIANPAINT.NS,2025-03-28,2340.64990234375,2315.63818359375,1281871.0,0.0
ASIANPAINT.NS,2025-04-01,2316.0,2291.25146484375,970583.0,0.0
ASIANPAINT.NS,2025-04-02,2306.64990234375,2282.00146484375,792693.0,0.0
ASIANPAINT.NS,2025-04-03,2349.39990234375,2324.294677734375,608846.0,0.0
ASIANPAINT.NS,2025-04-04,2356.050048828125,2330.87353515625,1163188.0,0.0
ASIANPAINT.NS,2025-04-07,2341.35009765625,2316.330810546875,1745817.0,0.0
ASIANPAINT.NS,2025-04-08,2394.199951171875,2368.615966796875,1876867.0,0.0
ASIANPAINT.NS,2025-04-09,2411.14990234375,2385.384765625,1186937.0,0.0
ASIANPAINT.NS,2025-04-11,2393.60009765625,2368.0224609375,968152.0,0.0
ASIANPAINT.NS,2025-04-15,2415.699951171875,2389.88623046875,1141122.0,0.0
ASIANPAINT.NS,2025-04-16,2459.89990234375,2433.61376953125,1166695.0,0.0
ASIANPAINT.NS,2025-04-17,2467.89990234375,2441.528076171875,885840.0,0.0
ASIANPAINT.NS,2025-04-21,2445.0,2418.873046875,541913.0,0.0
ASIANPAINT.NS,2025-04-22,2432.0,2406.011962890625,543647.0,0.0
ASIANPAINT.NS,2025-04-23,2453.10009765625,2426.88671875,744684.0,0.0
ASIANPAINT.NS,2025-04-24,2464.39990234375,2438.065673828125,1203452.0,0.0
ASIANPAINT.NS,2025-04-25,2431.60009765625,2405.6162109375,702217.0,0.0
ASIANPAINT.NS,2025-04-28,2452.199951171875,2425.99609375,554920.0,0.0
ASIANPAINT.NS,2025-04-29,2451.10009765625,2424.907958984375,1235066.0,0.0
ASIANPAINT.NS,2025-04-30,2425.699951171875,2399.779296875,1479669.0,0.0
ASIANPAINT.NS,2025-05-02,2410.0,2384.2470703125,744673.0,0.0
ASIANPAINT.NS,2025-05-05,2436.89990234375,2410.859375,1229588.0,0.0
ASIANPAINT.NS,2025-05-06,2418.0,2392.16162109375,702802.0,0.0
ASIANPAINT.NS,2025-05-07,2334.10009765625,2309.158203125,1711738.0,0.0
ASIANPAINT.NS,2025-05-08,2302.60009765625,2277.99462890625,2292261.0,0.0
ASIANPAINT.NS,2025-05-09,2299.60009765625,2275.02685546875,1503010.0,0.0
ASIANPAINT.NS,2025-05-12,2356.39990234375,2331.2197265625,940135.0,0.0
ASIANPAINT.NS,2025-05-13,2324.60009765625,2299.759765625,1220489.0,0.0
ASIANPAINT.NS,2025-05-14,2282.300048828125,2257.91162109375,1549845.0,0.0
ASIANPAINT.NS,2025-05-15,2329.89990234375,2305.0029296875,1675015.0,0.0
ASIANPAINT.NS,2025-05-16,2353.60009765625,2328.449951171875,785113.0,0.0
ASIANPAINT.NS,2025-05-19,2331.39990234375,2306.487060546875,552961.0,0.0
ASIANPAINT.NS,2025-05-20,2295.60009765625,2271.069580078125,1095824.0,0.0
ASIANPAINT.NS,2025-05-21,2312.39990234375,2287.68994140625,469330.0,0.0
ASIANPAINT.NS,2025-05-22,2299.199951171875,2274.630859375,916504.0,0.0
ASIANPAINT.NS,2025-05-23,2315.5,2290.7568359375,458035.0,0.0
ASIANPAINT.NS,2025-05-26,2327.199951171875,2302.331787109375,1258062.0,0.0
ASIANPAINT.NS,2025-05-27,2327.60009765625,2302.727783203125,2485428.0,0.0
ASIANPAINT.NS,2025-05-28,2303.199951171875,2278.58837890625,774808.0,0.0
ASIANPAINT.NS,2025-05-29,2294.300048828125,2269.783447265625,1414643.0,0.0
ASIANPAINT.NS,2025-05-30,2259.10009765625,2234.959716796875,3610431.0,0.0
ASIANPAINT.NS,2025-06-02,2266.699951171875,2242.478515625,702789.0,0.0
ASIANPAINT.NS,2025-06-03,2255.699951171875,2231.595947265625,792587.0,0.0
ASIANPAINT.NS,2025-06-04,2249.0,2224.967529296875,768079.0,0.0
ASIANPAINT.NS,2025-06-05,2243.5,2219.5263671875,996614.0,0.0
ASIANPAINT.NS,2025-06-06,2245.199951171875,2221.2080078125,822087.0,0.0
ASIANPAINT.NS,2025-06-09,2247.89990234375,2223.879150390625,1041851.0,0.0
ASIANPAINT.NS,2025-06-10,2218.89990234375,2215.4423828125,1809051.0,0.0
ASIANPAINT.NS,2025-06-11,2208.800048828125,2205.358154296875,1430888.0,0.0
ASIANPAINT.NS,2025-06-12,2219.39990234375,2215.941650390625,3417373.0,0.0
ASIANPAINT.NS,2025-06-13,2214.199951171875,2210.749755859375,1786807.0,0.0
ASIANPAINT.NS,2025-06-16,2244.800048828125,2241.302001953125,1301826.0,0.0
ASIANPAINT.NS,2025-06-17,2264.800048828125,2261.27099609375,1540986.0,0.0
ASIANPAINT.NS,2025-06-18,2281.39990234375,2277.844970703125,1131156.0,0.0
ASIANPAINT.NS,2025-06-19,2268.0,2264.4658203125,524926.0,0.0
ASIANPAINT.NS,2025-06-20,2285.699951171875,2282.13818359375,1945026.0,0.0
ASIANPAINT.NS,2025-06-23,2264.10009765625,2260.572021484375,596186.0,0.0
ASIANPAINT.NS,2025-06-24,2275.300048828125,2271.754638671875,1044179.0,0.0
ASIANPAINT.NS,2025-06-25,2279.89990234375,2276.34716796875,807368.0,0.0
ASIANPAINT.NS,2025-06-26,2289.800048828125,2286.23193359375,921519.0,0.0
ASIANPAINT.NS,2025-06-27,2358.699951171875,2355.0244140625,1555059.0,0.0
ASIANPAINT.NS,2025-06-30,2341.10009765625,2337.4521484375,785414.0,0.0
ASIANPAINT.NS,2025-07-01,2369.5,2365.807861328125,1232160.0,0.0
ASIANPAINT.NS,2025-07-02,2419.39990234375,2415.6298828125,1936030.0,0.0
ASIANPAINT.NS,2025-07-03,2430.89990234375,2427.112060546875,1547480.0,0.0
ASIANPAINT.NS,2025-07-04,2424.199951171875,2420.42236328125,602309.0,0.0
ASIANPAINT.NS,2025-07-07,2442.800048828125,2438.99365234375,869054.0,0.0
ASIANPAINT.NS,2025-07-08,2484.60009765625,2480.728515625,1136367.0,0.0
ASIANPAINT.NS,2025-07-09,2498.89990234375,2495.006103515625,2328636.0,0.0
ASIANPAINT.NS,2025-07-10,2451.199951171875,2447.38037109375,932859.0,0.0
ASIANPAINT.NS,2025-07-11,2439.199951171875,2435.399169921875,1050411.0,0.0
ASIANPAINT.NS,2025-07-14,2401.60009765625,2397.85791015625,891618.0,0.0
ASIANPAINT.NS,2025-07-15,2393.5,2389.770263671875,610228.0,0.0
ASIANPAINT.NS,2025-07-16,2410.5,2406.743896484375,1200909.0,0.0
ASIANPAINT.NS,2025-07-17,2398.89990234375,2395.161865234375,526163.0,0.0
ASIANPAINT.NS,2025-07-18,2382.39990234375,2378.6875,599552.0,0.0
ASIANPAINT.NS,2025-07-21,2375.39990234375,2371.698486328125,390931.0,0.0
ASIANPAINT.NS,2025-07-22,2365.199951171875,2361.514404296875,411317.0,0.0
ASIANPAINT.NS,2025-07-23,2375.39990234375,2371.698486328125,368999.0,0.0
ASIANPAINT.NS,2025-07-24,2352.10009765625,2348.43505859375,506960.0,0.0
ASIANPAINT.NS,2025-07-25,2336.199951171875,2332.5595703125,383636.0,0.0
ASIANPAINT.NS,2025-07-28,2359.60009765625,2355.92333984375,650364.0,0.0
ASIANPAINT.NS,2025-07-29,2401.5,2397.7578125,1742815.0,0.0
ASIANPAINT.NS,2025-07-30,2415.800048828125,2412.03564453125,1685818.0,0.0
ASIANPAINT.NS,2025-07-31,2396.10009765625,2392.366455078125,1274735.0,0.0
ASIANPAINT.NS,2025-08-01,2431.0,2427.2119140625,2225293.0,0.0
ASIANPAINT.NS,2025-08-04,2449.800048828125,2445.982666015625,1165898.0,0.0
ASIANPAINT.NS,2025-08-05,2436.800048828125,2433.0029296875,659094.0,0.0
ASIANPAINT.NS,2025-08-06,2491.199951171875,2487.318115234375,2019109.0,0.0
ASIANPAINT.NS,2025-08-07,2506.5,2502.59423828125,1502806.0,0.0
ASIANPAINT.NS,2025-08-08,2475.60009765625,2471.742431640625,1178226.0,0.0
ASIANPAINT.NS,2025-08-11,2489.10009765625,2485.221435546875,721135.0,0.0
ASIANPAINT.NS,2025-08-12,2478.300048828125,2474.438232421875,608984.0,0.0
ASIANPAINT.NS,2025-08-13,2500.199951171875,2496.303955078125,350844.0,0.0
ASIANPAINT.NS,2025-08-14,2528.699951171875,2524.759521484375,1088550.0,0.0
ASIANPAINT.NS,2025-08-18,2587.39990234375,2583.3681640625,1755615.0,0.0
ASIANPAINT.NS,2025-08-19,2579.39990234375,2575.380615234375,698587.0,0.0
ASIANPAINT.NS,2025-08-20,2570.10009765625,2566.09521484375,308028.0,0.0
ASIANPAINT.NS,2025-08-21,2566.60009765625,2562.6005859375,781082.0,0.0
ASIANPAINT.NS,2025-08-22,2504.5,2500.597412109375,523774.0,0.0
ASIANPAINT.NS,2025-08-25,2492.89990234375,2489.015380859375,766497.0,0.0
ASIANPAINT.NS,2025-08-26,2481.39990234375,2477.533203125,7106393.0,0.0
ASIANPAINT.NS,2025-08-28,2489.0,2485.12158203125,1485769.0,0.0
ASIANPAINT.NS,2025-08-29,2518.60009765625,2514.675537109375,1798653.0,0.0
ASIANPAINT.NS,2025-09-01,2570.199951171875,2566.195068359375,1314833.0,0.0
ASIANPAINT.NS,2025-09-02,2540.0,2536.0419921875,1024054.0,0.0
ASIANPAINT.NS,2025-09-03,2553.89990234375,2549.92041015625,925847.0,0.0
ASIANPAINT.NS,2025-09-04,2568.60009765625,2564.59765625,933071.0,0.0
ASIANPAINT.NS,2025-09-05,2579.89990234375,2575.8798828125,1153436.0,0.0
ASIANPAINT.NS,2025-09-08,2530.800048828125,2526.8564453125,742880.0,0.0
ASIANPAINT.NS,2025-09-09,2537.300048828125,2533.346435546875,702450.0,0.0
ASIANPAINT.NS,2025-09-10,2543.300048828125,2539.3369140625,520584.0,0.0
ASIANPAINT.NS,2025-09-11,2555.89990234375,2551.917236328125,423961.0,0.0
ASIANPAINT.NS,2025-09-12,2546.300048828125,2542.332275390625,547539.0,0.0
ASIANPAINT.NS,2025-09-15,2502.60009765625,2498.700439453125,583051.0,0.0
ASIANPAINT.NS,2025-09-16,2480.89990234375,2477.033935546875,760790.0,0.0
ASIANPAINT.NS,2025-09-17,2493.60009765625,2489.71435546875,359627.0,0.0
ASIANPAINT.NS,2025-09-18,2478.699951171875,2474.837646484375,400796.0,0.0
ASIANPAINT.NS,2025-09-19,2481.699951171875,2477.832763671875,3731525.0,0.0
ASIANPAINT.NS,2025-09-22,2482.699951171875,2478.831298828125,872806.0,0.0
ASIANPAINT.NS,2025-09-23,2446.89990234375,2443.0869140625,1332111.0,0.0
ASIANPAINT.NS,2025-09-24,2457.199951171875,2453.37109375,637749.0,0.0
ASIANPAINT.NS,2025-09-25,2404.0,2400.25390625,1518215.0,0.0
ASIANPAINT.NS,2025-09-26,2342.800048828125,2339.1494140625,1089446.0,0.0
ASIANPAINT.NS,2025-09-29,2342.60009765625,2338.94970703125,950369.0,0.0
ASIANPAINT.NS,2025-09-30,2350.0,2346.338134765625,778874.0,0.0
ASIANPAINT.NS,2025-10-01,2335.800048828125,2332.160400390625,648279.0,0.0
ASIANPAINT.NS,2025-10-03,2357.800048828125,2354.1259765625,659872.0,0.0
ASIANPAINT.NS,2025-10-06,2354.800048828125,2351.130615234375,362107.0,0.0
ASIANPAINT.NS,2025-10-07,2352.800048828125,2349.1337890625,498524.0,0.0
ASIANPAINT.NS,2025-10-08,2328.5,2324.87158203125,701799.0,0.0
ASIANPAINT.NS,2025-10-09,2336.39990234375,2332.75927734375,587567.0,0.0
ASIANPAINT.NS,2025-10-10,2340.199951171875,2336.553466796875,1117236.0,0.0
ASIANPAINT.NS,2025-10-13,2342.5,2338.849853515625,667732.0,0.0
ASIANPAINT.NS,2025-10-14,2318.10009765625,2314.488037109375,353345.0,0.0
ASIANPAINT.NS,2025-10-15,2375.10009765625,2371.399169921875,753640.0,0.0
ASIANPAINT.NS,2025-10-16,2409.699951171875,2405.945068359375,715890.0,0.0
ASIANPAINT.NS,2025-10-17,2507.800048828125,2503.892333984375,3719960.0,0.0
ASIANPAINT.NS,2025-10-20,2516.0,2512.079345703125,714986.0,0.0
ASIANPAINT.NS,2025-10-21,2504.60009765625,2500.697265625,107942.0,0.0
ASIANPAINT.NS,2025-10-23,2502.39990234375,2498.50048828125,811738.0,0.0
ASIANPAINT.NS,2025-10-24,2501.60009765625,2497.701904296875,327596.0,0.0
ASIANPAINT.NS,2025-10-27,2518.800048828125,2514.875244140625,550089.0,0.0
ASIANPAINT.NS,2025-10-28,2509.300048828125,2505.389892578125,1103957.0,0.0
ASIANPAINT.NS,2025-10-29,2538.699951171875,2534.744140625,615292.0,0.0
ASIANPAINT.NS,2025-10-30,2523.5,2519.56787109375,736486.0,0.0
ASIANPAINT.NS,2025-10-31,2510.800048828125,2506.8876953125,609128.0,0.0
ASIANPAINT.NS,2025-11-03,2512.199951171875,2508.285400390625,425210.0,0.0
ASIANPAINT.NS,2025-11-04,2486.699951171875,2482.824951171875,527087.0,0.0
ASIANPAINT.NS,2025-11-06,2602.89990234375,2598.843994140625,4448622.0,0.0
ASIANPAINT.NS,2025-11-07,2613.800048828125,2609.72705078125,791663.0,0.0
ASIANPAINT.NS,2025-11-10,2650.39990234375,2646.27001953125,1706880.0,0.0
ASIANPAINT.NS,2025-11-11,2657.199951171875,2653.059326171875,776404.0,0.0
ASIANPAINT.NS,2025-11-12,2769.800048828125,2765.484130859375,2859196.0,0.0
ASIANPAINT.NS,2025-11-13,2879.39990234375,2874.9130859375,5933630.0,0.0
ASIANPAINT.NS,2025-11-14,2906.39990234375,2901.87109375,2494076.0,0.0
ASIANPAINT.NS,2025-11-17,2887.89990234375,2883.39990234375,1230683.0,0.0
ASIANPAINT.NS,2025-11-18,2906.0,2906.0,1819066.0,0.0
ASIANPAINT.NS,2025-11-19,2893.699951171875,2893.699951171875,1387906.0,0.0
ASIANPAINT.NS,2025-11-20,2859.800048828125,2859.800048828125,1062883.0,0.0
ASIANPAINT.NS,2025-11-21,2876.60009765625,2876.60009765625,857340.0,0.0
ASIANPAINT.NS,2025-11-24,2879.199951171875,2879.199951171875,5404326.0,0.0
ASIANPAINT.NS,2025-11-25,2875.800048828125,2875.800048828125,972417.0,0.0
ASIANPAINT.NS,2025-11-26,2874.0,2874.0,570376.0,0.0
ASIANPAINT.NS,2025-11-27,2879.10009765625,2879.10009765625,1158685.0,0.0
ASIANPAINT.NS,2025-11-28,2874.39990234375,2874.39990234375,748446.0,0.0
ASIANPAINT.NS,2025-12-01,2867.60009765625,2867.60009765625,499153.0,0.0
ASIANPAINT.NS,2025-12-02,2954.39990234375,2954.39990234375,2102147.0,0.0
ASIANPAINT.NS,2025-12-03,2953.5,2953.5,1252456.0,0.0
ASIANPAINT.NS,2025-12-04,2957.199951171875,2957.199951171875,1466098.0,0.0
ASIANPAINT.NS,2025-12-05,2968.5,2968.5,944978.0,0.0
ASIANPAINT.NS,2025-12-08,2928.300048828125,2928.300048828125,983544.0,0.0
ASIANPAINT.NS,2025-12-09,2796.0,2796.0,1839391.0,0.0
ASIANPAINT.NS,2025-12-10,2804.5,2804.5,845073.0,0.0
ASIANPAINT.NS,2025-12-11,2779.39990234375,2779.39990234375,777422.0,0.0
ASIANPAINT.NS,2025-12-12,2764.800048828125,2764.800048828125,977696.0,0.0
ASIANPAINT.NS,2025-12-15,2780.199951171875,2780.199951171875,1029674.0,0.0
ASIANPAINT.NS,2025-12-16,2790.89990234375,2790.89990234375,916244.0,0.0
ASIANPAINT.NS,2025-12-17,2785.699951171875,2785.699951171875,636499.0,0.0
ASIANPAINT.NS,2025-12-18,2759.699951171875,2759.699951171875,417994.0,0.0
ASIANPAINT.NS,2025-12-19,2799.89990234375,2799.89990234375,3895542.0,0.0
ASIANPAINT.NS,2025-12-22,2807.60009765625,2807.60009765625,463953.0,0.0
ASIANPAINT.NS,2025-12-23,2807.800048828125,2807.800048828125,431068.0,0.0
ASIANPAINT.NS,2025-12-24,2785.5,2785.5,512144.0,0.0
ASIANPAINT.NS,2025-12-26,2746.5,2746.5,532078.0,0.0
ASIANPAINT.NS,2025-12-29,2775.39990234375,2775.39990234375,815529.0,0.0
ASIANPAINT.NS,2025-12-30,2758.300048828125,2758.300048828125,4833527.0,0.0
ASIANPAINT.NS,2025-12-31,2769.5,2769.5,1274705.0,0.0
ASIANPAINT.NS,2026-01-01,2752.0,2752.0,327945.0,0.0
ASIANPAINT.NS,2026-01-02,2772.60009765625,2772.60009765625,508884.0,0.0
ASIANPAINT.NS,2026-01-05,2815.60009765625,2815.60009765625,866733.0,0.0
ASIANPAINT.NS,2026-01-06,2845.800048828125,2845.800048828125,875891.0,0.0
ASIANPAINT.NS,2026-01-07,2809.39990234375,2809.39990234375,636748.0,0.0
ASIANPAINT.NS,2026-01-08,2786.5,2786.5,620031.0,0.0
ASIANPAINT.NS,2026-01-09,2825.5,2825.5,1657381.0,0.0
ASIANPAINT.NS,2026-01-12,2896.39990234375,2896.39990234375,1743901.0,0.0
ASIANPAINT.NS,2026-01-13,2886.300048828125,2886.300048828125,1051986.0,0.0
ASIANPAINT.NS,2026-01-14,2813.89990234375,2813.89990234375,958254.0,0.0
ASIANPAINT.NS,2026-01-15,2813.89990234375,2813.89990234375,0.0,0.0
ASIANPAINT.NS,2026-01-16,2756.89990234375,2756.89990234375,1143463.0,0.0
ASIANPAINT.NS,2026-01-19,2754.0,2754.0,1342048.0,0.0
ASIANPAINT.NS,2026-01-20,2675.60009765625,2675.60009765625,911151.0,0.0
ASIANPAINT.NS,2026-01-21,2661.10009765625,2661.10009765625,914318.0,0.0
ASIANPAINT.NS,2026-01-22,2703.800048828125,2703.800048828125,1290346.0,0.0
ASIANPAINT.NS,2026-01-23,2703.699951171875,2703.699951171875,1786635.0,0.0
ASIANPAINT.NS,2026-01-27,2622.800048828125,2622.800048828125,3818761.0,0.0
ASIANPAINT.NS,2026-01-28,2511.800048828125,2511.800048828125,3430002.0,0.0
ASIANPAINT.NS,2026-01-29,2416.0,2416.0,3488159.0,0.0
ASIANPAINT.NS,2026-01-30,2428.300048828125,2428.300048828125,2048843.0,0.0
ASIANPAINT.NS,2026-02-02,2402.0,2402.0,1183482.0,0.0
ASIANPAINT.NS,2026-02-03,2426.0,2426.0,2233860.0,0.0
ASIANPAINT.NS,2026-02-04,2452.699951171875,2452.699951171875,970973.0,0.0
ASIANPAINT.NS,2026-02-05,2432.10009765625,2432.10009765625,1047405.0,0.0
ASIANPAINT.NS,2026-02-06,2401.10009765625,2401.10009765625,1043982.0,0.0
ASIANPAINT.NS,2026-02-09,2417.39990234375,2417.39990234375,669839.0,0.0
ASIANPAINT.NS,2026-02-10,2393.60009765625,2393.60009765625,1513620.0,0.0
ASIANPAINT.NS,2026-02-11,2392.5,2392.5,3177685.0,0.0
AXISBANK.NS,2025-02-11,1007.4000244140625,1006.539794921875,4808215.0,0.0
AXISBANK.NS,2025-02-12,1006.9000244140625,1006.0402221679688,7669283.0,0.0
AXISBANK.NS,2025-02-13,1008.2000122070312,1007.339111328125,6348246.0,0.0
AXISBANK.NS,2025-02-14,997.5,996.6482543945312,5375755.0,0.0
AXISBANK.NS,2025-02-17,992.9500122070312,992.1021118164062,7166803.0,0.0
AXISBANK.NS,2025-02-18,994.1500244140625,993.3011474609375,3090004.0,0.0
AXISBANK.NS,2025-02-19,1011.3499755859375,1010.4863891601562,6401381.0,0.0
AXISBANK.NS,2025-02-20,1017.2000122070312,1016.3314208984375,5011212.0,0.0
AXISBANK.NS,2025-02-21,1008.9500122070312,1008.0885009765625,5019937.0,0.0
AXISBANK.NS,2025-02-24,1010.0499877929688,1009.1875,4265454.0,0.0
AXISBANK.NS,2025-02-25,1009.0999755859375,1008.23828125,5708975.0,0.0
AXISBANK.NS,2025-02-27,1016.7000122070312,1015.8318481445312,9777690.0,0.0
AXISBANK.NS,2025-02-28,1015.5499877929688,1014.6828002929688,15026849.0,0.0
AXISBANK.NS,2025-03-03,1007.25,1006.389892578125,6763184.0,0.0
AXISBANK.NS,2025-03-04,1001.7999877929688,1000.944580078125,5786420.0,0.0
AXISBANK.NS,2025-03-05,1014.4500122070312,1013.5838012695312,5133873.0,0.0
AXISBANK.NS,2025-03-06,1034.0999755859375,1033.2169189453125,7861120.0,0.0
AXISBANK.NS,2025-03-07,1037.6500244140625,1036.7640380859375,7597321.0,0.0
AXISBANK.NS,2025-03-10,1035.8499755859375,1034.9654541015625,5995655.0,0.0
AXISBANK.NS,2025-03-11,1025.6500244140625,1024.774169921875,4771085.0,0.0
AXISBANK.NS,2025-03-12,1011.2000122070312,1010.3365478515625,7504702.0,0.0
AXISBANK.NS,2025-03-13,1010.2000122070312,1009.33740234375,4004140.0,0.0
AXISBANK.NS,2025-03-17,1034.1500244140625,1033.2669677734375,5938668.0,0.0
AXISBANK.NS,2025-03-18,1034.1500244140625,1033.2669677734375,0.0,0.0
AXISBANK.NS,2025-03-19,1052.050048828125,1051.1517333984375,4822365.0,0.0
AXISBANK.NS,2025-03-20,1054.3499755859375,1053.44970703125,3742644.0,0.0
AXISBANK.NS,2025-03-21,1070.1500244140625,1069.2362060546875,6848565.0,0.0
AXISBANK.NS,2025-03-24,1097.8499755859375,1096.9124755859375,8284863.0,0.0
AXISBANK.NS,2025-03-25,1118.550048828125,1117.594970703125,11720528.0,0.0
AXISBANK.NS,2025-03-26,1096.25,1095.31396484375,7127060.0,0.0
AXISBANK.NS,2025-03-27,1098.3499755859375,1097.412109375,8508917.0,0.0
AXISBANK.NS,2025-03-28,1102.0,1101.0589599609375,4921190.0,0.0
AXISBANK.NS,2025-04-01,1085.5999755859375,1084.6729736328125,6638140.0,0.0
AXISBANK.NS,2025-04-02,1084.449951171875,1083.52392578125,4065344.0,0.0
AXISBANK.NS,2025-04-03,1089.8499755859375,1088.9193115234375,5345660.0,0.0
AXISBANK.NS,2025-04-04,1091.300048828125,1090.3681640625,6059991.0,0.0
AXISBANK.NS,2025-04-07,1047.949951171875,1047.0550537109375,9720457.0,0.0
AXISBANK.NS,2025-04-08,1077.8499755859375,1076.9295654296875,8723357.0,0.0
AXISBANK.NS,2025-04-09,1061.6500244140625,1060.7435302734375,6690201.0,0.0
AXISBANK.NS,2025-04-11,1068.949951171875,1068.0372314453125,8144072.0,0.0
AXISBANK.NS,2025-04-15,1112.800048828125,1111.849853515625,9320299.0,0.0
AXISBANK.NS,2025-04-16,1161.300048828125,1160.3084716796875,12836428.0,0.0
AXISBANK.NS,2025-04-17,1190.800048828125,1189.783203125,13446336.0,0.0
AXISBANK.NS,2025-04-21,1223.0,1221.9556884765625,15166580.0,0.0
AXISBANK.NS,2025-04-22,1216.800048828125,1215.760986328125,8461710.0,0.0
AXISBANK.NS,2025-04-23,1206.9000244140625,1205.8695068359375,9433911.0,0.0
AXISBANK.NS,2025-04-24,1207.0999755859375,1206.0692138671875,9078137.0,0.0
AXISBANK.NS,2025-04-25,1166.300048828125,1165.30419921875,17243807.0,0.0
AXISBANK.NS,2025-04-28,1192.800048828125,1191.781494140625,5523502.0,0.0
AXISBANK.NS,2025-04-29,1187.300048828125,1186.2862548828125,6074520.0,0.0
AXISBANK.NS,2025-04-30,1185.0,1183.9881591796875,6288257.0,0.0
AXISBANK.NS,2025-05-02,1183.4000244140625,1182.3895263671875,5249372.0,0.0
AXISBANK.NS,2025-05-05,1173.199951171875,1172.1981201171875,7236056.0,0.0
AXISBANK.NS,2025-05-06,1161.4000244140625,1160.4083251953125,5348267.0,0.0
AXISBANK.NS,2025-05-07,1161.300048828125,1160.3084716796875,4263817.0,0.0
AXISBANK.NS,2025-05-08,1172.199951171875,1171.198974609375,9912347.0,0.0
AXISBANK.NS,2025-05-09,1151.0999755859375,1150.1170654296875,5379571.0,0.0
AXISBANK.NS,2025-05-12,1203.0,1201.9727783203125,7616208.0,0.0
AXISBANK.NS,2025-05-13,1193.5999755859375,1192.580810546875,5569926.0,0.0
AXISBANK.NS,2025-05-14,1195.5,1194.4791259765625,4084921.0,0.0
AXISBANK.NS,2025-05-15,1209.0999755859375,1208.0675048828125,6705748.0,0.0
AXISBANK.NS,2025-05-16,1208.800048828125,1207.767822265625,4016269.0,0.0
AXISBANK.NS,2025-05-19,1202.800048828125,1201.77294921875,4550022.0,0.0
AXISBANK.NS,2025-05-20,1195.800048828125,1194.7789306640625,4724482.0,0.0
AXISBANK.NS,2025-05-21,1197.800048828125,1196.7772216796875,3712472.0,0.0
AXISBANK.NS,2025-05-22,1188.5,1187.485107421875,4795583.0,0.0
AXISBANK.NS,2025-05-23,1210.0999755859375,1209.066650390625,3676469.0,0.0
AXISBANK.NS,2025-05-26,1215.199951171875,1214.162353515625,3607612.0,0.0
AXISBANK.NS,2025-05-27,1195.5999755859375,1194.5791015625,7249163.0,0.0
AXISBANK.NS,2025-05-28,1194.699951171875,1193.6798095703125,3525421.0,0.0
AXISBANK.NS,2025-05-29,1201.699951171875,1200.673828125,7788068.0,0.0
AXISBANK.NS,2025-05-30,1192.199951171875,1191.181884765625,9998488.0,0.0
AXISBANK.NS,2025-06-02,1194.4000244140625,1193.380126953125,3761853.0,0.0
AXISBANK.NS,2025-06-03,1181.5,1180.4910888671875,8155665.0,0.0
AXISBANK.NS,2025-06-04,1171.0,1170.0001220703125,4306355.0,0.0
AXISBANK.NS,2025-06-05,1159.0,1158.0103759765625,10481600.0,0.0
AXISBANK.NS,2025-06-06,1194.5999755859375,1193.5799560546875,14715421.0,0.0
AXISBANK.NS,2025-06-09,1219.9000244140625,1218.8583984375,9138108.0,0.0
AXISBANK.NS,2025-06-10,1232.800048828125,1231.747314453125,7747558.0,0.0
AXISBANK.NS,2025-06-11,1231.4000244140625,1230.3485107421875,4135775.0,0.0
AXISBANK.NS,2025-06-12,1212.9000244140625,1211.8643798828125,3461744.0,0.0
AXISBANK.NS,2025-06-13,1205.800048828125,1204.7703857421875,3906868.0,0.0
AXISBANK.NS,2025-06-16,1215.4000244140625,1214.3621826171875,5697424.0,0.0
AXISBANK.NS,2025-06-17,1215.0999755859375,1214.0623779296875,4492946.0,0.0
AXISBANK.NS,2025-06-18,1221.0,1219.9573974609375,3135662.0,0.0
AXISBANK.NS,2025-06-19,1217.5,1216.4603271484375,4243763.0,0.0
AXISBANK.NS,2025-06-20,1220.699951171875,1219.6575927734375,4652390.0,0.0
AXISBANK.NS,2025-06-23,1214.0999755859375,1213.063232421875,2312469.0,0.0
AXISBANK.NS,2025-06-24,1221.199951171875,1220.1572265625,6745788.0,0.0
AXISBANK.NS,2025-06-25,1213.300048828125,1212.2640380859375,4229259.0,0.0
AXISBANK.NS,2025-06-26,1233.5,1232.44677734375,8678448.0,0.0
AXISBANK.NS,2025-06-27,1225.0999755859375,1224.0538330078125,6068274.0,0.0
AXISBANK.NS,2025-06-30,1199.199951171875,1198.1759033203125,6559872.0,0.0
AXISBANK.NS,2025-07-01,1173.300048828125,1172.2982177734375,8702198.0,0.0
AXISBANK.NS,2025-07-02,1175.300048828125,1174.2965087890625,5471100.0,0.0
AXISBANK.NS,2025-07-03,1171.0999755859375,1170.0999755859375,6237185.0,0.0
AXISBANK.NS,2025-07-04,1177.5999755859375,1177.5999755859375,3926186.0,0.0
AXISBANK.NS,2025-07-07,1175.0999755859375,1175.0999755859375,5783402.0,0.0
AXISBANK.NS,2025-07-08,1165.4000244140625,1165.4000244140625,9973619.0,0.0
AXISBANK.NS,2025-07-09,1164.699951171875,1164.699951171875,8674795.0,0.0
AXISBANK.NS,2025-07-10,1164.300048828125,1164.300048828125,4339755.0,0.0
AXISBANK.NS,2025-07-11,1173.800048828125,1173.800048828125,4468654.0,0.0
AXISBANK.NS,2025-07-14,1172.699951171875,1172.699951171875,4772502.0,0.0
AXISBANK.NS,2025-07-15,1165.9000244140625,1165.9000244140625,4776756.0,0.0
AXISBANK.NS,2025-07-16,1168.4000244140625,1168.4000244140625,4388279.0,0.0
AXISBANK.NS,2025-07-17,1159.800048828125,1159.800048828125,5694428.0,0.0
AXISBANK.NS,2025-07-18,1099.300048828125,1099.300048828125,38053695.0,0.0
AXISBANK.NS,2025-07-21,1099.5999755859375,1099.5999755859375,15905500.0,0.0
AXISBANK.NS,2025-07-22,1098.0,1098.0,9999957.0,0.0
AXISBANK.NS,2025-07-23,1104.800048828125,1104.800048828125,6633979.0,0.0
AXISBANK.NS,2025-07-24,1095.0999755859375,1095.0999755859375,9901209.0,0.0
AXISBANK.NS,2025-07-25,1086.0999755859375,1086.0999755859375,11779887.0,0.0
AXISBANK.NS,2025-07-28,1073.5999755859375,1073.5999755859375,9029557.0,0.0
AXISBANK.NS,2025-07-29,1064.199951171875,1064.199951171875,15599773.0,0.0
AXISBANK.NS,2025-07-30,1073.300048828125,1073.300048828125,8247433.0,0.0
AXISBANK.NS,2025-07-31,1068.4000244140625,1068.4000244140625,7634413.0,0.0
AXISBANK.NS,2025-08-01,1062.4000244140625,1062.4000244140625,5545447.0,0.0
AXISBANK.NS,2025-08-04,1068.5999755859375,1068.5999755859375,4465845.0,0.0
AXISBANK.NS,2025-08-05,1070.800048828125,1070.800048828125,5318081.0,0.0
AXISBANK.NS,2025-08-06,1071.0,1071.0,4216651.0,0.0
AXISBANK.NS,2025-08-07,1076.199951171875,1076.199951171875,5321131.0,0.0
AXISBANK.NS,2025-08-08,1058.0999755859375,1058.0999755859375,5084903.0,0.0
AXISBANK.NS,2025-08-11,1073.300048828125,1073.300048828125,5452775.0,0.0
AXISBANK.NS,2025-08-12,1070.0,1070.0,4573025.0,0.0
AXISBANK.NS,2025-08-13,1066.0,1066.0,4966778.0,0.0
AXISBANK.NS,2025-08-14,1068.199951171875,1068.199951171875,6761305.0,0.0
AXISBANK.NS,2025-08-18,1082.5999755859375,1082.5999755859375,7964987.0,0.0
AXISBANK.NS,2025-08-19,1083.199951171875,1083.199951171875,5661531.0,0.0
AXISBANK.NS,2025-08-20,1080.199951171875,1080.199951171875,3034728.0,0.0
AXISBANK.NS,2025-08-21,1078.9000244140625,1078.9000244140625,6459262.0,0.0
AXISBANK.NS,2025-08-22,1070.9000244140625,1070.9000244140625,3853718.0,0.0
AXISBANK.NS,2025-08-25,1070.0,1070.0,2711278.0,0.0
AXISBANK.NS,2025-08-26,1050.0999755859375,1050.0999755859375,7197666.0,0.0
AXISBANK.NS,2025-08-28,1051.9000244140625,1051.9000244140625,8564803.0,0.0
AXISBANK.NS,2025-08-29,1045.199951171875,1045.199951171875,4718016.0,0.0
AXISBANK.NS,2025-09-01,1061.5,1061.5,3190426.0,0.0
AXISBANK.NS,2025-09-02,1056.199951171875,1056.199951171875,4933541.0,0.0
AXISBANK.NS,2025-09-03,1054.699951171875,1054.699951171875,8303296.0,0.0
AXISBANK.NS,2025-09-04,1050.4000244140625,1050.4000244140625,8088417.0,0.0
AXISBANK.NS,2025-09-05,1055.9000244140625,1055.9000244140625,2849589.0,0.0
AXISBANK.NS,2025-09-08,1055.5,1055.5,2260147.0,0.0
AXISBANK.NS,2025-09-09,1052.199951171875,1052.199951171875,4310419.0,0.0
AXISBANK.NS,2025-09-10,1070.0999755859375,1070.0999755859375,5241075.0,0.0
AXISBANK.NS,2025-09-11,1087.4000244140625,1087.4000244140625,5227539.0,0.0
AXISBANK.NS,2025-09-12,1105.300048828125,1105.300048828125,6014850.0,0.0
AXISBANK.NS,2025-09-15,1104.4000244140625,1104.4000244140625,3881807.0,0.0
AXISBANK.NS,2025-09-16,1121.199951171875,1121.199951171875,7965606.0,0.0
AXISBANK.NS,2025-09-17,1126.0,1126.0,5590739.0,0.0
AXISBANK.NS,2025-09-18,1133.0,1133.0,5713032.0,0.0
AXISBANK.NS,2025-09-19,1135.9000244140625,1135.9000244140625,8910732.0,0.0
AXISBANK.NS,2025-09-22,1144.4000244140625,1144.4000244140625,7689900.0,0.0
AXISBANK.NS,2025-09-23,1170.800048828125,1170.800048828125,16079093.0,0.0
AXISBANK.NS,2025-09-24,1158.9000244140625,1158.9000244140625,12812055.0,0.0
AXISBANK.NS,2025-09-25,1166.5999755859375,1166.5999755859375,11188302.0,0.0
AXISBANK.NS,2025-09-26,1154.0,1154.0,5618932.0,0.0
AXISBANK.NS,2025-09-29,1132.199951171875,1132.199951171875,9693881.0,0.0
AXISBANK.NS,2025-09-30,1131.5999755859375,1131.5999755859375,8165203.0,0.0
AXISBANK.NS,2025-10-01,1159.5,1159.5,9655009.0,0.0
AXISBANK.NS,2025-10-03,1181.0,1181.0,11095015.0,0.0
AXISBANK.NS,2025-10-06,1212.800048828125,1212.800048828125,20128505.0,0.0
AXISBANK.NS,2025-10-07,1186.800048828125,1186.800048828125,8620156.0,0.0
AXISBANK.NS,2025-10-08,1180.5999755859375,1180.5999755859375,5160430.0,0.0
AXISBANK.NS,2025-10-09,1167.4000244140625,1167.4000244140625,7194651.0,0.0
AXISBANK.NS,2025-10-10,1180.4000244140625,1180.4000244140625,6933035.0,0.0
AXISBANK.NS,2025-10-13,1189.5999755859375,1189.5999755859375,4138448.0,0.0
AXISBANK.NS,2025-10-14,1176.800048828125,1176.800048828125,5742538.0,0.0
AXISBANK.NS,2025-10-15,1169.5999755859375,1169.5999755859375,6328142.0,0.0
AXISBANK.NS,2025-10-16,1196.300048828125,1196.300048828125,17747171.0,0.0
AXISBANK.NS,2025-10-17,1200.199951171875,1200.199951171875,6404414.0,0.0
AXISBANK.NS,2025-10-20,1226.0,1226.0,7418616.0,0.0
AXISBANK.NS,2025-10-21,1237.300048828125,1237.300048828125,1940248.0,0.0
AXISBANK.NS,2025-10-23,1258.800048828125,1258.800048828125,14611221.0,0.0
AXISBANK.NS,2025-10-24,1241.9000244140625,1241.9000244140625,4882046.0,0.0
AXISBANK.NS,2025-10-27,1254.0999755859375,1254.0999755859375,6185072.0,0.0
AXISBANK.NS,2025-10-28,1246.300048828125,1246.300048828125,8146777.0,0.0
AXISBANK.NS,2025-10-29,1248.800048828125,1248.800048828125,4578825.0,0.0
AXISBANK.NS,2025-10-30,1238.5999755859375,1238.5999755859375,4017532.0,0.0
AXISBANK.NS,2025-10-31,1232.800048828125,1232.800048828125,4106607.0,0.0
AXISBANK.NS,2025-11-03,1233.699951171875,1233.699951171875,6118907.0,0.0
AXISBANK.NS,2025-11-04,1226.5999755859375,1226.5999755859375,3299345.0,0.0
AXISBANK.NS,2025-11-06,1228.5,1228.5,3733721.0,0.0
AXISBANK.NS,2025-11-07,1222.800048828125,1222.800048828125,3461466.0,0.0
AXISBANK.NS,2025-11-10,1217.0,1217.0,4140568.0,0.0
AXISBANK.NS,2025-11-11,1222.5,1222.5,5615453.0,0.0
AXISBANK.NS,2025-11-12,1221.5999755859375,1221.5999755859375,6782513.0,0.0
AXISBANK.NS,2025-11-13,1225.199951171875,1225.199951171875,3345231.0,0.0
AXISBANK.NS,2025-11-14,1241.5999755859375,1241.5999755859375,5197740.0,0.0
AXISBANK.NS,2025-11-17,1249.5999755859375,1249.5999755859375,4088026.0,0.0
AXISBANK.NS,2025-11-18,1265.4000244140625,1265.4000244140625,10175969.0,0.0
AXISBANK.NS,2025-11-19,1270.4000244140625,1270.4000244140625,4101288.0,0.0
AXISBANK.NS,2025-11-20,1285.199951171875,1285.199951171875,4617594.0,0.0
AXISBANK.NS,2025-11-21,1275.800048828125,1275.800048828125,6363593.0,0.0
AXISBANK.NS,2025-11-24,1269.0,1269.0,10491953.0,0.0
AXISBANK.NS,2025-11-25,1266.300048828125,1266.300048828125,5290156.0,0.0
AXISBANK.NS,2025-11-26,1290.199951171875,1290.199951171875,4842021.0,0.0
AXISBANK.NS,2025-11-27,1287.300048828125,1287.300048828125,5924706.0,0.0
AXISBANK.NS,2025-11-28,1279.699951171875,1279.699951171875,3093636.0,0.0
AXISBANK.NS,2025-12-01,1275.699951171875,1275.699951171875,4098016.0,0.0
AXISBANK.NS,2025-12-02,1258.0,1258.0,8115347.0,0.0
AXISBANK.NS,2025-12-03,1270.699951171875,1270.699951171875,3582794.0,0.0
AXISBANK.NS,2025-12-04,1280.0,1280.0,3216108.0,0.0
AXISBANK.NS,2025-12-05,1282.5,1282.5,2728214.0,0.0
AXISBANK.NS,2025-12-08,1273.800048828125,1273.800048828125,2969478.0,0.0
AXISBANK.NS,2025-12-09,1275.9000244140625,1275.9000244140625,4239279.0,0.0
AXISBANK.NS,2025-12-10,1278.5999755859375,1278.5999755859375,2928746.0,0.0
AXISBANK.NS,2025-12-11,1272.699951171875,1272.699951171875,2017404.0,0.0
AXISBANK.NS,2025-12-12,1286.0999755859375,1286.0999755859375,2281078.0,0.0
AXISBANK.NS,2025-12-15,1284.800048828125,1284.800048828125,1634472.0,0.0
AXISBANK.NS,2025-12-16,1219.5999755859375,1219.5999755859375,11542048.0,0.0
AXISBANK.NS,2025-12-17,1224.699951171875,1224.699951171875,5147181.0,0.0
AXISBANK.NS,2025-12-18,1229.800048828125,1229.800048828125,3441592.0,0.0
AXISBANK.NS,2025-12-19,1230.5999755859375,1230.5999755859375,5055047.0,0.0
AXISBANK.NS,2025-12-22,1233.199951171875,1233.199951171875,2405809.0,0.0
AXISBANK.NS,2025-12-23,1225.0,1225.0,2920318.0,0.0
AXISBANK.NS,2025-12-24,1226.300048828125,1226.300048828125,3155506.0,0.0
AXISBANK.NS,2025-12-26,1228.199951171875,1228.199951171875,1665983.0,0.0
AXISBANK.NS,2025-12-29,1232.0,1232.0,2209655.0,0.0
AXISBANK.NS,2025-12-30,1246.0,1246.0,5673233.0,0.0
AXISBANK.NS,2025-12-31,1269.4000244140625,1269.4000244140625,3711090.0,0.0
AXISBANK.NS,2026-01-01,1274.4000244140625,1274.4000244140625,2022412.0,0.0
AXISBANK.NS,2026-01-02,1266.9000244140625,1266.9000244140625,5860547.0,0.0
AXISBANK.NS,2026-01-05,1285.800048828125,1285.800048828125,6177100.0,0.0
AXISBANK.NS,2026-01-06,1293.800048828125,1293.800048828125,6751769.0,0.0
AXISBANK.NS,2026-01-07,1295.5,1295.5,5440002.0,0.0
AXISBANK.NS,2026-01-08,1286.800048828125,1286.800048828125,3949654.0,0.0
AXISBANK.NS,2026-01-09,1272.0,1272.0,5531427.0,0.0
AXISBANK.NS,2026-01-12,1274.199951171875,1274.199951171875,6489750.0,0.0
AXISBANK.NS,2026-01-13,1262.0,1262.0,5163166.0,0.0
AXISBANK.NS,2026-01-14,1298.800048828125,1298.800048828125,7776704.0,0.0
AXISBANK.NS,2026-01-15,1298.800048828125,1298.800048828125,0.0,0.0
AXISBANK.NS,2026-01-16,1294.199951171875,1294.199951171875,5175495.0,0.0
AXISBANK.NS,2026-01-19,1307.5,1307.5,8833223.0,0.0
AXISBANK.NS,2026-01-20,1293.5,1293.5,6268527.0,0.0
AXISBANK.NS,2026-01-21,1284.9000244140625,1284.9000244140625,3854702.0,0.0
AXISBANK.NS,2026-01-22,1294.800048828125,1294.800048828125,5949677.0,0.0
AXISBANK.NS,2026-01-23,1258.0,1258.0,8885549.0,0.0
AXISBANK.NS,2026-01-27,1315.800048828125,1315.800048828125,22715357.0,0.0
AXISBANK.NS,2026-01-28,1319.800048828125,1319.800048828125,15426403.0,0.0
AXISBANK.NS,2026-01-29,1363.699951171875,1363.699951171875,16107684.0,0.0
AXISBANK.NS,2026-01-30,1370.4000244140625,1370.4000244140625,14758482.0,0.0
AXISBANK.NS,2026-02-02,1311.5,1311.5,8647298.0,0.0
AXISBANK.NS,2026-02-03,1356.199951171875,1356.199951171875,10384723.0,0.0
AXISBANK.NS,2026-02-04,1338.699951171875,1338.699951171875,6672251.0,0.0
AXISBANK.NS,2026-02-05,1330.5999755859375,1330.5999755859375,3766488.0,0.0
AXISBANK.NS,2026-02-06,1341.5999755859375,1341.5999755859375,5876574.0,0.0
AXISBANK.NS,2026-02-09,1341.4000244140625,1341.4000244140625,4077536.0,0.0
AXISBANK.NS,2026-02-10,1356.699951171875,1356.699951171875,5478998.0,0.0
AXISBANK.NS,2026-02-11,1347.300048828125,1347.300048828125,3866179.0,0.0
BAJAJ-AUTO.NS,2025-02-11,8762.0,8545.4248046875,282926.0,0.0
BAJAJ-AUTO.NS,2025-02-12,8711.599609375,8496.2705078125,411042.0,0.0
BAJAJ-AUTO.NS,2025-02-13,8691.349609375,8476.521484375,206920.0,0.0
BAJAJ-AUTO.NS,2025-02-14,8506.5,8296.240234375,369356.0,0.0
BAJAJ-AUTO.NS,2025-02-17,8537.150390625,8326.1328125,224417.0,0.0
BAJAJ-AUTO.NS,2025-02-18,8446.599609375,8237.8203125,206278.0,0.0
BAJAJ-AUTO.NS,2025-02-19,8479.5,8269.908203125,200819.0,0.0
BAJAJ-AUTO.NS,2025-02-20,8630.2001953125,8416.8828125,188845.0,0.0
BAJAJ-AUTO.NS,2025-02-21,8506.0498046875,8295.8017578125,222132.0,0.0
BAJAJ-AUTO.NS,2025-02-24,8446.9501953125,8238.1630859375,275998.0,0.0
BAJAJ-AUTO.NS,2025-02-25,8417.900390625,8209.8310546875,237383.0,0.0
BAJAJ-AUTO.NS,2025-02-27,8232.349609375,8028.8662109375,350992.0,0.0
BAJAJ-AUTO.NS,2025-02-28,7902.89990234375,7707.56005859375,580155.0,0.0
BAJAJ-AUTO.NS,2025-03-03,7714.7998046875,7524.109375,497052.0,0.0
BAJAJ-AUTO.NS,2025-03-04,7333.2998046875,7152.0390625,1078953.0,0.0
BAJAJ-AUTO.NS,2025-03-05,7420.2998046875,7236.888671875,749464.0,0.0
BAJAJ-AUTO.NS,2025-03-06,7462.25,7277.8017578125,917093.0,0.0
BAJAJ-AUTO.NS,2025-03-07,7574.75,7387.52099609375,942308.0,0.0
BAJAJ-AUTO.NS,2025-03-10,7383.39990234375,7200.90087890625,495241.0,0.0
BAJAJ-AUTO.NS,2025-03-11,7499.9501953125,7314.5703125,412703.0,0.0
BAJAJ-AUTO.NS,2025-03-12,7515.0498046875,7329.29638671875,529286.0,0.0
BAJAJ-AUTO.NS,2025-03-13,7504.7001953125,7319.20263671875,454776.0,0.0
BAJAJ-AUTO.NS,2025-03-17,7486.0498046875,7301.01318359375,286383.0,0.0
BAJAJ-AUTO.NS,2025-03-18,7486.0498046875,7301.01318359375,0.0,0.0
BAJAJ-AUTO.NS,2025-03-19,7721.85009765625,7530.9853515625,409356.0,0.0
BAJAJ-AUTO.NS,2025-03-20,7920.0,7724.2373046875,606109.0,0.0
BAJAJ-AUTO.NS,2025-03-21,8067.85009765625,7868.43310546875,703280.0,0.0
BAJAJ-AUTO.NS,2025-03-24,8125.5498046875,7924.70654296875,453508.0,0.0
BAJAJ-AUTO.NS,2025-03-25,8006.0,7808.11181640625,824076.0,0.0
BAJAJ-AUTO.NS,2025-03-26,7977.10009765625,7779.92626953125,391366.0,0.0
BAJAJ-AUTO.NS,2025-03-27,7974.2998046875,7777.19482421875,651971.0,0.0
BAJAJ-AUTO.NS,2025-03-28,7878.85009765625,7684.1044921875,392400.0,0.0
BAJAJ-AUTO.NS,2025-04-01,7993.0498046875,7795.4814453125,283618.0,0.0
BAJAJ-AUTO.NS,2025-04-02,8072.9501953125,7873.40673828125,237191.0,0.0
BAJAJ-AUTO.NS,2025-04-03,7912.2001953125,7716.63037109375,470005.0,0.0
BAJAJ-AUTO.NS,2025-04-04,7685.10009765625,7495.1435546875,461228.0,0.0
BAJAJ-AUTO.NS,2025-04-07,7306.7998046875,7126.19384765625,469629.0,0.0
BAJAJ-AUTO.NS,2025-04-08,7498.0498046875,7312.716796875,259199.0,0.0
BAJAJ-AUTO.NS,2025-04-09,7572.2998046875,7385.13134765625,261256.0,0.0
BAJAJ-AUTO.NS,2025-04-11,7768.85009765625,7576.8232421875,290737.0,0.0
BAJAJ-AUTO.NS,2025-04-15,7995.5,7797.87109375,387999.0,0.0
BAJAJ-AUTO.NS,2025-04-16,7961.5,7764.71142578125,294161.0,0.0
BAJAJ-AUTO.NS,2025-04-17,8018.0,7819.81494140625,274331.0,0.0
BAJAJ-AUTO.NS,2025-04-21,8247.5,8043.642578125,285132.0,0.0
BAJAJ-AUTO.NS,2025-04-22,8141.0,7939.77490234375,394636.0,0.0
BAJAJ-AUTO.NS,2025-04-23,8261.5,8057.29638671875,598686.0,0.0
BAJAJ-AUTO.NS,2025-04-24,8201.5,7998.779296875,322100.0,0.0
BAJAJ-AUTO.NS,2025-04-25,8034.0,7835.41943359375,508224.0,0.0
BAJAJ-AUTO.NS,2025-04-28,8096.0,7895.88720703125,282481.0,0.0
BAJAJ-AUTO.NS,2025-04-29,8078.5,7878.81982421875,228383.0,0.0
BAJAJ-AUTO.NS,2025-04-30,8030.0,7831.5185546875,447067.0,0.0
BAJAJ-AUTO.NS,2025-05-02,7820.5,7627.19677734375,379515.0,0.0
BAJAJ-AUTO.NS,2025-05-05,7920.5,7724.72509765625,250175.0,0.0
BAJAJ-AUTO.NS,2025-05-06,7945.5,7749.10693359375,270568.0,0.0
BAJAJ-AUTO.NS,2025-05-07,7849.0,7654.9921875,459640.0,0.0
BAJAJ-AUTO.NS,2025-05-08,7724.5,7533.56982421875,461725.0,0.0
BAJAJ-AUTO.NS,2025-05-09,7682.5,7492.60791015625,248982.0,0.0
BAJAJ-AUTO.NS,2025-05-12,8039.5,7840.78369140625,296774.0,0.0
BAJAJ-AUTO.NS,2025-05-13,8063.0,7863.70263671875,407395.0,0.0
BAJAJ-AUTO.NS,2025-05-14,8102.5,7902.2265625,225717.0,0.0
BAJAJ-AUTO.NS,2025-05-15,8326.0,8120.2021484375,497959.0,0.0
BAJAJ-AUTO.NS,2025-05-16,8482.5,8272.833984375,483122.0,0.0
BAJAJ-AUTO.NS,2025-05-19,8851.0,8632.2255859375,858221.0,0.0
BAJAJ-AUTO.NS,2025-05-20,8565.0,8353.294921875,449936.0,0.0
BAJAJ-AUTO.NS,2025-05-21,8687.5,8472.7666015625,572628.0,0.0
BAJAJ-AUTO.NS,2025-05-22,8733.5,8517.6298828125,916615.0,0.0
BAJAJ-AUTO.NS,2025-05-23,8741.0,8524.9443359375,321989.0,0.0
BAJAJ-AUTO.NS,2025-05-26,8958.5,8737.068359375,440577.0,0.0
BAJAJ-AUTO.NS,2025-05-27,8963.0,8741.45703125,401273.0,0.0
BAJAJ-AUTO.NS,2025-05-28,8849.0,8630.2744140625,312080.0,0.0
BAJAJ-AUTO.NS,2025-05-29,8874.5,8655.14453125,330341.0,0.0
BAJAJ-AUTO.NS,2025-05-30,8607.0,8394.2568359375,1434828.0,0.0
BAJAJ-AUTO.NS,2025-06-02,8513.5,8303.0673828125,457251.0,0.0
BAJAJ-AUTO.NS,2025-06-03,8563.0,8351.34375,566074.0,0.0
BAJAJ-AUTO.NS,2025-06-04,8563.5,8351.83203125,431009.0,0.0
BAJAJ-AUTO.NS,2025-06-05,8557.5,8345.9794921875,381642.0,0.0
BAJAJ-AUTO.NS,2025-06-06,8637.0,8423.5146484375,435024.0,0.0
BAJAJ-AUTO.NS,2025-06-09,8641.0,8427.416015625,443544.0,0.0
BAJAJ-AUTO.NS,2025-06-10,8626.0,8412.787109375,350288.0,0.0
BAJAJ-AUTO.NS,2025-06-11,8719.0,8503.48828125,462124.0,0.0
BAJAJ-AUTO.NS,2025-06-12,8567.0,8355.2451171875,368162.0,0.0
BAJAJ-AUTO.NS,2025-06-13,8463.5,8254.3037109375,250910.0,0.0
BAJAJ-AUTO.NS,2025-06-16,8529.5,8318.671875,203598.0,0.0
BAJAJ-AUTO.NS,2025-06-17,8494.5,8284.537109375,286217.0,0.0
BAJAJ-AUTO.NS,2025-06-18,8468.0,8258.6923828125,561114.0,0.0
BAJAJ-AUTO.NS,2025-06-19,8496.0,8286.0,332303.0,0.0
BAJAJ-AUTO.NS,2025-06-20,8371.0,8371.0,567646.0,0.0
BAJAJ-AUTO.NS,2025-06-23,8286.5,8286.5,271619.0,0.0
BAJAJ-AUTO.NS,2025-06-24,8377.0,8377.0,214129.0,0.0
BAJAJ-AUTO.NS,2025-06-25,8389.5,8389.5,276176.0,0.0
BAJAJ-AUTO.NS,2025-06-26,8433.0,8433.0,371685.0,0.0
BAJAJ-AUTO.NS,2025-06-27,8436.0,8436.0,504248.0,0.0
BAJAJ-AUTO.NS,2025-06-30,8376.0,8376.0,303799.0,0.0
BAJAJ-AUTO.NS,2025-07-01,8399.0,8399.0,363782.0,0.0
BAJAJ-AUTO.NS,2025-07-02,8356.5,8356.5,267604.0,0.0
BAJAJ-AUTO.NS,2025-07-03,8382.5,8382.5,175619.0,0.0
BAJAJ-AUTO.NS,2025-07-04,8433.0,8433.0,183720.0,0.0
BAJAJ-AUTO.NS,2025-07-07,8463.5,8463.5,123117.0,0.0
BAJAJ-AUTO.NS,2025-07-08,8339.5,8339.5,253579.0,0.0
BAJAJ-AUTO.NS,2025-07-09,8361.0,8361.0,157280.0,0.0
BAJAJ-AUTO.NS,2025-07-10,8285.0,8285.0,229552.0,0.0
BAJAJ-AUTO.NS,2025-07-11,8067.0,8067.0,539579.0,0.0
BAJAJ-AUTO.NS,2025-07-14,8087.5,8087.5,248351.0,0.0
BAJAJ-AUTO.NS,2025-07-15,8311.0,8311.0,366546.0,0.0
BAJAJ-AUTO.NS,2025-07-16,8302.5,8302.5,275493.0,0.0
BAJAJ-AUTO.NS,2025-07-17,8330.0,8330.0,249880.0,0.0
BAJAJ-AUTO.NS,2025-07-18,8347.5,8347.5,268313.0,0.0
BAJAJ-AUTO.NS,2025-07-21,8438.5,8438.5,253964.0,0.0
BAJAJ-AUTO.NS,2025-07-22,8295.0,8295.0,302466.0,0.0
BAJAJ-AUTO.NS,2025-07-23,8397.0,8397.0,194644.0,0.0
BAJAJ-AUTO.NS,2025-07-24,8288.5,8288.5,298692.0,0.0
BAJAJ-AUTO.NS,2025-07-25,8075.5,8075.5,554118.0,0.0
BAJAJ-AUTO.NS,2025-07-28,8089.5,8089.5,232171.0,0.0
BAJAJ-AUTO.NS,2025-07-29,8127.5,8127.5,209998.0,0.0
BAJAJ-AUTO.NS,2025-07-30,8043.5,8043.5,222804.0,0.0
BAJAJ-AUTO.NS,2025-07-31,8008.0,8008.0,297025.0,0.0
BAJAJ-AUTO.NS,2025-08-01,8044.5,8044.5,329818.0,0.0
BAJAJ-AUTO.NS,2025-08-04,8187.5,8187.5,221221.0,0.0
BAJAJ-AUTO.NS,2025-08-05,8230.5,8230.5,194083.0,0.0
BAJAJ-AUTO.NS,2025-08-06,8178.5,8178.5,515934.0,0.0
BAJAJ-AUTO.NS,2025-08-07,8229.0,8229.0,456168.0,0.0
BAJAJ-AUTO.NS,2025-08-08,8224.0,8224.0,282679.0,0.0
BAJAJ-AUTO.NS,2025-08-11,8275.0,8275.0,180274.0,0.0
BAJAJ-AUTO.NS,2025-08-12,8196.5,8196.5,184529.0,0.0
BAJAJ-AUTO.NS,2025-08-13,8248.5,8248.5,367519.0,0.0
BAJAJ-AUTO.NS,2025-08-14,8213.5,8213.5,364270.0,0.0
BAJAJ-AUTO.NS,2025-08-18,8588.5,8588.5,995976.0,0.0
BAJAJ-AUTO.NS,2025-08-19,8795.5,8795.5,1052384.0,0.0
BAJAJ-AUTO.NS,2025-08-20,8827.5,8827.5,490202.0,0.0
BAJAJ-AUTO.NS,2025-08-21,8684.5,8684.5,510564.0,0.0
BAJAJ-AUTO.NS,2025-08-22,8679.5,8679.5,369875.0,0.0
BAJAJ-AUTO.NS,2025-08-25,8750.5,8750.5,360880.0,0.0
BAJAJ-AUTO.NS,2025-08-26,8691.5,8691.5,778390.0,0.0
BAJAJ-AUTO.NS,2025-08-28,8689.5,8689.5,394657.0,0.0
BAJAJ-AUTO.NS,2025-08-29,8631.5,8631.5,344340.0,0.0
BAJAJ-AUTO.NS,2025-09-01,8967.0,8967.0,658701.0,0.0
BAJAJ-AUTO.NS,2025-09-02,9030.5,9030.5,548186.0,0.0
BAJAJ-AUTO.NS,2025-09-03,9116.0,9116.0,322758.0,0.0
BAJAJ-AUTO.NS,2025-09-04,9071.0,9071.0,652617.0,0.0
BAJAJ-AUTO.NS,2025-09-05,9084.5,9084.5,231190.0,0.0
BAJAJ-AUTO.NS,2025-09-08,9433.5,9433.5,713087.0,0.0
BAJAJ-AUTO.NS,2025-09-09,9383.0,9383.0,505482.0,0.0
BAJAJ-AUTO.NS,2025-09-10,9244.0,9244.0,454231.0,0.0
BAJAJ-AUTO.NS,2025-09-11,9113.5,9113.5,472941.0,0.0
BAJAJ-AUTO.NS,2025-09-12,8999.5,8999.5,481492.0,0.0
BAJAJ-AUTO.NS,2025-09-15,9025.0,9025.0,325549.0,0.0
BAJAJ-AUTO.NS,2025-09-16,9072.5,9072.5,219134.0,0.0
BAJAJ-AUTO.NS,2025-09-17,9084.0,9084.0,172732.0,0.0
BAJAJ-AUTO.NS,2025-09-18,9075.0,9075.0,183574.0,0.0
BAJAJ-AUTO.NS,2025-09-19,8971.5,8971.5,467648.0,0.0
BAJAJ-AUTO.NS,2025-09-22,9054.5,9054.5,525239.0,0.0
BAJAJ-AUTO.NS,2025-09-23,8984.5,8984.5,451186.0,0.0
BAJAJ-AUTO.NS,2025-09-24,8839.0,8839.0,240914.0,0.0
BAJAJ-AUTO.NS,2025-09-25,8842.5,8842.5,441002.0,0.0
BAJAJ-AUTO.NS,2025-09-26,8702.0,8702.0,335841.0,0.0
BAJAJ-AUTO.NS,2025-09-29,8717.5,8717.5,394174.0,0.0
BAJAJ-AUTO.NS,2025-09-30,8678.5,8678.5,285609.0,0.0
BAJAJ-AUTO.NS,2025-10-01,8626.5,8626.5,551282.0,0.0
BAJAJ-AUTO.NS,2025-10-03,8679.5,8679.5,915075.0,0.0
BAJAJ-AUTO.NS,2025-10-06,8792.0,8792.0,300715.0,0.0
BAJAJ-AUTO.NS,2025-10-07,8904.0,8904.0,490577.0,0.0
BAJAJ-AUTO.NS,2025-10-08,8792.0,8792.0,408647.0,0.0
BAJAJ-AUTO.NS,2025-10-09,8810.0,8810.0,217161.0,0.0
BAJAJ-AUTO.NS,2025-10-10,8946.5,8946.5,228686.0,0.0
BAJAJ-AUTO.NS,2025-10-13,9066.0,9066.0,374531.0,0.0
BAJAJ-AUTO.NS,2025-10-14,9102.5,9102.5,297332.0,0.0
BAJAJ-AUTO.NS,2025-10-15,8998.0,8998.0,300055.0,0.0
BAJAJ-AUTO.NS,2025-10-16,9151.5,9151.5,334619.0,0.0
BAJAJ-AUTO.NS,2025-10-17,9150.5,9150.5,466036.0,0.0
BAJAJ-AUTO.NS,2025-10-20,9124.5,9124.5,303686.0,0.0
BAJAJ-AUTO.NS,2025-10-21,9118.0,9118.0,27642.0,0.0
BAJAJ-AUTO.NS,2025-10-23,9047.0,9047.0,249420.0,0.0
BAJAJ-AUTO.NS,2025-10-24,9076.5,9076.5,332130.0,0.0
BAJAJ-AUTO.NS,2025-10-27,9095.5,9095.5,310061.0,0.0
BAJAJ-AUTO.NS,2025-10-28,9057.5,9057.5,459991.0,0.0
BAJAJ-AUTO.NS,2025-10-29,9034.0,9034.0,226605.0,0.0
BAJAJ-AUTO.NS,2025-10-30,8923.0,8923.0,250532.0,0.0
BAJAJ-AUTO.NS,2025-10-31,8892.5,8892.5,261013.0,0.0
BAJAJ-AUTO.NS,2025-11-03,8922.5,8922.5,206987.0,0.0
BAJAJ-AUTO.NS,2025-11-04,8751.0,8751.0,517334.0,0.0
BAJAJ-AUTO.NS,2025-11-06,8720.5,8720.5,326774.0,0.0
BAJAJ-AUTO.NS,2025-11-07,8721.5,8721.5,290120.0,0.0
BAJAJ-AUTO.NS,2025-11-10,8772.0,8772.0,992874.0,0.0
BAJAJ-AUTO.NS,2025-11-11,8895.0,8895.0,380748.0,0.0
BAJAJ-AUTO.NS,2025-11-12,8868.0,8868.0,439922.0,0.0
BAJAJ-AUTO.NS,2025-11-13,8867.5,8867.5,276001.0,0.0
BAJAJ-AUTO.NS,2025-11-14,8843.0,8843.0,550371.0,0.0
BAJAJ-AUTO.NS,2025-11-17,8945.5,8945.5,457995.0,0.0
BAJAJ-AUTO.NS,2025-11-18,8921.0,8921.0,276172.0,0.0
BAJAJ-AUTO.NS,2025-11-19,8884.5,8884.5,326292.0,0.0
BAJAJ-AUTO.NS,2025-11-20,8979.5,8979.5,189991.0,0.0
BAJAJ-AUTO.NS,2025-11-21,8892.0,8892.0,320271.0,0.0
BAJAJ-AUTO.NS,2025-11-24,9007.5,9007.5,466198.0,0.0
BAJAJ-AUTO.NS,2025-11-25,9048.0,9048.0,482151.0,0.0
BAJAJ-AUTO.NS,2025-11-26,9164.0,9164.0,354143.0,0.0
BAJAJ-AUTO.NS,2025-11-27,9022.5,9022.5,602295.0,0.0
BAJAJ-AUTO.NS,2025-11-28,9073.5,9073.5,432445.0,0.0
BAJAJ-AUTO.NS,2025-12-01,9096.0,9096.0,449503.0,0.0
BAJAJ-AUTO.NS,2025-12-02,9085.5,9085.5,319833.0,0.0
BAJAJ-AUTO.NS,2025-12-03,9000.5,9000.5,412081.0,0.0
BAJAJ-AUTO.NS,2025-12-04,9085.0,9085.0,275604.0,0.0
BAJAJ-AUTO.NS,2025-12-05,9109.0,9109.0,279893.0,0.0
BAJAJ-AUTO.NS,2025-12-08,9026.0,9026.0,299426.0,0.0
BAJAJ-AUTO.NS,2025-12-09,8961.0,8961.0,373015.0,0.0
BAJAJ-AUTO.NS,2025-12-10,8991.0,8991.0,307300.0,0.0
BAJAJ-AUTO.NS,2025-12-11,9053.5,9053.5,136142.0,0.0
BAJAJ-AUTO.NS,2025-12-12,9015.0,9015.0,356060.0,0.0
BAJAJ-AUTO.NS,2025-12-15,8940.0,8940.0,507849.0,0.0
BAJAJ-AUTO.NS,2025-12-16,9008.0,9008.0,278902.0,0.0
BAJAJ-AUTO.NS,2025-12-17,8895.0,8895.0,256364.0,0.0
BAJAJ-AUTO.NS,2025-12-18,8831.0,8831.0,338487.0,0.0
BAJAJ-AUTO.NS,2025-12-19,9002.0,9002.0,215196.0,0.0
BAJAJ-AUTO.NS,2025-12-22,9164.0,9164.0,377385.0,0.0
BAJAJ-AUTO.NS,2025-12-23,9099.0,9099.0,215559.0,0.0
BAJAJ-AUTO.NS,2025-12-24,9170.0,9170.0,167717.0,0.0
BAJAJ-AUTO.NS,2025-12-26,9064.5,9064.5,105815.0,0.0
BAJAJ-AUTO.NS,2025-12-29,9087.0,9087.0,263943.0,0.0
BAJAJ-AUTO.NS,2025-12-30,9282.0,9282.0,464922.0,0.0
BAJAJ-AUTO.NS,2025-12-31,9343.0,9343.0,319864.0,0.0
BAJAJ-AUTO.NS,2026-01-01,9558.0,9558.0,306936.0,0.0
BAJAJ-AUTO.NS,2026-01-02,9502.5,9502.5,733651.0,0.0
BAJAJ-AUTO.NS,2026-01-05,9497.5,9497.5,304245.0,0.0
BAJAJ-AUTO.NS,2026-01-06,9661.0,9661.0,503002.0,0.0
BAJAJ-AUTO.NS,2026-01-07,9789.5,9789.5,334802.0,0.0
BAJAJ-AUTO.NS,2026-01-08,9760.5,9760.5,534086.0,0.0
BAJAJ-AUTO.NS,2026-01-09,9562.5,9562.5,250994.0,0.0
BAJAJ-AUTO.NS,2026-01-12,9491.0,9491.0,332453.0,0.0
BAJAJ-AUTO.NS,2026-01-13,9554.0,9554.0,229215.0,0.0
BAJAJ-AUTO.NS,2026-01-14,9579.5,9579.5,335206.0,0.0
BAJAJ-AUTO.NS,2026-01-15,9579.5,9579.5,0.0,0.0
BAJAJ-AUTO.NS,2026-01-16,9489.0,9489.0,528450.0,0.0
BAJAJ-AUTO.NS,2026-01-19,9429.5,9429.5,403445.0,0.0
BAJAJ-AUTO.NS,2026-01-20,9180.0,9180.0,385253.0,0.0
BAJAJ-AUTO.NS,2026-01-21,9179.0,9179.0,323092.0,0.0
BAJAJ-AUTO.NS,2026-01-22,9370.0,9370.0,193757.0,0.0
BAJAJ-AUTO.NS,2026-01-23,9413.5,9413.5,204212.0,0.0
BAJAJ-AUTO.NS,2026-01-27,9492.0,9492.0,302065.0,0.0
BAJAJ-AUTO.NS,2026-01-28,9433.5,9433.5,342407.0,0.0
BAJAJ-AUTO.NS,2026-01-29,9512.0,9512.0,390096.0,0.0
BAJAJ-AUTO.NS,2026-01-30,9597.5,9597.5,283660.0,0.0
BAJAJ-AUTO.NS,2026-02-02,9496.5,9496.5,327240.0,0.0
BAJAJ-AUTO.NS,2026-02-03,9595.5,9595.5,573385.0,0.0
BAJAJ-AUTO.NS,2026-02-04,9639.0,9639.0,201083.0,0.0
BAJAJ-AUTO.NS,2026-02-05,9647.0,9647.0,155663.0,0.0
BAJAJ-AUTO.NS,2026-02-06,9518.5,9518.5,198790.0,0.0
BAJAJ-AUTO.NS,2026-02-09,9590.0,9590.0,171033.0,0.0
BAJAJ-AUTO.NS,2026-02-10,9774.0,9774.0,347018.0,0.0
BAJAJ-AUTO.NS,2026-02-11,9869.5,9869.5,323995.0,0.0
BAJFINANCE.NS,2025-02-11,819.1199951171875,814.0966186523438,9630590.0,0.0
BAJFINANCE.NS,2025-02-12,821.405029296875,816.36767578125,14837310.0,0.0
BAJFINANCE.NS,2025-02-13,840.9000244140625,835.7431030273438,18003130.0,0.0
BAJFINANCE.NS,2025-02-14,839.22998046875,834.083251953125,8633150.0,0.0
BAJFINANCE.NS,2025-02-17,842.6599731445312,837.4922485351562,8627990.0,0.0
BAJFINANCE.NS,2025-02-18,846.5900268554688,841.398193359375,8689770.0,0.0
BAJFINANCE.NS,2025-02-19,843.9450073242188,838.7693481445312,8961980.0,0.0
BAJFINANCE.NS,2025-02-20,839.9450073242188,834.7938842773438,7900700.0,0.0
BAJFINANCE.NS,2025-02-21,839.6699829101562,834.5205688476562,6086470.0,0.0
BAJFINANCE.NS,2025-02-24,835.4949951171875,830.3711547851562,3552600.0,0.0
BAJFINANCE.NS,2025-02-25,848.8800048828125,843.674072265625,10985410.0,0.0
BAJFINANCE.NS,2025-02-27,870.5399780273438,865.2012329101562,18382830.0,0.0
BAJFINANCE.NS,2025-02-28,853.030029296875,847.7987060546875,17545800.0,0.0
BAJFINANCE.NS,2025-03-03,862.7849731445312,857.4938354492188,8749960.0,0.0
BAJFINANCE.NS,2025-03-04,858.594970703125,853.3295288085938,7655060.0,0.0
BAJFINANCE.NS,2025-03-05,829.8699951171875,824.7806396484375,16300920.0,0.0
BAJFINANCE.NS,2025-03-06,841.0850219726562,835.9269409179688,8814220.0,0.0
BAJFINANCE.NS,2025-03-07,840.4500122070312,835.2958374023438,4729460.0,0.0
BAJFINANCE.NS,2025-03-10,834.260009765625,829.143798828125,10164530.0,0.0
BAJFINANCE.NS,2025-03-11,834.0449829101562,828.9300537109375,8135670.0,0.0
BAJFINANCE.NS,2025-03-12,848.4450073242188,843.2417602539062,20882230.0,0.0
BAJFINANCE.NS,2025-03-13,842.0449829101562,836.8809814453125,12173510.0,0.0
BAJFINANCE.NS,2025-03-17,858.0349731445312,852.7728881835938,11020850.0,0.0
BAJFINANCE.NS,2025-03-18,858.0349731445312,852.7728881835938,0.0,0.0
BAJFINANCE.NS,2025-03-19,873.1599731445312,867.80517578125,12898200.0,0.0
BAJFINANCE.NS,2025-03-20,867.9650268554688,862.64208984375,7924330.0,0.0
BAJFINANCE.NS,2025-03-21,891.6099853515625,886.1420288085938,27448010.0,0.0
BAJFINANCE.NS,2025-03-24,909.0050048828125,903.430419921875,14332170.0,0.0
BAJFINANCE.NS,2025-03-25,906.7249755859375,901.1643676757812,17482600.0,0.0
BAJFINANCE.NS,2025-03-26,886.60498046875,881.167724609375,8862110.0,0.0
BAJFINANCE.NS,2025-03-27,900.385009765625,894.86328125,20920440.0,0.0
BAJFINANCE.NS,2025-03-28,894.5599975585938,889.0739135742188,9770990.0,0.0
BAJFINANCE.NS,2025-04-01,869.8200073242188,864.4857177734375,11834240.0,0.0
BAJFINANCE.NS,2025-04-02,866.9249877929688,861.6083984375,6464950.0,0.0
BAJFINANCE.NS,2025-04-03,859.4600219726562,854.1892700195312,13966330.0,0.0
BAJFINANCE.NS,2025-04-04,871.885009765625,866.5380249023438,18496580.0,0.0
BAJFINANCE.NS,2025-04-07,856.7999877929688,851.5455322265625,13981240.0,0.0
BAJFINANCE.NS,2025-04-08,882.2249755859375,876.8145751953125,14775630.0,0.0
BAJFINANCE.NS,2025-04-09,873.5800170898438,868.2225952148438,10487740.0,0.0
BAJFINANCE.NS,2025-04-11,892.1099853515625,886.6389770507812,10097220.0,0.0
BAJFINANCE.NS,2025-04-15,914.0999755859375,908.4940795898438,12633610.0,0.0
BAJFINANCE.NS,2025-04-16,905.6500244140625,900.095947265625,7198220.0,0.0
BAJFINANCE.NS,2025-04-17,916.25,910.6309204101562,11415130.0,0.0
BAJFINANCE.NS,2025-04-21,927.3499755859375,921.662841796875,7824150.0,0.0
BAJFINANCE.NS,2025-04-22,926.0499877929688,920.3707885742188,11293580.0,0.0
BAJFINANCE.NS,2025-04-23,932.2999877929688,926.58251953125,10818710.0,0.0
BAJFINANCE.NS,2025-04-24,930.0999755859375,924.39599609375,18496710.0,0.0
BAJFINANCE.NS,2025-04-25,911.2000122070312,905.6119384765625,10893540.0,0.0
BAJFINANCE.NS,2025-04-28,909.2999877929688,903.7235717773438,9946560.0,0.0
BAJFINANCE.NS,2025-04-29,909.2999877929688,903.7235717773438,11768180.0,0.0
BAJFINANCE.NS,2025-04-30,863.4500122070312,858.15478515625,39690570.0,0.0
BAJFINANCE.NS,2025-05-02,886.8499755859375,881.4112548828125,18933030.0,0.0
BAJFINANCE.NS,2025-05-05,893.2000122070312,887.7223510742188,8930610.0,0.0
BAJFINANCE.NS,2025-05-06,879.75,874.3547973632812,12040870.0,0.0
BAJFINANCE.NS,2025-05-07,898.6500244140625,893.138916015625,11635570.0,0.0
BAJFINANCE.NS,2025-05-08,883.25,877.8333129882812,12018090.0,0.0
BAJFINANCE.NS,2025-05-09,864.0999755859375,859.9691162109375,12151340.0,0.0
BAJFINANCE.NS,2025-05-12,901.8499755859375,897.5386352539062,10638220.0,0.0
BAJFINANCE.NS,2025-05-13,904.2000122070312,899.87744140625,13363000.0,0.0
BAJFINANCE.NS,2025-05-14,908.0999755859375,903.7587890625,7594000.0,0.0
BAJFINANCE.NS,2025-05-15,918.8499755859375,914.4573974609375,10385000.0,0.0
BAJFINANCE.NS,2025-05-16,916.7000122070312,912.3176879882812,6251920.0,0.0
BAJFINANCE.NS,2025-05-19,925.5499877929688,921.1253662109375,7162740.0,0.0
BAJFINANCE.NS,2025-05-20,907.9000244140625,903.5597534179688,8106160.0,0.0
BAJFINANCE.NS,2025-05-21,919.75,915.3530883789062,7321500.0,0.0
BAJFINANCE.NS,2025-05-22,913.9000244140625,909.5310668945312,6159740.0,0.0
BAJFINANCE.NS,2025-05-23,924.3499755859375,919.9310913085938,4251690.0,0.0
BAJFINANCE.NS,2025-05-26,926.9500122070312,922.5186767578125,5476790.0,0.0
BAJFINANCE.NS,2025-05-27,917.0999755859375,912.7157592773438,7150000.0,0.0
BAJFINANCE.NS,2025-05-28,926.75,922.3196411132812,6507400.0,0.0
BAJFINANCE.NS,2025-05-29,920.4000244140625,916.0,7081750.0,0.0
BAJFINANCE.NS,2025-05-30,918.0499877929688,918.0499877929688,15041740.0,0.0
BAJFINANCE.NS,2025-06-02,911.8499755859375,911.8499755859375,6619630.0,0.0
BAJFINANCE.NS,2025-06-03,897.9000244140625,897.9000244140625,9080270.0,0.0
BAJFINANCE.NS,2025-06-04,898.7000122070312,898.7000122070312,5544930.0,0.0
BAJFINANCE.NS,2025-06-05,893.4000244140625,893.4000244140625,7853320.0,0.0
BAJFINANCE.NS,2025-06-06,937.1500244140625,937.1500244140625,19783860.0,0.0
BAJFINANCE.NS,2025-06-09,960.75,960.75,23496010.0,0.0
BAJFINANCE.NS,2025-06-10,949.75,949.75,9044040.0,0.0
BAJFINANCE.NS,2025-06-11,942.5,942.5,11860810.0,0.0
BAJFINANCE.NS,2025-06-12,936.8499755859375,936.8499755859375,12388330.0,0.0
BAJFINANCE.NS,2025-06-13,933.0999755859375,933.0999755859375,10182020.0,0.0
BAJFINANCE.NS,2025-06-16,938.0,938.0,7016290.0,2.0
BAJFINANCE.NS,2025-06-17,923.0,923.0,6110175.0,0.0
BAJFINANCE.NS,2025-06-18,919.0,919.0,5002923.0,0.0
BAJFINANCE.NS,2025-06-19,900.5,900.5,6585940.0,0.0
BAJFINANCE.NS,2025-06-20,905.0,905.0,14320241.0,0.0
BAJFINANCE.NS,2025-06-23,915.5,915.5,5870597.0,0.0
BAJFINANCE.NS,2025-06-24,916.5,916.5,11555634.0,0.0
BAJFINANCE.NS,2025-06-25,928.0,928.0,6623799.0,0.0
BAJFINANCE.NS,2025-06-26,951.5,951.5,11677790.0,0.0
BAJFINANCE.NS,2025-06-27,947.0,947.0,21637194.0,0.0
BAJFINANCE.NS,2025-06-30,936.5,936.5,6086081.0,0.0
BAJFINANCE.NS,2025-07-01,936.6500244140625,936.6500244140625,5381327.0,0.0
BAJFINANCE.NS,2025-07-02,923.0,923.0,9394493.0,0.0
BAJFINANCE.NS,2025-07-03,910.1500244140625,910.1500244140625,7606558.0,0.0
BAJFINANCE.NS,2025-07-04,925.2999877929688,925.2999877929688,10613046.0,0.0
BAJFINANCE.NS,2025-07-07,924.6500244140625,924.6500244140625,3383973.0,0.0
BAJFINANCE.NS,2025-07-08,927.6500244140625,927.6500244140625,3851432.0,0.0
BAJFINANCE.NS,2025-07-09,940.5999755859375,940.5999755859375,5341529.0,0.0
BAJFINANCE.NS,2025-07-10,947.6500244140625,947.6500244140625,5409906.0,0.0
BAJFINANCE.NS,2025-07-11,933.5,933.5,4278038.0,0.0
BAJFINANCE.NS,2025-07-14,918.8499755859375,918.8499755859375,6657978.0,0.0
BAJFINANCE.NS,2025-07-15,928.4000244140625,928.4000244140625,3892075.0,0.0
BAJFINANCE.NS,2025-07-16,921.75,921.75,3952491.0,0.0
BAJFINANCE.NS,2025-07-17,923.2999877929688,923.2999877929688,4583882.0,0.0
BAJFINANCE.NS,2025-07-18,942.0,942.0,7893820.0,0.0
BAJFINANCE.NS,2025-07-21,948.4500122070312,948.4500122070312,4660232.0,0.0
BAJFINANCE.NS,2025-07-22,952.5499877929688,952.5499877929688,6237382.0,0.0
BAJFINANCE.NS,2025-07-23,968.2999877929688,968.2999877929688,9694991.0,0.0
BAJFINANCE.NS,2025-07-24,958.9500122070312,958.9500122070312,5189112.0,0.0
BAJFINANCE.NS,2025-07-25,913.75,913.75,24415481.0,0.0
BAJFINANCE.NS,2025-07-28,880.5,880.5,14011284.0,0.0
BAJFINANCE.NS,2025-07-29,886.5499877929688,886.5499877929688,11323854.0,0.0
BAJFINANCE.NS,2025-07-30,884.8499755859375,884.8499755859375,5054496.0,0.0
BAJFINANCE.NS,2025-07-31,881.2000122070312,881.2000122070312,6999179.0,0.0
BAJFINANCE.NS,2025-08-01,875.5999755859375,875.5999755859375,5300299.0,0.0
BAJFINANCE.NS,2025-08-04,885.2999877929688,885.2999877929688,3969985.0,0.0
BAJFINANCE.NS,2025-08-05,891.9000244140625,891.9000244140625,4446791.0,0.0
BAJFINANCE.NS,2025-08-06,876.6500244140625,876.6500244140625,4212648.0,0.0
BAJFINANCE.NS,2025-08-07,879.0999755859375,879.0999755859375,5998002.0,0.0
BAJFINANCE.NS,2025-08-08,877.1500244140625,877.1500244140625,3736916.0,0.0
BAJFINANCE.NS,2025-08-11,877.7999877929688,877.7999877929688,5367926.0,0.0
BAJFINANCE.NS,2025-08-12,853.0,853.0,8257312.0,0.0
BAJFINANCE.NS,2025-08-13,860.0,860.0,10117225.0,0.0
BAJFINANCE.NS,2025-08-14,861.4500122070312,861.4500122070312,5379250.0,0.0
BAJFINANCE.NS,2025-08-18,905.2000122070312,905.2000122070312,16277779.0,0.0
BAJFINANCE.NS,2025-08-19,902.2999877929688,902.2999877929688,5764382.0,0.0
BAJFINANCE.NS,2025-08-20,887.7999877929688,887.7999877929688,5561646.0,0.0
BAJFINANCE.NS,2025-08-21,895.5999755859375,895.5999755859375,6697533.0,0.0
BAJFINANCE.NS,2025-08-22,894.5,894.5,6424895.0,0.0
BAJFINANCE.NS,2025-08-25,900.7999877929688,900.7999877929688,5837876.0,0.0
BAJFINANCE.NS,2025-08-26,876.25,876.25,6712926.0,0.0
BAJFINANCE.NS,2025-08-28,876.8499755859375,876.8499755859375,8349342.0,0.0
BAJFINANCE.NS,2025-08-29,877.8499755859375,877.8499755859375,5672446.0,0.0
BAJFINANCE.NS,2025-09-01,889.3499755859375,889.3499755859375,4101526.0,0.0
BAJFINANCE.NS,2025-09-02,890.0999755859375,890.0999755859375,6103185.0,0.0
BAJFINANCE.NS,2025-09-03,896.2999877929688,896.2999877929688,5493809.0,0.0
BAJFINANCE.NS,2025-09-04,934.75,934.75,21738706.0,0.0
BAJFINANCE.NS,2025-09-05,937.5999755859375,937.5999755859375,5467260.0,0.0
BAJFINANCE.NS,2025-09-08,944.2999877929688,944.2999877929688,5657331.0,0.0
BAJFINANCE.NS,2025-09-09,948.4000244140625,948.4000244140625,5417393.0,0.0
BAJFINANCE.NS,2025-09-10,967.9500122070312,967.9500122070312,6836239.0,0.0
BAJFINANCE.NS,2025-09-11,970.25,970.25,5982627.0,0.0
BAJFINANCE.NS,2025-09-12,1003.25,1003.25,11412561.0,0.0
BAJFINANCE.NS,2025-09-15,1009.8499755859375,1009.8499755859375,9989753.0,0.0
BAJFINANCE.NS,2025-09-16,1003.25,1003.25,7602155.0,0.0
BAJFINANCE.NS,2025-09-17,1007.5,1007.5,6995023.0,0.0
BAJFINANCE.NS,2025-09-18,996.5,996.5,9738376.0,0.0
BAJFINANCE.NS,2025-09-19,992.4500122070312,992.4500122070312,6736440.0,0.0
BAJFINANCE.NS,2025-09-22,1006.5,1006.5,4250045.0,0.0
BAJFINANCE.NS,2025-09-23,1025.5,1025.5,10230040.0,0.0
BAJFINANCE.NS,2025-09-24,1029.75,1029.75,6433184.0,0.0
BAJFINANCE.NS,2025-09-25,1012.75,1012.75,16731453.0,0.0
BAJFINANCE.NS,2025-09-26,985.0999755859375,985.0999755859375,9109737.0,0.0
BAJFINANCE.NS,2025-09-29,990.9500122070312,990.9500122070312,5804877.0,0.0
BAJFINANCE.NS,2025-09-30,998.9000244140625,998.9000244140625,7182200.0,0.0
BAJFINANCE.NS,2025-10-01,987.7000122070312,987.7000122070312,6932272.0,0.0
BAJFINANCE.NS,2025-10-03,989.75,989.75,7692197.0,0.0
BAJFINANCE.NS,2025-10-06,1008.9000244140625,1008.9000244140625,9299635.0,0.0
BAJFINANCE.NS,2025-10-07,1016.5499877929688,1016.5499877929688,7991437.0,0.0
BAJFINANCE.NS,2025-10-08,1023.1500244140625,1023.1500244140625,4448915.0,0.0
BAJFINANCE.NS,2025-10-09,1024.0999755859375,1024.0999755859375,4444154.0,0.0
BAJFINANCE.NS,2025-10-10,1023.8499755859375,1023.8499755859375,3714548.0,0.0
BAJFINANCE.NS,2025-10-13,1036.75,1036.75,7684523.0,0.0
BAJFINANCE.NS,2025-10-14,1019.1500244140625,1019.1500244140625,7668358.0,0.0
BAJFINANCE.NS,2025-10-15,1059.9000244140625,1059.9000244140625,10205158.0,0.0
BAJFINANCE.NS,2025-10-16,1065.75,1065.75,9901992.0,0.0
BAJFINANCE.NS,2025-10-17,1070.0999755859375,1070.0999755859375,5761670.0,0.0
BAJFINANCE.NS,2025-10-20,1081.0,1081.0,5700858.0,0.0
BAJFINANCE.NS,2025-10-21,1086.5,1086.5,911624.0,0.0
BAJFINANCE.NS,2025-10-23,1094.1500244140625,1094.1500244140625,11143407.0,0.0
BAJFINANCE.NS,2025-10-24,1089.75,1089.75,6440277.0,0.0
BAJFINANCE.NS,2025-10-27,1084.4000244140625,1084.4000244140625,7366175.0,0.0
BAJFINANCE.NS,2025-10-28,1072.75,1072.75,12324341.0,0.0
BAJFINANCE.NS,2025-10-29,1062.949951171875,1062.949951171875,5386803.0,0.0
BAJFINANCE.NS,2025-10-30,1052.300048828125,1052.300048828125,4271927.0,0.0
BAJFINANCE.NS,2025-10-31,1042.800048828125,1042.800048828125,5315632.0,0.0
BAJFINANCE.NS,2025-11-03,1043.0999755859375,1043.0999755859375,4135617.0,0.0
BAJFINANCE.NS,2025-11-04,1057.0,1057.0,6202540.0,0.0
BAJFINANCE.NS,2025-11-06,1041.9000244140625,1041.9000244140625,5776277.0,0.0
BAJFINANCE.NS,2025-11-07,1066.5999755859375,1066.5999755859375,6940923.0,0.0
BAJFINANCE.NS,2025-11-10,1085.0,1085.0,5692236.0,0.0
BAJFINANCE.NS,2025-11-11,1005.2000122070312,1005.2000122070312,23762890.0,0.0
BAJFINANCE.NS,2025-11-12,1013.2000122070312,1013.2000122070312,11131278.0,0.0
BAJFINANCE.NS,2025-11-13,1005.4000244140625,1005.4000244140625,8503994.0,0.0
BAJFINANCE.NS,2025-11-14,1018.5,1018.5,4381122.0,0.0
BAJFINANCE.NS,2025-11-17,1026.800048828125,1026.800048828125,6011603.0,0.0
BAJFINANCE.NS,2025-11-18,1013.5999755859375,1013.5999755859375,4562185.0,0.0
BAJFINANCE.NS,2025-11-19,1005.5999755859375,1005.5999755859375,5158832.0,0.0
BAJFINANCE.NS,2025-11-20,1028.5999755859375,1028.5999755859375,5459073.0,0.0
BAJFINANCE.NS,2025-11-21,1004.0999755859375,1004.0999755859375,6304584.0,0.0
BAJFINANCE.NS,2025-11-24,994.0,994.0,9574900.0,0.0
BAJFINANCE.NS,2025-11-25,986.2000122070312,986.2000122070312,6376983.0,0.0
BAJFINANCE.NS,2025-11-26,1010.7000122070312,1010.7000122070312,9772235.0,0.0
BAJFINANCE.NS,2025-11-27,1033.800048828125,1033.800048828125,12076038.0,0.0
BAJFINANCE.NS,2025-11-28,1037.5,1037.5,4983147.0,0.0
BAJFINANCE.NS,2025-12-01,1021.0999755859375,1021.0999755859375,6459837.0,0.0
BAJFINANCE.NS,2025-12-02,1025.5,1025.5,6706145.0,0.0
BAJFINANCE.NS,2025-12-03,1021.4000244140625,1021.4000244140625,5895670.0,0.0
BAJFINANCE.NS,2025-12-04,1029.0999755859375,1029.0999755859375,5404918.0,0.0
BAJFINANCE.NS,2025-12-05,1048.0,1048.0,13123572.0,0.0
BAJFINANCE.NS,2025-12-08,1026.4000244140625,1026.4000244140625,5189635.0,0.0
BAJFINANCE.NS,2025-12-09,1016.7000122070312,1016.7000122070312,5968501.0,0.0
BAJFINANCE.NS,2025-12-10,1010.2999877929688,1010.2999877929688,4990527.0,0.0
BAJFINANCE.NS,2025-12-11,1006.4000244140625,1006.4000244140625,4670539.0,0.0
BAJFINANCE.NS,2025-12-12,1017.2999877929688,1017.2999877929688,4381711.0,0.0
BAJFINANCE.NS,2025-12-15,1012.7000122070312,1012.7000122070312,3958977.0,0.0
BAJFINANCE.NS,2025-12-16,998.4000244140625,998.4000244140625,3861617.0,0.0
BAJFINANCE.NS,2025-12-17,999.5999755859375,999.5999755859375,4695550.0,0.0
BAJFINANCE.NS,2025-12-18,1000.2999877929688,1000.2999877929688,3103997.0,0.0
BAJFINANCE.NS,2025-12-19,1008.2999877929688,1008.2999877929688,5126009.0,0.0
BAJFINANCE.NS,2025-12-22,1007.7999877929688,1007.7999877929688,3921237.0,0.0
BAJFINANCE.NS,2025-12-23,1011.4000244140625,1011.4000244140625,4712043.0,0.0
BAJFINANCE.NS,2025-12-24,1011.7000122070312,1011.7000122070312,5984816.0,0.0
BAJFINANCE.NS,2025-12-26,1000.0,1000.0,5211460.0,0.0
BAJFINANCE.NS,2025-12-29,998.0,998.0,6715489.0,0.0
BAJFINANCE.NS,2025-12-30,989.2999877929688,989.2999877929688,7473887.0,0.0
BAJFINANCE.NS,2025-12-31,986.7999877929688,986.7999877929688,9895270.0,0.0
BAJFINANCE.NS,2026-01-01,973.0999755859375,973.0999755859375,7118751.0,0.0
BAJFINANCE.NS,2026-01-02,990.4500122070312,990.4500122070312,6206869.0,0.0
BAJFINANCE.NS,2026-01-05,978.75,978.75,10564157.0,0.0
BAJFINANCE.NS,2026-01-06,977.3499755859375,977.3499755859375,8380183.0,0.0
BAJFINANCE.NS,2026-01-07,968.7999877929688,968.7999877929688,7048491.0,0.0
BAJFINANCE.NS,2026-01-08,971.9500122070312,971.9500122070312,4410256.0,0.0
BAJFINANCE.NS,2026-01-09,959.5999755859375,959.5999755859375,7598970.0,0.0
BAJFINANCE.NS,2026-01-12,951.9000244140625,951.9000244140625,5640136.0,0.0
BAJFINANCE.NS,2026-01-13,949.0,949.0,6765116.0,0.0
BAJFINANCE.NS,2026-01-14,945.9500122070312,945.9500122070312,4452202.0,0.0
BAJFINANCE.NS,2026-01-15,945.9500122070312,945.9500122070312,0.0,0.0
BAJFINANCE.NS,2026-01-16,950.25,950.25,10710080.0,0.0
BAJFINANCE.NS,2026-01-19,969.4500122070312,969.4500122070312,7000442.0,0.0
BAJFINANCE.NS,2026-01-20,933.2000122070312,933.2000122070312,9001207.0,0.0
BAJFINANCE.NS,2026-01-21,936.25,936.25,5375254.0,0.0
BAJFINANCE.NS,2026-01-22,942.8499755859375,942.8499755859375,5518756.0,0.0
BAJFINANCE.NS,2026-01-23,927.8499755859375,927.8499755859375,6535035.0,0.0
BAJFINANCE.NS,2026-01-27,914.7000122070312,914.7000122070312,15312488.0,0.0
BAJFINANCE.NS,2026-01-28,935.1500244140625,935.1500244140625,6046468.0,0.0
BAJFINANCE.NS,2026-01-29,935.1500244140625,935.1500244140625,6430445.0,0.0
BAJFINANCE.NS,2026-01-30,929.8499755859375,929.8499755859375,10151379.0,0.0
BAJFINANCE.NS,2026-02-02,903.7000122070312,903.7000122070312,11874989.0,0.0
BAJFINANCE.NS,2026-02-03,964.4000244140625,964.4000244140625,15261370.0,0.0
BAJFINANCE.NS,2026-02-04,963.2999877929688,963.2999877929688,17489015.0,0.0
BAJFINANCE.NS,2026-02-05,964.75,964.75,6020258.0,0.0
BAJFINANCE.NS,2026-02-06,981.7000122070312,981.7000122070312,13742927.0,0.0
BAJFINANCE.NS,2026-02-09,983.1500244140625,983.1500244140625,4852548.0,0.0
BAJFINANCE.NS,2026-02-10,965.5999755859375,965.5999755859375,6166752.0,0.0
BAJFINANCE.NS,2026-02-11,968.9500122070312,968.9500122070312,3597088.0,0.0
BAJAJFINSV.NS,2025-02-11,1744.8499755859375,1744.000244140625,1944713.0,0.0
BAJAJFINSV.NS,2025-02-12,1788.699951171875,1787.828857421875,1888823.0,0.0
BAJAJFINSV.NS,2025-02-13,1849.25,1848.3494873046875,4070038.0,0.0
BAJAJFINSV.NS,2025-02-14,1841.300048828125,1840.4034423828125,1823774.0,0.0
BAJAJFINSV.NS,2025-02-17,1894.8499755859375,1893.92724609375,3022597.0,0.0
BAJAJFINSV.NS,2025-02-18,1893.699951171875,1892.77783203125,2116513.0,0.0
BAJAJFINSV.NS,2025-02-19,1875.3499755859375,1874.436767578125,768994.0,0.0
BAJAJFINSV.NS,2025-02-20,1881.25,1880.3338623046875,1012144.0,0.0
BAJAJFINSV.NS,2025-02-21,1879.3499755859375,1878.434814453125,852037.0,0.0
BAJAJFINSV.NS,2025-02-24,1857.800048828125,1856.8953857421875,1076484.0,0.0
BAJAJFINSV.NS,2025-02-25,1875.0999755859375,1874.1868896484375,1761019.0,0.0
BAJAJFINSV.NS,2025-02-27,1925.550048828125,1924.6123046875,2878330.0,0.0
BAJAJFINSV.NS,2025-02-28,1872.300048828125,1871.3883056640625,1797567.0,0.0
BAJAJFINSV.NS,2025-03-03,1838.550048828125,1837.65478515625,1046987.0,0.0
BAJAJFINSV.NS,2025-03-04,1790.300048828125,1789.42822265625,1443339.0,0.0
BAJAJFINSV.NS,2025-03-05,1801.800048828125,1800.922607421875,2143253.0,0.0
BAJAJFINSV.NS,2025-03-06,1845.449951171875,1844.55126953125,2176883.0,0.0
BAJAJFINSV.NS,2025-03-07,1845.300048828125,1844.4014892578125,1332323.0,0.0
BAJAJFINSV.NS,2025-03-10,1840.3499755859375,1839.4537353515625,1703046.0,0.0
BAJAJFINSV.NS,2025-03-11,1805.4000244140625,1804.5208740234375,2298735.0,0.0
BAJAJFINSV.NS,2025-03-12,1819.449951171875,1818.56396484375,1196955.0,0.0
BAJAJFINSV.NS,2025-03-13,1807.449951171875,1806.56982421875,1333932.0,0.0
BAJAJFINSV.NS,2025-03-17,1871.5999755859375,1870.6885986328125,6994837.0,0.0
BAJAJFINSV.NS,2025-03-18,1871.5999755859375,1870.6885986328125,0.0,0.0
BAJAJFINSV.NS,2025-03-19,1842.25,1841.3529052734375,2411880.0,0.0
BAJAJFINSV.NS,2025-03-20,1851.8499755859375,1850.9481201171875,2306910.0,0.0
BAJAJFINSV.NS,2025-03-21,1847.25,1846.3504638671875,3537391.0,0.0
BAJAJFINSV.NS,2025-03-24,1894.1500244140625,1893.2276611328125,1864839.0,0.0
BAJAJFINSV.NS,2025-03-25,1945.050048828125,1944.1029052734375,3512725.0,0.0
BAJAJFINSV.NS,2025-03-26,1943.4000244140625,1942.45361328125,2779682.0,0.0
BAJAJFINSV.NS,2025-03-27,2005.75,2004.7733154296875,4506778.0,0.0
BAJAJFINSV.NS,2025-03-28,2007.3499755859375,2006.3724365234375,1907116.0,0.0
BAJAJFINSV.NS,2025-04-01,1937.0999755859375,1936.1566162109375,2125921.0,0.0
BAJAJFINSV.NS,2025-04-02,1930.949951171875,1930.0096435546875,1057344.0,0.0
BAJAJFINSV.NS,2025-04-03,1920.449951171875,1919.5147705078125,1598430.0,0.0
BAJAJFINSV.NS,2025-04-04,1912.300048828125,1911.3687744140625,2120708.0,0.0
BAJAJFINSV.NS,2025-04-07,1852.6500244140625,1851.747802734375,2594074.0,0.0
BAJAJFINSV.NS,2025-04-08,1903.199951171875,1902.273193359375,3182018.0,0.0
BAJAJFINSV.NS,2025-04-09,1895.699951171875,1894.77685546875,1394829.0,0.0
BAJAJFINSV.NS,2025-04-11,1946.300048828125,1945.352294921875,1880510.0,0.0
BAJAJFINSV.NS,2025-04-15,1968.0,1967.0416259765625,1250872.0,0.0
BAJAJFINSV.NS,2025-04-16,1969.199951171875,1968.240966796875,1033717.0,0.0
BAJAJFINSV.NS,2025-04-17,2035.300048828125,2034.3089599609375,2104540.0,0.0
BAJAJFINSV.NS,2025-04-21,2103.5,2102.4755859375,2642028.0,0.0
BAJAJFINSV.NS,2025-04-22,2077.0,2075.988525390625,1447675.0,0.0
BAJAJFINSV.NS,2025-04-23,2100.800048828125,2099.777099609375,1483177.0,0.0
BAJAJFINSV.NS,2025-04-24,2105.0,2103.974853515625,1465968.0,0.0
BAJAJFINSV.NS,2025-04-25,2045.5,2044.50390625,1960343.0,0.0
BAJAJFINSV.NS,2025-04-28,2049.699951171875,2048.701904296875,6311008.0,0.0
BAJAJFINSV.NS,2025-04-29,2066.89990234375,2065.893310546875,2119823.0,0.0
BAJAJFINSV.NS,2025-04-30,1951.5999755859375,1950.649658203125,4684518.0,0.0
BAJAJFINSV.NS,2025-05-02,1966.699951171875,1965.7421875,1949238.0,0.0
BAJAJFINSV.NS,2025-05-05,2026.199951171875,2025.2132568359375,2072898.0,0.0
BAJAJFINSV.NS,2025-05-06,2035.800048828125,2034.8087158203125,1698230.0,0.0
BAJAJFINSV.NS,2025-05-07,2030.300048828125,2029.3114013671875,1078158.0,0.0
BAJAJFINSV.NS,2025-05-08,2006.0,2005.023193359375,1697652.0,0.0
BAJAJFINSV.NS,2025-05-09,1970.0,1969.0406494140625,1207361.0,0.0
BAJAJFINSV.NS,2025-05-12,2050.39990234375,2049.4013671875,1057561.0,0.0
BAJAJFINSV.NS,2025-05-13,2018.199951171875,2017.2171630859375,2217985.0,0.0
BAJAJFINSV.NS,2025-05-14,2020.4000244140625,2019.4161376953125,1670853.0,0.0
BAJAJFINSV.NS,2025-05-15,2041.9000244140625,2040.9056396484375,2640223.0,0.0
BAJAJFINSV.NS,2025-05-16,2033.5999755859375,2032.609619140625,1568556.0,0.0
BAJAJFINSV.NS,2025-05-19,2038.300048828125,2037.3074951171875,1379603.0,0.0
BAJAJFINSV.NS,2025-05-20,2005.0999755859375,2004.12353515625,2170575.0,0.0
BAJAJFINSV.NS,2025-05-21,2037.300048828125,2036.3079833984375,1291354.0,0.0
BAJAJFINSV.NS,2025-05-22,2001.0,2000.0255126953125,1178160.0,0.0
BAJAJFINSV.NS,2025-05-23,2036.5,2035.50830078125,1085026.0,0.0
BAJAJFINSV.NS,2025-05-26,2052.60009765625,2051.6005859375,714431.0,0.0
BAJAJFINSV.NS,2025-05-27,2029.9000244140625,2028.9114990234375,1175928.0,0.0
BAJAJFINSV.NS,2025-05-28,2022.4000244140625,2021.4151611328125,415312.0,0.0
BAJAJFINSV.NS,2025-05-29,2010.9000244140625,2009.9207763671875,874950.0,0.0
BAJAJFINSV.NS,2025-05-30,2017.4000244140625,2016.4176025390625,2144136.0,0.0
BAJAJFINSV.NS,2025-06-02,2029.0,2028.011962890625,1339043.0,0.0
BAJAJFINSV.NS,2025-06-03,1991.9000244140625,1990.9300537109375,1522876.0,0.0
BAJAJFINSV.NS,2025-06-04,1956.0999755859375,1955.1474609375,1169875.0,0.0
BAJAJFINSV.NS,2025-06-05,1944.0,1943.0533447265625,1808602.0,0.0
BAJAJFINSV.NS,2025-06-06,1990.0,1989.0308837890625,6970191.0,0.0
BAJAJFINSV.NS,2025-06-09,2017.4000244140625,2016.4176025390625,4221378.0,0.0
BAJAJFINSV.NS,2025-06-10,1998.0999755859375,1997.126953125,3306765.0,0.0
BAJAJFINSV.NS,2025-06-11,2012.9000244140625,2011.9197998046875,2245988.0,0.0
BAJAJFINSV.NS,2025-06-12,2028.800048828125,2027.8121337890625,3783347.0,0.0
BAJAJFINSV.NS,2025-06-13,2011.0,2010.020751953125,1418715.0,0.0
BAJAJFINSV.NS,2025-06-16,2028.199951171875,2027.2122802734375,1645983.0,0.0
BAJAJFINSV.NS,2025-06-17,2003.300048828125,2002.324462890625,1220096.0,0.0
BAJAJFINSV.NS,2025-06-18,1981.4000244140625,1980.4351806640625,1401356.0,0.0
BAJAJFINSV.NS,2025-06-19,1967.5999755859375,1966.641845703125,745887.0,0.0
BAJAJFINSV.NS,2025-06-20,1986.199951171875,1985.2327880859375,1931248.0,0.0
BAJAJFINSV.NS,2025-06-23,1997.5999755859375,1996.627197265625,1125629.0,0.0
BAJAJFINSV.NS,2025-06-24,2009.199951171875,2008.2215576171875,1717823.0,0.0
BAJAJFINSV.NS,2025-06-25,2011.800048828125,2010.8203125,998245.0,0.0
BAJAJFINSV.NS,2025-06-26,2053.60009765625,2052.60009765625,1828277.0,0.0
BAJAJFINSV.NS,2025-06-27,2044.0,2044.0,6315182.0,0.0
BAJAJFINSV.NS,2025-06-30,2056.0,2056.0,1363779.0,0.0
BAJAJFINSV.NS,2025-07-01,2053.800048828125,2053.800048828125,1002015.0,0.0
BAJAJFINSV.NS,2025-07-02,2007.9000244140625,2007.9000244140625,1204931.0,0.0
BAJAJFINSV.NS,2025-07-03,1980.699951171875,1980.699951171875,1133593.0,0.0
BAJAJFINSV.NS,2025-07-04,1994.4000244140625,1994.4000244140625,1509178.0,0.0
BAJAJFINSV.NS,2025-07-07,2006.4000244140625,2006.4000244140625,861699.0,0.0
BAJAJFINSV.NS,2025-07-08,2018.300048828125,2018.300048828125,986803.0,0.0
BAJAJFINSV.NS,2025-07-09,2026.4000244140625,2026.4000244140625,1161769.0,0.0
BAJAJFINSV.NS,2025-07-10,2039.4000244140625,2039.4000244140625,1230564.0,0.0
BAJAJFINSV.NS,2025-07-11,2017.199951171875,2017.199951171875,1145529.0,0.0
BAJAJFINSV.NS,2025-07-14,2003.5999755859375,2003.5999755859375,605261.0,0.0
BAJAJFINSV.NS,2025-07-15,2036.5,2036.5,888117.0,0.0
BAJAJFINSV.NS,2025-07-16,2036.0,2036.0,633132.0,0.0
BAJAJFINSV.NS,2025-07-17,2026.5,2026.5,458912.0,0.0
BAJAJFINSV.NS,2025-07-18,2029.5999755859375,2029.5999755859375,995783.0,0.0
BAJAJFINSV.NS,2025-07-21,2053.89990234375,2053.89990234375,999643.0,0.0
BAJAJFINSV.NS,2025-07-22,2039.5999755859375,2039.5999755859375,1214275.0,0.0
BAJAJFINSV.NS,2025-07-23,2060.5,2060.5,878101.0,0.0
BAJAJFINSV.NS,2025-07-24,2032.300048828125,2032.300048828125,658995.0,0.0
BAJAJFINSV.NS,2025-07-25,1985.800048828125,1985.800048828125,4102292.0,0.0
BAJAJFINSV.NS,2025-07-28,1977.800048828125,1977.800048828125,1469727.0,0.0
BAJAJFINSV.NS,2025-07-29,1972.5999755859375,1972.5999755859375,847965.0,0.0
BAJAJFINSV.NS,2025-07-30,1959.800048828125,1959.800048828125,932988.0,0.0
BAJAJFINSV.NS,2025-07-31,1948.0,1948.0,985553.0,0.0
BAJAJFINSV.NS,2025-08-01,1916.300048828125,1916.300048828125,836974.0,0.0
BAJAJFINSV.NS,2025-08-04,1933.5999755859375,1933.5999755859375,982532.0,0.0
BAJAJFINSV.NS,2025-08-05,1939.4000244140625,1939.4000244140625,1101680.0,0.0
BAJAJFINSV.NS,2025-08-06,1924.0,1924.0,875588.0,0.0
BAJAJFINSV.NS,2025-08-07,1914.0,1914.0,905353.0,0.0
BAJAJFINSV.NS,2025-08-08,1919.199951171875,1919.199951171875,507893.0,0.0
BAJAJFINSV.NS,2025-08-11,1922.800048828125,1922.800048828125,1489228.0,0.0
BAJAJFINSV.NS,2025-08-12,1908.0,1908.0,899579.0,0.0
BAJAJFINSV.NS,2025-08-13,1914.4000244140625,1914.4000244140625,710014.0,0.0
BAJAJFINSV.NS,2025-08-14,1925.0999755859375,1925.0999755859375,765742.0,0.0
BAJAJFINSV.NS,2025-08-18,1993.5,1993.5,1473915.0,0.0
BAJAJFINSV.NS,2025-08-19,1972.199951171875,1972.199951171875,1389770.0,0.0
BAJAJFINSV.NS,2025-08-20,1958.5,1958.5,1461680.0,0.0
BAJAJFINSV.NS,2025-08-21,1980.0,1980.0,2346236.0,0.0
BAJAJFINSV.NS,2025-08-22,1965.9000244140625,1965.9000244140625,709444.0,0.0
BAJAJFINSV.NS,2025-08-25,1963.800048828125,1963.800048828125,869509.0,0.0
BAJAJFINSV.NS,2025-08-26,1924.199951171875,1924.199951171875,1179819.0,0.0
BAJAJFINSV.NS,2025-08-28,1917.5999755859375,1917.5999755859375,985012.0,0.0
BAJAJFINSV.NS,2025-08-29,1913.5,1913.5,735268.0,0.0
BAJAJFINSV.NS,2025-09-01,1943.5,1943.5,590079.0,0.0
BAJAJFINSV.NS,2025-09-02,1955.9000244140625,1955.9000244140625,907972.0,0.0
BAJAJFINSV.NS,2025-09-03,1966.0999755859375,1966.0999755859375,934230.0,0.0
BAJAJFINSV.NS,2025-09-04,2002.199951171875,2002.199951171875,2459026.0,0.0
BAJAJFINSV.NS,2025-09-05,2014.4000244140625,2014.4000244140625,1077230.0,0.0
BAJAJFINSV.NS,2025-09-08,2008.4000244140625,2008.4000244140625,338055.0,0.0
BAJAJFINSV.NS,2025-09-09,2025.300048828125,2025.300048828125,1240640.0,0.0
BAJAJFINSV.NS,2025-09-10,2038.199951171875,2038.199951171875,927634.0,0.0
BAJAJFINSV.NS,2025-09-11,2037.800048828125,2037.800048828125,720797.0,0.0
BAJAJFINSV.NS,2025-09-12,2081.5,2081.5,1546838.0,0.0
BAJAJFINSV.NS,2025-09-15,2080.0,2080.0,1014957.0,0.0
BAJAJFINSV.NS,2025-09-16,2080.300048828125,2080.300048828125,928203.0,0.0
BAJAJFINSV.NS,2025-09-17,2057.0,2057.0,1199866.0,0.0
BAJAJFINSV.NS,2025-09-18,2069.199951171875,2069.199951171875,904666.0,0.0
BAJAJFINSV.NS,2025-09-19,2067.300048828125,2067.300048828125,1973991.0,0.0
BAJAJFINSV.NS,2025-09-22,2069.5,2069.5,633360.0,0.0
BAJAJFINSV.NS,2025-09-23,2084.39990234375,2084.39990234375,1177350.0,0.0
BAJAJFINSV.NS,2025-09-24,2069.199951171875,2069.199951171875,602541.0,0.0
BAJAJFINSV.NS,2025-09-25,2035.5999755859375,2035.5999755859375,952122.0,0.0
BAJAJFINSV.NS,2025-09-26,2003.199951171875,2003.199951171875,754739.0,0.0
BAJAJFINSV.NS,2025-09-29,2024.699951171875,2024.699951171875,2005041.0,0.0
BAJAJFINSV.NS,2025-09-30,2006.4000244140625,2006.4000244140625,924425.0,0.0
BAJAJFINSV.NS,2025-10-01,2007.0,2007.0,683568.0,0.0
BAJAJFINSV.NS,2025-10-03,2000.9000244140625,2000.9000244140625,789048.0,0.0
BAJAJFINSV.NS,2025-10-06,2033.199951171875,2033.199951171875,821515.0,0.0
BAJAJFINSV.NS,2025-10-07,2032.5999755859375,2032.5999755859375,641471.0,0.0
BAJAJFINSV.NS,2025-10-08,2013.5999755859375,2013.5999755859375,369526.0,0.0
BAJAJFINSV.NS,2025-10-09,2014.5999755859375,2014.5999755859375,437357.0,0.0
BAJAJFINSV.NS,2025-10-10,2004.300048828125,2004.300048828125,772401.0,0.0
BAJAJFINSV.NS,2025-10-13,2020.4000244140625,2020.4000244140625,1013809.0,0.0
BAJAJFINSV.NS,2025-10-14,2019.4000244140625,2019.4000244140625,668246.0,0.0
BAJAJFINSV.NS,2025-10-15,2084.10009765625,2084.10009765625,1497249.0,0.0
BAJAJFINSV.NS,2025-10-16,2090.199951171875,2090.199951171875,1424932.0,0.0
BAJAJFINSV.NS,2025-10-17,2083.699951171875,2083.699951171875,609393.0,0.0
BAJAJFINSV.NS,2025-10-20,2139.800048828125,2139.800048828125,1844869.0,0.0
BAJAJFINSV.NS,2025-10-21,2169.10009765625,2169.10009765625,367784.0,0.0
BAJAJFINSV.NS,2025-10-23,2176.60009765625,2176.60009765625,1291839.0,0.0
BAJAJFINSV.NS,2025-10-24,2159.5,2159.5,517200.0,0.0
BAJAJFINSV.NS,2025-10-27,2170.199951171875,2170.199951171875,433573.0,0.0
BAJAJFINSV.NS,2025-10-28,2140.199951171875,2140.199951171875,1200996.0,0.0
BAJAJFINSV.NS,2025-10-29,2137.0,2137.0,343434.0,0.0
BAJAJFINSV.NS,2025-10-30,2114.60009765625,2114.60009765625,488305.0,0.0
BAJAJFINSV.NS,2025-10-31,2088.300048828125,2088.300048828125,586237.0,0.0
BAJAJFINSV.NS,2025-11-03,2081.60009765625,2081.60009765625,546962.0,0.0
BAJAJFINSV.NS,2025-11-04,2073.199951171875,2073.199951171875,610128.0,0.0
BAJAJFINSV.NS,2025-11-06,2063.199951171875,2063.199951171875,1175380.0,0.0
BAJAJFINSV.NS,2025-11-07,2102.10009765625,2102.10009765625,839091.0,0.0
BAJAJFINSV.NS,2025-11-10,2118.300048828125,2118.300048828125,985115.0,0.0
BAJAJFINSV.NS,2025-11-11,1989.4000244140625,1989.4000244140625,4943745.0,0.0
BAJAJFINSV.NS,2025-11-12,2035.5,2035.5,2396251.0,0.0
BAJAJFINSV.NS,2025-11-13,2056.199951171875,2056.199951171875,1839900.0,0.0
BAJAJFINSV.NS,2025-11-14,2065.800048828125,2065.800048828125,1433249.0,0.0
BAJAJFINSV.NS,2025-11-17,2079.60009765625,2079.60009765625,817576.0,0.0
BAJAJFINSV.NS,2025-11-18,2050.199951171875,2050.199951171875,734236.0,0.0
BAJAJFINSV.NS,2025-11-19,2050.199951171875,2050.199951171875,704802.0,0.0
BAJAJFINSV.NS,2025-11-20,2095.60009765625,2095.60009765625,1576354.0,0.0
BAJAJFINSV.NS,2025-11-21,2052.39990234375,2052.39990234375,1019782.0,0.0
BAJAJFINSV.NS,2025-11-24,2030.800048828125,2030.800048828125,1422874.0,0.0
BAJAJFINSV.NS,2025-11-25,2030.199951171875,2030.199951171875,688300.0,0.0
BAJAJFINSV.NS,2025-11-26,2085.10009765625,2085.10009765625,928388.0,0.0
BAJAJFINSV.NS,2025-11-27,2103.199951171875,2103.199951171875,1125896.0,0.0
BAJAJFINSV.NS,2025-11-28,2094.0,2094.0,590610.0,0.0
BAJAJFINSV.NS,2025-12-01,2081.800048828125,2081.800048828125,533604.0,0.0
BAJAJFINSV.NS,2025-12-02,2065.89990234375,2065.89990234375,682583.0,0.0
BAJAJFINSV.NS,2025-12-03,2046.0,2046.0,785536.0,0.0
BAJAJFINSV.NS,2025-12-04,2049.199951171875,2049.199951171875,758590.0,0.0
BAJAJFINSV.NS,2025-12-05,2096.5,2096.5,1742156.0,0.0
BAJAJFINSV.NS,2025-12-08,2059.199951171875,2059.199951171875,904146.0,0.0
BAJAJFINSV.NS,2025-12-09,2069.5,2069.5,1176704.0,0.0
BAJAJFINSV.NS,2025-12-10,2065.800048828125,2065.800048828125,937777.0,0.0
BAJAJFINSV.NS,2025-12-11,2065.800048828125,2065.800048828125,624077.0,0.0
BAJAJFINSV.NS,2025-12-12,2083.10009765625,2083.10009765625,554885.0,0.0
BAJAJFINSV.NS,2025-12-15,2070.5,2070.5,483403.0,0.0
BAJAJFINSV.NS,2025-12-16,2035.199951171875,2035.199951171875,506106.0,0.0
BAJAJFINSV.NS,2025-12-17,2021.199951171875,2021.199951171875,398342.0,0.0
BAJAJFINSV.NS,2025-12-18,2026.300048828125,2026.300048828125,438810.0,0.0
BAJAJFINSV.NS,2025-12-19,2043.800048828125,2043.800048828125,1104767.0,0.0
BAJAJFINSV.NS,2025-12-22,2049.800048828125,2049.800048828125,1038998.0,0.0
BAJAJFINSV.NS,2025-12-23,2047.5999755859375,2047.5999755859375,677615.0,0.0
BAJAJFINSV.NS,2025-12-24,2035.699951171875,2035.699951171875,1344198.0,0.0
BAJAJFINSV.NS,2025-12-26,2017.5999755859375,2017.5999755859375,1755050.0,0.0
BAJAJFINSV.NS,2025-12-29,2012.0999755859375,2012.0999755859375,1415166.0,0.0
BAJAJFINSV.NS,2025-12-30,2026.4000244140625,2026.4000244140625,5450560.0,0.0
BAJAJFINSV.NS,2025-12-31,2039.9000244140625,2039.9000244140625,1377422.0,0.0
BAJAJFINSV.NS,2026-01-01,2037.0,2037.0,270917.0,0.0
BAJAJFINSV.NS,2026-01-02,2038.4000244140625,2038.4000244140625,893818.0,0.0
BAJAJFINSV.NS,2026-01-05,2039.199951171875,2039.199951171875,656058.0,0.0
BAJAJFINSV.NS,2026-01-06,2044.5999755859375,2044.5999755859375,1236924.0,0.0
BAJAJFINSV.NS,2026-01-07,2031.9000244140625,2031.9000244140625,653557.0,0.0
BAJAJFINSV.NS,2026-01-08,2008.9000244140625,2008.9000244140625,756940.0,0.0
BAJAJFINSV.NS,2026-01-09,1992.4000244140625,1992.4000244140625,1143760.0,0.0
BAJAJFINSV.NS,2026-01-12,1998.9000244140625,1998.9000244140625,996702.0,0.0
BAJAJFINSV.NS,2026-01-13,2011.199951171875,2011.199951171875,1216677.0,0.0
BAJAJFINSV.NS,2026-01-14,2000.9000244140625,2000.9000244140625,1062849.0,0.0
BAJAJFINSV.NS,2026-01-15,2000.9000244140625,2000.9000244140625,0.0,0.0
BAJAJFINSV.NS,2026-01-16,2002.5,2002.5,1177279.0,0.0
BAJAJFINSV.NS,2026-01-19,2017.800048828125,2017.800048828125,587791.0,0.0
BAJAJFINSV.NS,2026-01-20,1958.699951171875,1958.699951171875,1572563.0,0.0
BAJAJFINSV.NS,2026-01-21,1959.9000244140625,1959.9000244140625,894555.0,0.0
BAJAJFINSV.NS,2026-01-22,1993.0999755859375,1993.0999755859375,1067186.0,0.0
BAJAJFINSV.NS,2026-01-23,1949.0,1949.0,1046873.0,0.0
BAJAJFINSV.NS,2026-01-27,1917.699951171875,1917.699951171875,4700126.0,0.0
BAJAJFINSV.NS,2026-01-28,1940.300048828125,1940.300048828125,1605973.0,0.0
BAJAJFINSV.NS,2026-01-29,1948.0999755859375,1948.0999755859375,884350.0,0.0
BAJAJFINSV.NS,2026-01-30,1952.5999755859375,1952.5999755859375,1342205.0,0.0
BAJAJFINSV.NS,2026-02-02,1930.0999755859375,1930.0999755859375,1183196.0,0.0
BAJAJFINSV.NS,2026-02-03,2012.699951171875,2012.699951171875,1358926.0,0.0
BAJAJFINSV.NS,2026-02-04,2019.5999755859375,2019.5999755859375,1078917.0,0.0
BAJAJFINSV.NS,2026-02-05,2000.0999755859375,2000.0999755859375,857399.0,0.0
BAJAJFINSV.NS,2026-02-06,2024.199951171875,2024.199951171875,1257237.0,0.0
BAJAJFINSV.NS,2026-02-09,2024.5999755859375,2024.5999755859375,431032.0,0.0
BAJAJFINSV.NS,2026-02-10,2027.9000244140625,2027.9000244140625,717899.0,0.0
BAJAJFINSV.NS,2026-02-11,2027.0,2027.0,538667.0,0.0
BEL.NS,2025-02-11,265.04998779296875,262.9800109863281,23839025.0,0.0
BEL.NS,2025-02-12,259.1499938964844,257.1260986328125,27997028.0,0.0
BEL.NS,2025-02-13,261.54998779296875,259.5073547363281,18016813.0,0.0
BEL.NS,2025-02-14,250.35000610351562,248.39483642578125,25683310.0,0.0
BEL.NS,2025-02-17,248.5,246.5592803955078,24947159.0,0.0
BEL.NS,2025-02-18,244.60000610351562,242.68972778320312,21180375.0,0.0
BEL.NS,2025-02-19,253.39999389648438,251.42098999023438,21516255.0,0.0
BEL.NS,2025-02-20,260.25,258.2174987792969,18922988.0,0.0
BEL.NS,2025-02-21,256.1000061035156,254.0999298095703,16594628.0,0.0
BEL.NS,2025-02-24,256.3500061035156,254.3479766845703,15409569.0,0.0
BEL.NS,2025-02-25,256.6499938964844,254.64561462402344,14770656.0,0.0
BEL.NS,2025-02-27,252.4499969482422,250.47840881347656,11087361.0,0.0
BEL.NS,2025-02-28,246.25,244.32684326171875,17754591.0,0.0
BEL.NS,2025-03-03,257.3900146484375,255.37985229492188,24644079.0,0.0
BEL.NS,2025-03-04,264.7099914550781,262.6426696777344,24998454.0,0.0
BEL.NS,2025-03-05,274.9200134277344,272.7729797363281,28499877.0,0.0
BEL.NS,2025-03-06,272.95001220703125,270.8183288574219,22586087.0,0.0
BEL.NS,2025-03-07,276.989990234375,274.8267822265625,25542382.0,0.0
BEL.NS,2025-03-10,272.3299865722656,270.2031555175781,20986855.0,0.0
BEL.NS,2025-03-11,277.17999267578125,276.5384521484375,20980143.0,0.0
BEL.NS,2025-03-12,276.8299865722656,276.18927001953125,15308721.0,0.0
BEL.NS,2025-03-13,280.07000732421875,279.4217834472656,38015489.0,0.0
BEL.NS,2025-03-17,279.92999267578125,279.2821044921875,13883681.0,0.0
BEL.NS,2025-03-18,279.92999267578125,279.2821044921875,0.0,0.0
BEL.NS,2025-03-19,290.0,289.32879638671875,21095205.0,0.0
BEL.NS,2025-03-20,297.04998779296875,296.3624572753906,27889890.0,0.0
BEL.NS,2025-03-21,295.739990234375,295.0555114746094,41751586.0,0.0
BEL.NS,2025-03-24,302.1000061035156,301.4007873535156,29935092.0,0.0
BEL.NS,2025-03-25,300.0299987792969,299.3355712890625,19364944.0,0.0
BEL.NS,2025-03-26,299.5400085449219,298.8467102050781,23869923.0,0.0
BEL.NS,2025-03-27,300.6499938964844,299.9541320800781,14453677.0,0.0
BEL.NS,2025-03-28,301.32000732421875,300.6225891113281,20850848.0,0.0
BEL.NS,2025-04-01,292.0,291.32415771484375,33171384.0,0.0
BEL.NS,2025-04-02,282.3999938964844,281.7463684082031,52653587.0,0.0
BEL.NS,2025-04-03,287.5,286.8345642089844,20968721.0,0.0
BEL.NS,2025-04-04,280.0,279.3519287109375,19699594.0,0.0
BEL.NS,2025-04-07,272.1000061035156,271.47021484375,24954083.0,0.0
BEL.NS,2025-04-08,281.45001220703125,280.798583984375,26787606.0,0.0
BEL.NS,2025-04-09,280.1499938964844,279.5015869140625,11389916.0,0.0
BEL.NS,2025-04-11,285.0,284.3403625488281,13883110.0,0.0
BEL.NS,2025-04-15,293.70001220703125,293.0202331542969,19512440.0,0.0
BEL.NS,2025-04-16,293.6000061035156,292.92047119140625,12479078.0,0.0
BEL.NS,2025-04-17,295.1499938964844,294.46685791015625,13609937.0,0.0
BEL.NS,2025-04-21,299.95001220703125,299.2557678222656,14064356.0,0.0
BEL.NS,2025-04-22,303.3500061035156,302.64788818359375,11962358.0,0.0
BEL.NS,2025-04-23,305.8500061035156,305.1421203613281,21918666.0,0.0
BEL.NS,2025-04-24,305.70001220703125,304.9924621582031,17241517.0,0.0
BEL.NS,2025-04-25,297.6000061035156,296.91119384765625,20307004.0,0.0
BEL.NS,2025-04-28,305.04998779296875,304.34393310546875,29913417.0,0.0
BEL.NS,2025-04-29,317.1000061035156,316.3660888671875,57882724.0,0.0
BEL.NS,2025-04-30,314.1000061035156,313.3730163574219,24863436.0,0.0
BEL.NS,2025-05-02,311.1499938964844,310.4298400878906,15451259.0,0.0
BEL.NS,2025-05-05,315.29998779296875,314.5702209472656,10955241.0,0.0
BEL.NS,2025-05-06,310.5,309.7813415527344,17029890.0,0.0
BEL.NS,2025-05-07,309.95001220703125,309.2326354980469,19274367.0,0.0
BEL.NS,2025-05-08,307.1499938964844,306.4390869140625,17110997.0,0.0
BEL.NS,2025-05-09,315.8500061035156,315.11895751953125,44244945.0,0.0
BEL.NS,2025-05-12,322.79998779296875,322.0528564453125,39927141.0,0.0
BEL.NS,2025-05-13,335.75,334.972900390625,57985762.0,0.0
BEL.NS,2025-05-14,344.3500061035156,343.5530090332031,43684324.0,0.0
BEL.NS,2025-05-15,350.3999938964844,349.5889892578125,35959338.0,0.0
BEL.NS,2025-05-16,363.8999938964844,363.0577392578125,68855818.0,0.0
BEL.NS,2025-05-19,363.75,362.9081115722656,52003735.0,0.0
BEL.NS,2025-05-20,363.79998779296875,362.9579772949219,67088831.0,0.0
BEL.NS,2025-05-21,383.0,382.1135559082031,88688170.0,0.0
BEL.NS,2025-05-22,383.3999938964844,382.5126037597656,43486783.0,0.0
BEL.NS,2025-05-23,383.79998779296875,382.91168212890625,37666187.0,0.0
BEL.NS,2025-05-26,384.54998779296875,383.6599426269531,26722908.0,0.0
BEL.NS,2025-05-27,385.3999938964844,384.50799560546875,16859142.0,0.0
BEL.NS,2025-05-28,390.45001220703125,389.54632568359375,27549144.0,0.0
BEL.NS,2025-05-29,386.79998779296875,385.90472412109375,18562683.0,0.0
BEL.NS,2025-05-30,384.6000061035156,383.7098388671875,23144580.0,0.0
BEL.NS,2025-06-02,387.5,386.6031188964844,11943152.0,0.0
BEL.NS,2025-06-03,386.0,385.1065979003906,18630318.0,0.0
BEL.NS,2025-06-04,390.6000061035156,389.6959533691406,20648850.0,0.0
BEL.NS,2025-06-05,393.5,392.5892333984375,20746844.0,0.0
BEL.NS,2025-06-06,390.70001220703125,389.7957458496094,17366507.0,0.0
BEL.NS,2025-06-09,392.45001220703125,391.54168701171875,13744521.0,0.0
BEL.NS,2025-06-10,397.3999938964844,396.4801940917969,26456073.0,0.0
BEL.NS,2025-06-11,392.8999938964844,391.9906311035156,18042738.0,0.0
BEL.NS,2025-06-12,387.3999938964844,386.50335693359375,15555771.0,0.0
BEL.NS,2025-06-13,394.20001220703125,393.2876281738281,35564550.0,0.0
BEL.NS,2025-06-16,403.8500061035156,402.915283203125,32061745.0,0.0
BEL.NS,2025-06-17,401.75,400.8201599121094,24371681.0,0.0
BEL.NS,2025-06-18,400.5,399.5730285644531,18879759.0,0.0
BEL.NS,2025-06-19,398.54998779296875,397.6275329589844,18220823.0,0.0
BEL.NS,2025-06-20,408.25,407.30511474609375,122552435.0,0.0
BEL.NS,2025-06-23,420.8999938964844,419.9258117675781,43017721.0,0.0
BEL.NS,2025-06-24,418.5,417.5313720703125,33807025.0,0.0
BEL.NS,2025-06-25,406.04998779296875,405.11016845703125,29028317.0,0.0
BEL.NS,2025-06-26,410.1000061035156,409.15081787109375,25730795.0,0.0
BEL.NS,2025-06-27,414.5,413.5406494140625,41398277.0,0.0
BEL.NS,2025-06-30,421.5,420.5244445800781,20350621.0,0.0
BEL.NS,2025-07-01,432.25,431.2495422363281,35405785.0,0.0
BEL.NS,2025-07-02,426.95001220703125,425.9618225097656,22843521.0,0.0
BEL.NS,2025-07-03,426.25,425.263427734375,13499244.0,0.0
BEL.NS,2025-07-04,427.54998779296875,426.5604248046875,16618426.0,0.0
BEL.NS,2025-07-07,417.1000061035156,416.1346130371094,22221724.0,0.0
BEL.NS,2025-07-08,422.0,421.0232849121094,15970711.0,0.0
BEL.NS,2025-07-09,417.6499938964844,416.683349609375,14956297.0,0.0
BEL.NS,2025-07-10,413.5,412.5429382324219,17914452.0,0.0
BEL.NS,2025-07-11,409.29998779296875,408.3526611328125,15186245.0,0.0
BEL.NS,2025-07-14,407.29998779296875,406.3572998046875,17844425.0,0.0
BEL.NS,2025-07-15,408.95001220703125,408.00347900390625,11971127.0,0.0
BEL.NS,2025-07-16,406.1499938964844,405.2099609375,9173824.0,0.0
BEL.NS,2025-07-17,404.20001220703125,403.2644958496094,7922270.0,0.0
BEL.NS,2025-07-18,394.75,393.8363342285156,21172393.0,0.0
BEL.NS,2025-07-21,399.95001220703125,399.0243225097656,12980473.0,0.0
BEL.NS,2025-07-22,403.1000061035156,402.1670227050781,12447434.0,0.0
BEL.NS,2025-07-23,400.20001220703125,399.27374267578125,10413255.0,0.0
BEL.NS,2025-07-24,398.25,397.3282470703125,6767566.0,0.0
BEL.NS,2025-07-25,395.20001220703125,394.2853088378906,9202508.0,0.0
BEL.NS,2025-07-28,389.25,388.3490905761719,19856033.0,0.0
BEL.NS,2025-07-29,388.25,387.35137939453125,25307639.0,0.0
BEL.NS,2025-07-30,386.5,385.6054382324219,11335944.0,0.0
BEL.NS,2025-07-31,383.1000061035156,382.21331787109375,9702316.0,0.0
BEL.NS,2025-08-01,377.20001220703125,376.32696533203125,8702605.0,0.0
BEL.NS,2025-08-04,389.54998779296875,388.64837646484375,13454379.0,0.0
BEL.NS,2025-08-05,386.6499938964844,385.7550964355469,13482710.0,0.0
BEL.NS,2025-08-06,389.70001220703125,388.79803466796875,16852693.0,0.0
BEL.NS,2025-08-07,387.75,386.8525390625,11520396.0,0.0
BEL.NS,2025-08-08,384.6000061035156,383.7098388671875,7139111.0,0.0
BEL.NS,2025-08-11,383.8999938964844,383.0114440917969,8910936.0,0.0
BEL.NS,2025-08-12,380.3500061035156,379.4696960449219,9329093.0,0.0
BEL.NS,2025-08-13,388.8500061035156,387.95001220703125,10930440.0,0.0
BEL.NS,2025-08-14,384.8999938964844,384.8999938964844,8046552.0,0.0
BEL.NS,2025-08-18,382.5,382.5,11778056.0,0.0
BEL.NS,2025-08-19,380.04998779296875,380.04998779296875,11111204.0,0.0
BEL.NS,2025-08-20,371.8500061035156,371.8500061035156,20289349.0,0.0
BEL.NS,2025-08-21,374.20001220703125,374.20001220703125,12680853.0,0.0
BEL.NS,2025-08-22,374.8500061035156,374.8500061035156,15246732.0,0.0
BEL.NS,2025-08-25,372.04998779296875,372.04998779296875,8577673.0,0.0
BEL.NS,2025-08-26,365.8500061035156,365.8500061035156,15718869.0,0.0
BEL.NS,2025-08-28,363.8500061035156,363.8500061035156,12218065.0,0.0
BEL.NS,2025-08-29,369.3999938964844,369.3999938964844,12739664.0,0.0
BEL.NS,2025-09-01,373.8999938964844,373.8999938964844,8821349.0,0.0
BEL.NS,2025-09-02,376.6000061035156,376.6000061035156,12169182.0,0.0
BEL.NS,2025-09-03,378.70001220703125,378.70001220703125,9919255.0,0.0
BEL.NS,2025-09-04,372.5,372.5,9288078.0,0.0
BEL.NS,2025-09-05,370.79998779296875,370.79998779296875,7325669.0,0.0
BEL.NS,2025-09-08,371.8999938964844,371.8999938964844,6897641.0,0.0
BEL.NS,2025-09-09,371.95001220703125,371.95001220703125,10598912.0,0.0
BEL.NS,2025-09-10,388.04998779296875,388.04998779296875,23174318.0,0.0
BEL.NS,2025-09-11,385.1499938964844,385.1499938964844,19042696.0,0.0
BEL.NS,2025-09-12,399.29998779296875,399.29998779296875,26356961.0,0.0
BEL.NS,2025-09-15,398.45001220703125,398.45001220703125,18486916.0,0.0
BEL.NS,2025-09-16,402.8999938964844,402.8999938964844,12467341.0,0.0
BEL.NS,2025-09-17,412.20001220703125,412.20001220703125,31367478.0,0.0
BEL.NS,2025-09-18,409.8999938964844,409.8999938964844,12000897.0,0.0
BEL.NS,2025-09-19,408.8999938964844,408.8999938964844,16150731.0,0.0
BEL.NS,2025-09-22,406.3999938964844,406.3999938964844,10884230.0,0.0
BEL.NS,2025-09-23,404.45001220703125,404.45001220703125,11906108.0,0.0
BEL.NS,2025-09-24,395.45001220703125,395.45001220703125,10835672.0,0.0
BEL.NS,2025-09-25,403.1499938964844,403.1499938964844,23804019.0,0.0
BEL.NS,2025-09-26,395.8999938964844,395.8999938964844,11687034.0,0.0
BEL.NS,2025-09-29,399.95001220703125,399.95001220703125,23390892.0,0.0
BEL.NS,2025-09-30,403.95001220703125,403.95001220703125,14681751.0,0.0
BEL.NS,2025-10-01,406.5,406.5,13156495.0,0.0
BEL.NS,2025-10-03,412.6499938964844,412.6499938964844,16002501.0,0.0
BEL.NS,2025-10-06,413.25,413.25,14684188.0,0.0
BEL.NS,2025-10-07,410.29998779296875,410.29998779296875,11933246.0,0.0
BEL.NS,2025-10-08,403.6499938964844,403.6499938964844,8668516.0,0.0
BEL.NS,2025-10-09,409.3500061035156,409.3500061035156,9035150.0,0.0
BEL.NS,2025-10-10,413.5,413.5,13813014.0,0.0
BEL.NS,2025-10-13,409.3999938964844,409.3999938964844,7858503.0,0.0
BEL.NS,2025-10-14,402.3999938964844,402.3999938964844,10789648.0,0.0
BEL.NS,2025-10-15,408.1000061035156,408.1000061035156,10892830.0,0.0
BEL.NS,2025-10-16,411.79998779296875,411.79998779296875,11479498.0,0.0
BEL.NS,2025-10-17,412.79998779296875,412.79998779296875,19566580.0,0.0
BEL.NS,2025-10-20,416.5,416.5,10580573.0,0.0
BEL.NS,2025-10-21,417.70001220703125,417.70001220703125,2915071.0,0.0
BEL.NS,2025-10-23,418.6499938964844,418.6499938964844,21980966.0,0.0
BEL.NS,2025-10-24,422.04998779296875,422.04998779296875,18720794.0,0.0
BEL.NS,2025-10-27,415.1499938964844,415.1499938964844,12158324.0,0.0
BEL.NS,2025-10-28,413.54998779296875,413.54998779296875,12247991.0,0.0
BEL.NS,2025-10-29,407.20001220703125,407.20001220703125,14498733.0,0.0
BEL.NS,2025-10-30,409.8999938964844,409.8999938964844,11172780.0,0.0
BEL.NS,2025-10-31,426.1000061035156,426.1000061035156,51342361.0,0.0
BEL.NS,2025-11-03,422.29998779296875,422.29998779296875,27222212.0,0.0
BEL.NS,2025-11-04,415.1499938964844,415.1499938964844,12831686.0,0.0
BEL.NS,2025-11-06,408.79998779296875,408.79998779296875,12786294.0,0.0
BEL.NS,2025-11-07,414.25,414.25,10141248.0,0.0
BEL.NS,2025-11-10,416.8500061035156,416.8500061035156,9288444.0,0.0
BEL.NS,2025-11-11,427.29998779296875,427.29998779296875,24889361.0,0.0
BEL.NS,2025-11-12,424.75,424.75,15221773.0,0.0
BEL.NS,2025-11-13,419.79998779296875,419.79998779296875,9091428.0,0.0
BEL.NS,2025-11-14,426.8500061035156,426.8500061035156,14719899.0,0.0
BEL.NS,2025-11-17,424.54998779296875,424.54998779296875,12996079.0,0.0
BEL.NS,2025-11-18,420.8999938964844,420.8999938964844,13340937.0,0.0
BEL.NS,2025-11-19,423.20001220703125,423.20001220703125,9661756.0,0.0
BEL.NS,2025-11-20,423.0,423.0,10463382.0,0.0
BEL.NS,2025-11-21,416.3500061035156,416.3500061035156,8395038.0,0.0
BEL.NS,2025-11-24,403.79998779296875,403.79998779296875,23696864.0,0.0
BEL.NS,2025-11-25,410.25,410.25,14107503.0,0.0
BEL.NS,2025-11-26,415.29998779296875,415.29998779296875,8339381.0,0.0
BEL.NS,2025-11-27,413.04998779296875,413.04998779296875,5251173.0,0.0
BEL.NS,2025-11-28,411.75,411.75,6690232.0,0.0
BEL.NS,2025-12-01,417.25,417.25,9650320.0,0.0
BEL.NS,2025-12-02,413.04998779296875,413.04998779296875,11215451.0,0.0
BEL.NS,2025-12-03,403.95001220703125,403.95001220703125,12294040.0,0.0
BEL.NS,2025-12-04,407.1499938964844,407.1499938964844,10865110.0,0.0
BEL.NS,2025-12-05,406.8999938964844,406.8999938964844,11774958.0,0.0
BEL.NS,2025-12-08,386.3999938964844,386.3999938964844,25593778.0,0.0
BEL.NS,2025-12-09,389.45001220703125,389.45001220703125,19270896.0,0.0
BEL.NS,2025-12-10,387.3500061035156,387.3500061035156,8372979.0,0.0
BEL.NS,2025-12-11,387.5,387.5,7666925.0,0.0
BEL.NS,2025-12-12,389.45001220703125,389.45001220703125,12661065.0,0.0
BEL.NS,2025-12-15,390.75,390.75,9087687.0,0.0
BEL.NS,2025-12-16,388.0,388.0,8700626.0,0.0
BEL.NS,2025-12-17,385.6000061035156,385.6000061035156,6612962.0,0.0
BEL.NS,2025-12-18,383.45001220703125,383.45001220703125,7510229.0,0.0
BEL.NS,2025-12-19,392.8500061035156,392.8500061035156,11595429.0,0.0
BEL.NS,2025-12-22,398.95001220703125,398.95001220703125,9321669.0,0.0
BEL.NS,2025-12-23,399.3999938964844,399.3999938964844,7734965.0,0.0
BEL.NS,2025-12-24,400.0,400.0,8097208.0,0.0
BEL.NS,2025-12-26,398.45001220703125,398.45001220703125,13284184.0,0.0
BEL.NS,2025-12-29,393.25,393.25,15690096.0,0.0
BEL.NS,2025-12-30,393.29998779296875,393.29998779296875,37726382.0,0.0
BEL.NS,2025-12-31,399.6000061035156,399.6000061035156,9409818.0,0.0
BEL.NS,2026-01-01,397.70001220703125,397.70001220703125,6084786.0,0.0
BEL.NS,2026-01-02,403.1499938964844,403.1499938964844,10950368.0,0.0
BEL.NS,2026-01-05,413.79998779296875,413.79998779296875,26097635.0,0.0
BEL.NS,2026-01-06,413.1000061035156,413.1000061035156,9927677.0,0.0
BEL.NS,2026-01-07,415.6499938964844,415.6499938964844,8279218.0,0.0
BEL.NS,2026-01-08,415.6499938964844,415.6499938964844,22238704.0,0.0
BEL.NS,2026-01-09,418.6499938964844,418.6499938964844,22963210.0,0.0
BEL.NS,2026-01-12,417.70001220703125,417.70001220703125,14594852.0,0.0
BEL.NS,2026-01-13,413.70001220703125,413.70001220703125,13393010.0,0.0
BEL.NS,2026-01-14,417.6000061035156,417.6000061035156,17676239.0,0.0
BEL.NS,2026-01-15,417.6000061035156,417.6000061035156,0.0,0.0
BEL.NS,2026-01-16,410.25,410.25,18888193.0,0.0
BEL.NS,2026-01-19,412.79998779296875,412.79998779296875,8012134.0,0.0
BEL.NS,2026-01-20,409.3500061035156,409.3500061035156,32732305.0,0.0
BEL.NS,2026-01-21,402.6499938964844,402.6499938964844,19150437.0,0.0
BEL.NS,2026-01-22,417.29998779296875,417.29998779296875,19763144.0,0.0
BEL.NS,2026-01-23,410.70001220703125,410.70001220703125,12715222.0,0.0
BEL.NS,2026-01-27,415.95001220703125,415.95001220703125,15482165.0,0.0
BEL.NS,2026-01-28,453.0,453.0,71986647.0,0.0
BEL.NS,2026-01-29,444.5,444.5,42412510.0,0.0
BEL.NS,2026-01-30,449.0,449.0,36684903.0,0.0
BEL.NS,2026-02-02,439.1000061035156,439.1000061035156,43652893.0,0.0
BEL.NS,2026-02-03,438.95001220703125,438.95001220703125,26696516.0,0.0
BEL.NS,2026-02-04,439.20001220703125,439.20001220703125,12400181.0,0.0
BEL.NS,2026-02-05,432.8999938964844,432.8999938964844,14345511.0,0.0
BEL.NS,2026-02-06,429.6499938964844,429.6499938964844,11078888.0,0.0
BEL.NS,2026-02-09,437.29998779296875,437.29998779296875,12162696.0,0.0
BEL.NS,2026-02-10,437.29998779296875,437.29998779296875,10878065.0,0.0
BEL.NS,2026-02-11,437.54998779296875,437.54998779296875,8273203.0,0.0
BHARTIARTL.NS,2025-02-11,1696.75,1682.6829833984375,8965266.0,0.0
BHARTIARTL.NS,2025-02-12,1711.550048828125,1697.3603515625,7148192.0,0.0
BHARTIARTL.NS,2025-02-13,1714.5999755859375,1700.3848876953125,5356002.0,0.0
BHARTIARTL.NS,2025-02-14,1717.050048828125,1702.814697265625,5125863.0,0.0
BHARTIARTL.NS,2025-02-17,1675.550048828125,1661.65869140625,4906462.0,0.0
BHARTIARTL.NS,2025-02-18,1668.9000244140625,1655.0638427734375,7529598.0,0.0
BHARTIARTL.NS,2025-02-19,1645.199951171875,1631.560302734375,7776555.0,0.0
BHARTIARTL.NS,2025-02-20,1643.5,1629.8743896484375,5524503.0,0.0
BHARTIARTL.NS,2025-02-21,1639.25,1625.65966796875,5447583.0,0.0
BHARTIARTL.NS,2025-02-24,1601.300048828125,1588.0242919921875,4673190.0,0.0
BHARTIARTL.NS,2025-02-25,1641.4000244140625,1627.7918701171875,6286808.0,0.0
BHARTIARTL.NS,2025-02-27,1650.4000244140625,1636.71728515625,7568745.0,0.0
BHARTIARTL.NS,2025-02-28,1570.199951171875,1557.18212890625,13640211.0,0.0
BHARTIARTL.NS,2025-03-03,1595.800048828125,1582.5699462890625,6993525.0,0.0
BHARTIARTL.NS,2025-03-04,1575.3499755859375,1562.2894287109375,5219668.0,0.0
BHARTIARTL.NS,2025-03-05,1618.25,1604.833740234375,6295425.0,0.0
BHARTIARTL.NS,2025-03-06,1626.9000244140625,1613.412109375,5174009.0,0.0
BHARTIARTL.NS,2025-03-07,1630.699951171875,1617.1805419921875,3035558.0,0.0
BHARTIARTL.NS,2025-03-10,1630.949951171875,1617.428466796875,3778450.0,0.0
BHARTIARTL.NS,2025-03-11,1662.949951171875,1649.1630859375,6078564.0,0.0
BHARTIARTL.NS,2025-03-12,1642.8499755859375,1629.229736328125,9907628.0,0.0
BHARTIARTL.NS,2025-03-13,1632.5,1618.965576171875,8317331.0,0.0
BHARTIARTL.NS,2025-03-17,1639.1500244140625,1625.560546875,6405522.0,0.0
BHARTIARTL.NS,2025-03-18,1639.1500244140625,1625.560546875,0.0,0.0
BHARTIARTL.NS,2025-03-19,1637.1500244140625,1623.5770263671875,6283464.0,0.0
BHARTIARTL.NS,2025-03-20,1705.25,1691.1124267578125,12074465.0,0.0
BHARTIARTL.NS,2025-03-21,1725.800048828125,1711.4921875,14715349.0,0.0
BHARTIARTL.NS,2025-03-24,1718.800048828125,1704.5501708984375,4120999.0,0.0
BHARTIARTL.NS,2025-03-25,1730.5,1716.153076171875,4857399.0,0.0
BHARTIARTL.NS,2025-03-26,1738.550048828125,1724.136474609375,7142394.0,0.0
BHARTIARTL.NS,2025-03-27,1724.699951171875,1710.401123046875,6222339.0,0.0
BHARTIARTL.NS,2025-03-28,1733.4000244140625,1719.0291748046875,4133264.0,0.0
BHARTIARTL.NS,2025-04-01,1724.1500244140625,1709.8558349609375,6773056.0,0.0
BHARTIARTL.NS,2025-04-02,1754.5999755859375,1740.0533447265625,6431226.0,0.0
BHARTIARTL.NS,2025-04-03,1746.0,1731.524658203125,2341989.0,0.0
BHARTIARTL.NS,2025-04-04,1743.449951171875,1728.9957275390625,7817334.0,0.0
BHARTIARTL.NS,2025-04-07,1686.6500244140625,1672.666748046875,14870388.0,0.0
BHARTIARTL.NS,2025-04-08,1720.4000244140625,1706.1368408203125,7206935.0,0.0
BHARTIARTL.NS,2025-04-09,1715.550048828125,1701.3271484375,5600666.0,0.0
BHARTIARTL.NS,2025-04-11,1756.5999755859375,1742.0367431640625,8340002.0,0.0
BHARTIARTL.NS,2025-04-15,1798.800048828125,1783.886962890625,10313411.0,0.0
BHARTIARTL.NS,2025-04-16,1822.5999755859375,1807.489501953125,6180958.0,0.0
BHARTIARTL.NS,2025-04-17,1889.0999755859375,1873.438232421875,10894325.0,0.0
BHARTIARTL.NS,2025-04-21,1883.4000244140625,1867.7855224609375,3501123.0,0.0
BHARTIARTL.NS,2025-04-22,1852.199951171875,1836.8441162109375,6155127.0,0.0
BHARTIARTL.NS,2025-04-23,1881.5999755859375,1866.0003662109375,6855027.0,0.0
BHARTIARTL.NS,2025-04-24,1845.5999755859375,1830.298828125,5180688.0,0.0
BHARTIARTL.NS,2025-04-25,1817.199951171875,1802.13427734375,4570083.0,0.0
BHARTIARTL.NS,2025-04-28,1821.800048828125,1806.6962890625,3301891.0,0.0
BHARTIARTL.NS,2025-04-29,1823.800048828125,1808.6796875,4684155.0,0.0
BHARTIARTL.NS,2025-04-30,1864.5,1849.042236328125,9139821.0,0.0
BHARTIARTL.NS,2025-05-02,1848.199951171875,1832.8773193359375,3866806.0,0.0
BHARTIARTL.NS,2025-05-05,1866.0,1850.52978515625,3548839.0,0.0
BHARTIARTL.NS,2025-05-06,1901.0,1885.2396240234375,8597920.0,0.0
BHARTIARTL.NS,2025-05-07,1896.800048828125,1881.074462890625,5554616.0,0.0
BHARTIARTL.NS,2025-05-08,1874.9000244140625,1859.35595703125,5500724.0,0.0
BHARTIARTL.NS,2025-05-09,1848.4000244140625,1833.07568359375,3686209.0,0.0
BHARTIARTL.NS,2025-05-12,1870.800048828125,1855.2900390625,3936019.0,0.0
BHARTIARTL.NS,2025-05-13,1820.5999755859375,1805.506103515625,8817763.0,0.0
BHARTIARTL.NS,2025-05-14,1834.199951171875,1818.993408203125,7401614.0,0.0
BHARTIARTL.NS,2025-05-15,1867.199951171875,1851.7197265625,8788351.0,0.0
BHARTIARTL.NS,2025-05-16,1814.0,1798.9608154296875,100662047.0,0.0
BHARTIARTL.NS,2025-05-19,1818.300048828125,1803.2252197265625,5799804.0,0.0
BHARTIARTL.NS,2025-05-20,1808.9000244140625,1793.9031982421875,12512596.0,0.0
BHARTIARTL.NS,2025-05-21,1822.5,1807.390380859375,6849562.0,0.0
BHARTIARTL.NS,2025-05-22,1831.4000244140625,1816.2166748046875,6496923.0,0.0
BHARTIARTL.NS,2025-05-23,1831.699951171875,1816.5140380859375,3460945.0,0.0
BHARTIARTL.NS,2025-05-26,1847.4000244140625,1832.083984375,3254715.0,0.0
BHARTIARTL.NS,2025-05-27,1843.800048828125,1828.513916015625,5847725.0,0.0
BHARTIARTL.NS,2025-05-28,1856.0999755859375,1840.7117919921875,3713699.0,0.0
BHARTIARTL.NS,2025-05-29,1863.5999755859375,1848.149658203125,5786774.0,0.0
BHARTIARTL.NS,2025-05-30,1856.199951171875,1840.8109130859375,16712960.0,0.0
BHARTIARTL.NS,2025-06-02,1854.0999755859375,1838.7283935546875,3199499.0,0.0
BHARTIARTL.NS,2025-06-03,1841.300048828125,1826.0345458984375,5596977.0,0.0
BHARTIARTL.NS,2025-06-04,1875.4000244140625,1859.851806640625,5892170.0,0.0
BHARTIARTL.NS,2025-06-05,1878.800048828125,1863.2236328125,8999675.0,0.0
BHARTIARTL.NS,2025-06-06,1870.199951171875,1854.6949462890625,4644174.0,0.0
BHARTIARTL.NS,2025-06-09,1865.0999755859375,1849.63720703125,3649505.0,0.0
BHARTIARTL.NS,2025-06-10,1857.0999755859375,1841.7034912109375,7925901.0,0.0
BHARTIARTL.NS,2025-06-11,1860.199951171875,1844.77783203125,8907265.0,0.0
BHARTIARTL.NS,2025-06-12,1844.199951171875,1828.910400390625,7346031.0,0.0
BHARTIARTL.NS,2025-06-13,1840.4000244140625,1825.1419677734375,4613000.0,0.0
BHARTIARTL.NS,2025-06-16,1861.300048828125,1845.8687744140625,5722187.0,0.0
BHARTIARTL.NS,2025-06-17,1854.800048828125,1839.422607421875,6561555.0,0.0
BHARTIARTL.NS,2025-06-18,1865.9000244140625,1850.4306640625,5069427.0,0.0
BHARTIARTL.NS,2025-06-19,1877.0,1861.4385986328125,4712312.0,0.0
BHARTIARTL.NS,2025-06-20,1936.699951171875,1920.6435546875,16228526.0,0.0
BHARTIARTL.NS,2025-06-23,1936.300048828125,1920.2469482421875,2946463.0,0.0
BHARTIARTL.NS,2025-06-24,1933.5999755859375,1917.5693359375,6837210.0,0.0
BHARTIARTL.NS,2025-06-25,1965.5999755859375,1949.303955078125,4152765.0,0.0
BHARTIARTL.NS,2025-06-26,2014.300048828125,1997.600341796875,9413241.0,0.0
BHARTIARTL.NS,2025-06-27,2027.0999755859375,2010.2940673828125,6405854.0,0.0
BHARTIARTL.NS,2025-06-30,2009.5999755859375,1992.939208984375,5597484.0,0.0
BHARTIARTL.NS,2025-07-01,2019.4000244140625,2002.657958984375,3769165.0,0.0
BHARTIARTL.NS,2025-07-02,2033.300048828125,2016.4427490234375,6513288.0,0.0
BHARTIARTL.NS,2025-07-03,2019.300048828125,2002.558837890625,5558647.0,0.0
BHARTIARTL.NS,2025-07-04,2017.199951171875,2000.4761962890625,2178315.0,0.0
BHARTIARTL.NS,2025-07-07,2033.9000244140625,2017.037841796875,4165432.0,0.0
BHARTIARTL.NS,2025-07-08,2030.0,2013.1700439453125,3624619.0,0.0
BHARTIARTL.NS,2025-07-09,2019.699951171875,2002.9554443359375,2937734.0,0.0
BHARTIARTL.NS,2025-07-10,1964.5,1948.213134765625,5695845.0,0.0
BHARTIARTL.NS,2025-07-11,1921.9000244140625,1905.96630859375,13103980.0,0.0
BHARTIARTL.NS,2025-07-14,1920.9000244140625,1904.974609375,5269381.0,0.0
BHARTIARTL.NS,2025-07-15,1934.199951171875,1918.164306640625,4163140.0,0.0
BHARTIARTL.NS,2025-07-16,1936.5999755859375,1920.54443359375,4211258.0,0.0
BHARTIARTL.NS,2025-07-17,1929.9000244140625,1913.9000244140625,6256455.0,0.0
BHARTIARTL.NS,2025-07-18,1901.0,1901.0,4643961.0,0.0
BHARTIARTL.NS,2025-07-21,1909.199951171875,1909.199951171875,5109654.0,0.0
BHARTIARTL.NS,2025-07-22,1906.800048828125,1906.800048828125,4513541.0,0.0
BHARTIARTL.NS,2025-07-23,1943.800048828125,1943.800048828125,5194282.0,0.0
BHARTIARTL.NS,2025-07-24,1936.0999755859375,1936.0999755859375,4150685.0,0.0
BHARTIARTL.NS,2025-07-25,1937.9000244140625,1937.9000244140625,3896884.0,0.0
BHARTIARTL.NS,2025-07-28,1890.300048828125,1890.300048828125,3575044.0,0.0
BHARTIARTL.NS,2025-07-29,1918.300048828125,1918.300048828125,3748040.0,0.0
BHARTIARTL.NS,2025-07-30,1932.5999755859375,1932.5999755859375,5044683.0,0.0
BHARTIARTL.NS,2025-07-31,1914.300048828125,1914.300048828125,4674966.0,0.0
BHARTIARTL.NS,2025-08-01,1884.4000244140625,1884.4000244140625,5192594.0,0.0
BHARTIARTL.NS,2025-08-04,1914.5999755859375,1914.5999755859375,3074380.0,0.0
BHARTIARTL.NS,2025-08-05,1931.800048828125,1931.800048828125,5167672.0,0.0
BHARTIARTL.NS,2025-08-06,1929.699951171875,1929.699951171875,5461349.0,0.0
BHARTIARTL.NS,2025-08-07,1922.5999755859375,1922.5999755859375,4268534.0,0.0
BHARTIARTL.NS,2025-08-08,1858.5999755859375,1858.5999755859375,93801105.0,0.0
BHARTIARTL.NS,2025-08-11,1857.4000244140625,1857.4000244140625,5266532.0,0.0
BHARTIARTL.NS,2025-08-12,1850.300048828125,1850.300048828125,4645011.0,0.0
BHARTIARTL.NS,2025-08-13,1867.4000244140625,1867.4000244140625,6697206.0,0.0
BHARTIARTL.NS,2025-08-14,1873.800048828125,1873.800048828125,3958631.0,0.0
BHARTIARTL.NS,2025-08-18,1892.300048828125,1892.300048828125,7146376.0,0.0
BHARTIARTL.NS,2025-08-19,1909.699951171875,1909.699951171875,5706265.0,0.0
BHARTIARTL.NS,2025-08-20,1928.4000244140625,1928.4000244140625,6962619.0,0.0
BHARTIARTL.NS,2025-08-21,1929.9000244140625,1929.9000244140625,3376913.0,0.0
BHARTIARTL.NS,2025-08-22,1933.300048828125,1933.300048828125,3271920.0,0.0
BHARTIARTL.NS,2025-08-25,1930.699951171875,1930.699951171875,2451388.0,0.0
BHARTIARTL.NS,2025-08-26,1904.699951171875,1904.699951171875,5984656.0,0.0
BHARTIARTL.NS,2025-08-28,1881.0999755859375,1881.0999755859375,5494113.0,0.0
BHARTIARTL.NS,2025-08-29,1888.800048828125,1888.800048828125,4339042.0,0.0
BHARTIARTL.NS,2025-09-01,1900.5999755859375,1900.5999755859375,3421488.0,0.0
BHARTIARTL.NS,2025-09-02,1887.199951171875,1887.199951171875,4423049.0,0.0
BHARTIARTL.NS,2025-09-03,1883.9000244140625,1883.9000244140625,3803044.0,0.0
BHARTIARTL.NS,2025-09-04,1880.4000244140625,1880.4000244140625,5205333.0,0.0
BHARTIARTL.NS,2025-09-05,1895.300048828125,1895.300048828125,2620140.0,0.0
BHARTIARTL.NS,2025-09-08,1887.699951171875,1887.699951171875,2547552.0,0.0
BHARTIARTL.NS,2025-09-09,1893.699951171875,1893.699951171875,4517793.0,0.0
BHARTIARTL.NS,2025-09-10,1891.4000244140625,1891.4000244140625,3566139.0,0.0
BHARTIARTL.NS,2025-09-11,1913.0,1913.0,4718266.0,0.0
BHARTIARTL.NS,2025-09-12,1902.5999755859375,1902.5999755859375,3192824.0,0.0
BHARTIARTL.NS,2025-09-15,1904.5,1904.5,3553258.0,0.0
BHARTIARTL.NS,2025-09-16,1939.5,1939.5,5427586.0,0.0
BHARTIARTL.NS,2025-09-17,1941.300048828125,1941.300048828125,4234637.0,0.0
BHARTIARTL.NS,2025-09-18,1941.0999755859375,1941.0999755859375,5080814.0,0.0
BHARTIARTL.NS,2025-09-19,1962.4000244140625,1962.4000244140625,11287603.0,0.0
BHARTIARTL.NS,2025-09-22,1956.199951171875,1956.199951171875,4469137.0,0.0
BHARTIARTL.NS,2025-09-23,1938.699951171875,1938.699951171875,4348633.0,0.0
BHARTIARTL.NS,2025-09-24,1931.0999755859375,1931.0999755859375,5237977.0,0.0
BHARTIARTL.NS,2025-09-25,1935.5999755859375,1935.5999755859375,7133365.0,0.0
BHARTIARTL.NS,2025-09-26,1916.5999755859375,1916.5999755859375,3239306.0,0.0
BHARTIARTL.NS,2025-09-29,1902.199951171875,1902.199951171875,5072608.0,0.0
BHARTIARTL.NS,2025-09-30,1878.4000244140625,1878.4000244140625,5945625.0,0.0
BHARTIARTL.NS,2025-10-01,1867.5999755859375,1867.5999755859375,5675393.0,0.0
BHARTIARTL.NS,2025-10-03,1896.699951171875,1896.699951171875,5828332.0,0.0
BHARTIARTL.NS,2025-10-06,1903.0999755859375,1903.0999755859375,2809218.0,0.0
BHARTIARTL.NS,2025-10-07,1929.0,1929.0,5713060.0,0.0
BHARTIARTL.NS,2025-10-08,1943.5,1943.5,4957406.0,0.0
BHARTIARTL.NS,2025-10-09,1942.0,1942.0,3945737.0,0.0
BHARTIARTL.NS,2025-10-10,1939.9000244140625,1939.9000244140625,2512581.0,0.0
BHARTIARTL.NS,2025-10-13,1954.9000244140625,1954.9000244140625,3672419.0,0.0
BHARTIARTL.NS,2025-10-14,1946.5999755859375,1946.5999755859375,4454239.0,0.0
BHARTIARTL.NS,2025-10-15,1968.5,1968.5,3447352.0,0.0
BHARTIARTL.NS,2025-10-16,1967.4000244140625,1967.4000244140625,3700674.0,0.0
BHARTIARTL.NS,2025-10-17,2012.0,2012.0,6743801.0,0.0
BHARTIARTL.NS,2025-10-20,2051.5,2051.5,7387180.0,0.0
BHARTIARTL.NS,2025-10-21,2043.5,2043.5,240850.0,0.0
BHARTIARTL.NS,2025-10-23,2007.9000244140625,2007.9000244140625,8790128.0,0.0
BHARTIARTL.NS,2025-10-24,2029.300048828125,2029.300048828125,3236799.0,0.0
BHARTIARTL.NS,2025-10-27,2080.10009765625,2080.10009765625,5796831.0,0.0
BHARTIARTL.NS,2025-10-28,2090.199951171875,2090.199951171875,9891522.0,0.0
BHARTIARTL.NS,2025-10-29,2100.60009765625,2100.60009765625,2742750.0,0.0
BHARTIARTL.NS,2025-10-30,2066.300048828125,2066.300048828125,4222189.0,0.0
BHARTIARTL.NS,2025-10-31,2054.5,2054.5,4659723.0,0.0
BHARTIARTL.NS,2025-11-03,2074.0,2074.0,2979629.0,0.0
BHARTIARTL.NS,2025-11-04,2113.300048828125,2113.300048828125,12263078.0,0.0
BHARTIARTL.NS,2025-11-06,2094.89990234375,2094.89990234375,9546299.0,0.0
BHARTIARTL.NS,2025-11-07,2001.199951171875,2001.199951171875,70392750.0,0.0
BHARTIARTL.NS,2025-11-10,2019.800048828125,2019.800048828125,7457061.0,0.0
BHARTIARTL.NS,2025-11-11,2042.300048828125,2042.300048828125,14825625.0,0.0
BHARTIARTL.NS,2025-11-12,2073.800048828125,2073.800048828125,8210277.0,0.0
BHARTIARTL.NS,2025-11-13,2091.800048828125,2091.800048828125,5958875.0,0.0
BHARTIARTL.NS,2025-11-14,2100.699951171875,2100.699951171875,6312655.0,0.0
BHARTIARTL.NS,2025-11-17,2112.199951171875,2112.199951171875,5998770.0,0.0
BHARTIARTL.NS,2025-11-18,2149.199951171875,2149.199951171875,10972556.0,0.0
BHARTIARTL.NS,2025-11-19,2159.800048828125,2159.800048828125,7419461.0,0.0
BHARTIARTL.NS,2025-11-20,2158.300048828125,2158.300048828125,7452899.0,0.0
BHARTIARTL.NS,2025-11-21,2162.699951171875,2162.699951171875,6720938.0,0.0
BHARTIARTL.NS,2025-11-24,2152.10009765625,2152.10009765625,9686848.0,0.0
BHARTIARTL.NS,2025-11-25,2161.60009765625,2161.60009765625,7102592.0,0.0
BHARTIARTL.NS,2025-11-26,2126.800048828125,2126.800048828125,43174047.0,0.0
BHARTIARTL.NS,2025-11-27,2115.60009765625,2115.60009765625,4444877.0,0.0
BHARTIARTL.NS,2025-11-28,2101.60009765625,2101.60009765625,6263457.0,0.0
BHARTIARTL.NS,2025-12-01,2089.699951171875,2089.699951171875,5058900.0,0.0
BHARTIARTL.NS,2025-12-02,2104.0,2104.0,6591396.0,0.0
BHARTIARTL.NS,2025-12-03,2086.0,2086.0,4357641.0,0.0
BHARTIARTL.NS,2025-12-04,2103.800048828125,2103.800048828125,4611819.0,0.0
BHARTIARTL.NS,2025-12-05,2108.800048828125,2108.800048828125,2938290.0,0.0
BHARTIARTL.NS,2025-12-08,2086.199951171875,2086.199951171875,4327091.0,0.0
BHARTIARTL.NS,2025-12-09,2089.699951171875,2089.699951171875,5139229.0,0.0
BHARTIARTL.NS,2025-12-10,2067.0,2067.0,3987451.0,0.0
BHARTIARTL.NS,2025-12-11,2053.199951171875,2053.199951171875,3254850.0,0.0
BHARTIARTL.NS,2025-12-12,2083.39990234375,2083.39990234375,2706420.0,0.0
BHARTIARTL.NS,2025-12-15,2069.699951171875,2069.699951171875,3233614.0,0.0
BHARTIARTL.NS,2025-12-16,2102.0,2102.0,5756692.0,0.0
BHARTIARTL.NS,2025-12-17,2108.0,2108.0,6412516.0,0.0
BHARTIARTL.NS,2025-12-18,2092.0,2092.0,3760341.0,0.0
BHARTIARTL.NS,2025-12-19,2097.699951171875,2097.699951171875,10127415.0,0.0
BHARTIARTL.NS,2025-12-22,2147.60009765625,2147.60009765625,7670853.0,0.0
BHARTIARTL.NS,2025-12-23,2122.89990234375,2122.89990234375,4110853.0,0.0
BHARTIARTL.NS,2025-12-24,2123.699951171875,2123.699951171875,3145464.0,0.0
BHARTIARTL.NS,2025-12-26,2105.39990234375,2105.39990234375,1297870.0,0.0
BHARTIARTL.NS,2025-12-29,2081.60009765625,2081.60009765625,2371034.0,0.0
BHARTIARTL.NS,2025-12-30,2099.800048828125,2099.800048828125,6983390.0,0.0
BHARTIARTL.NS,2025-12-31,2105.60009765625,2105.60009765625,2991434.0,0.0
BHARTIARTL.NS,2026-01-01,2110.39990234375,2110.39990234375,2097756.0,0.0
BHARTIARTL.NS,2026-01-02,2106.300048828125,2106.300048828125,2927138.0,0.0
BHARTIARTL.NS,2026-01-05,2105.0,2105.0,2642580.0,0.0
BHARTIARTL.NS,2026-01-06,2105.300048828125,2105.300048828125,9119265.0,0.0
BHARTIARTL.NS,2026-01-07,2084.199951171875,2084.199951171875,4171371.0,0.0
BHARTIARTL.NS,2026-01-08,2066.300048828125,2066.300048828125,5534929.0,0.0
BHARTIARTL.NS,2026-01-09,2027.0999755859375,2027.0999755859375,4165409.0,0.0
BHARTIARTL.NS,2026-01-12,2044.0,2044.0,4689135.0,0.0
BHARTIARTL.NS,2026-01-13,2026.9000244140625,2026.9000244140625,7388496.0,0.0
BHARTIARTL.NS,2026-01-14,2022.5,2022.5,4842964.0,0.0
BHARTIARTL.NS,2026-01-15,2022.5,2022.5,0.0,0.0
BHARTIARTL.NS,2026-01-16,2016.4000244140625,2016.4000244140625,7310676.0,0.0
BHARTIARTL.NS,2026-01-19,2010.0,2010.0,4272071.0,0.0
BHARTIARTL.NS,2026-01-20,1996.0,1996.0,6076838.0,0.0
BHARTIARTL.NS,2026-01-21,1996.0999755859375,1996.0999755859375,7952295.0,0.0
BHARTIARTL.NS,2026-01-22,2002.199951171875,2002.199951171875,6722567.0,0.0
BHARTIARTL.NS,2026-01-23,1984.699951171875,1984.699951171875,4340925.0,0.0
BHARTIARTL.NS,2026-01-27,1973.4000244140625,1973.4000244140625,10510891.0,0.0
BHARTIARTL.NS,2026-01-28,1957.699951171875,1957.699951171875,9426909.0,0.0
BHARTIARTL.NS,2026-01-29,1967.9000244140625,1967.9000244140625,6065044.0,0.0
BHARTIARTL.NS,2026-01-30,1968.699951171875,1968.699951171875,7683747.0,0.0
BHARTIARTL.NS,2026-02-02,1965.4000244140625,1965.4000244140625,5326225.0,0.0
BHARTIARTL.NS,2026-02-03,1997.300048828125,1997.300048828125,6915795.0,0.0
BHARTIARTL.NS,2026-02-04,2025.800048828125,2025.800048828125,7464725.0,0.0
BHARTIARTL.NS,2026-02-05,1992.4000244140625,1992.4000244140625,7708690.0,0.0
BHARTIARTL.NS,2026-02-06,2038.4000244140625,2038.4000244140625,13870403.0,0.0
BHARTIARTL.NS,2026-02-09,2038.199951171875,2038.199951171875,7570161.0,0.0
BHARTIARTL.NS,2026-02-10,2011.300048828125,2011.300048828125,9077763.0,0.0
BHARTIARTL.NS,2026-02-11,2012.0999755859375,2012.0999755859375,7423190.0,0.0
CIPLA.NS,2025-02-11,1453.1500244140625,1437.791015625,1938792.0,0.0
CIPLA.NS,2025-02-12,1449.199951171875,1433.8826904296875,1791670.0,0.0
CIPLA.NS,2025-02-13,1472.1500244140625,1456.5902099609375,1879916.0,0.0
CIPLA.NS,2025-02-14,1459.449951171875,1444.0244140625,1703559.0,0.0
CIPLA.NS,2025-02-17,1474.6500244140625,1459.063720703125,1113888.0,0.0
CIPLA.NS,2025-02-18,1482.0999755859375,1466.4349365234375,967394.0,0.0
CIPLA.NS,2025-02-19,1464.1500244140625,1448.6748046875,1210464.0,0.0
CIPLA.NS,2025-02-20,1479.699951171875,1464.060302734375,1652209.0,0.0
CIPLA.NS,2025-02-21,1475.75,1460.152099609375,1413123.0,0.0
CIPLA.NS,2025-02-24,1476.75,1461.1416015625,1403090.0,0.0
CIPLA.NS,2025-02-25,1463.3499755859375,1447.8831787109375,992994.0,0.0
CIPLA.NS,2025-02-27,1441.1500244140625,1425.9178466796875,1260808.0,0.0
CIPLA.NS,2025-02-28,1407.5,1392.62353515625,3340343.0,0.0
CIPLA.NS,2025-03-03,1407.550048828125,1392.6729736328125,854264.0,0.0
CIPLA.NS,2025-03-04,1401.800048828125,1386.9837646484375,1456530.0,0.0
CIPLA.NS,2025-03-05,1419.75,1404.7440185546875,2187830.0,0.0
CIPLA.NS,2025-03-06,1461.75,1446.300048828125,1525159.0,0.0
CIPLA.NS,2025-03-07,1458.449951171875,1443.034912109375,678497.0,0.0
CIPLA.NS,2025-03-10,1462.75,1447.28955078125,905854.0,0.0
CIPLA.NS,2025-03-11,1445.75,1430.46923828125,1231247.0,0.0
CIPLA.NS,2025-03-12,1454.300048828125,1438.9288330078125,1254797.0,0.0
CIPLA.NS,2025-03-13,1461.9000244140625,1446.448486328125,804032.0,0.0
CIPLA.NS,2025-03-17,1492.5999755859375,1476.823974609375,1329884.0,0.0
CIPLA.NS,2025-03-18,1492.5999755859375,1476.823974609375,0.0,0.0
CIPLA.NS,2025-03-19,1499.1500244140625,1483.3048095703125,1015731.0,0.0
CIPLA.NS,2025-03-20,1512.050048828125,1496.0684814453125,984355.0,0.0
CIPLA.NS,2025-03-21,1523.8499755859375,1507.7437744140625,2846648.0,0.0
CIPLA.NS,2025-03-24,1524.050048828125,1507.941650390625,826040.0,0.0
CIPLA.NS,2025-03-25,1511.199951171875,1495.2274169921875,1092805.0,0.0
CIPLA.NS,2025-03-26,1476.199951171875,1460.5972900390625,1375794.0,0.0
CIPLA.NS,2025-03-27,1482.9000244140625,1467.2265625,1848444.0,0.0
CIPLA.NS,2025-03-28,1442.199951171875,1426.9566650390625,1495932.0,0.0
CIPLA.NS,2025-04-01,1444.25,1428.985107421875,1080262.0,0.0
CIPLA.NS,2025-04-02,1452.3499755859375,1436.9993896484375,1054143.0,0.0
CIPLA.NS,2025-04-03,1495.699951171875,1479.8912353515625,3488899.0,0.0
CIPLA.NS,2025-04-04,1415.25,1400.2916259765625,2768438.0,0.0
CIPLA.NS,2025-04-07,1384.699951171875,1370.064453125,1604721.0,0.0
CIPLA.NS,2025-04-08,1432.550048828125,1417.4088134765625,1324180.0,0.0
CIPLA.NS,2025-04-09,1415.5999755859375,1400.6378173828125,1701314.0,0.0
CIPLA.NS,2025-04-11,1463.050048828125,1447.58642578125,2311803.0,0.0
CIPLA.NS,2025-04-15,1481.800048828125,1466.13818359375,1720323.0,0.0
CIPLA.NS,2025-04-16,1496.4000244140625,1480.5838623046875,1023697.0,0.0
CIPLA.NS,2025-04-17,1515.199951171875,1499.18505859375,1211601.0,0.0
CIPLA.NS,2025-04-21,1511.0999755859375,1495.12841796875,570266.0,0.0
CIPLA.NS,2025-04-22,1528.199951171875,1512.0477294921875,954974.0,0.0
CIPLA.NS,2025-04-23,1533.699951171875,1517.4896240234375,819016.0,0.0
CIPLA.NS,2025-04-24,1551.699951171875,1535.29931640625,1590469.0,0.0
CIPLA.NS,2025-04-25,1525.9000244140625,1509.7720947265625,1353813.0,0.0
CIPLA.NS,2025-04-28,1555.0999755859375,1538.6634521484375,1207247.0,0.0
CIPLA.NS,2025-04-29,1541.5,1525.2071533203125,1385331.0,0.0
CIPLA.NS,2025-04-30,1550.0999755859375,1533.71630859375,2315010.0,0.0
CIPLA.NS,2025-05-02,1514.5,1498.4925537109375,1578868.0,0.0
CIPLA.NS,2025-05-05,1542.9000244140625,1526.5924072265625,786898.0,0.0
CIPLA.NS,2025-05-06,1511.4000244140625,1495.42529296875,1788719.0,0.0
CIPLA.NS,2025-05-07,1508.800048828125,1492.8529052734375,1424662.0,0.0
CIPLA.NS,2025-05-08,1486.800048828125,1471.0853271484375,2773328.0,0.0
CIPLA.NS,2025-05-09,1480.0,1464.357177734375,1042380.0,0.0
CIPLA.NS,2025-05-12,1511.5999755859375,1495.6231689453125,1706217.0,0.0
CIPLA.NS,2025-05-13,1520.0999755859375,1504.0333251953125,4042184.0,0.0
CIPLA.NS,2025-05-14,1494.800048828125,1479.0008544921875,3417567.0,0.0
CIPLA.NS,2025-05-15,1502.199951171875,1486.322509765625,3918531.0,0.0
CIPLA.NS,2025-05-16,1499.9000244140625,1484.046875,1660861.0,0.0
CIPLA.NS,2025-05-19,1491.5999755859375,1475.8345947265625,1857648.0,0.0
CIPLA.NS,2025-05-20,1454.4000244140625,1439.02783203125,3573210.0,0.0
CIPLA.NS,2025-05-21,1482.4000244140625,1466.7318115234375,2001251.0,0.0
CIPLA.NS,2025-05-22,1468.5,1452.978759765625,1804507.0,0.0
CIPLA.NS,2025-05-23,1484.199951171875,1468.5128173828125,915286.0,0.0
CIPLA.NS,2025-05-26,1484.199951171875,1468.5128173828125,885022.0,0.0
CIPLA.NS,2025-05-27,1480.5,1464.8519287109375,881728.0,0.0
CIPLA.NS,2025-05-28,1468.5,1452.978759765625,1090511.0,0.0
CIPLA.NS,2025-05-29,1476.9000244140625,1461.2900390625,1384536.0,0.0
CIPLA.NS,2025-05-30,1465.699951171875,1450.208251953125,7040777.0,0.0
CIPLA.NS,2025-06-02,1470.199951171875,1454.6607666015625,962897.0,0.0
CIPLA.NS,2025-06-03,1473.199951171875,1457.6290283203125,870331.0,0.0
CIPLA.NS,2025-06-04,1471.9000244140625,1456.3428955078125,1297075.0,0.0
CIPLA.NS,2025-06-05,1489.800048828125,1474.0537109375,1570159.0,0.0
CIPLA.NS,2025-06-06,1504.199951171875,1488.3013916015625,861882.0,0.0
CIPLA.NS,2025-06-09,1506.5999755859375,1490.676025390625,689631.0,0.0
CIPLA.NS,2025-06-10,1510.800048828125,1494.8316650390625,929786.0,0.0
CIPLA.NS,2025-06-11,1521.699951171875,1505.616455078125,1046396.0,0.0
CIPLA.NS,2025-06-12,1502.800048828125,1486.916259765625,1199034.0,0.0
CIPLA.NS,2025-06-13,1505.199951171875,1489.290771484375,874315.0,0.0
CIPLA.NS,2025-06-16,1527.0,1510.8604736328125,2679763.0,0.0
CIPLA.NS,2025-06-17,1503.5,1487.60888671875,1334810.0,0.0
CIPLA.NS,2025-06-18,1498.0999755859375,1482.265869140625,1075494.0,0.0
CIPLA.NS,2025-06-19,1484.0,1468.31494140625,1124204.0,0.0
CIPLA.NS,2025-06-20,1499.699951171875,1483.8489990234375,1917041.0,0.0
CIPLA.NS,2025-06-23,1499.0999755859375,1483.2552490234375,657381.0,0.0
CIPLA.NS,2025-06-24,1502.4000244140625,1486.5205078125,1351552.0,0.0
CIPLA.NS,2025-06-25,1510.0,1494.0401611328125,1032762.0,0.0
CIPLA.NS,2025-06-26,1513.800048828125,1497.800048828125,1440423.0,0.0
CIPLA.NS,2025-06-27,1502.4000244140625,1502.4000244140625,1851991.0,0.0
CIPLA.NS,2025-06-30,1505.9000244140625,1505.9000244140625,1053681.0,0.0
CIPLA.NS,2025-07-01,1515.699951171875,1515.699951171875,1112637.0,0.0
CIPLA.NS,2025-07-02,1497.5999755859375,1497.5999755859375,1273704.0,0.0
CIPLA.NS,2025-07-03,1508.699951171875,1508.699951171875,869963.0,0.0
CIPLA.NS,2025-07-04,1513.300048828125,1513.300048828125,1118483.0,0.0
CIPLA.NS,2025-07-07,1510.5,1510.5,1061434.0,0.0
CIPLA.NS,2025-07-08,1488.300048828125,1488.300048828125,2197699.0,0.0
CIPLA.NS,2025-07-09,1491.699951171875,1491.699951171875,1364142.0,0.0
CIPLA.NS,2025-07-10,1477.800048828125,1477.800048828125,2178068.0,0.0
CIPLA.NS,2025-07-11,1485.0,1485.0,920651.0,0.0
CIPLA.NS,2025-07-14,1484.0,1484.0,1554680.0,0.0
CIPLA.NS,2025-07-15,1490.9000244140625,1490.9000244140625,1203850.0,0.0
CIPLA.NS,2025-07-16,1475.800048828125,1475.800048828125,1569604.0,0.0
CIPLA.NS,2025-07-17,1482.4000244140625,1482.4000244140625,1349535.0,0.0
CIPLA.NS,2025-07-18,1482.300048828125,1482.300048828125,1001794.0,0.0
CIPLA.NS,2025-07-21,1473.9000244140625,1473.9000244140625,1198993.0,0.0
CIPLA.NS,2025-07-22,1464.4000244140625,1464.4000244140625,1908949.0,0.0
CIPLA.NS,2025-07-23,1473.5,1473.5,1268156.0,0.0
CIPLA.NS,2025-07-24,1487.9000244140625,1487.9000244140625,1389152.0,0.0
CIPLA.NS,2025-07-25,1532.5,1532.5,5226395.0,0.0
CIPLA.NS,2025-07-28,1572.0,1572.0,3843168.0,0.0
CIPLA.NS,2025-07-29,1574.0,1574.0,1303888.0,0.0
CIPLA.NS,2025-07-30,1559.4000244140625,1559.4000244140625,1390012.0,0.0
CIPLA.NS,2025-07-31,1554.5999755859375,1554.5999755859375,2457841.0,0.0
CIPLA.NS,2025-08-01,1502.800048828125,1502.800048828125,2109707.0,0.0
CIPLA.NS,2025-08-04,1515.0999755859375,1515.0999755859375,549494.0,0.0
CIPLA.NS,2025-08-05,1499.800048828125,1499.800048828125,1156528.0,0.0
CIPLA.NS,2025-08-06,1486.699951171875,1486.699951171875,1157300.0,0.0
CIPLA.NS,2025-08-07,1491.0,1491.0,1882304.0,0.0
CIPLA.NS,2025-08-08,1485.800048828125,1485.800048828125,920270.0,0.0
CIPLA.NS,2025-08-11,1504.800048828125,1504.800048828125,898160.0,0.0
CIPLA.NS,2025-08-12,1521.5999755859375,1521.5999755859375,910349.0,0.0
CIPLA.NS,2025-08-13,1561.0,1561.0,1859765.0,0.0
CIPLA.NS,2025-08-14,1564.0,1564.0,2535958.0,0.0
CIPLA.NS,2025-08-18,1565.199951171875,1565.199951171875,1783835.0,0.0
CIPLA.NS,2025-08-19,1548.9000244140625,1548.9000244140625,898746.0,0.0
CIPLA.NS,2025-08-20,1546.0999755859375,1546.0999755859375,936556.0,0.0
CIPLA.NS,2025-08-21,1592.800048828125,1592.800048828125,1698280.0,0.0
CIPLA.NS,2025-08-22,1592.800048828125,1592.800048828125,1574526.0,0.0
CIPLA.NS,2025-08-25,1601.199951171875,1601.199951171875,1298471.0,0.0
CIPLA.NS,2025-08-26,1579.800048828125,1579.800048828125,2332380.0,0.0
CIPLA.NS,2025-08-28,1580.300048828125,1580.300048828125,1903230.0,0.0
CIPLA.NS,2025-08-29,1589.4000244140625,1589.4000244140625,1342344.0,0.0
CIPLA.NS,2025-09-01,1587.199951171875,1587.199951171875,783524.0,0.0
CIPLA.NS,2025-09-02,1569.199951171875,1569.199951171875,1161872.0,0.0
CIPLA.NS,2025-09-03,1578.4000244140625,1578.4000244140625,1160380.0,0.0
CIPLA.NS,2025-09-04,1577.800048828125,1577.800048828125,614470.0,0.0
CIPLA.NS,2025-09-05,1553.4000244140625,1553.4000244140625,701865.0,0.0
CIPLA.NS,2025-09-08,1541.199951171875,1541.199951171875,588546.0,0.0
CIPLA.NS,2025-09-09,1551.5999755859375,1551.5999755859375,788242.0,0.0
CIPLA.NS,2025-09-10,1563.800048828125,1563.800048828125,718311.0,0.0
CIPLA.NS,2025-09-11,1560.800048828125,1560.800048828125,732911.0,0.0
CIPLA.NS,2025-09-12,1574.5999755859375,1574.5999755859375,785508.0,0.0
CIPLA.NS,2025-09-15,1548.300048828125,1548.300048828125,758979.0,0.0
CIPLA.NS,2025-09-16,1559.0,1559.0,471395.0,0.0
CIPLA.NS,2025-09-17,1559.5999755859375,1559.5999755859375,785651.0,0.0
CIPLA.NS,2025-09-18,1578.199951171875,1578.199951171875,874860.0,0.0
CIPLA.NS,2025-09-19,1575.800048828125,1575.800048828125,1464121.0,0.0
CIPLA.NS,2025-09-22,1542.199951171875,1542.199951171875,1257495.0,0.0
CIPLA.NS,2025-09-23,1527.0999755859375,1527.0999755859375,1487350.0,0.0
CIPLA.NS,2025-09-24,1538.0,1538.0,943785.0,0.0
CIPLA.NS,2025-09-25,1509.699951171875,1509.699951171875,2502680.0,0.0
CIPLA.NS,2025-09-26,1499.4000244140625,1499.4000244140625,2653841.0,0.0
CIPLA.NS,2025-09-29,1488.0,1488.0,1778220.0,0.0
CIPLA.NS,2025-09-30,1503.300048828125,1503.300048828125,1040806.0,0.0
CIPLA.NS,2025-10-01,1513.0,1513.0,1000285.0,0.0
CIPLA.NS,2025-10-03,1517.699951171875,1517.699951171875,1070489.0,0.0
CIPLA.NS,2025-10-06,1513.0999755859375,1513.0999755859375,772031.0,0.0
CIPLA.NS,2025-10-07,1513.300048828125,1513.300048828125,834623.0,0.0
CIPLA.NS,2025-10-08,1494.5999755859375,1494.5999755859375,1068066.0,0.0
CIPLA.NS,2025-10-09,1513.0999755859375,1513.0999755859375,878167.0,0.0
CIPLA.NS,2025-10-10,1561.800048828125,1561.800048828125,1495524.0,0.0
CIPLA.NS,2025-10-13,1563.5999755859375,1563.5999755859375,671620.0,0.0
CIPLA.NS,2025-10-14,1552.300048828125,1552.300048828125,1056222.0,0.0
CIPLA.NS,2025-10-15,1558.699951171875,1558.699951171875,1638237.0,0.0
CIPLA.NS,2025-10-16,1569.4000244140625,1569.4000244140625,989785.0,0.0
CIPLA.NS,2025-10-17,1577.5999755859375,1577.5999755859375,1222051.0,0.0
CIPLA.NS,2025-10-20,1639.0999755859375,1639.0999755859375,3372906.0,0.0
CIPLA.NS,2025-10-21,1663.5999755859375,1663.5999755859375,709223.0,0.0
CIPLA.NS,2025-10-23,1645.0999755859375,1645.0999755859375,2150725.0,0.0
CIPLA.NS,2025-10-24,1584.4000244140625,1584.4000244140625,2941997.0,0.0
CIPLA.NS,2025-10-27,1584.0,1584.0,1213749.0,0.0
CIPLA.NS,2025-10-28,1568.0999755859375,1568.0999755859375,1489133.0,0.0
CIPLA.NS,2025-10-29,1581.0999755859375,1581.0999755859375,898965.0,0.0
CIPLA.NS,2025-10-30,1540.0999755859375,1540.0999755859375,4053965.0,0.0
CIPLA.NS,2025-10-31,1501.300048828125,1501.300048828125,3365093.0,0.0
CIPLA.NS,2025-11-03,1511.5,1511.5,1505905.0,0.0
CIPLA.NS,2025-11-04,1503.300048828125,1503.300048828125,1590643.0,0.0
CIPLA.NS,2025-11-06,1501.5,1501.5,1596245.0,0.0
CIPLA.NS,2025-11-07,1505.699951171875,1505.699951171875,1037508.0,0.0
CIPLA.NS,2025-11-10,1511.5,1511.5,1143959.0,0.0
CIPLA.NS,2025-11-11,1514.9000244140625,1514.9000244140625,850772.0,0.0
CIPLA.NS,2025-11-12,1519.300048828125,1519.300048828125,1179131.0,0.0
CIPLA.NS,2025-11-13,1525.800048828125,1525.800048828125,1217362.0,0.0
CIPLA.NS,2025-11-14,1532.0999755859375,1532.0999755859375,810970.0,0.0
CIPLA.NS,2025-11-17,1535.5999755859375,1535.5999755859375,912322.0,0.0
CIPLA.NS,2025-11-18,1514.5,1514.5,747913.0,0.0
CIPLA.NS,2025-11-19,1526.800048828125,1526.800048828125,1171078.0,0.0
CIPLA.NS,2025-11-20,1529.199951171875,1529.199951171875,896750.0,0.0
CIPLA.NS,2025-11-21,1511.800048828125,1511.800048828125,1126820.0,0.0
CIPLA.NS,2025-11-24,1504.0,1504.0,2801854.0,0.0
CIPLA.NS,2025-11-25,1507.5,1507.5,908386.0,0.0
CIPLA.NS,2025-11-26,1523.800048828125,1523.800048828125,1087736.0,0.0
CIPLA.NS,2025-11-27,1525.199951171875,1525.199951171875,810411.0,0.0
CIPLA.NS,2025-11-28,1531.300048828125,1531.300048828125,991042.0,0.0
CIPLA.NS,2025-12-01,1523.0999755859375,1523.0999755859375,1010599.0,0.0
CIPLA.NS,2025-12-02,1516.5999755859375,1516.5999755859375,1760512.0,0.0
CIPLA.NS,2025-12-03,1508.0,1508.0,1034323.0,0.0
CIPLA.NS,2025-12-04,1521.0,1521.0,726473.0,0.0
CIPLA.NS,2025-12-05,1520.800048828125,1520.800048828125,813485.0,0.0
CIPLA.NS,2025-12-08,1497.5999755859375,1497.5999755859375,1263559.0,0.0
CIPLA.NS,2025-12-09,1490.5999755859375,1490.5999755859375,1646840.0,0.0
CIPLA.NS,2025-12-10,1490.9000244140625,1490.9000244140625,1316274.0,0.0
CIPLA.NS,2025-12-11,1512.300048828125,1512.300048828125,606130.0,0.0
CIPLA.NS,2025-12-12,1517.4000244140625,1517.4000244140625,1054050.0,0.0
CIPLA.NS,2025-12-15,1508.0,1508.0,855508.0,0.0
CIPLA.NS,2025-12-16,1499.5999755859375,1499.5999755859375,789492.0,0.0
CIPLA.NS,2025-12-17,1496.9000244140625,1496.9000244140625,1000116.0,0.0
CIPLA.NS,2025-12-18,1498.9000244140625,1498.9000244140625,974170.0,0.0
CIPLA.NS,2025-12-19,1517.0999755859375,1517.0999755859375,769045.0,0.0
CIPLA.NS,2025-12-22,1512.9000244140625,1512.9000244140625,757496.0,0.0
CIPLA.NS,2025-12-23,1500.699951171875,1500.699951171875,826988.0,0.0
CIPLA.NS,2025-12-24,1496.300048828125,1496.300048828125,1022767.0,0.0
CIPLA.NS,2025-12-26,1506.0,1506.0,951555.0,0.0
CIPLA.NS,2025-12-29,1494.0,1494.0,1077645.0,0.0
CIPLA.NS,2025-12-30,1492.5,1492.5,1993298.0,0.0
CIPLA.NS,2025-12-31,1511.300048828125,1511.300048828125,883966.0,0.0
CIPLA.NS,2026-01-01,1500.9000244140625,1500.9000244140625,228078.0,0.0
CIPLA.NS,2026-01-02,1511.5999755859375,1511.5999755859375,964611.0,0.0
CIPLA.NS,2026-01-05,1519.800048828125,1519.800048828125,1532549.0,0.0
CIPLA.NS,2026-01-06,1530.800048828125,1530.800048828125,1614326.0,0.0
CIPLA.NS,2026-01-07,1467.9000244140625,1467.9000244140625,5076416.0,0.0
CIPLA.NS,2026-01-08,1460.5999755859375,1460.5999755859375,2651011.0,0.0
CIPLA.NS,2026-01-09,1465.699951171875,1465.699951171875,1804271.0,0.0
CIPLA.NS,2026-01-12,1465.199951171875,1465.199951171875,2380033.0,0.0
CIPLA.NS,2026-01-13,1448.300048828125,1448.300048828125,1909873.0,0.0
CIPLA.NS,2026-01-14,1434.5,1434.5,1775529.0,0.0
CIPLA.NS,2026-01-15,1434.5,1434.5,0.0,0.0
CIPLA.NS,2026-01-16,1397.5,1397.5,4333315.0,0.0
CIPLA.NS,2026-01-19,1392.300048828125,1392.300048828125,1653550.0,0.0
CIPLA.NS,2026-01-20,1378.4000244140625,1378.4000244140625,2040403.0,0.0
CIPLA.NS,2026-01-21,1369.5999755859375,1369.5999755859375,2306655.0,0.0
CIPLA.NS,2026-01-22,1370.4000244140625,1370.4000244140625,1536604.0,0.0
CIPLA.NS,2026-01-23,1315.0,1315.0,6590032.0,0.0
CIPLA.NS,2026-01-27,1313.0,1313.0,4109525.0,0.0
CIPLA.NS,2026-01-28,1328.4000244140625,1328.4000244140625,1535898.0,0.0
CIPLA.NS,2026-01-29,1320.9000244140625,1320.9000244140625,2099306.0,0.0
CIPLA.NS,2026-01-30,1324.0,1324.0,2157826.0,0.0
CIPLA.NS,2026-02-02,1311.5999755859375,1311.5999755859375,1832963.0,0.0
CIPLA.NS,2026-02-03,1322.800048828125,1322.800048828125,2711571.0,0.0
CIPLA.NS,2026-02-04,1326.699951171875,1326.699951171875,1590247.0,0.0
CIPLA.NS,2026-02-05,1333.300048828125,1333.300048828125,999810.0,0.0
CIPLA.NS,2026-02-06,1330.0,1330.0,1457970.0,0.0
CIPLA.NS,2026-02-09,1342.5,1342.5,1936551.0,0.0
CIPLA.NS,2026-02-10,1342.0999755859375,1342.0999755859375,1053439.0,0.0
CIPLA.NS,2026-02-11,1349.9000244140625,1349.9000244140625,830642.0,0.0
COALINDIA.NS,2025-02-11,359.0,339.8525390625,6803431.0,0.0
COALINDIA.NS,2025-02-12,360.3500061035156,341.1305236816406,4565992.0,0.0
COALINDIA.NS,2025-02-13,361.6499938964844,342.3611755371094,3712240.0,0.0
COALINDIA.NS,2025-02-14,354.20001220703125,335.30853271484375,4464446.0,0.0
COALINDIA.NS,2025-02-17,360.1000061035156,340.89385986328125,6017586.0,0.0
COALINDIA.NS,2025-02-18,361.1000061035156,341.8405456542969,3843725.0,0.0
COALINDIA.NS,2025-02-19,362.29998779296875,342.97650146484375,3097726.0,0.0
COALINDIA.NS,2025-02-20,367.95001220703125,348.3251953125,4624287.0,0.0
COALINDIA.NS,2025-02-21,369.95001220703125,350.218505859375,5235241.0,0.0
COALINDIA.NS,2025-02-24,364.79998779296875,345.3431396484375,4533486.0,0.0
COALINDIA.NS,2025-02-25,361.1499938964844,341.8878479003906,4525493.0,0.0
COALINDIA.NS,2025-02-27,363.8500061035156,344.4438171386719,6196610.0,0.0
COALINDIA.NS,2025-02-28,369.3500061035156,349.6504821777344,21899478.0,0.0
COALINDIA.NS,2025-03-03,360.3500061035156,341.1305236816406,12675744.0,0.0
COALINDIA.NS,2025-03-04,363.8500061035156,344.4438171386719,5535218.0,0.0
COALINDIA.NS,2025-03-05,368.25,348.6091613769531,5730797.0,0.0
COALINDIA.NS,2025-03-06,382.6000061035156,362.19378662109375,11247215.0,0.0
COALINDIA.NS,2025-03-07,380.6499938964844,360.3478088378906,8321771.0,0.0
COALINDIA.NS,2025-03-10,375.1499938964844,355.1411437988281,5541001.0,0.0
COALINDIA.NS,2025-03-11,379.04998779296875,358.8331298828125,5340552.0,0.0
COALINDIA.NS,2025-03-12,380.70001220703125,360.3951721191406,3951912.0,0.0
COALINDIA.NS,2025-03-13,378.29998779296875,358.12310791015625,3918004.0,0.0
COALINDIA.NS,2025-03-17,385.75,365.1758117675781,5456361.0,0.0
COALINDIA.NS,2025-03-18,385.75,365.1758117675781,0.0,0.0
COALINDIA.NS,2025-03-19,395.8500061035156,374.73712158203125,5827114.0,0.0
COALINDIA.NS,2025-03-20,396.3999938964844,375.25775146484375,7025398.0,0.0
COALINDIA.NS,2025-03-21,405.3999938964844,383.77777099609375,16564019.0,0.0
COALINDIA.NS,2025-03-24,406.0,384.34576416015625,5260300.0,0.0
COALINDIA.NS,2025-03-25,398.29998779296875,377.0564270019531,5636291.0,0.0
COALINDIA.NS,2025-03-26,394.79998779296875,373.7430725097656,5025274.0,0.0
COALINDIA.NS,2025-03-27,396.8500061035156,375.6837463378906,7697174.0,0.0
COALINDIA.NS,2025-03-28,398.20001220703125,376.9617614746094,6923988.0,0.0
COALINDIA.NS,2025-04-01,397.6499938964844,376.44110107421875,4332950.0,0.0
COALINDIA.NS,2025-04-02,397.5,376.29913330078125,4197123.0,0.0
COALINDIA.NS,2025-04-03,397.04998779296875,375.87310791015625,4970602.0,0.0
COALINDIA.NS,2025-04-04,385.04998779296875,364.51312255859375,6718760.0,0.0
COALINDIA.NS,2025-04-07,377.5,357.3658142089844,10202400.0,0.0
COALINDIA.NS,2025-04-08,382.8500061035156,362.4304504394531,3577328.0,0.0
COALINDIA.NS,2025-04-09,374.6000061035156,354.6205139160156,5781453.0,0.0
COALINDIA.NS,2025-04-11,392.1000061035156,371.1871337890625,6185984.0,0.0
COALINDIA.NS,2025-04-15,395.25,374.1690979003906,4371156.0,0.0
COALINDIA.NS,2025-04-16,399.25,377.9557800292969,4992290.0,0.0
COALINDIA.NS,2025-04-17,398.8500061035156,377.5771179199219,8364450.0,0.0
COALINDIA.NS,2025-04-21,400.5,379.13909912109375,8987570.0,0.0
COALINDIA.NS,2025-04-22,398.6000061035156,377.3404541015625,7558174.0,0.0
COALINDIA.NS,2025-04-23,398.95001220703125,377.6717834472656,7429142.0,0.0
COALINDIA.NS,2025-04-24,399.8500061035156,378.5237731933594,5762303.0,0.0
COALINDIA.NS,2025-04-25,393.1499938964844,372.1811218261719,7337588.0,0.0
COALINDIA.NS,2025-04-28,397.1499938964844,375.9677734375,3458518.0,0.0
COALINDIA.NS,2025-04-29,389.1000061035156,368.3471374511719,6274213.0,0.0
COALINDIA.NS,2025-04-30,385.29998779296875,364.74981689453125,4559122.0,0.0
COALINDIA.NS,2025-05-02,383.5,363.0458068847656,5045851.0,0.0
COALINDIA.NS,2025-05-05,385.6000061035156,365.0338134765625,6395704.0,0.0
COALINDIA.NS,2025-05-06,378.25,358.0758056640625,5982166.0,0.0
COALINDIA.NS,2025-05-07,383.29998779296875,362.8564453125,9162368.0,0.0
COALINDIA.NS,2025-05-08,385.45001220703125,364.8918151855469,14258083.0,0.0
COALINDIA.NS,2025-05-09,382.3999938964844,362.0044860839844,3809943.0,0.0
COALINDIA.NS,2025-05-12,395.5,374.40576171875,6743279.0,0.0
COALINDIA.NS,2025-05-13,395.1499938964844,374.0744323730469,6307140.0,0.0
COALINDIA.NS,2025-05-14,403.1000061035156,381.6004333496094,6822756.0,0.0
COALINDIA.NS,2025-05-15,404.6499938964844,383.0677490234375,10511989.0,0.0
COALINDIA.NS,2025-05-16,404.79998779296875,383.209716796875,4702603.0,0.0
COALINDIA.NS,2025-05-19,402.70001220703125,381.2217712402344,5446656.0,0.0
COALINDIA.NS,2025-05-20,408.1000061035156,386.3337707519531,18755291.0,0.0
COALINDIA.NS,2025-05-21,405.3500061035156,383.7304382324219,7393102.0,0.0
COALINDIA.NS,2025-05-22,398.8500061035156,377.5771179199219,7936875.0,0.0
COALINDIA.NS,2025-05-23,401.5,380.08575439453125,4178408.0,0.0
COALINDIA.NS,2025-05-26,402.70001220703125,381.2217712402344,6067873.0,0.0
COALINDIA.NS,2025-05-27,399.95001220703125,378.61846923828125,6553758.0,0.0
COALINDIA.NS,2025-05-28,398.20001220703125,376.9617614746094,6002200.0,0.0
COALINDIA.NS,2025-05-29,398.20001220703125,376.9617614746094,7724668.0,0.0
COALINDIA.NS,2025-05-30,397.29998779296875,376.1097412109375,6565658.0,0.0
COALINDIA.NS,2025-06-02,399.70001220703125,378.38177490234375,6119571.0,0.0
COALINDIA.NS,2025-06-03,392.8500061035156,371.8971252441406,7360608.0,0.0
COALINDIA.NS,2025-06-04,394.6000061035156,373.55377197265625,3861957.0,0.0
COALINDIA.NS,2025-06-05,394.8999938964844,373.8377685546875,6097293.0,0.0
COALINDIA.NS,2025-06-06,398.95001220703125,377.6717834472656,7633919.0,0.0
COALINDIA.NS,2025-06-09,401.0,379.6124267578125,9626374.0,0.0
COALINDIA.NS,2025-06-10,399.54998779296875,378.23974609375,6362912.0,0.0
COALINDIA.NS,2025-06-11,402.1000061035156,380.6537780761719,11946342.0,0.0
COALINDIA.NS,2025-06-12,392.70001220703125,371.755126953125,11262656.0,0.0
COALINDIA.NS,2025-06-13,391.20001220703125,370.33514404296875,5253032.0,0.0
COALINDIA.NS,2025-06-16,394.3500061035156,373.3171081542969,3706240.0,0.0
COALINDIA.NS,2025-06-17,391.29998779296875,370.42974853515625,3248476.0,0.0
COALINDIA.NS,2025-06-18,390.3500061035156,369.53045654296875,4118145.0,0.0
COALINDIA.NS,2025-06-19,384.25,363.75579833984375,4416367.0,0.0
COALINDIA.NS,2025-06-20,389.04998779296875,368.2997741699219,6531957.0,0.0
COALINDIA.NS,2025-06-23,392.5,371.5657958984375,3359491.0,0.0
COALINDIA.NS,2025-06-24,392.6499938964844,371.707763671875,4606984.0,0.0
COALINDIA.NS,2025-06-25,391.75,370.85577392578125,4672204.0,0.0
COALINDIA.NS,2025-06-26,394.1499938964844,373.1277770996094,5569101.0,0.0
COALINDIA.NS,2025-06-27,394.1499938964844,373.1277770996094,16253653.0,0.0
COALINDIA.NS,2025-06-30,391.95001220703125,371.0451354980469,4870935.0,0.0
COALINDIA.NS,2025-07-01,389.75,368.96246337890625,5997283.0,0.0
COALINDIA.NS,2025-07-02,386.8999938964844,366.2644348144531,7752338.0,0.0
COALINDIA.NS,2025-07-03,386.45001220703125,365.8384704589844,3851213.0,0.0
COALINDIA.NS,2025-07-04,386.1000061035156,365.50714111328125,3990767.0,0.0
COALINDIA.NS,2025-07-07,384.25,363.75579833984375,2810768.0,0.0
COALINDIA.NS,2025-07-08,382.8500061035156,362.4304504394531,5231160.0,0.0
COALINDIA.NS,2025-07-09,387.45001220703125,366.78515625,4497121.0,0.0
COALINDIA.NS,2025-07-10,384.04998779296875,363.56646728515625,4668066.0,0.0
COALINDIA.NS,2025-07-11,380.95001220703125,360.6318359375,4677164.0,0.0
COALINDIA.NS,2025-07-14,383.8500061035156,363.37713623046875,5109504.0,0.0
COALINDIA.NS,2025-07-15,386.45001220703125,365.8384704589844,4586811.0,0.0
COALINDIA.NS,2025-07-16,386.45001220703125,365.8384704589844,5205724.0,0.0
COALINDIA.NS,2025-07-17,385.8999938964844,365.3177795410156,3749218.0,0.0
COALINDIA.NS,2025-07-18,388.5,367.77911376953125,5172481.0,0.0
COALINDIA.NS,2025-07-21,386.79998779296875,366.1697998046875,4396850.0,0.0
COALINDIA.NS,2025-07-22,389.1000061035156,368.3471374511719,5043629.0,0.0
COALINDIA.NS,2025-07-23,390.75,369.90911865234375,3670943.0,0.0
COALINDIA.NS,2025-07-24,385.54998779296875,364.9864501953125,4022204.0,0.0
COALINDIA.NS,2025-07-25,380.79998779296875,360.4897766113281,4616856.0,0.0
COALINDIA.NS,2025-07-28,378.3500061035156,358.17047119140625,4521716.0,0.0
COALINDIA.NS,2025-07-29,383.6499938964844,363.18780517578125,4872086.0,0.0
COALINDIA.NS,2025-07-30,379.8999938964844,359.6377868652344,5107774.0,0.0
COALINDIA.NS,2025-07-31,376.3500061035156,356.27716064453125,6461803.0,0.0
COALINDIA.NS,2025-08-01,372.5,352.6324768066406,13769152.0,0.0
COALINDIA.NS,2025-08-04,374.70001220703125,354.71514892578125,19756930.0,0.0
COALINDIA.NS,2025-08-05,379.5,359.2591247558594,6846687.0,0.0
COALINDIA.NS,2025-08-06,376.8500061035156,361.996826171875,5808208.0,0.0
COALINDIA.NS,2025-08-07,379.54998779296875,364.59039306640625,3468573.0,0.0
COALINDIA.NS,2025-08-08,379.70001220703125,364.7344970703125,4172600.0,0.0
COALINDIA.NS,2025-08-11,382.5,367.42413330078125,5740719.0,0.0
COALINDIA.NS,2025-08-12,385.3500061035156,370.16180419921875,4860757.0,0.0
COALINDIA.NS,2025-08-13,386.1000061035156,370.8822326660156,4216888.0,0.0
COALINDIA.NS,2025-08-14,384.45001220703125,369.2972717285156,4034887.0,0.0
COALINDIA.NS,2025-08-18,387.79998779296875,372.51519775390625,3520271.0,0.0
COALINDIA.NS,2025-08-19,385.3500061035156,370.16180419921875,5219052.0,0.0
COALINDIA.NS,2025-08-20,384.70001220703125,369.53741455078125,4904231.0,0.0
COALINDIA.NS,2025-08-21,378.1499938964844,368.1743469238281,6212604.0,0.0
COALINDIA.NS,2025-08-22,374.45001220703125,364.57196044921875,4699261.0,0.0
COALINDIA.NS,2025-08-25,380.0,369.9755554199219,4349832.0,0.0
COALINDIA.NS,2025-08-26,372.45001220703125,362.6247253417969,6381642.0,0.0
COALINDIA.NS,2025-08-28,374.29998779296875,364.4259033203125,4372269.0,0.0
COALINDIA.NS,2025-08-29,374.79998779296875,364.9127197265625,4578400.0,0.0
COALINDIA.NS,2025-09-01,377.8999938964844,367.9309387207031,2829114.0,0.0
COALINDIA.NS,2025-09-02,380.1000061035156,370.0729064941406,7511709.0,0.0
COALINDIA.NS,2025-09-03,389.79998779296875,379.51702880859375,8111851.0,0.0
COALINDIA.NS,2025-09-04,391.45001220703125,381.1235046386719,5515006.0,0.0
COALINDIA.NS,2025-09-05,392.6499938964844,382.2918395996094,4535470.0,0.0
COALINDIA.NS,2025-09-08,387.04998779296875,376.8395690917969,4607020.0,0.0
COALINDIA.NS,2025-09-09,387.95001220703125,377.7158508300781,4376579.0,0.0
COALINDIA.NS,2025-09-10,391.8999938964844,381.5616149902344,4285507.0,0.0
COALINDIA.NS,2025-09-11,393.3500061035156,382.973388671875,3442373.0,0.0
COALINDIA.NS,2025-09-12,394.3500061035156,383.9469909667969,4276055.0,0.0
COALINDIA.NS,2025-09-15,394.75,384.3364562988281,4618798.0,0.0
COALINDIA.NS,2025-09-16,395.79998779296875,385.3587341308594,2581384.0,0.0
COALINDIA.NS,2025-09-17,399.75,389.2045593261719,5970395.0,0.0
COALINDIA.NS,2025-09-18,393.1499938964844,382.7786560058594,5899621.0,0.0
COALINDIA.NS,2025-09-19,394.5,384.0930480957031,5272435.0,0.0
COALINDIA.NS,2025-09-22,394.70001220703125,384.28778076171875,3399517.0,0.0
COALINDIA.NS,2025-09-23,394.04998779296875,383.6549072265625,4720322.0,0.0
COALINDIA.NS,2025-09-24,392.8500061035156,382.486572265625,5139791.0,0.0
COALINDIA.NS,2025-09-25,392.5,382.14581298828125,4563970.0,0.0
COALINDIA.NS,2025-09-26,389.1499938964844,378.8841552734375,4698693.0,0.0
COALINDIA.NS,2025-09-29,388.29998779296875,378.05657958984375,6606409.0,0.0
COALINDIA.NS,2025-09-30,389.95001220703125,379.6630859375,5362610.0,0.0
COALINDIA.NS,2025-10-01,388.5,378.2513122558594,4976933.0,0.0
COALINDIA.NS,2025-10-03,383.3500061035156,373.2371826171875,7431240.0,0.0
COALINDIA.NS,2025-10-06,381.8999938964844,371.825439453125,7022052.0,0.0
COALINDIA.NS,2025-10-07,384.70001220703125,374.55157470703125,7895734.0,0.0
COALINDIA.NS,2025-10-08,382.1000061035156,372.0201721191406,3642904.0,0.0
COALINDIA.NS,2025-10-09,383.3500061035156,373.2371826171875,4628511.0,0.0
COALINDIA.NS,2025-10-10,384.5,374.3568420410156,5061600.0,0.0
COALINDIA.NS,2025-10-13,381.54998779296875,371.4846496582031,4750043.0,0.0
COALINDIA.NS,2025-10-14,380.95001220703125,370.9005126953125,4288494.0,0.0
COALINDIA.NS,2025-10-15,384.25,374.1134338378906,6135157.0,0.0
COALINDIA.NS,2025-10-16,387.6000061035156,377.37506103515625,3513302.0,0.0
COALINDIA.NS,2025-10-17,388.79998779296875,378.54339599609375,4093872.0,0.0
COALINDIA.NS,2025-10-20,390.6000061035156,380.2959289550781,4007425.0,0.0
COALINDIA.NS,2025-10-21,391.1000061035156,380.7827453613281,678084.0,0.0
COALINDIA.NS,2025-10-23,392.6499938964844,382.2918395996094,4311356.0,0.0
COALINDIA.NS,2025-10-24,394.04998779296875,383.6549072265625,4070949.0,0.0
COALINDIA.NS,2025-10-27,396.70001220703125,386.2350158691406,5438773.0,0.0
COALINDIA.NS,2025-10-28,391.3999938964844,381.0748291015625,7672258.0,0.0
COALINDIA.NS,2025-10-29,382.0,371.92279052734375,26856509.0,0.0
COALINDIA.NS,2025-10-30,387.70001220703125,377.4724426269531,15154040.0,0.0
COALINDIA.NS,2025-10-31,388.6499938964844,378.3973693847656,13103909.0,0.0
COALINDIA.NS,2025-11-03,388.54998779296875,378.29998779296875,14152223.0,0.0
COALINDIA.NS,2025-11-04,377.54998779296875,377.54998779296875,10536699.0,0.0
COALINDIA.NS,2025-11-06,373.1499938964844,373.1499938964844,6648689.0,0.0
COALINDIA.NS,2025-11-07,376.0,376.0,4650451.0,0.0
COALINDIA.NS,2025-11-10,381.3500061035156,381.3500061035156,4451727.0,0.0
COALINDIA.NS,2025-11-11,382.79998779296875,382.79998779296875,3299015.0,0.0
COALINDIA.NS,2025-11-12,386.5,386.5,4326520.0,0.0
COALINDIA.NS,2025-11-13,383.20001220703125,383.20001220703125,3480764.0,0.0
COALINDIA.NS,2025-11-14,386.95001220703125,386.95001220703125,3760163.0,0.0
COALINDIA.NS,2025-11-17,387.8500061035156,387.8500061035156,3847261.0,0.0
COALINDIA.NS,2025-11-18,383.95001220703125,383.95001220703125,4462641.0,0.0
COALINDIA.NS,2025-11-19,379.04998779296875,379.04998779296875,5332643.0,0.0
COALINDIA.NS,2025-11-20,379.6499938964844,379.6499938964844,3971851.0,0.0
COALINDIA.NS,2025-11-21,378.20001220703125,378.20001220703125,3088629.0,0.0
COALINDIA.NS,2025-11-24,372.54998779296875,372.54998779296875,5543493.0,0.0
COALINDIA.NS,2025-11-25,370.04998779296875,370.04998779296875,4902920.0,0.0
COALINDIA.NS,2025-11-26,377.3500061035156,377.3500061035156,4102285.0,0.0
COALINDIA.NS,2025-11-27,378.04998779296875,378.04998779296875,3330267.0,0.0
COALINDIA.NS,2025-11-28,376.1499938964844,376.1499938964844,4689402.0,0.0
COALINDIA.NS,2025-12-01,379.6499938964844,379.6499938964844,4217206.0,0.0
COALINDIA.NS,2025-12-02,378.95001220703125,378.95001220703125,3695491.0,0.0
COALINDIA.NS,2025-12-03,375.25,375.25,4650434.0,0.0
COALINDIA.NS,2025-12-04,379.04998779296875,379.04998779296875,3135061.0,0.0
COALINDIA.NS,2025-12-05,379.95001220703125,379.95001220703125,3154258.0,0.0
COALINDIA.NS,2025-12-08,377.3500061035156,377.3500061035156,3911363.0,0.0
COALINDIA.NS,2025-12-09,379.3500061035156,379.3500061035156,4242651.0,0.0
COALINDIA.NS,2025-12-10,382.1499938964844,382.1499938964844,4752336.0,0.0
COALINDIA.NS,2025-12-11,384.0,384.0,2695140.0,0.0
COALINDIA.NS,2025-12-12,383.3500061035156,383.3500061035156,1410201.0,0.0
COALINDIA.NS,2025-12-15,384.45001220703125,384.45001220703125,1870236.0,0.0
COALINDIA.NS,2025-12-16,381.6000061035156,381.6000061035156,5109787.0,0.0
COALINDIA.NS,2025-12-17,384.75,384.75,3651138.0,0.0
COALINDIA.NS,2025-12-18,385.29998779296875,385.29998779296875,2379619.0,0.0
COALINDIA.NS,2025-12-19,385.6000061035156,385.6000061035156,3611941.0,0.0
COALINDIA.NS,2025-12-22,386.25,386.25,3112021.0,0.0
COALINDIA.NS,2025-12-23,400.3999938964844,400.3999938964844,18487395.0,0.0
COALINDIA.NS,2025-12-24,402.3500061035156,402.3500061035156,17624423.0,0.0
COALINDIA.NS,2025-12-26,402.1499938964844,402.1499938964844,5435637.0,0.0
COALINDIA.NS,2025-12-29,400.6499938964844,400.6499938964844,6105510.0,0.0
COALINDIA.NS,2025-12-30,398.0,398.0,4418163.0,0.0
COALINDIA.NS,2025-12-31,399.0,399.0,4644679.0,0.0
COALINDIA.NS,2026-01-01,400.45001220703125,400.45001220703125,3161157.0,0.0
COALINDIA.NS,2026-01-02,427.8999938964844,427.8999938964844,35090129.0,0.0
COALINDIA.NS,2026-01-05,427.45001220703125,427.45001220703125,17258568.0,0.0
COALINDIA.NS,2026-01-06,427.04998779296875,427.04998779296875,6308113.0,0.0
COALINDIA.NS,2026-01-07,431.6499938964844,431.6499938964844,8920605.0,0.0
COALINDIA.NS,2026-01-08,425.25,425.25,5991259.0,0.0
COALINDIA.NS,2026-01-09,418.3500061035156,418.3500061035156,7306605.0,0.0
COALINDIA.NS,2026-01-12,432.29998779296875,432.29998779296875,14407896.0,0.0
COALINDIA.NS,2026-01-13,428.8999938964844,428.8999938964844,7104004.0,0.0
COALINDIA.NS,2026-01-14,432.20001220703125,432.20001220703125,17125550.0,0.0
COALINDIA.NS,2026-01-15,432.20001220703125,432.20001220703125,0.0,0.0
COALINDIA.NS,2026-01-16,431.0,431.0,6410141.0,0.0
COALINDIA.NS,2026-01-19,430.1499938964844,430.1499938964844,7105031.0,0.0
COALINDIA.NS,2026-01-20,415.29998779296875,415.29998779296875,6768420.0,0.0
COALINDIA.NS,2026-01-21,414.04998779296875,414.04998779296875,7312100.0,0.0
COALINDIA.NS,2026-01-22,423.20001220703125,423.20001220703125,11497522.0,0.0
COALINDIA.NS,2026-01-23,418.3999938964844,418.3999938964844,6520896.0,0.0
COALINDIA.NS,2026-01-27,422.8999938964844,422.8999938964844,8749844.0,0.0
COALINDIA.NS,2026-01-28,444.04998779296875,444.04998779296875,17496873.0,0.0
COALINDIA.NS,2026-01-29,455.75,455.75,16915601.0,0.0
COALINDIA.NS,2026-01-30,440.75,440.75,10191610.0,0.0
COALINDIA.NS,2026-02-02,423.5,423.5,9618062.0,0.0
COALINDIA.NS,2026-02-03,429.3999938964844,429.3999938964844,13955805.0,0.0
COALINDIA.NS,2026-02-04,434.8999938964844,434.8999938964844,11476290.0,0.0
COALINDIA.NS,2026-02-05,431.8500061035156,431.8500061035156,5252658.0,0.0
COALINDIA.NS,2026-02-06,432.79998779296875,432.79998779296875,4738027.0,0.0
COALINDIA.NS,2026-02-09,431.70001220703125,431.70001220703125,4512635.0,0.0
COALINDIA.NS,2026-02-10,430.95001220703125,430.95001220703125,5103221.0,0.0
COALINDIA.NS,2026-02-11,423.25,423.25,5713597.0,0.0
DRREDDY.NS,2025-02-11,1209.800048828125,1202.1756591796875,1819297.0,0.0
DRREDDY.NS,2025-02-12,1215.8499755859375,1208.1875,1306601.0,0.0
DRREDDY.NS,2025-02-13,1223.5999755859375,1215.888671875,4447231.0,0.0
DRREDDY.NS,2025-02-14,1197.050048828125,1189.5059814453125,1211843.0,0.0
DRREDDY.NS,2025-02-17,1198.949951171875,1191.3939208984375,613030.0,0.0
DRREDDY.NS,2025-02-18,1197.4000244140625,1189.853759765625,1713796.0,0.0
DRREDDY.NS,2025-02-19,1165.8499755859375,1158.5025634765625,3062142.0,0.0
DRREDDY.NS,2025-02-20,1170.949951171875,1163.5704345703125,1579890.0,0.0
DRREDDY.NS,2025-02-21,1151.800048828125,1144.541259765625,6828902.0,0.0
DRREDDY.NS,2025-02-24,1164.550048828125,1157.2108154296875,2017521.0,0.0
DRREDDY.NS,2025-02-25,1128.1500244140625,1121.040283203125,6463238.0,0.0
DRREDDY.NS,2025-02-27,1125.550048828125,1118.4566650390625,3435069.0,0.0
DRREDDY.NS,2025-02-28,1116.5,1109.463623046875,3895033.0,0.0
DRREDDY.NS,2025-03-03,1119.5999755859375,1112.5440673828125,1810605.0,0.0
DRREDDY.NS,2025-03-04,1120.1500244140625,1113.0906982421875,1074133.0,0.0
DRREDDY.NS,2025-03-05,1126.4000244140625,1119.30126953125,1260157.0,0.0
DRREDDY.NS,2025-03-06,1140.0999755859375,1132.9149169921875,1648697.0,0.0
DRREDDY.NS,2025-03-07,1133.25,1126.1080322265625,790599.0,0.0
DRREDDY.NS,2025-03-10,1120.199951171875,1113.1402587890625,950503.0,0.0
DRREDDY.NS,2025-03-11,1116.6500244140625,1109.6126708984375,884438.0,0.0
DRREDDY.NS,2025-03-12,1105.1500244140625,1098.1851806640625,1914579.0,0.0
DRREDDY.NS,2025-03-13,1107.949951171875,1100.9674072265625,1299174.0,0.0
DRREDDY.NS,2025-03-17,1150.699951171875,1143.447998046875,2714559.0,0.0
DRREDDY.NS,2025-03-18,1150.699951171875,1143.447998046875,0.0,0.0
DRREDDY.NS,2025-03-19,1172.0999755859375,1164.713134765625,1507415.0,0.0
DRREDDY.NS,2025-03-20,1187.199951171875,1179.718017578125,1521677.0,0.0
DRREDDY.NS,2025-03-21,1200.1500244140625,1192.58642578125,2313824.0,0.0
DRREDDY.NS,2025-03-24,1210.300048828125,1202.6724853515625,1660669.0,0.0
DRREDDY.NS,2025-03-25,1177.9000244140625,1170.4766845703125,2860907.0,0.0
DRREDDY.NS,2025-03-26,1164.5999755859375,1157.260498046875,2864505.0,0.0
DRREDDY.NS,2025-03-27,1162.199951171875,1154.8756103515625,4460409.0,0.0
DRREDDY.NS,2025-03-28,1144.199951171875,1136.989013671875,2762934.0,0.0
DRREDDY.NS,2025-04-01,1152.199951171875,1144.9385986328125,4158012.0,0.0
DRREDDY.NS,2025-04-02,1150.0,1142.75244140625,2071245.0,0.0
DRREDDY.NS,2025-04-03,1151.449951171875,1144.193359375,6324685.0,0.0
DRREDDY.NS,2025-04-04,1109.949951171875,1102.954833984375,5423861.0,0.0
DRREDDY.NS,2025-04-07,1087.9000244140625,1081.0439453125,3888037.0,0.0
DRREDDY.NS,2025-04-08,1107.949951171875,1100.9674072265625,1577632.0,0.0
DRREDDY.NS,2025-04-09,1094.050048828125,1087.1551513671875,5511474.0,0.0
DRREDDY.NS,2025-04-11,1109.5,1102.5076904296875,2740831.0,0.0
DRREDDY.NS,2025-04-15,1154.9000244140625,1147.62158203125,2683350.0,0.0
DRREDDY.NS,2025-04-16,1158.4000244140625,1151.099609375,1451875.0,0.0
DRREDDY.NS,2025-04-17,1163.5999755859375,1156.2667236328125,2788024.0,0.0
DRREDDY.NS,2025-04-21,1177.4000244140625,1169.9798583984375,1938756.0,0.0
DRREDDY.NS,2025-04-22,1175.0,1167.594970703125,1313400.0,0.0
DRREDDY.NS,2025-04-23,1186.0,1178.525634765625,3192132.0,0.0
DRREDDY.NS,2025-04-24,1200.5,1192.9342041015625,4819678.0,0.0
DRREDDY.NS,2025-04-25,1174.800048828125,1167.396240234375,1286573.0,0.0
DRREDDY.NS,2025-04-28,1198.699951171875,1191.1455078125,1236678.0,0.0
DRREDDY.NS,2025-04-29,1176.0,1168.588623046875,1663018.0,0.0
DRREDDY.NS,2025-04-30,1183.9000244140625,1176.4388427734375,1604442.0,0.0
DRREDDY.NS,2025-05-02,1177.9000244140625,1170.4766845703125,910973.0,0.0
DRREDDY.NS,2025-05-05,1171.300048828125,1163.9183349609375,1893680.0,0.0
DRREDDY.NS,2025-05-06,1160.4000244140625,1153.0870361328125,1990745.0,0.0
DRREDDY.NS,2025-05-07,1160.699951171875,1153.385009765625,1421366.0,0.0
DRREDDY.NS,2025-05-08,1148.0,1140.76513671875,2616533.0,0.0
DRREDDY.NS,2025-05-09,1155.9000244140625,1148.6153564453125,1248574.0,0.0
DRREDDY.NS,2025-05-12,1195.5999755859375,1188.0650634765625,5065176.0,0.0
DRREDDY.NS,2025-05-13,1207.0999755859375,1199.49267578125,3134295.0,0.0
DRREDDY.NS,2025-05-14,1220.0,1212.3114013671875,1197152.0,0.0
DRREDDY.NS,2025-05-15,1236.300048828125,1228.5086669921875,2053553.0,0.0
DRREDDY.NS,2025-05-16,1230.699951171875,1222.94384765625,882873.0,0.0
DRREDDY.NS,2025-05-19,1219.0,1211.317626953125,2235758.0,0.0
DRREDDY.NS,2025-05-20,1224.199951171875,1216.48486328125,1385750.0,0.0
DRREDDY.NS,2025-05-21,1224.699951171875,1216.981689453125,2615092.0,0.0
DRREDDY.NS,2025-05-22,1222.199951171875,1214.4974365234375,2260610.0,0.0
DRREDDY.NS,2025-05-23,1230.0999755859375,1222.34765625,734297.0,0.0
DRREDDY.NS,2025-05-26,1240.9000244140625,1233.0797119140625,985434.0,0.0
DRREDDY.NS,2025-05-27,1243.199951171875,1235.3651123046875,1145000.0,0.0
DRREDDY.NS,2025-05-28,1242.5999755859375,1234.7689208984375,766968.0,0.0
DRREDDY.NS,2025-05-29,1248.199951171875,1240.3336181640625,1791885.0,0.0
DRREDDY.NS,2025-05-30,1251.199951171875,1243.314697265625,3161983.0,0.0
DRREDDY.NS,2025-06-02,1247.699951171875,1239.836669921875,1139977.0,0.0
DRREDDY.NS,2025-06-03,1248.300048828125,1240.4329833984375,811620.0,0.0
DRREDDY.NS,2025-06-04,1251.9000244140625,1244.0103759765625,1387633.0,0.0
DRREDDY.NS,2025-06-05,1290.5999755859375,1282.4664306640625,3834672.0,0.0
DRREDDY.NS,2025-06-06,1320.9000244140625,1312.575439453125,2158757.0,0.0
DRREDDY.NS,2025-06-09,1319.0999755859375,1310.7867431640625,1227356.0,0.0
DRREDDY.NS,2025-06-10,1348.800048828125,1340.2996826171875,3022355.0,0.0
DRREDDY.NS,2025-06-11,1351.0999755859375,1342.5850830078125,1094247.0,0.0
DRREDDY.NS,2025-06-12,1362.699951171875,1354.1119384765625,2625058.0,0.0
DRREDDY.NS,2025-06-13,1362.5,1353.913330078125,1419556.0,0.0
DRREDDY.NS,2025-06-16,1346.800048828125,1338.312255859375,1294663.0,0.0
DRREDDY.NS,2025-06-17,1318.800048828125,1310.48876953125,1649457.0,0.0
DRREDDY.NS,2025-06-18,1313.300048828125,1305.0234375,728945.0,0.0
DRREDDY.NS,2025-06-19,1326.0999755859375,1317.74267578125,1654212.0,0.0
DRREDDY.NS,2025-06-20,1325.300048828125,1316.94775390625,1843895.0,0.0
DRREDDY.NS,2025-06-23,1317.9000244140625,1309.5943603515625,843945.0,0.0
DRREDDY.NS,2025-06-24,1337.300048828125,1328.8721923828125,1011128.0,0.0
DRREDDY.NS,2025-06-25,1341.5999755859375,1333.14501953125,833145.0,0.0
DRREDDY.NS,2025-06-26,1321.5,1313.171630859375,2373431.0,0.0
DRREDDY.NS,2025-06-27,1301.0,1292.8009033203125,1770595.0,0.0
DRREDDY.NS,2025-06-30,1283.300048828125,1275.2125244140625,2224279.0,0.0
DRREDDY.NS,2025-07-01,1276.800048828125,1268.75341796875,1851442.0,0.0
DRREDDY.NS,2025-07-02,1270.800048828125,1262.791259765625,2027306.0,0.0
DRREDDY.NS,2025-07-03,1291.300048828125,1283.1619873046875,1918977.0,0.0
DRREDDY.NS,2025-07-04,1307.4000244140625,1299.1605224609375,1466009.0,0.0
DRREDDY.NS,2025-07-07,1310.5,1302.240966796875,569025.0,0.0
DRREDDY.NS,2025-07-08,1283.800048828125,1275.7093505859375,1602620.0,0.0
DRREDDY.NS,2025-07-09,1269.4000244140625,1261.4000244140625,1494337.0,0.0
DRREDDY.NS,2025-07-10,1262.5999755859375,1262.5999755859375,1246082.0,0.0
DRREDDY.NS,2025-07-11,1254.699951171875,1254.699951171875,895466.0,0.0
DRREDDY.NS,2025-07-14,1250.5999755859375,1250.5999755859375,1035555.0,0.0
DRREDDY.NS,2025-07-15,1260.9000244140625,1260.9000244140625,1183659.0,0.0
DRREDDY.NS,2025-07-16,1259.4000244140625,1259.4000244140625,1159859.0,0.0
DRREDDY.NS,2025-07-17,1263.0999755859375,1263.0999755859375,709420.0,0.0
DRREDDY.NS,2025-07-18,1257.5,1257.5,690731.0,0.0
DRREDDY.NS,2025-07-21,1259.300048828125,1259.300048828125,1065189.0,0.0
DRREDDY.NS,2025-07-22,1240.0,1240.0,1304352.0,0.0
DRREDDY.NS,2025-07-23,1247.4000244140625,1247.4000244140625,1088262.0,0.0
DRREDDY.NS,2025-07-24,1265.5,1265.5,3809212.0,0.0
DRREDDY.NS,2025-07-25,1277.9000244140625,1277.9000244140625,1621138.0,0.0
DRREDDY.NS,2025-07-28,1287.4000244140625,1287.4000244140625,1553778.0,0.0
DRREDDY.NS,2025-07-29,1299.800048828125,1299.800048828125,1943466.0,0.0
DRREDDY.NS,2025-07-30,1292.0999755859375,1292.0999755859375,1387013.0,0.0
DRREDDY.NS,2025-07-31,1270.300048828125,1270.300048828125,1968821.0,0.0
DRREDDY.NS,2025-08-01,1220.5999755859375,1220.5999755859375,2525210.0,0.0
DRREDDY.NS,2025-08-04,1225.0,1225.0,767310.0,0.0
DRREDDY.NS,2025-08-05,1214.800048828125,1214.800048828125,956582.0,0.0
DRREDDY.NS,2025-08-06,1196.699951171875,1196.699951171875,1701845.0,0.0
DRREDDY.NS,2025-08-07,1200.800048828125,1200.800048828125,1246560.0,0.0
DRREDDY.NS,2025-08-08,1211.4000244140625,1211.4000244140625,2389106.0,0.0
DRREDDY.NS,2025-08-11,1219.5,1219.5,1246374.0,0.0
DRREDDY.NS,2025-08-12,1220.300048828125,1220.300048828125,922461.0,0.0
DRREDDY.NS,2025-08-13,1253.4000244140625,1253.4000244140625,1192506.0,0.0
DRREDDY.NS,2025-08-14,1260.4000244140625,1260.4000244140625,1603933.0,0.0
DRREDDY.NS,2025-08-18,1262.699951171875,1262.699951171875,1648543.0,0.0
DRREDDY.NS,2025-08-19,1244.199951171875,1244.199951171875,1061816.0,0.0
DRREDDY.NS,2025-08-20,1245.4000244140625,1245.4000244140625,685379.0,0.0
DRREDDY.NS,2025-08-21,1276.5999755859375,1276.5999755859375,2008295.0,0.0
DRREDDY.NS,2025-08-22,1277.5999755859375,1277.5999755859375,1229920.0,0.0
DRREDDY.NS,2025-08-25,1283.9000244140625,1283.9000244140625,967056.0,0.0
DRREDDY.NS,2025-08-26,1263.199951171875,1263.199951171875,2798216.0,0.0
DRREDDY.NS,2025-08-28,1259.800048828125,1259.800048828125,1827890.0,0.0
DRREDDY.NS,2025-08-29,1260.0999755859375,1260.0999755859375,2422956.0,0.0
DRREDDY.NS,2025-09-01,1279.9000244140625,1279.9000244140625,1273903.0,0.0
DRREDDY.NS,2025-09-02,1253.699951171875,1253.699951171875,1632660.0,0.0
DRREDDY.NS,2025-09-03,1262.199951171875,1262.199951171875,1294925.0,0.0
DRREDDY.NS,2025-09-04,1253.0,1253.0,1230934.0,0.0
DRREDDY.NS,2025-09-05,1268.0999755859375,1268.0999755859375,769861.0,0.0
DRREDDY.NS,2025-09-08,1250.5999755859375,1250.5999755859375,969297.0,0.0
DRREDDY.NS,2025-09-09,1291.300048828125,1291.300048828125,1643726.0,0.0
DRREDDY.NS,2025-09-10,1304.199951171875,1304.199951171875,1232984.0,0.0
DRREDDY.NS,2025-09-11,1303.0999755859375,1303.0999755859375,1349391.0,0.0
DRREDDY.NS,2025-09-12,1316.699951171875,1316.699951171875,1042942.0,0.0
DRREDDY.NS,2025-09-15,1300.800048828125,1300.800048828125,1331182.0,0.0
DRREDDY.NS,2025-09-16,1310.4000244140625,1310.4000244140625,1034369.0,0.0
DRREDDY.NS,2025-09-17,1311.4000244140625,1311.4000244140625,716840.0,0.0
DRREDDY.NS,2025-09-18,1322.699951171875,1322.699951171875,822010.0,0.0
DRREDDY.NS,2025-09-19,1321.699951171875,1321.699951171875,1409571.0,0.0
DRREDDY.NS,2025-09-22,1301.4000244140625,1301.4000244140625,1399531.0,0.0
DRREDDY.NS,2025-09-23,1308.4000244140625,1308.4000244140625,1271238.0,0.0
DRREDDY.NS,2025-09-24,1298.0999755859375,1298.0999755859375,750456.0,0.0
DRREDDY.NS,2025-09-25,1275.199951171875,1275.199951171875,1241492.0,0.0
DRREDDY.NS,2025-09-26,1253.0999755859375,1253.0999755859375,2284377.0,0.0
DRREDDY.NS,2025-09-29,1234.5999755859375,1234.5999755859375,3899164.0,0.0
DRREDDY.NS,2025-09-30,1223.699951171875,1223.699951171875,2635047.0,0.0
DRREDDY.NS,2025-10-01,1244.699951171875,1244.699951171875,4083180.0,0.0
DRREDDY.NS,2025-10-03,1248.0999755859375,1248.0999755859375,2742600.0,0.0
DRREDDY.NS,2025-10-06,1248.5999755859375,1248.5999755859375,1880910.0,0.0
DRREDDY.NS,2025-10-07,1248.5,1248.5,1380941.0,0.0
DRREDDY.NS,2025-10-08,1234.5,1234.5,1496744.0,0.0
DRREDDY.NS,2025-10-09,1246.0999755859375,1246.0999755859375,2699135.0,0.0
DRREDDY.NS,2025-10-10,1264.4000244140625,1264.4000244140625,1680920.0,0.0
DRREDDY.NS,2025-10-13,1262.4000244140625,1262.4000244140625,1188201.0,0.0
DRREDDY.NS,2025-10-14,1237.300048828125,1237.300048828125,1944911.0,0.0
DRREDDY.NS,2025-10-15,1232.4000244140625,1232.4000244140625,2150067.0,0.0
DRREDDY.NS,2025-10-16,1240.199951171875,1240.199951171875,1308931.0,0.0
DRREDDY.NS,2025-10-17,1255.9000244140625,1255.9000244140625,1473018.0,0.0
DRREDDY.NS,2025-10-20,1282.0,1282.0,1368192.0,0.0
DRREDDY.NS,2025-10-21,1288.699951171875,1288.699951171875,226788.0,0.0
DRREDDY.NS,2025-10-23,1279.4000244140625,1279.4000244140625,1991213.0,0.0
DRREDDY.NS,2025-10-24,1283.5999755859375,1283.5999755859375,1167634.0,0.0
DRREDDY.NS,2025-10-27,1284.300048828125,1284.300048828125,1927956.0,0.0
DRREDDY.NS,2025-10-28,1289.4000244140625,1289.4000244140625,1828290.0,0.0
DRREDDY.NS,2025-10-29,1250.9000244140625,1250.9000244140625,2574921.0,0.0
DRREDDY.NS,2025-10-30,1202.199951171875,1202.199951171875,8883497.0,0.0
DRREDDY.NS,2025-10-31,1197.5999755859375,1197.5999755859375,4250157.0,0.0
DRREDDY.NS,2025-11-03,1196.0,1196.0,1547000.0,0.0
DRREDDY.NS,2025-11-04,1200.0,1200.0,1015516.0,0.0
DRREDDY.NS,2025-11-06,1205.199951171875,1205.199951171875,1560897.0,0.0
DRREDDY.NS,2025-11-07,1205.4000244140625,1205.4000244140625,1076140.0,0.0
DRREDDY.NS,2025-11-10,1198.699951171875,1198.699951171875,3483082.0,0.0
DRREDDY.NS,2025-11-11,1211.5,1211.5,1048552.0,0.0
DRREDDY.NS,2025-11-12,1229.5999755859375,1229.5999755859375,1222295.0,0.0
DRREDDY.NS,2025-11-13,1234.9000244140625,1234.9000244140625,1426984.0,0.0
DRREDDY.NS,2025-11-14,1246.0,1246.0,827643.0,0.0
DRREDDY.NS,2025-11-17,1244.4000244140625,1244.4000244140625,1423044.0,0.0
DRREDDY.NS,2025-11-18,1243.800048828125,1243.800048828125,971685.0,0.0
DRREDDY.NS,2025-11-19,1250.199951171875,1250.199951171875,830105.0,0.0
DRREDDY.NS,2025-11-20,1248.5999755859375,1248.5999755859375,854999.0,0.0
DRREDDY.NS,2025-11-21,1243.9000244140625,1243.9000244140625,941902.0,0.0
DRREDDY.NS,2025-11-24,1226.199951171875,1226.199951171875,7611988.0,0.0
DRREDDY.NS,2025-11-25,1236.0999755859375,1236.0999755859375,1983817.0,0.0
DRREDDY.NS,2025-11-26,1248.0,1248.0,809816.0,0.0
DRREDDY.NS,2025-11-27,1249.300048828125,1249.300048828125,1060956.0,0.0
DRREDDY.NS,2025-11-28,1258.800048828125,1258.800048828125,809748.0,0.0
DRREDDY.NS,2025-12-01,1260.0999755859375,1260.0999755859375,1457856.0,0.0
DRREDDY.NS,2025-12-02,1275.199951171875,1275.199951171875,2361183.0,0.0
DRREDDY.NS,2025-12-03,1280.699951171875,1280.699951171875,4969448.0,0.0
DRREDDY.NS,2025-12-04,1277.5999755859375,1277.5999755859375,1971130.0,0.0
DRREDDY.NS,2025-12-05,1275.199951171875,1275.199951171875,1036082.0,0.0
DRREDDY.NS,2025-12-08,1266.5,1266.5,1435892.0,0.0
DRREDDY.NS,2025-12-09,1246.199951171875,1246.199951171875,2118272.0,0.0
DRREDDY.NS,2025-12-10,1250.800048828125,1250.800048828125,1669910.0,0.0
DRREDDY.NS,2025-12-11,1273.5,1273.5,1717539.0,0.0
DRREDDY.NS,2025-12-12,1279.300048828125,1279.300048828125,981548.0,0.0
DRREDDY.NS,2025-12-15,1280.5999755859375,1280.5999755859375,1078613.0,0.0
DRREDDY.NS,2025-12-16,1276.9000244140625,1276.9000244140625,928506.0,0.0
DRREDDY.NS,2025-12-17,1272.0,1272.0,894068.0,0.0
DRREDDY.NS,2025-12-18,1280.0,1280.0,889699.0,0.0
DRREDDY.NS,2025-12-19,1278.199951171875,1278.199951171875,1209487.0,0.0
DRREDDY.NS,2025-12-22,1283.4000244140625,1283.4000244140625,614138.0,0.0
DRREDDY.NS,2025-12-23,1283.5,1283.5,408490.0,0.0
DRREDDY.NS,2025-12-24,1265.800048828125,1265.800048828125,1265233.0,0.0
DRREDDY.NS,2025-12-26,1269.300048828125,1269.300048828125,594744.0,0.0
DRREDDY.NS,2025-12-29,1268.5999755859375,1268.5999755859375,811488.0,0.0
DRREDDY.NS,2025-12-30,1265.800048828125,1265.800048828125,1123996.0,0.0
DRREDDY.NS,2025-12-31,1271.4000244140625,1271.4000244140625,658106.0,0.0
DRREDDY.NS,2026-01-01,1253.4000244140625,1253.4000244140625,553856.0,0.0
DRREDDY.NS,2026-01-02,1256.0999755859375,1256.0999755859375,1591218.0,0.0
DRREDDY.NS,2026-01-05,1250.0,1250.0,1184386.0,0.0
DRREDDY.NS,2026-01-06,1256.199951171875,1256.199951171875,540944.0,0.0
DRREDDY.NS,2026-01-07,1242.800048828125,1242.800048828125,1215477.0,0.0
DRREDDY.NS,2026-01-08,1206.9000244140625,1206.9000244140625,2000942.0,0.0
DRREDDY.NS,2026-01-09,1210.0999755859375,1210.0999755859375,1390935.0,0.0
DRREDDY.NS,2026-01-12,1215.5,1215.5,707317.0,0.0
DRREDDY.NS,2026-01-13,1191.300048828125,1191.300048828125,2071117.0,0.0
DRREDDY.NS,2026-01-14,1186.5,1186.5,2834908.0,0.0
DRREDDY.NS,2026-01-15,1186.5,1186.5,0.0,0.0
DRREDDY.NS,2026-01-16,1175.5,1175.5,2214792.0,0.0
DRREDDY.NS,2026-01-19,1167.199951171875,1167.199951171875,1253443.0,0.0
DRREDDY.NS,2026-01-20,1166.699951171875,1166.699951171875,2790934.0,0.0
DRREDDY.NS,2026-01-21,1157.199951171875,1157.199951171875,2322066.0,0.0
DRREDDY.NS,2026-01-22,1217.5,1217.5,6464461.0,0.0
DRREDDY.NS,2026-01-23,1235.5999755859375,1235.5999755859375,3888860.0,0.0
DRREDDY.NS,2026-01-27,1239.800048828125,1239.800048828125,2159137.0,0.0
DRREDDY.NS,2026-01-28,1222.5,1222.5,1740662.0,0.0
DRREDDY.NS,2026-01-29,1208.9000244140625,1208.9000244140625,1626394.0,0.0
DRREDDY.NS,2026-01-30,1218.0999755859375,1218.0999755859375,1672460.0,0.0
DRREDDY.NS,2026-02-02,1182.5,1182.5,1207638.0,0.0
DRREDDY.NS,2026-02-03,1235.4000244140625,1235.4000244140625,1521425.0,0.0
DRREDDY.NS,2026-02-04,1240.199951171875,1240.199951171875,947684.0,0.0
DRREDDY.NS,2026-02-05,1244.9000244140625,1244.9000244140625,953241.0,0.0
DRREDDY.NS,2026-02-06,1241.199951171875,1241.199951171875,1324651.0,0.0
DRREDDY.NS,2026-02-09,1275.5,1275.5,2111316.0,0.0
DRREDDY.NS,2026-02-10,1256.0,1256.0,1412804.0,0.0
DRREDDY.NS,2026-02-11,1270.300048828125,1270.300048828125,820870.0,0.0
EICHERMOT.NS,2025-02-11,4972.35009765625,4908.701171875,2272410.0,0.0
EICHERMOT.NS,2025-02-12,4849.4501953125,4787.37451171875,813864.0,0.0
EICHERMOT.NS,2025-02-13,4820.39990234375,4758.69580078125,571526.0,0.0
EICHERMOT.NS,2025-02-14,4703.35009765625,4643.14453125,476473.0,0.0
EICHERMOT.NS,2025-02-17,4745.2001953125,4684.458984375,232211.0,0.0
EICHERMOT.NS,2025-02-18,4719.39990234375,4658.98876953125,254026.0,0.0
EICHERMOT.NS,2025-02-19,4810.60009765625,4749.021484375,275722.0,0.0
EICHERMOT.NS,2025-02-20,4888.39990234375,4825.82568359375,277284.0,0.0
EICHERMOT.NS,2025-02-21,4962.4501953125,4898.92822265625,324027.0,0.0
EICHERMOT.NS,2025-02-24,5010.7998046875,4946.65869140625,410180.0,0.0
EICHERMOT.NS,2025-02-25,4989.7998046875,4925.927734375,402917.0,0.0
EICHERMOT.NS,2025-02-27,4935.5,4872.32275390625,561804.0,0.0
EICHERMOT.NS,2025-02-28,4773.60009765625,4712.4951171875,1076243.0,0.0
EICHERMOT.NS,2025-03-03,4906.60009765625,4843.79296875,503560.0,0.0
EICHERMOT.NS,2025-03-04,4815.10009765625,4753.4638671875,638281.0,0.0
EICHERMOT.NS,2025-03-05,4988.2998046875,4924.44677734375,551830.0,0.0
EICHERMOT.NS,2025-03-06,5094.39990234375,5029.1884765625,648307.0,0.0
EICHERMOT.NS,2025-03-07,5100.7001953125,5035.408203125,590548.0,0.0
EICHERMOT.NS,2025-03-10,4990.5498046875,4926.66796875,316750.0,0.0
EICHERMOT.NS,2025-03-11,4985.5498046875,4921.73193359375,228128.0,0.0
EICHERMOT.NS,2025-03-12,5017.4501953125,4953.22412109375,235018.0,0.0
EICHERMOT.NS,2025-03-13,5015.25,4951.0517578125,265867.0,0.0
EICHERMOT.NS,2025-03-17,5050.25,4985.60400390625,287729.0,0.0
EICHERMOT.NS,2025-03-18,5050.25,4985.60400390625,0.0,0.0
EICHERMOT.NS,2025-03-19,5100.89990234375,5035.60546875,417978.0,0.0
EICHERMOT.NS,2025-03-20,5229.35009765625,5162.41162109375,491655.0,0.0
EICHERMOT.NS,2025-03-21,5305.9501953125,5238.03076171875,414691.0,0.0
EICHERMOT.NS,2025-03-24,5424.2001953125,5354.76708984375,316612.0,0.0
EICHERMOT.NS,2025-03-25,5431.25,5361.72705078125,324007.0,0.0
EICHERMOT.NS,2025-03-26,5403.2998046875,5334.13427734375,384678.0,0.0
EICHERMOT.NS,2025-03-27,5345.75,5277.3212890625,603145.0,0.0
EICHERMOT.NS,2025-03-28,5347.7001953125,5279.24658203125,286609.0,0.0
EICHERMOT.NS,2025-04-01,5307.2001953125,5239.26513671875,562006.0,0.0
EICHERMOT.NS,2025-04-02,5355.5,5286.9462890625,365908.0,0.0
EICHERMOT.NS,2025-04-03,5379.14990234375,5310.29345703125,224286.0,0.0
EICHERMOT.NS,2025-04-04,5247.89990234375,5180.7236328125,261887.0,0.0
EICHERMOT.NS,2025-04-07,5065.25,5000.412109375,519173.0,0.0
EICHERMOT.NS,2025-04-08,5231.35009765625,5164.3857421875,355195.0,0.0
EICHERMOT.NS,2025-04-09,5258.2998046875,5190.99072265625,472302.0,0.0
EICHERMOT.NS,2025-04-11,5350.89990234375,5282.4052734375,500528.0,0.0
EICHERMOT.NS,2025-04-15,5529.0,5458.2255859375,542322.0,0.0
EICHERMOT.NS,2025-04-16,5615.5,5543.6181640625,734279.0,0.0
EICHERMOT.NS,2025-04-17,5678.5,5605.81201171875,564357.0,0.0
EICHERMOT.NS,2025-04-21,5810.5,5736.1220703125,551547.0,0.0
EICHERMOT.NS,2025-04-22,5784.0,5709.96142578125,459537.0,0.0
EICHERMOT.NS,2025-04-23,5740.0,5666.52490234375,582611.0,0.0
EICHERMOT.NS,2025-04-24,5650.5,5578.17041015625,503663.0,0.0
EICHERMOT.NS,2025-04-25,5575.5,5504.13037109375,457510.0,0.0
EICHERMOT.NS,2025-04-28,5622.0,5550.03515625,403569.0,0.0
EICHERMOT.NS,2025-04-29,5579.0,5507.58544921875,309552.0,0.0
EICHERMOT.NS,2025-04-30,5567.0,5495.7392578125,509786.0,0.0
EICHERMOT.NS,2025-05-02,5440.0,5370.36474609375,634482.0,0.0
EICHERMOT.NS,2025-05-05,5460.5,5390.6025390625,320466.0,0.0
EICHERMOT.NS,2025-05-06,5515.0,5444.40478515625,514699.0,0.0
EICHERMOT.NS,2025-05-07,5489.0,5418.73779296875,349955.0,0.0
EICHERMOT.NS,2025-05-08,5372.5,5303.72900390625,609858.0,0.0
EICHERMOT.NS,2025-05-09,5324.0,5255.849609375,412056.0,0.0
EICHERMOT.NS,2025-05-12,5520.0,5449.3408203125,327631.0,0.0
EICHERMOT.NS,2025-05-13,5419.0,5349.6337890625,416275.0,0.0
EICHERMOT.NS,2025-05-14,5446.5,5376.78173828125,315866.0,0.0
EICHERMOT.NS,2025-05-15,5466.0,5396.0322265625,1930277.0,0.0
EICHERMOT.NS,2025-05-16,5509.5,5438.97509765625,638327.0,0.0
EICHERMOT.NS,2025-05-19,5530.0,5459.212890625,654074.0,0.0
EICHERMOT.NS,2025-05-20,5387.5,5318.537109375,402780.0,0.0
EICHERMOT.NS,2025-05-21,5409.0,5339.76171875,300888.0,0.0
EICHERMOT.NS,2025-05-22,5387.0,5318.04345703125,461736.0,0.0
EICHERMOT.NS,2025-05-23,5400.0,5330.876953125,282287.0,0.0
EICHERMOT.NS,2025-05-26,5427.5,5358.02490234375,337099.0,0.0
EICHERMOT.NS,2025-05-27,5389.5,5320.51123046875,452769.0,0.0
EICHERMOT.NS,2025-05-28,5326.5,5258.31787109375,380066.0,0.0
EICHERMOT.NS,2025-05-29,5379.0,5310.1455078125,704795.0,0.0
EICHERMOT.NS,2025-05-30,5333.5,5265.22802734375,915804.0,0.0
EICHERMOT.NS,2025-06-02,5361.0,5292.3759765625,475698.0,0.0
EICHERMOT.NS,2025-06-03,5354.0,5285.4658203125,479572.0,0.0
EICHERMOT.NS,2025-06-04,5319.5,5251.4072265625,321913.0,0.0
EICHERMOT.NS,2025-06-05,5308.5,5240.54833984375,459910.0,0.0
EICHERMOT.NS,2025-06-06,5394.0,5324.95361328125,538092.0,0.0
EICHERMOT.NS,2025-06-09,5391.0,5321.9921875,270949.0,0.0
EICHERMOT.NS,2025-06-10,5377.5,5308.6650390625,330659.0,0.0
EICHERMOT.NS,2025-06-11,5352.0,5283.4912109375,366787.0,0.0
EICHERMOT.NS,2025-06-12,5315.5,5247.45849609375,337217.0,0.0
EICHERMOT.NS,2025-06-13,5319.0,5250.91357421875,414671.0,0.0
EICHERMOT.NS,2025-06-16,5365.0,5296.32470703125,294926.0,0.0
EICHERMOT.NS,2025-06-17,5341.0,5272.63232421875,710729.0,0.0
EICHERMOT.NS,2025-06-18,5393.0,5323.96630859375,774670.0,0.0
EICHERMOT.NS,2025-06-19,5493.5,5423.18017578125,923400.0,0.0
EICHERMOT.NS,2025-06-20,5525.0,5454.27685546875,776879.0,0.0
EICHERMOT.NS,2025-06-23,5552.5,5481.4248046875,247519.0,0.0
EICHERMOT.NS,2025-06-24,5629.0,5556.94580078125,579369.0,0.0
EICHERMOT.NS,2025-06-25,5576.0,5504.6240234375,449222.0,0.0
EICHERMOT.NS,2025-06-26,5611.5,5539.66943359375,788150.0,0.0
EICHERMOT.NS,2025-06-27,5660.0,5587.548828125,413724.0,0.0
EICHERMOT.NS,2025-06-30,5656.5,5584.09375,340049.0,0.0
EICHERMOT.NS,2025-07-01,5715.5,5642.33837890625,534027.0,0.0
EICHERMOT.NS,2025-07-02,5722.5,5649.24853515625,299925.0,0.0
EICHERMOT.NS,2025-07-03,5716.0,5642.83203125,335537.0,0.0
EICHERMOT.NS,2025-07-04,5629.0,5556.94580078125,185006.0,0.0
EICHERMOT.NS,2025-07-07,5682.5,5609.7607421875,227078.0,0.0
EICHERMOT.NS,2025-07-08,5679.5,5606.79931640625,180630.0,0.0
EICHERMOT.NS,2025-07-09,5695.0,5622.1005859375,177978.0,0.0
EICHERMOT.NS,2025-07-10,5652.0,5579.6513671875,189074.0,0.0
EICHERMOT.NS,2025-07-11,5612.5,5540.65673828125,522930.0,0.0
EICHERMOT.NS,2025-07-14,5540.5,5469.57861328125,503684.0,0.0
EICHERMOT.NS,2025-07-15,5591.0,5519.43212890625,715066.0,0.0
EICHERMOT.NS,2025-07-16,5626.5,5554.4775390625,226544.0,0.0
EICHERMOT.NS,2025-07-17,5650.0,5577.6767578125,391603.0,0.0
EICHERMOT.NS,2025-07-18,5627.5,5555.46484375,254828.0,0.0
EICHERMOT.NS,2025-07-21,5558.0,5486.8544921875,190717.0,0.0
EICHERMOT.NS,2025-07-22,5439.5,5369.87109375,517944.0,0.0
EICHERMOT.NS,2025-07-23,5441.5,5371.845703125,344237.0,0.0
EICHERMOT.NS,2025-07-24,5469.0,5398.99365234375,284450.0,0.0
EICHERMOT.NS,2025-07-25,5433.0,5363.45458984375,292877.0,0.0
EICHERMOT.NS,2025-07-28,5386.0,5317.05615234375,322292.0,0.0
EICHERMOT.NS,2025-07-29,5470.5,5400.474609375,217256.0,0.0
EICHERMOT.NS,2025-07-30,5481.0,5410.83984375,266223.0,0.0
EICHERMOT.NS,2025-07-31,5468.5,5398.5,307018.0,0.0
EICHERMOT.NS,2025-08-01,5528.0,5528.0,1408773.0,0.0
EICHERMOT.NS,2025-08-04,5621.0,5621.0,505407.0,0.0
EICHERMOT.NS,2025-08-05,5681.0,5681.0,458305.0,0.0
EICHERMOT.NS,2025-08-06,5668.0,5668.0,202535.0,0.0
EICHERMOT.NS,2025-08-07,5681.5,5681.5,266900.0,0.0
EICHERMOT.NS,2025-08-08,5663.0,5663.0,373874.0,0.0
EICHERMOT.NS,2025-08-11,5671.5,5671.5,475811.0,0.0
EICHERMOT.NS,2025-08-12,5658.0,5658.0,429572.0,0.0
EICHERMOT.NS,2025-08-13,5714.5,5714.5,427562.0,0.0
EICHERMOT.NS,2025-08-14,5764.0,5764.0,415010.0,0.0
EICHERMOT.NS,2025-08-18,5912.0,5912.0,1288582.0,0.0
EICHERMOT.NS,2025-08-19,5938.5,5938.5,843617.0,0.0
EICHERMOT.NS,2025-08-20,5937.5,5937.5,510626.0,0.0
EICHERMOT.NS,2025-08-21,5975.0,5975.0,499089.0,0.0
EICHERMOT.NS,2025-08-22,5924.5,5924.5,273421.0,0.0
EICHERMOT.NS,2025-08-25,5990.5,5990.5,822944.0,0.0
EICHERMOT.NS,2025-08-26,6151.0,6151.0,1474805.0,0.0
EICHERMOT.NS,2025-08-28,6133.0,6133.0,719052.0,0.0
EICHERMOT.NS,2025-08-29,6103.0,6103.0,496302.0,0.0
EICHERMOT.NS,2025-09-01,6280.0,6280.0,698178.0,0.0
EICHERMOT.NS,2025-09-02,6349.0,6349.0,701158.0,0.0
EICHERMOT.NS,2025-09-03,6371.5,6371.5,536107.0,0.0
EICHERMOT.NS,2025-09-04,6425.0,6425.0,1181698.0,0.0
EICHERMOT.NS,2025-09-05,6580.5,6580.5,610721.0,0.0
EICHERMOT.NS,2025-09-08,6815.0,6815.0,968116.0,0.0
EICHERMOT.NS,2025-09-09,6874.5,6874.5,983283.0,0.0
EICHERMOT.NS,2025-09-10,6836.5,6836.5,740607.0,0.0
EICHERMOT.NS,2025-09-11,6758.0,6758.0,719575.0,0.0
EICHERMOT.NS,2025-09-12,6875.0,6875.0,731798.0,0.0
EICHERMOT.NS,2025-09-15,6801.0,6801.0,380686.0,0.0
EICHERMOT.NS,2025-09-16,6927.5,6927.5,579275.0,0.0
EICHERMOT.NS,2025-09-17,6890.5,6890.5,310534.0,0.0
EICHERMOT.NS,2025-09-18,6924.5,6924.5,224356.0,0.0
EICHERMOT.NS,2025-09-19,6973.5,6973.5,550551.0,0.0
EICHERMOT.NS,2025-09-22,6946.0,6946.0,332786.0,0.0
EICHERMOT.NS,2025-09-23,6990.5,6990.5,679055.0,0.0
EICHERMOT.NS,2025-09-24,7011.5,7011.5,323002.0,0.0
EICHERMOT.NS,2025-09-25,6986.0,6986.0,375861.0,0.0
EICHERMOT.NS,2025-09-26,7047.0,7047.0,679362.0,0.0
EICHERMOT.NS,2025-09-29,6985.0,6985.0,612976.0,0.0
EICHERMOT.NS,2025-09-30,7005.5,7005.5,363934.0,0.0
EICHERMOT.NS,2025-10-01,7021.5,7021.5,313734.0,0.0
EICHERMOT.NS,2025-10-03,6941.0,6941.0,669742.0,0.0
EICHERMOT.NS,2025-10-06,6880.0,6880.0,218200.0,0.0
EICHERMOT.NS,2025-10-07,6957.0,6957.0,286586.0,0.0
EICHERMOT.NS,2025-10-08,6902.5,6902.5,476286.0,0.0
EICHERMOT.NS,2025-10-09,6896.5,6896.5,405889.0,0.0
EICHERMOT.NS,2025-10-10,6965.0,6965.0,282882.0,0.0
EICHERMOT.NS,2025-10-13,6912.0,6912.0,342990.0,0.0
EICHERMOT.NS,2025-10-14,6887.0,6887.0,309415.0,0.0
EICHERMOT.NS,2025-10-15,6895.0,6895.0,237366.0,0.0
EICHERMOT.NS,2025-10-16,6988.0,6988.0,319047.0,0.0
EICHERMOT.NS,2025-10-17,7042.5,7042.5,402013.0,0.0
EICHERMOT.NS,2025-10-20,7013.5,7013.5,326177.0,0.0
EICHERMOT.NS,2025-10-21,7018.5,7018.5,14379.0,0.0
EICHERMOT.NS,2025-10-23,6884.5,6884.5,419750.0,0.0
EICHERMOT.NS,2025-10-24,6840.0,6840.0,243740.0,0.0
EICHERMOT.NS,2025-10-27,6906.5,6906.5,228141.0,0.0
EICHERMOT.NS,2025-10-28,7002.5,7002.5,485231.0,0.0
EICHERMOT.NS,2025-10-29,6952.0,6952.0,343504.0,0.0
EICHERMOT.NS,2025-10-30,6889.0,6889.0,412184.0,0.0
EICHERMOT.NS,2025-10-31,7007.0,7007.0,670785.0,0.0
EICHERMOT.NS,2025-11-03,7023.5,7023.5,334962.0,0.0
EICHERMOT.NS,2025-11-04,6930.0,6930.0,494329.0,0.0
EICHERMOT.NS,2025-11-06,6806.5,6806.5,435650.0,0.0
EICHERMOT.NS,2025-11-07,6886.0,6886.0,465149.0,0.0
EICHERMOT.NS,2025-11-10,6866.5,6866.5,514365.0,0.0
EICHERMOT.NS,2025-11-11,6873.0,6873.0,409676.0,0.0
EICHERMOT.NS,2025-11-12,6879.0,6879.0,300606.0,0.0
EICHERMOT.NS,2025-11-13,6855.0,6855.0,842032.0,0.0
EICHERMOT.NS,2025-11-14,6695.0,6695.0,739163.0,0.0
EICHERMOT.NS,2025-11-17,6799.0,6799.0,789635.0,0.0
EICHERMOT.NS,2025-11-18,6814.5,6814.5,517129.0,0.0
EICHERMOT.NS,2025-11-19,6896.5,6896.5,416170.0,0.0
EICHERMOT.NS,2025-11-20,7125.5,7125.5,857232.0,0.0
EICHERMOT.NS,2025-11-21,7134.5,7134.5,654156.0,0.0
EICHERMOT.NS,2025-11-24,7258.5,7258.5,1229296.0,0.0
EICHERMOT.NS,2025-11-25,7218.5,7218.5,521990.0,0.0
EICHERMOT.NS,2025-11-26,7198.5,7198.5,313545.0,0.0
EICHERMOT.NS,2025-11-27,6999.0,6999.0,480102.0,0.0
EICHERMOT.NS,2025-11-28,7053.5,7053.5,449709.0,0.0
EICHERMOT.NS,2025-12-01,7125.5,7125.5,974710.0,0.0
EICHERMOT.NS,2025-12-02,7112.5,7112.5,448174.0,0.0
EICHERMOT.NS,2025-12-03,7081.5,7081.5,333674.0,0.0
EICHERMOT.NS,2025-12-04,7100.0,7100.0,364672.0,0.0
EICHERMOT.NS,2025-12-05,7208.0,7208.0,501035.0,0.0
EICHERMOT.NS,2025-12-08,7142.0,7142.0,273509.0,0.0
EICHERMOT.NS,2025-12-09,7123.0,7123.0,436443.0,0.0
EICHERMOT.NS,2025-12-10,7228.5,7228.5,626505.0,0.0
EICHERMOT.NS,2025-12-11,7256.0,7256.0,502052.0,0.0
EICHERMOT.NS,2025-12-12,7229.0,7229.0,324682.0,0.0
EICHERMOT.NS,2025-12-15,7121.5,7121.5,391821.0,0.0
EICHERMOT.NS,2025-12-16,7061.5,7061.5,505906.0,0.0
EICHERMOT.NS,2025-12-17,7134.5,7134.5,594264.0,0.0
EICHERMOT.NS,2025-12-18,7106.5,7106.5,327756.0,0.0
EICHERMOT.NS,2025-12-19,7217.0,7217.0,423435.0,0.0
EICHERMOT.NS,2025-12-22,7291.5,7291.5,233966.0,0.0
EICHERMOT.NS,2025-12-23,7303.0,7303.0,249187.0,0.0
EICHERMOT.NS,2025-12-24,7312.5,7312.5,205296.0,0.0
EICHERMOT.NS,2025-12-26,7324.0,7324.0,157706.0,0.0
EICHERMOT.NS,2025-12-29,7272.0,7272.0,282572.0,0.0
EICHERMOT.NS,2025-12-30,7192.5,7192.5,1976062.0,0.0
EICHERMOT.NS,2025-12-31,7312.5,7312.5,357381.0,0.0
EICHERMOT.NS,2026-01-01,7348.0,7348.0,155326.0,0.0
EICHERMOT.NS,2026-01-02,7334.5,7334.5,227469.0,0.0
EICHERMOT.NS,2026-01-05,7482.5,7482.5,426798.0,0.0
EICHERMOT.NS,2026-01-06,7522.5,7522.5,396099.0,0.0
EICHERMOT.NS,2026-01-07,7582.5,7582.5,380761.0,0.0
EICHERMOT.NS,2026-01-08,7551.0,7551.0,459727.0,0.0
EICHERMOT.NS,2026-01-09,7507.0,7507.0,474627.0,0.0
EICHERMOT.NS,2026-01-12,7436.0,7436.0,315579.0,0.0
EICHERMOT.NS,2026-01-13,7404.0,7404.0,262636.0,0.0
EICHERMOT.NS,2026-01-14,7358.0,7358.0,426082.0,0.0
EICHERMOT.NS,2026-01-15,7358.0,7358.0,0.0,0.0
EICHERMOT.NS,2026-01-16,7315.0,7315.0,441023.0,0.0
EICHERMOT.NS,2026-01-19,7323.5,7323.5,211682.0,0.0
EICHERMOT.NS,2026-01-20,7173.5,7173.5,302200.0,0.0
EICHERMOT.NS,2026-01-21,7140.0,7140.0,480751.0,0.0
EICHERMOT.NS,2026-01-22,7049.0,7049.0,366499.0,0.0
EICHERMOT.NS,2026-01-23,6973.0,6973.0,365996.0,0.0
EICHERMOT.NS,2026-01-27,7164.5,7164.5,498369.0,0.0
EICHERMOT.NS,2026-01-28,7071.0,7071.0,856378.0,0.0
EICHERMOT.NS,2026-01-29,7056.5,7056.5,632904.0,0.0
EICHERMOT.NS,2026-01-30,7122.5,7122.5,454539.0,0.0
EICHERMOT.NS,2026-02-02,6985.5,6985.5,490854.0,0.0
EICHERMOT.NS,2026-02-03,7215.0,7215.0,689971.0,0.0
EICHERMOT.NS,2026-02-04,7277.5,7277.5,260280.0,0.0
EICHERMOT.NS,2026-02-05,7209.5,7209.5,254212.0,0.0
EICHERMOT.NS,2026-02-06,7177.5,7177.5,251800.0,0.0
EICHERMOT.NS,2026-02-09,7195.5,7195.5,314215.0,0.0
EICHERMOT.NS,2026-02-10,7296.0,7296.0,467662.0,0.0
EICHERMOT.NS,2026-02-11,7771.0,7771.0,2286371.0,0.0
ETERNAL.NS,2025-02-11,215.4499969482422,215.4499969482422,71258330.0,0.0
ETERNAL.NS,2025-02-12,214.6999969482422,214.6999969482422,86778150.0,0.0
ETERNAL.NS,2025-02-13,217.8699951171875,217.8699951171875,25633800.0,0.0
ETERNAL.NS,2025-02-14,215.99000549316406,215.99000549316406,32738150.0,0.0
ETERNAL.NS,2025-02-17,218.52999877929688,218.52999877929688,23560410.0,0.0
ETERNAL.NS,2025-02-18,223.30999755859375,223.30999755859375,35519890.0,0.0
ETERNAL.NS,2025-02-19,234.10000610351562,234.10000610351562,47896910.0,0.0
ETERNAL.NS,2025-02-20,233.92999267578125,233.92999267578125,27119310.0,0.0
ETERNAL.NS,2025-02-21,230.36000061035156,230.36000061035156,36768250.0,0.0
ETERNAL.NS,2025-02-24,222.69000244140625,222.69000244140625,43335470.0,0.0
ETERNAL.NS,2025-02-25,225.6300048828125,225.6300048828125,48478360.0,0.0
ETERNAL.NS,2025-02-27,229.0399932861328,229.0399932861328,33845020.0,0.0
ETERNAL.NS,2025-02-28,222.10000610351562,222.10000610351562,115467100.0,0.0
ETERNAL.NS,2025-03-03,222.13999938964844,222.13999938964844,33262920.0,0.0
ETERNAL.NS,2025-03-04,227.61000061035156,227.61000061035156,40794120.0,0.0
ETERNAL.NS,2025-03-05,227.02000427246094,227.02000427246094,33095220.0,0.0
ETERNAL.NS,2025-03-06,225.42999267578125,225.42999267578125,31864110.0,0.0
ETERNAL.NS,2025-03-07,216.8300018310547,216.8300018310547,43864780.0,0.0
ETERNAL.NS,2025-03-10,211.27999877929688,211.27999877929688,62786820.0,0.0
ETERNAL.NS,2025-03-11,208.07000732421875,208.07000732421875,122391000.0,0.0
ETERNAL.NS,2025-03-12,205.4600067138672,205.4600067138672,80010760.0,0.0
ETERNAL.NS,2025-03-13,201.42999267578125,201.42999267578125,60780850.0,0.0
ETERNAL.NS,2025-03-17,203.69000244140625,203.69000244140625,48729400.0,0.0
ETERNAL.NS,2025-03-18,218.19000244140625,218.19000244140625,79201900.0,0.0
ETERNAL.NS,2025-03-19,223.52999877929688,223.52999877929688,65519150.0,0.0
ETERNAL.NS,2025-03-20,224.47000122070312,224.47000122070312,61376770.0,0.0
ETERNAL.NS,2025-03-21,227.52000427246094,227.52000427246094,113328500.0,0.0
ETERNAL.NS,2025-03-24,222.8000030517578,222.8000030517578,41920670.0,0.0
ETERNAL.NS,2025-03-25,209.80999755859375,209.80999755859375,84184990.0,0.0
ETERNAL.NS,2025-03-26,203.2899932861328,203.2899932861328,114342100.0,0.0
ETERNAL.NS,2025-03-27,206.27999877929688,206.27999877929688,400414700.0,0.0
ETERNAL.NS,2025-03-28,201.6999969482422,201.6999969482422,74842760.0,0.0
ETERNAL.NS,2025-04-01,202.00999450683594,202.00999450683594,63369460.0,0.0
ETERNAL.NS,2025-04-02,212.02999877929688,212.02999877929688,59441440.0,0.0
ETERNAL.NS,2025-04-03,210.89999389648438,210.89999389648438,44447470.0,0.0
ETERNAL.NS,2025-04-04,210.52999877929688,210.52999877929688,48296670.0,0.0
ETERNAL.NS,2025-04-07,209.6300048828125,209.6300048828125,64932920.0,0.0
ETERNAL.NS,2025-04-08,215.19000244140625,215.19000244140625,62002510.0,0.0
ETERNAL.NS,2025-04-09,211.38999938964844,211.38999938964844,253599310.0,0.0
ETERNAL.NS,2025-04-11,217.1999969482422,217.1999969482422,28917540.0,0.0
ETERNAL.NS,2025-04-15,222.22999572753906,222.22999572753906,45034490.0,0.0
ETERNAL.NS,2025-04-16,222.0800018310547,222.0800018310547,26155870.0,0.0
ETERNAL.NS,2025-04-17,231.60000610351562,231.60000610351562,70125930.0,0.0
ETERNAL.NS,2025-04-21,234.24000549316406,234.24000549316406,66028530.0,0.0
ETERNAL.NS,2025-04-22,237.47000122070312,237.47000122070312,59667380.0,0.0
ETERNAL.NS,2025-04-23,239.24000549316406,239.24000549316406,42294680.0,0.0
ETERNAL.NS,2025-04-24,236.3800048828125,236.3800048828125,46103360.0,0.0
ETERNAL.NS,2025-04-25,228.80999755859375,228.80999755859375,32437650.0,0.0
ETERNAL.NS,2025-04-28,227.2100067138672,227.2100067138672,29327020.0,0.0
ETERNAL.NS,2025-04-29,231.11000061035156,231.11000061035156,32761970.0,0.0
ETERNAL.NS,2025-04-30,232.52000427246094,232.52000427246094,45831740.0,0.0
ETERNAL.NS,2025-05-02,234.2899932861328,234.2899932861328,104910300.0,0.0
ETERNAL.NS,2025-05-05,239.89999389648438,239.89999389648438,37948110.0,0.0
ETERNAL.NS,2025-05-06,232.63999938964844,232.63999938964844,25327710.0,0.0
ETERNAL.NS,2025-05-07,236.89999389648438,236.89999389648438,31614850.0,0.0
ETERNAL.NS,2025-05-08,229.80999755859375,229.80999755859375,49888440.0,0.0
ETERNAL.NS,2025-05-09,227.13999938964844,227.13999938964844,24415320.0,0.0
ETERNAL.NS,2025-05-12,239.5,239.5,31757000.0,0.0
ETERNAL.NS,2025-05-13,231.64999389648438,231.64999389648438,44837480.0,0.0
ETERNAL.NS,2025-05-14,236.86000061035156,236.86000061035156,23158210.0,0.0
ETERNAL.NS,2025-05-15,242.58999633789062,242.58999633789062,40335990.0,0.0
ETERNAL.NS,2025-05-16,245.75999450683594,245.75999450683594,30854380.0,0.0
ETERNAL.NS,2025-05-19,238.02999877929688,238.02999877929688,21817610.0,0.0
ETERNAL.NS,2025-05-20,228.27999877929688,228.27999877929688,45891390.0,0.0
ETERNAL.NS,2025-05-21,229.97000122070312,229.97000122070312,47166130.0,0.0
ETERNAL.NS,2025-05-22,229.02000427246094,229.02000427246094,28795940.0,0.0
ETERNAL.NS,2025-05-23,237.5500030517578,237.5500030517578,42180090.0,0.0
ETERNAL.NS,2025-05-26,226.8000030517578,226.8000030517578,89147290.0,0.0
ETERNAL.NS,2025-05-27,224.7899932861328,224.7899932861328,224659100.0,0.0
ETERNAL.NS,2025-05-28,224.17999267578125,224.17999267578125,43525020.0,0.0
ETERNAL.NS,2025-05-29,228.3699951171875,228.3699951171875,54574820.0,0.0
ETERNAL.NS,2025-05-30,238.30999755859375,238.30999755859375,467574000.0,0.0
ETERNAL.NS,2025-06-02,241.1999969482422,241.1999969482422,55690200.0,0.0
ETERNAL.NS,2025-06-03,237.6999969482422,237.6999969482422,91875210.0,0.0
ETERNAL.NS,2025-06-04,245.67999267578125,245.67999267578125,70626620.0,0.0
ETERNAL.NS,2025-06-05,256.55999755859375,256.55999755859375,127795200.0,0.0
ETERNAL.NS,2025-06-06,261.8599853515625,261.8599853515625,66234450.0,0.0
ETERNAL.NS,2025-06-09,256.8399963378906,256.8399963378906,33660850.0,0.0
ETERNAL.NS,2025-06-10,255.67999267578125,255.67999267578125,36662940.0,0.0
ETERNAL.NS,2025-06-11,257.07000732421875,257.07000732421875,40554760.0,0.0
ETERNAL.NS,2025-06-12,251.55999755859375,251.55999755859375,24298790.0,0.0
ETERNAL.NS,2025-06-13,249.0800018310547,249.0800018310547,30512910.0,0.0
ETERNAL.NS,2025-06-16,252.14999389648438,252.14999389648438,26481950.0,0.0
ETERNAL.NS,2025-06-17,247.25,247.25,20651960.0,0.0
ETERNAL.NS,2025-06-18,248.41000366210938,248.41000366210938,17297190.0,0.0
ETERNAL.NS,2025-06-19,249.4199981689453,249.4199981689453,32347920.0,0.0
ETERNAL.NS,2025-06-20,253.3300018310547,253.3300018310547,50201710.0,0.0
ETERNAL.NS,2025-06-23,254.63999938964844,254.63999938964844,21523140.0,0.0
ETERNAL.NS,2025-06-24,255.07000732421875,255.07000732421875,35638620.0,0.0
ETERNAL.NS,2025-06-25,258.8599853515625,258.8599853515625,26412590.0,0.0
ETERNAL.NS,2025-06-26,265.17999267578125,265.17999267578125,47100080.0,0.0
ETERNAL.NS,2025-06-27,261.8599853515625,261.8599853515625,61545450.0,0.0
ETERNAL.NS,2025-06-30,264.1499938964844,264.1499938964844,21588940.0,0.0
ETERNAL.NS,2025-07-01,261.0,261.0,17220730.0,0.0
ETERNAL.NS,2025-07-02,259.75,259.75,14940240.0,0.0
ETERNAL.NS,2025-07-03,260.8500061035156,260.8500061035156,19402940.0,0.0
ETERNAL.NS,2025-07-04,261.3999938964844,261.3999938964844,13076740.0,0.0
ETERNAL.NS,2025-07-07,258.54998779296875,258.54998779296875,25446180.0,0.0
ETERNAL.NS,2025-07-08,263.5,263.5,18312890.0,0.0
ETERNAL.NS,2025-07-09,264.54998779296875,264.54998779296875,18477580.0,0.0
ETERNAL.NS,2025-07-10,262.8500061035156,262.8500061035156,17136740.0,0.0
ETERNAL.NS,2025-07-11,263.3500061035156,263.3500061035156,16528100.0,0.0
ETERNAL.NS,2025-07-14,270.6000061035156,270.6000061035156,50184660.0,0.0
ETERNAL.NS,2025-07-15,266.45001220703125,266.45001220703125,35090520.0,0.0
ETERNAL.NS,2025-07-16,262.3500061035156,262.3500061035156,17828900.0,0.0
ETERNAL.NS,2025-07-17,259.6499938964844,259.6499938964844,17544850.0,0.0
ETERNAL.NS,2025-07-18,257.20001220703125,257.20001220703125,13584890.0,0.0
ETERNAL.NS,2025-07-21,271.70001220703125,271.70001220703125,67508530.0,0.0
ETERNAL.NS,2025-07-22,299.79998779296875,299.79998779296875,269332700.0,0.0
ETERNAL.NS,2025-07-23,302.04998779296875,302.04998779296875,68915200.0,0.0
ETERNAL.NS,2025-07-24,313.1499938964844,313.1499938964844,120603700.0,0.0
ETERNAL.NS,2025-07-25,310.54998779296875,310.54998779296875,50941170.0,0.0
ETERNAL.NS,2025-07-28,307.29998779296875,307.29998779296875,24882870.0,0.0
ETERNAL.NS,2025-07-29,306.54998779296875,306.54998779296875,23521230.0,0.0
ETERNAL.NS,2025-07-30,303.45001220703125,303.45001220703125,21677380.0,0.0
ETERNAL.NS,2025-07-31,307.79998779296875,307.79998779296875,32474670.0,0.0
ETERNAL.NS,2025-08-01,304.75,304.75,16415900.0,0.0
ETERNAL.NS,2025-08-04,305.25,305.25,21862120.0,0.0
ETERNAL.NS,2025-08-05,302.1499938964844,302.1499938964844,14820250.0,0.0
ETERNAL.NS,2025-08-06,298.8500061035156,298.8500061035156,22012280.0,0.0
ETERNAL.NS,2025-08-07,301.75,301.75,391548800.0,0.0
ETERNAL.NS,2025-08-08,300.8999938964844,300.8999938964844,28458170.0,0.0
ETERNAL.NS,2025-08-11,309.3999938964844,309.3999938964844,44948310.0,0.0
ETERNAL.NS,2025-08-12,305.8999938964844,305.8999938964844,20834370.0,0.0
ETERNAL.NS,2025-08-13,312.3500061035156,312.3500061035156,28119110.0,0.0
ETERNAL.NS,2025-08-14,318.3999938964844,318.3999938964844,45892250.0,0.0
ETERNAL.NS,2025-08-18,314.8999938964844,314.8999938964844,42357080.0,0.0
ETERNAL.NS,2025-08-19,321.45001220703125,321.45001220703125,36592940.0,0.0
ETERNAL.NS,2025-08-20,326.54998779296875,326.54998779296875,55734710.0,0.0
ETERNAL.NS,2025-08-21,321.79998779296875,321.79998779296875,22056600.0,0.0
ETERNAL.NS,2025-08-22,319.1000061035156,319.1000061035156,22869850.0,0.0
ETERNAL.NS,2025-08-25,319.25,319.25,20880240.0,0.0
ETERNAL.NS,2025-08-26,317.8999938964844,317.8999938964844,438503000.0,0.0
ETERNAL.NS,2025-08-28,315.5,315.5,44020760.0,0.0
ETERNAL.NS,2025-08-29,313.95001220703125,313.95001220703125,62441100.0,0.0
ETERNAL.NS,2025-09-01,321.1000061035156,321.1000061035156,47888390.0,0.0
ETERNAL.NS,2025-09-02,322.3999938964844,322.3999938964844,48878430.0,0.0
ETERNAL.NS,2025-09-03,326.1000061035156,326.1000061035156,46674030.0,0.0
ETERNAL.NS,2025-09-04,326.25,326.25,43285620.0,0.0
ETERNAL.NS,2025-09-05,329.1499938964844,329.1499938964844,31645030.0,0.0
ETERNAL.NS,2025-09-08,329.6499938964844,329.6499938964844,17188060.0,0.0
ETERNAL.NS,2025-09-09,325.70001220703125,325.70001220703125,19658620.0,0.0
ETERNAL.NS,2025-09-10,324.3999938964844,324.3999938964844,18981930.0,0.0
ETERNAL.NS,2025-09-11,328.1000061035156,328.1000061035156,22336990.0,0.0
ETERNAL.NS,2025-09-12,321.3999938964844,321.3999938964844,19923940.0,0.0
ETERNAL.NS,2025-09-15,323.29998779296875,323.29998779296875,16287170.0,0.0
ETERNAL.NS,2025-09-16,327.29998779296875,327.29998779296875,19198530.0,0.0
ETERNAL.NS,2025-09-17,328.25,328.25,14901350.0,0.0
ETERNAL.NS,2025-09-18,337.8500061035156,337.8500061035156,36575250.0,0.0
ETERNAL.NS,2025-09-19,336.54998779296875,336.54998779296875,29146780.0,0.0
ETERNAL.NS,2025-09-22,341.8500061035156,341.8500061035156,28626240.0,0.0
ETERNAL.NS,2025-09-23,338.3500061035156,338.3500061035156,15144820.0,0.0
ETERNAL.NS,2025-09-24,335.79998779296875,335.79998779296875,12073290.0,0.0
ETERNAL.NS,2025-09-25,332.25,332.25,16653310.0,0.0
ETERNAL.NS,2025-09-26,321.0,321.0,26840530.0,0.0
ETERNAL.NS,2025-09-29,324.8500061035156,324.8500061035156,21653800.0,0.0
ETERNAL.NS,2025-09-30,325.5,325.5,18841390.0,0.0
ETERNAL.NS,2025-10-01,329.0,329.0,18366560.0,0.0
ETERNAL.NS,2025-10-03,328.45001220703125,328.45001220703125,25648590.0,0.0
ETERNAL.NS,2025-10-06,335.1000061035156,335.1000061035156,13705090.0,0.0
ETERNAL.NS,2025-10-07,337.8500061035156,337.8500061035156,19836340.0,0.0
ETERNAL.NS,2025-10-08,341.6499938964844,341.6499938964844,16799910.0,0.0
ETERNAL.NS,2025-10-09,345.5,345.5,23497990.0,0.0
ETERNAL.NS,2025-10-10,348.29998779296875,348.29998779296875,15972100.0,0.0
ETERNAL.NS,2025-10-13,348.3500061035156,348.3500061035156,14458590.0,0.0
ETERNAL.NS,2025-10-14,347.75,347.75,25161480.0,0.0
ETERNAL.NS,2025-10-15,354.3500061035156,354.3500061035156,30840490.0,0.0
ETERNAL.NS,2025-10-16,347.8500061035156,347.8500061035156,91194450.0,0.0
ETERNAL.NS,2025-10-17,342.6499938964844,342.6499938964844,77995570.0,0.0
ETERNAL.NS,2025-10-20,338.1499938964844,338.1499938964844,25481970.0,0.0
ETERNAL.NS,2025-10-21,338.1000061035156,338.1000061035156,3818958.0,0.0
ETERNAL.NS,2025-10-23,328.3500061035156,328.3500061035156,54284150.0,0.0
ETERNAL.NS,2025-10-24,326.6000061035156,326.6000061035156,35567990.0,0.0
ETERNAL.NS,2025-10-27,333.70001220703125,333.70001220703125,27703110.0,0.0
ETERNAL.NS,2025-10-28,334.6000061035156,334.6000061035156,28723420.0,0.0
ETERNAL.NS,2025-10-29,330.45001220703125,330.45001220703125,19679000.0,0.0
ETERNAL.NS,2025-10-30,329.3500061035156,329.3500061035156,19800310.0,0.0
ETERNAL.NS,2025-10-31,317.75,317.75,34241750.0,0.0
ETERNAL.NS,2025-11-03,322.6000061035156,322.6000061035156,33549130.0,0.0
ETERNAL.NS,2025-11-04,313.5,313.5,35402200.0,0.0
ETERNAL.NS,2025-11-06,305.6499938964844,305.6499938964844,44725330.0,0.0
ETERNAL.NS,2025-11-07,306.1000061035156,306.1000061035156,26911850.0,0.0
ETERNAL.NS,2025-11-10,301.45001220703125,301.45001220703125,33919170.0,0.0
ETERNAL.NS,2025-11-11,305.79998779296875,305.79998779296875,35824470.0,0.0
ETERNAL.NS,2025-11-12,308.79998779296875,308.79998779296875,43774440.0,0.0
ETERNAL.NS,2025-11-13,297.75,297.75,63585980.0,0.0
ETERNAL.NS,2025-11-14,303.75,303.75,37378730.0,0.0
ETERNAL.NS,2025-11-17,309.54998779296875,309.54998779296875,26632680.0,0.0
ETERNAL.NS,2025-11-18,306.1499938964844,306.1499938964844,24986340.0,0.0
ETERNAL.NS,2025-11-19,306.6000061035156,306.6000061035156,15532630.0,0.0
ETERNAL.NS,2025-11-20,306.8999938964844,306.8999938964844,13522450.0,0.0
ETERNAL.NS,2025-11-21,301.95001220703125,301.95001220703125,13729180.0,0.0
ETERNAL.NS,2025-11-24,301.0,301.0,42517970.0,0.0
ETERNAL.NS,2025-11-25,302.29998779296875,302.29998779296875,19304120.0,0.0
ETERNAL.NS,2025-11-26,306.8500061035156,306.8500061035156,14488700.0,0.0
ETERNAL.NS,2025-11-27,302.75,302.75,22604910.0,0.0
ETERNAL.NS,2025-11-28,300.1000061035156,300.1000061035156,17678700.0,0.0
ETERNAL.NS,2025-12-01,301.5,301.5,17929620.0,0.0
ETERNAL.NS,2025-12-02,300.54998779296875,300.54998779296875,23517460.0,0.0
ETERNAL.NS,2025-12-03,297.75,297.75,18546980.0,0.0
ETERNAL.NS,2025-12-04,295.75,295.75,31947990.0,0.0
ETERNAL.NS,2025-12-05,292.3999938964844,292.3999938964844,17762370.0,0.0
ETERNAL.NS,2025-12-08,285.25,285.25,85127960.0,0.0
ETERNAL.NS,2025-12-09,291.70001220703125,291.70001220703125,27053860.0,0.0
ETERNAL.NS,2025-12-10,283.25,283.25,20644410.0,0.0
ETERNAL.NS,2025-12-11,290.95001220703125,290.95001220703125,21043740.0,0.0
ETERNAL.NS,2025-12-12,298.04998779296875,298.04998779296875,27289530.0,0.0
ETERNAL.NS,2025-12-15,298.45001220703125,298.45001220703125,14755890.0,0.0
ETERNAL.NS,2025-12-16,284.45001220703125,284.45001220703125,58633740.0,0.0
ETERNAL.NS,2025-12-17,284.45001220703125,284.45001220703125,27154430.0,0.0
ETERNAL.NS,2025-12-18,284.75,284.75,14159700.0,0.0
ETERNAL.NS,2025-12-19,286.04998779296875,286.04998779296875,17783840.0,0.0
ETERNAL.NS,2025-12-22,286.70001220703125,286.70001220703125,14987450.0,0.0
ETERNAL.NS,2025-12-23,284.3500061035156,284.3500061035156,12762620.0,0.0
ETERNAL.NS,2025-12-24,284.8500061035156,284.8500061035156,12973810.0,0.0
ETERNAL.NS,2025-12-26,281.75,281.75,15744490.0,0.0
ETERNAL.NS,2025-12-29,282.8500061035156,282.8500061035156,13175250.0,0.0
ETERNAL.NS,2025-12-30,277.1000061035156,277.1000061035156,37816380.0,0.0
ETERNAL.NS,2025-12-31,278.04998779296875,278.04998779296875,21964080.0,0.0
ETERNAL.NS,2026-01-01,283.79998779296875,283.79998779296875,13427850.0,0.0
ETERNAL.NS,2026-01-02,284.1499938964844,284.1499938964844,13624790.0,0.0
ETERNAL.NS,2026-01-05,281.79998779296875,281.79998779296875,19328130.0,0.0
ETERNAL.NS,2026-01-06,279.04998779296875,279.04998779296875,29577750.0,0.0
ETERNAL.NS,2026-01-07,280.95001220703125,280.95001220703125,38184310.0,0.0
ETERNAL.NS,2026-01-08,283.54998779296875,283.54998779296875,38191590.0,0.0
ETERNAL.NS,2026-01-09,284.3500061035156,284.3500061035156,55851760.0,0.0
ETERNAL.NS,2026-01-12,285.25,285.25,28605320.0,0.0
ETERNAL.NS,2026-01-13,294.54998779296875,294.54998779296875,50350170.0,0.0
ETERNAL.NS,2026-01-14,299.25,299.25,48489260.0,0.0
ETERNAL.NS,2026-01-16,287.70001220703125,287.70001220703125,62836260.0,0.0
ETERNAL.NS,2026-01-19,281.3500061035156,281.3500061035156,83664840.0,0.0
ETERNAL.NS,2026-01-20,269.6000061035156,269.6000061035156,83681190.0,0.0
ETERNAL.NS,2026-01-21,283.5,283.5,71728250.0,0.0
ETERNAL.NS,2026-01-22,275.8999938964844,275.8999938964844,154979800.0,0.0
ETERNAL.NS,2026-01-23,258.70001220703125,258.70001220703125,85765420.0,0.0
ETERNAL.NS,2026-01-27,253.85000610351562,253.85000610351562,106172000.0,0.0
ETERNAL.NS,2026-01-28,266.29998779296875,266.29998779296875,82531460.0,0.0
ETERNAL.NS,2026-01-29,275.3500061035156,275.3500061035156,74338760.0,0.0
ETERNAL.NS,2026-01-30,273.6000061035156,273.6000061035156,43752140.0,0.0
ETERNAL.NS,2026-02-02,272.6499938964844,272.6499938964844,34208460.0,0.0
ETERNAL.NS,2026-02-03,279.79998779296875,279.79998779296875,75311760.0,0.0
ETERNAL.NS,2026-02-04,294.1499938964844,294.1499938964844,64894680.0,0.0
ETERNAL.NS,2026-02-05,286.8500061035156,286.8500061035156,30383250.0,0.0
ETERNAL.NS,2026-02-06,283.54998779296875,283.54998779296875,29937530.0,0.0
ETERNAL.NS,2026-02-09,288.8500061035156,288.8500061035156,18816040.0,0.0
ETERNAL.NS,2026-02-10,303.79998779296875,303.79998779296875,102621600.0,0.0
ETERNAL.NS,2026-02-11,300.70001220703125,300.70001220703125,32081439.0,0.0
GRASIM.NS,2025-02-11,2491.449951171875,2482.41943359375,1710410.0,0.0
GRASIM.NS,2025-02-12,2484.949951171875,2475.94287109375,454023.0,0.0
GRASIM.NS,2025-02-13,2490.10009765625,2481.074462890625,708830.0,0.0
GRASIM.NS,2025-02-14,2431.300048828125,2422.487548828125,677910.0,0.0
GRASIM.NS,2025-02-17,2463.85009765625,2454.919677734375,646841.0,0.0
GRASIM.NS,2025-02-18,2463.199951171875,2454.271728515625,596040.0,0.0
GRASIM.NS,2025-02-19,2463.199951171875,2454.271728515625,289053.0,0.0
GRASIM.NS,2025-02-20,2453.699951171875,2444.80615234375,427274.0,0.0
GRASIM.NS,2025-02-21,2431.050048828125,2422.238525390625,504415.0,0.0
GRASIM.NS,2025-02-24,2393.699951171875,2385.023681640625,543080.0,0.0
GRASIM.NS,2025-02-25,2379.300048828125,2370.676025390625,497013.0,0.0
GRASIM.NS,2025-02-27,2339.949951171875,2331.468505859375,1045684.0,0.0
GRASIM.NS,2025-02-28,2306.64990234375,2298.2890625,1153007.0,0.0
GRASIM.NS,2025-03-03,2377.449951171875,2368.83251953125,790068.0,0.0
GRASIM.NS,2025-03-04,2394.64990234375,2385.97021484375,521061.0,0.0
GRASIM.NS,2025-03-05,2391.64990234375,2382.981201171875,755361.0,0.0
GRASIM.NS,2025-03-06,2393.64990234375,2384.973876953125,754593.0,0.0
GRASIM.NS,2025-03-07,2407.25,2398.524658203125,317388.0,0.0
GRASIM.NS,2025-03-10,2383.949951171875,2375.30908203125,650796.0,0.0
GRASIM.NS,2025-03-11,2413.550048828125,2404.8017578125,445250.0,0.0
GRASIM.NS,2025-03-12,2398.89990234375,2390.204833984375,561893.0,0.0
GRASIM.NS,2025-03-13,2370.199951171875,2361.60888671875,479648.0,0.0
GRASIM.NS,2025-03-17,2399.35009765625,2390.6533203125,646714.0,0.0
GRASIM.NS,2025-03-18,2399.35009765625,2390.6533203125,0.0,0.0
GRASIM.NS,2025-03-19,2458.199951171875,2449.289794921875,415476.0,0.0
GRASIM.NS,2025-03-20,2468.14990234375,2459.203857421875,317002.0,0.0
GRASIM.NS,2025-03-21,2469.39990234375,2460.44921875,1372022.0,0.0
GRASIM.NS,2025-03-24,2513.199951171875,2504.090576171875,594207.0,0.0
GRASIM.NS,2025-03-25,2569.449951171875,2560.13671875,993289.0,0.0
GRASIM.NS,2025-03-26,2581.60009765625,2572.24267578125,555486.0,0.0
GRASIM.NS,2025-03-27,2618.699951171875,2609.208251953125,1246219.0,0.0
GRASIM.NS,2025-03-28,2611.14990234375,2601.685546875,435022.0,0.0
GRASIM.NS,2025-04-01,2619.0,2609.507080078125,317974.0,0.0
GRASIM.NS,2025-04-02,2616.5,2607.01611328125,413523.0,0.0
GRASIM.NS,2025-04-03,2651.89990234375,2642.287841796875,298330.0,0.0
GRASIM.NS,2025-04-04,2616.89990234375,2607.41455078125,290533.0,0.0
GRASIM.NS,2025-04-07,2509.10009765625,2500.005615234375,974267.0,0.0
GRASIM.NS,2025-04-08,2590.050048828125,2580.662109375,1296141.0,0.0
GRASIM.NS,2025-04-09,2557.75,2548.479248046875,494024.0,0.0
GRASIM.NS,2025-04-11,2651.25,2641.64013671875,669041.0,0.0
GRASIM.NS,2025-04-15,2718.60009765625,2708.74609375,815058.0,0.0
GRASIM.NS,2025-04-16,2702.800048828125,2693.00341796875,462016.0,0.0
GRASIM.NS,2025-04-17,2760.699951171875,2750.693359375,1061496.0,0.0
GRASIM.NS,2025-04-21,2756.89990234375,2746.9072265625,322964.0,0.0
GRASIM.NS,2025-04-22,2749.39990234375,2739.434326171875,211167.0,0.0
GRASIM.NS,2025-04-23,2685.60009765625,2675.86572265625,603774.0,0.0
GRASIM.NS,2025-04-24,2729.199951171875,2719.3076171875,562050.0,0.0
GRASIM.NS,2025-04-25,2734.800048828125,2724.887451171875,649356.0,0.0
GRASIM.NS,2025-04-28,2753.39990234375,2743.419921875,416635.0,0.0
GRASIM.NS,2025-04-29,2745.699951171875,2735.747802734375,890929.0,0.0
GRASIM.NS,2025-04-30,2737.5,2727.57763671875,662477.0,0.0
GRASIM.NS,2025-05-02,2724.0,2714.12646484375,798849.0,0.0
GRASIM.NS,2025-05-05,2755.10009765625,2745.114013671875,661587.0,0.0
GRASIM.NS,2025-05-06,2728.699951171875,2718.8095703125,288396.0,0.0
GRASIM.NS,2025-05-07,2699.89990234375,2690.11376953125,417883.0,0.0
GRASIM.NS,2025-05-08,2698.699951171875,2688.918212890625,966461.0,0.0
GRASIM.NS,2025-05-09,2634.800048828125,2625.25,444671.0,0.0
GRASIM.NS,2025-05-12,2742.800048828125,2732.8583984375,498304.0,0.0
GRASIM.NS,2025-05-13,2708.699951171875,2698.8818359375,313964.0,0.0
GRASIM.NS,2025-05-14,2737.199951171875,2727.278564453125,330652.0,0.0
GRASIM.NS,2025-05-15,2824.800048828125,2814.561279296875,1353535.0,0.0
GRASIM.NS,2025-05-16,2804.199951171875,2794.035888671875,700214.0,0.0
GRASIM.NS,2025-05-19,2727.0,2717.11572265625,575525.0,0.0
GRASIM.NS,2025-05-20,2720.800048828125,2710.938232421875,520661.0,0.0
GRASIM.NS,2025-05-21,2706.89990234375,2697.08837890625,304264.0,0.0
GRASIM.NS,2025-05-22,2674.60009765625,2664.90576171875,541069.0,0.0
GRASIM.NS,2025-05-23,2659.39990234375,2649.760498046875,990691.0,0.0
GRASIM.NS,2025-05-26,2656.39990234375,2646.771484375,435977.0,0.0
GRASIM.NS,2025-05-27,2614.199951171875,2604.724365234375,874537.0,0.0
GRASIM.NS,2025-05-28,2577.60009765625,2568.25732421875,849149.0,0.0
GRASIM.NS,2025-05-29,2573.60009765625,2564.271728515625,616258.0,0.0
GRASIM.NS,2025-05-30,2545.800048828125,2536.572509765625,1203864.0,0.0
GRASIM.NS,2025-06-02,2524.10009765625,2514.951171875,1209305.0,0.0
GRASIM.NS,2025-06-03,2552.39990234375,2543.1484375,1493898.0,0.0
GRASIM.NS,2025-06-04,2549.699951171875,2540.458251953125,529006.0,0.0
GRASIM.NS,2025-06-05,2554.39990234375,2545.14111328125,950620.0,0.0
GRASIM.NS,2025-06-06,2574.39990234375,2565.068603515625,414844.0,0.0
GRASIM.NS,2025-06-09,2608.5,2599.045166015625,552351.0,0.0
GRASIM.NS,2025-06-10,2708.0,2698.1845703125,2885229.0,0.0
GRASIM.NS,2025-06-11,2722.199951171875,2712.3330078125,812149.0,0.0
GRASIM.NS,2025-06-12,2689.10009765625,2679.35302734375,545570.0,0.0
GRASIM.NS,2025-06-13,2663.800048828125,2654.144775390625,538879.0,0.0
GRASIM.NS,2025-06-16,2704.89990234375,2695.095703125,494993.0,0.0
GRASIM.NS,2025-06-17,2671.39990234375,2661.717041015625,241142.0,0.0
GRASIM.NS,2025-06-18,2675.39990234375,2665.70263671875,342289.0,0.0
GRASIM.NS,2025-06-19,2693.199951171875,2683.438232421875,609547.0,0.0
GRASIM.NS,2025-06-20,2712.60009765625,2702.76806640625,1232377.0,0.0
GRASIM.NS,2025-06-23,2723.699951171875,2713.82763671875,728851.0,0.0
GRASIM.NS,2025-06-24,2780.89990234375,2770.8203125,1562447.0,0.0
GRASIM.NS,2025-06-25,2831.800048828125,2821.535888671875,948185.0,0.0
GRASIM.NS,2025-06-26,2883.300048828125,2872.84912109375,1392932.0,0.0
GRASIM.NS,2025-06-27,2861.10009765625,2850.729736328125,678859.0,0.0
GRASIM.NS,2025-06-30,2844.5,2834.189697265625,447868.0,0.0
GRASIM.NS,2025-07-01,2848.10009765625,2837.77685546875,535639.0,0.0
GRASIM.NS,2025-07-02,2849.800048828125,2839.470703125,917118.0,0.0
GRASIM.NS,2025-07-03,2817.60009765625,2807.387451171875,393434.0,0.0
GRASIM.NS,2025-07-04,2805.89990234375,2795.7294921875,286779.0,0.0
GRASIM.NS,2025-07-07,2779.10009765625,2769.02685546875,278677.0,0.0
GRASIM.NS,2025-07-08,2820.800048828125,2810.57568359375,846061.0,0.0
GRASIM.NS,2025-07-09,2797.89990234375,2787.758544921875,659109.0,0.0
GRASIM.NS,2025-07-10,2775.10009765625,2765.04150390625,780215.0,0.0
GRASIM.NS,2025-07-11,2762.0,2751.98876953125,476850.0,0.0
GRASIM.NS,2025-07-14,2784.39990234375,2774.3076171875,2913912.0,0.0
GRASIM.NS,2025-07-15,2778.60009765625,2768.52880859375,450965.0,0.0
GRASIM.NS,2025-07-16,2762.39990234375,2752.38720703125,372782.0,0.0
GRASIM.NS,2025-07-17,2766.300048828125,2756.273193359375,720281.0,0.0
GRASIM.NS,2025-07-18,2728.5,2718.6103515625,797380.0,0.0
GRASIM.NS,2025-07-21,2741.89990234375,2731.961669921875,616378.0,0.0
GRASIM.NS,2025-07-22,2722.699951171875,2712.831298828125,664321.0,0.0
GRASIM.NS,2025-07-23,2709.10009765625,2699.28076171875,373864.0,0.0
GRASIM.NS,2025-07-24,2735.89990234375,2725.9833984375,997645.0,0.0
GRASIM.NS,2025-07-25,2708.60009765625,2698.782470703125,360857.0,0.0
GRASIM.NS,2025-07-28,2727.199951171875,2717.31494140625,547126.0,0.0
GRASIM.NS,2025-07-29,2743.0,2733.0576171875,743512.0,0.0
GRASIM.NS,2025-07-30,2758.60009765625,2748.601318359375,772901.0,0.0
GRASIM.NS,2025-07-31,2746.39990234375,2736.4453125,581498.0,0.0
GRASIM.NS,2025-08-01,2722.199951171875,2712.3330078125,329586.0,0.0
GRASIM.NS,2025-08-04,2787.800048828125,2777.6953125,570201.0,0.0
GRASIM.NS,2025-08-05,2797.199951171875,2787.061279296875,782631.0,0.0
GRASIM.NS,2025-08-06,2765.800048828125,2755.775146484375,393906.0,0.0
GRASIM.NS,2025-08-07,2743.699951171875,2733.755126953125,591589.0,0.0
GRASIM.NS,2025-08-08,2691.60009765625,2681.843994140625,1162918.0,0.0
GRASIM.NS,2025-08-11,2758.89990234375,2748.89990234375,1236332.0,0.0
GRASIM.NS,2025-08-12,2740.39990234375,2740.39990234375,553341.0,0.0
GRASIM.NS,2025-08-13,2745.89990234375,2745.89990234375,479944.0,0.0
GRASIM.NS,2025-08-14,2764.89990234375,2764.89990234375,618912.0,0.0
GRASIM.NS,2025-08-18,2845.89990234375,2845.89990234375,1279195.0,0.0
GRASIM.NS,2025-08-19,2828.300048828125,2828.300048828125,372899.0,0.0
GRASIM.NS,2025-08-20,2864.89990234375,2864.89990234375,930944.0,0.0
GRASIM.NS,2025-08-21,2881.199951171875,2881.199951171875,1138327.0,0.0
GRASIM.NS,2025-08-22,2813.800048828125,2813.800048828125,671902.0,0.0
GRASIM.NS,2025-08-25,2811.39990234375,2811.39990234375,591824.0,0.0
GRASIM.NS,2025-08-26,2796.199951171875,2796.199951171875,425619.0,0.0
GRASIM.NS,2025-08-28,2784.300048828125,2784.300048828125,528080.0,0.0
GRASIM.NS,2025-08-29,2775.60009765625,2775.60009765625,542362.0,0.0
GRASIM.NS,2025-09-01,2803.89990234375,2803.89990234375,499161.0,0.0
GRASIM.NS,2025-09-02,2779.800048828125,2779.800048828125,468533.0,0.0
GRASIM.NS,2025-09-03,2781.39990234375,2781.39990234375,500510.0,0.0
GRASIM.NS,2025-09-04,2809.800048828125,2809.800048828125,1177036.0,0.0
GRASIM.NS,2025-09-05,2804.0,2804.0,495200.0,0.0
GRASIM.NS,2025-09-08,2804.10009765625,2804.10009765625,229922.0,0.0
GRASIM.NS,2025-09-09,2795.89990234375,2795.89990234375,388718.0,0.0
GRASIM.NS,2025-09-10,2785.800048828125,2785.800048828125,421783.0,0.0
GRASIM.NS,2025-09-11,2799.0,2799.0,217951.0,0.0
GRASIM.NS,2025-09-12,2802.0,2802.0,168095.0,0.0
GRASIM.NS,2025-09-15,2802.39990234375,2802.39990234375,291664.0,0.0
GRASIM.NS,2025-09-16,2843.0,2843.0,546549.0,0.0
GRASIM.NS,2025-09-17,2865.39990234375,2865.39990234375,785107.0,0.0
GRASIM.NS,2025-09-18,2878.800048828125,2878.800048828125,513800.0,0.0
GRASIM.NS,2025-09-19,2877.89990234375,2877.89990234375,790137.0,0.0
GRASIM.NS,2025-09-22,2854.10009765625,2854.10009765625,751168.0,0.0
GRASIM.NS,2025-09-23,2813.5,2813.5,702680.0,0.0
GRASIM.NS,2025-09-24,2807.39990234375,2807.39990234375,316532.0,0.0
GRASIM.NS,2025-09-25,2778.60009765625,2778.60009765625,723479.0,0.0
GRASIM.NS,2025-09-26,2746.800048828125,2746.800048828125,523045.0,0.0
GRASIM.NS,2025-09-29,2746.89990234375,2746.89990234375,541455.0,0.0
GRASIM.NS,2025-09-30,2756.89990234375,2756.89990234375,440278.0,0.0
GRASIM.NS,2025-10-01,2789.699951171875,2789.699951171875,353196.0,0.0
GRASIM.NS,2025-10-03,2791.39990234375,2791.39990234375,708063.0,0.0
GRASIM.NS,2025-10-06,2807.39990234375,2807.39990234375,298274.0,0.0
GRASIM.NS,2025-10-07,2808.0,2808.0,245369.0,0.0
GRASIM.NS,2025-10-08,2778.199951171875,2778.199951171875,339604.0,0.0
GRASIM.NS,2025-10-09,2810.60009765625,2810.60009765625,404859.0,0.0
GRASIM.NS,2025-10-10,2811.0,2811.0,582587.0,0.0
GRASIM.NS,2025-10-13,2798.0,2798.0,280622.0,0.0
GRASIM.NS,2025-10-14,2775.800048828125,2775.800048828125,316183.0,0.0
GRASIM.NS,2025-10-15,2816.800048828125,2816.800048828125,459912.0,0.0
GRASIM.NS,2025-10-16,2859.800048828125,2859.800048828125,517682.0,0.0
GRASIM.NS,2025-10-17,2836.199951171875,2836.199951171875,334522.0,0.0
GRASIM.NS,2025-10-20,2854.0,2854.0,374581.0,0.0
GRASIM.NS,2025-10-21,2870.699951171875,2870.699951171875,48792.0,0.0
GRASIM.NS,2025-10-23,2864.60009765625,2864.60009765625,511585.0,0.0
GRASIM.NS,2025-10-24,2841.300048828125,2841.300048828125,456226.0,0.0
GRASIM.NS,2025-10-27,2923.89990234375,2923.89990234375,764132.0,0.0
GRASIM.NS,2025-10-28,2932.89990234375,2932.89990234375,1056504.0,0.0
GRASIM.NS,2025-10-29,2958.699951171875,2958.699951171875,711559.0,0.0
GRASIM.NS,2025-10-30,2950.39990234375,2950.39990234375,446894.0,0.0
GRASIM.NS,2025-10-31,2891.699951171875,2891.699951171875,576935.0,0.0
GRASIM.NS,2025-11-03,2899.89990234375,2899.89990234375,297012.0,0.0
GRASIM.NS,2025-11-04,2882.0,2882.0,229856.0,0.0
GRASIM.NS,2025-11-06,2700.10009765625,2700.10009765625,1986853.0,0.0
GRASIM.NS,2025-11-07,2724.60009765625,2724.60009765625,1101889.0,0.0
GRASIM.NS,2025-11-10,2762.89990234375,2762.89990234375,489522.0,0.0
GRASIM.NS,2025-11-11,2775.800048828125,2775.800048828125,399693.0,0.0
GRASIM.NS,2025-11-12,2767.39990234375,2767.39990234375,531304.0,0.0
GRASIM.NS,2025-11-13,2777.800048828125,2777.800048828125,687031.0,0.0
GRASIM.NS,2025-11-14,2783.39990234375,2783.39990234375,510972.0,0.0
GRASIM.NS,2025-11-17,2790.300048828125,2790.300048828125,459047.0,0.0
GRASIM.NS,2025-11-18,2762.0,2762.0,437943.0,0.0
GRASIM.NS,2025-11-19,2744.699951171875,2744.699951171875,468941.0,0.0
GRASIM.NS,2025-11-20,2748.60009765625,2748.60009765625,519341.0,0.0
GRASIM.NS,2025-11-21,2734.800048828125,2734.800048828125,471626.0,0.0
GRASIM.NS,2025-11-24,2688.699951171875,2688.699951171875,917195.0,0.0
GRASIM.NS,2025-11-25,2686.800048828125,2686.800048828125,558631.0,0.0
GRASIM.NS,2025-11-26,2744.0,2744.0,444974.0,0.0
GRASIM.NS,2025-11-27,2740.0,2740.0,399328.0,0.0
GRASIM.NS,2025-11-28,2739.39990234375,2739.39990234375,297155.0,0.0
GRASIM.NS,2025-12-01,2731.5,2731.5,288096.0,0.0
GRASIM.NS,2025-12-02,2735.0,2735.0,388195.0,0.0
GRASIM.NS,2025-12-03,2720.300048828125,2720.300048828125,435124.0,0.0
GRASIM.NS,2025-12-04,2730.39990234375,2730.39990234375,276879.0,0.0
GRASIM.NS,2025-12-05,2747.0,2747.0,173909.0,0.0
GRASIM.NS,2025-12-08,2744.199951171875,2744.199951171875,715725.0,0.0
GRASIM.NS,2025-12-09,2746.0,2746.0,419760.0,0.0
GRASIM.NS,2025-12-10,2746.800048828125,2746.800048828125,344470.0,0.0
GRASIM.NS,2025-12-11,2797.800048828125,2797.800048828125,453706.0,0.0
GRASIM.NS,2025-12-12,2836.699951171875,2836.699951171875,927504.0,0.0
GRASIM.NS,2025-12-15,2821.0,2821.0,736238.0,0.0
GRASIM.NS,2025-12-16,2799.10009765625,2799.10009765625,545921.0,0.0
GRASIM.NS,2025-12-17,2806.60009765625,2806.60009765625,420053.0,0.0
GRASIM.NS,2025-12-18,2807.60009765625,2807.60009765625,252763.0,0.0
GRASIM.NS,2025-12-19,2812.5,2812.5,546550.0,0.0
GRASIM.NS,2025-12-22,2809.699951171875,2809.699951171875,796031.0,0.0
GRASIM.NS,2025-12-23,2829.800048828125,2829.800048828125,399009.0,0.0
GRASIM.NS,2025-12-24,2826.89990234375,2826.89990234375,444617.0,0.0
GRASIM.NS,2025-12-26,2817.699951171875,2817.699951171875,506240.0,0.0
GRASIM.NS,2025-12-29,2842.39990234375,2842.39990234375,607462.0,0.0
GRASIM.NS,2025-12-30,2841.699951171875,2841.699951171875,729640.0,0.0
GRASIM.NS,2025-12-31,2829.0,2829.0,327956.0,0.0
GRASIM.NS,2026-01-01,2851.699951171875,2851.699951171875,449775.0,0.0
GRASIM.NS,2026-01-02,2856.39990234375,2856.39990234375,698682.0,0.0
GRASIM.NS,2026-01-05,2848.89990234375,2848.89990234375,861522.0,0.0
GRASIM.NS,2026-01-06,2865.300048828125,2865.300048828125,720656.0,0.0
GRASIM.NS,2026-01-07,2837.10009765625,2837.10009765625,287536.0,0.0
GRASIM.NS,2026-01-08,2792.0,2792.0,437229.0,0.0
GRASIM.NS,2026-01-09,2776.89990234375,2776.89990234375,556140.0,0.0
GRASIM.NS,2026-01-12,2806.699951171875,2806.699951171875,476367.0,0.0
GRASIM.NS,2026-01-13,2774.199951171875,2774.199951171875,875758.0,0.0
GRASIM.NS,2026-01-14,2795.800048828125,2795.800048828125,452326.0,0.0
GRASIM.NS,2026-01-15,2795.800048828125,2795.800048828125,0.0,0.0
GRASIM.NS,2026-01-16,2809.60009765625,2809.60009765625,678922.0,0.0
GRASIM.NS,2026-01-19,2780.0,2780.0,586951.0,0.0
GRASIM.NS,2026-01-20,2713.60009765625,2713.60009765625,411054.0,0.0
GRASIM.NS,2026-01-21,2735.60009765625,2735.60009765625,939481.0,0.0
GRASIM.NS,2026-01-22,2787.60009765625,2787.60009765625,870158.0,0.0
GRASIM.NS,2026-01-23,2759.0,2759.0,606097.0,0.0
GRASIM.NS,2026-01-27,2856.199951171875,2856.199951171875,1521231.0,0.0
GRASIM.NS,2026-01-28,2839.10009765625,2839.10009765625,508906.0,0.0
GRASIM.NS,2026-01-29,2831.699951171875,2831.699951171875,680590.0,0.0
GRASIM.NS,2026-01-30,2819.0,2819.0,1083570.0,0.0
GRASIM.NS,2026-02-02,2774.60009765625,2774.60009765625,929579.0,0.0
GRASIM.NS,2026-02-03,2808.89990234375,2808.89990234375,1232908.0,0.0
GRASIM.NS,2026-02-04,2844.89990234375,2844.89990234375,566105.0,0.0
GRASIM.NS,2026-02-05,2863.89990234375,2863.89990234375,762775.0,0.0
GRASIM.NS,2026-02-06,2836.89990234375,2836.89990234375,361882.0,0.0
GRASIM.NS,2026-02-09,2926.300048828125,2926.300048828125,681768.0,0.0
GRASIM.NS,2026-02-10,2953.89990234375,2953.89990234375,624992.0,0.0
GRASIM.NS,2026-02-11,2932.60009765625,2932.60009765625,1015217.0,0.0
HCLTECH.NS,2025-02-11,1723.199951171875,1664.8560791015625,1702553.0,0.0
HCLTECH.NS,2025-02-12,1717.300048828125,1659.1561279296875,2214307.0,0.0
HCLTECH.NS,2025-02-13,1703.0999755859375,1645.4368896484375,1838463.0,0.0
HCLTECH.NS,2025-02-14,1711.25,1653.3109130859375,1460459.0,0.0
HCLTECH.NS,2025-02-17,1709.9000244140625,1652.006591796875,1127023.0,0.0
HCLTECH.NS,2025-02-18,1725.5,1667.078369140625,1511900.0,0.0
HCLTECH.NS,2025-02-19,1712.300048828125,1654.325439453125,1294110.0,0.0
HCLTECH.NS,2025-02-20,1687.550048828125,1630.4134521484375,1681532.0,0.0
HCLTECH.NS,2025-02-21,1700.699951171875,1643.117919921875,1222563.0,0.0
HCLTECH.NS,2025-02-24,1644.050048828125,1588.3861083984375,4455420.0,0.0
HCLTECH.NS,2025-02-25,1636.0999755859375,1580.705322265625,1951519.0,0.0
HCLTECH.NS,2025-02-27,1629.199951171875,1574.0389404296875,2266866.0,0.0
HCLTECH.NS,2025-02-28,1575.050048828125,1521.7222900390625,4910121.0,0.0
HCLTECH.NS,2025-03-03,1572.4000244140625,1519.161865234375,1784684.0,0.0
HCLTECH.NS,2025-03-04,1535.5,1483.511474609375,3246644.0,0.0
HCLTECH.NS,2025-03-05,1572.949951171875,1519.693359375,3112003.0,0.0
HCLTECH.NS,2025-03-06,1585.449951171875,1531.7701416015625,2011489.0,0.0
HCLTECH.NS,2025-03-07,1557.949951171875,1505.2012939453125,2091986.0,0.0
HCLTECH.NS,2025-03-10,1549.300048828125,1496.84423828125,1855766.0,0.0
HCLTECH.NS,2025-03-11,1567.8499755859375,1514.76611328125,1846190.0,0.0
HCLTECH.NS,2025-03-12,1540.5999755859375,1488.438720703125,3113860.0,0.0
HCLTECH.NS,2025-03-13,1534.75,1482.7867431640625,1983351.0,0.0
HCLTECH.NS,2025-03-17,1545.1500244140625,1492.834716796875,2029100.0,0.0
HCLTECH.NS,2025-03-18,1545.1500244140625,1492.834716796875,0.0,0.0
HCLTECH.NS,2025-03-19,1544.449951171875,1492.1583251953125,4522829.0,0.0
HCLTECH.NS,2025-03-20,1562.0,1509.1141357421875,4608677.0,0.0
HCLTECH.NS,2025-03-21,1566.699951171875,1513.6549072265625,8109210.0,0.0
HCLTECH.NS,2025-03-24,1604.1500244140625,1549.8370361328125,2487843.0,0.0
HCLTECH.NS,2025-03-25,1624.9000244140625,1569.884521484375,4906013.0,0.0
HCLTECH.NS,2025-03-26,1633.4000244140625,1578.0966796875,3096513.0,0.0
HCLTECH.NS,2025-03-27,1630.1500244140625,1574.9566650390625,3383080.0,0.0
HCLTECH.NS,2025-03-28,1592.5,1538.5814208984375,2211077.0,0.0
HCLTECH.NS,2025-04-01,1530.3499755859375,1478.53564453125,4126827.0,0.0
HCLTECH.NS,2025-04-02,1527.550048828125,1475.8306884765625,3167863.0,0.0
HCLTECH.NS,2025-04-03,1470.0999755859375,1420.32568359375,3966161.0,0.0
HCLTECH.NS,2025-04-04,1422.0999755859375,1373.9508056640625,4421312.0,0.0
HCLTECH.NS,2025-04-07,1374.0999755859375,1327.5760498046875,6484139.0,0.0
HCLTECH.NS,2025-04-08,1403.3499755859375,1355.835693359375,3938359.0,0.0
HCLTECH.NS,2025-04-09,1380.0,1333.2763671875,3306801.0,0.0
HCLTECH.NS,2025-04-11,1390.550048828125,1343.46923828125,4859622.0,0.0
HCLTECH.NS,2025-04-15,1426.5,1378.201904296875,3265147.0,0.0
HCLTECH.NS,2025-04-16,1431.699951171875,1383.2257080078125,2553111.0,0.0
HCLTECH.NS,2025-04-17,1438.0,1389.3123779296875,3549969.0,0.0
HCLTECH.NS,2025-04-21,1482.0,1431.82275390625,2840104.0,0.0
HCLTECH.NS,2025-04-22,1479.9000244140625,1429.7939453125,2608145.0,0.0
HCLTECH.NS,2025-04-23,1594.0,1540.03076171875,13293318.0,0.0
HCLTECH.NS,2025-04-24,1586.699951171875,1532.977783203125,3193118.0,0.0
HCLTECH.NS,2025-04-25,1578.199951171875,1524.765625,3800415.0,0.0
HCLTECH.NS,2025-04-28,1549.300048828125,1514.11328125,2618810.0,0.0
HCLTECH.NS,2025-04-29,1569.0,1533.36572265625,2231069.0,0.0
HCLTECH.NS,2025-04-30,1567.5,1531.8997802734375,3682256.0,0.0
HCLTECH.NS,2025-05-02,1572.4000244140625,1536.6885986328125,1370848.0,0.0
HCLTECH.NS,2025-05-05,1568.5999755859375,1532.9749755859375,1012225.0,0.0
HCLTECH.NS,2025-05-06,1579.0999755859375,1543.2364501953125,2055057.0,0.0
HCLTECH.NS,2025-05-07,1563.300048828125,1527.7952880859375,5469936.0,0.0
HCLTECH.NS,2025-05-08,1580.699951171875,1544.800048828125,2789018.0,0.0
HCLTECH.NS,2025-05-09,1569.4000244140625,1533.7567138671875,2035161.0,0.0
HCLTECH.NS,2025-05-12,1670.300048828125,1632.3651123046875,4028207.0,0.0
HCLTECH.NS,2025-05-13,1619.5999755859375,1582.816650390625,3118470.0,0.0
HCLTECH.NS,2025-05-14,1637.699951171875,1600.5054931640625,1569126.0,0.0
HCLTECH.NS,2025-05-15,1696.0,1657.4814453125,4961582.0,0.0
HCLTECH.NS,2025-05-16,1659.9000244140625,1622.201416015625,2586263.0,0.0
HCLTECH.NS,2025-05-19,1649.5999755859375,1612.13525390625,1642018.0,0.0
HCLTECH.NS,2025-05-20,1638.300048828125,1601.0919189453125,2421580.0,0.0
HCLTECH.NS,2025-05-21,1652.0,1614.480712890625,1420835.0,0.0
HCLTECH.NS,2025-05-22,1633.0,1595.912353515625,2202093.0,0.0
HCLTECH.NS,2025-05-23,1648.199951171875,1610.7669677734375,1459454.0,0.0
HCLTECH.NS,2025-05-26,1673.5999755859375,1635.5902099609375,1078813.0,0.0
HCLTECH.NS,2025-05-27,1652.0999755859375,1614.5784912109375,2740015.0,0.0
HCLTECH.NS,2025-05-28,1657.300048828125,1619.660400390625,1775441.0,0.0
HCLTECH.NS,2025-05-29,1664.699951171875,1626.8922119140625,2374051.0,0.0
HCLTECH.NS,2025-05-30,1636.5999755859375,1599.4305419921875,4408910.0,0.0
HCLTECH.NS,2025-06-02,1631.5,1594.4464111328125,1883100.0,0.0
HCLTECH.NS,2025-06-03,1630.4000244140625,1593.3714599609375,2380133.0,0.0
HCLTECH.NS,2025-06-04,1626.0999755859375,1589.1689453125,1659720.0,0.0
HCLTECH.NS,2025-06-05,1632.4000244140625,1595.3260498046875,1409322.0,0.0
HCLTECH.NS,2025-06-06,1637.699951171875,1600.5054931640625,1261281.0,0.0
HCLTECH.NS,2025-06-09,1648.300048828125,1610.86474609375,1299786.0,0.0
HCLTECH.NS,2025-06-10,1668.0999755859375,1630.215087890625,3055223.0,0.0
HCLTECH.NS,2025-06-11,1721.9000244140625,1682.7933349609375,5085821.0,0.0
HCLTECH.NS,2025-06-12,1701.199951171875,1662.5633544921875,3607962.0,0.0
HCLTECH.NS,2025-06-13,1695.300048828125,1656.7974853515625,1988422.0,0.0
HCLTECH.NS,2025-06-16,1723.0,1683.8681640625,2116100.0,0.0
HCLTECH.NS,2025-06-17,1729.5999755859375,1690.318359375,1777245.0,0.0
HCLTECH.NS,2025-06-18,1715.9000244140625,1676.9295654296875,1794428.0,0.0
HCLTECH.NS,2025-06-19,1713.9000244140625,1674.9749755859375,2514527.0,0.0
HCLTECH.NS,2025-06-20,1739.9000244140625,1700.384521484375,2719770.0,0.0
HCLTECH.NS,2025-06-23,1703.199951171875,1664.517822265625,2221446.0,0.0
HCLTECH.NS,2025-06-24,1691.800048828125,1653.376953125,3601071.0,0.0
HCLTECH.NS,2025-06-25,1717.0999755859375,1678.1021728515625,1307518.0,0.0
HCLTECH.NS,2025-06-26,1724.0999755859375,1684.9432373046875,2971055.0,0.0
HCLTECH.NS,2025-06-27,1723.300048828125,1684.16162109375,6478283.0,0.0
HCLTECH.NS,2025-06-30,1728.5999755859375,1689.341064453125,1855229.0,0.0
HCLTECH.NS,2025-07-01,1718.300048828125,1679.2750244140625,1639826.0,0.0
HCLTECH.NS,2025-07-02,1718.5999755859375,1679.568115234375,2069447.0,0.0
HCLTECH.NS,2025-07-03,1711.9000244140625,1673.0205078125,1839063.0,0.0
HCLTECH.NS,2025-07-04,1725.9000244140625,1686.702392578125,768500.0,0.0
HCLTECH.NS,2025-07-07,1710.4000244140625,1671.554443359375,1366412.0,0.0
HCLTECH.NS,2025-07-08,1708.0999755859375,1669.306640625,2139193.0,0.0
HCLTECH.NS,2025-07-09,1674.0,1635.981201171875,2894808.0,0.0
HCLTECH.NS,2025-07-10,1663.699951171875,1625.9149169921875,2740853.0,0.0
HCLTECH.NS,2025-07-11,1638.300048828125,1601.0919189453125,2548153.0,0.0
HCLTECH.NS,2025-07-14,1619.800048828125,1583.0120849609375,3334703.0,0.0
HCLTECH.NS,2025-07-15,1566.4000244140625,1530.824951171875,14685607.0,0.0
HCLTECH.NS,2025-07-16,1562.800048828125,1527.306640625,5218099.0,0.0
HCLTECH.NS,2025-07-17,1543.9000244140625,1508.8359375,4966082.0,0.0
HCLTECH.NS,2025-07-18,1548.800048828125,1525.4814453125,3902458.0,0.0
HCLTECH.NS,2025-07-21,1530.4000244140625,1507.3585205078125,3368842.0,0.0
HCLTECH.NS,2025-07-22,1520.0999755859375,1497.2135009765625,3218227.0,0.0
HCLTECH.NS,2025-07-23,1529.800048828125,1506.767578125,3471536.0,0.0
HCLTECH.NS,2025-07-24,1507.199951171875,1484.5076904296875,4654421.0,0.0
HCLTECH.NS,2025-07-25,1490.0999755859375,1467.6651611328125,2733655.0,0.0
HCLTECH.NS,2025-07-28,1466.0999755859375,1444.0264892578125,4404841.0,0.0
HCLTECH.NS,2025-07-29,1472.4000244140625,1450.231689453125,6223556.0,0.0
HCLTECH.NS,2025-07-30,1476.5,1454.2698974609375,1642426.0,0.0
HCLTECH.NS,2025-07-31,1467.9000244140625,1445.7994384765625,2306285.0,0.0
HCLTECH.NS,2025-08-01,1452.0999755859375,1430.2373046875,2152783.0,0.0
HCLTECH.NS,2025-08-04,1474.4000244140625,1452.2015380859375,2384774.0,0.0
HCLTECH.NS,2025-08-05,1482.699951171875,1460.3765869140625,2614394.0,0.0
HCLTECH.NS,2025-08-06,1463.199951171875,1441.170166015625,1735697.0,0.0
HCLTECH.NS,2025-08-07,1475.5,1453.2850341796875,1495363.0,0.0
HCLTECH.NS,2025-08-08,1475.699951171875,1453.48193359375,2815614.0,0.0
HCLTECH.NS,2025-08-11,1488.0,1465.5968017578125,2374556.0,0.0
HCLTECH.NS,2025-08-12,1499.0999755859375,1476.5296630859375,3422656.0,0.0
HCLTECH.NS,2025-08-13,1501.0999755859375,1478.49951171875,2916128.0,0.0
HCLTECH.NS,2025-08-14,1489.800048828125,1467.3697509765625,4227538.0,0.0
HCLTECH.NS,2025-08-18,1485.0,1462.6419677734375,2795155.0,0.0
HCLTECH.NS,2025-08-19,1476.0999755859375,1453.8759765625,2515817.0,0.0
HCLTECH.NS,2025-08-20,1496.0,1473.4764404296875,10219330.0,0.0
HCLTECH.NS,2025-08-21,1493.5,1471.0140380859375,2157601.0,0.0
HCLTECH.NS,2025-08-22,1466.300048828125,1444.2236328125,2802805.0,0.0
HCLTECH.NS,2025-08-25,1504.199951171875,1481.5528564453125,2764914.0,0.0
HCLTECH.NS,2025-08-26,1492.800048828125,1470.3245849609375,4092265.0,0.0
HCLTECH.NS,2025-08-28,1449.800048828125,1427.9720458984375,4367902.0,0.0
HCLTECH.NS,2025-08-29,1454.800048828125,1432.896728515625,3404604.0,0.0
HCLTECH.NS,2025-09-01,1468.4000244140625,1446.2919921875,2105254.0,0.0
HCLTECH.NS,2025-09-02,1465.699951171875,1443.632568359375,1295198.0,0.0
HCLTECH.NS,2025-09-03,1466.0999755859375,1444.0264892578125,1800307.0,0.0
HCLTECH.NS,2025-09-04,1443.300048828125,1421.56982421875,2192155.0,0.0
HCLTECH.NS,2025-09-05,1419.0,1397.6356201171875,3895199.0,0.0
HCLTECH.NS,2025-09-08,1403.0,1381.8765869140625,2929976.0,0.0
HCLTECH.NS,2025-09-09,1427.0999755859375,1405.6136474609375,2906889.0,0.0
HCLTECH.NS,2025-09-10,1463.9000244140625,1441.8597412109375,3205017.0,0.0
HCLTECH.NS,2025-09-11,1467.699951171875,1445.6024169921875,1982922.0,0.0
HCLTECH.NS,2025-09-12,1467.199951171875,1445.10986328125,2110883.0,0.0
HCLTECH.NS,2025-09-15,1466.5,1444.4205322265625,1725617.0,0.0
HCLTECH.NS,2025-09-16,1483.0999755859375,1460.7706298828125,1724524.0,0.0
HCLTECH.NS,2025-09-17,1481.5,1459.1947021484375,2656774.0,0.0
HCLTECH.NS,2025-09-18,1493.800048828125,1471.3094482421875,2792406.0,0.0
HCLTECH.NS,2025-09-19,1467.4000244140625,1445.3070068359375,3197957.0,0.0
HCLTECH.NS,2025-09-22,1439.9000244140625,1418.2210693359375,4457129.0,0.0
HCLTECH.NS,2025-09-23,1429.800048828125,1408.2730712890625,3106480.0,0.0
HCLTECH.NS,2025-09-24,1442.300048828125,1420.5848388671875,2894044.0,0.0
HCLTECH.NS,2025-09-25,1423.800048828125,1402.363525390625,2713246.0,0.0
HCLTECH.NS,2025-09-26,1395.300048828125,1374.2926025390625,2568054.0,0.0
HCLTECH.NS,2025-09-29,1387.4000244140625,1366.5113525390625,2990852.0,0.0
HCLTECH.NS,2025-09-30,1385.0999755859375,1364.24609375,2782077.0,0.0
HCLTECH.NS,2025-10-01,1389.5,1368.579833984375,2253527.0,0.0
HCLTECH.NS,2025-10-03,1393.5,1372.5196533203125,2793839.0,0.0
HCLTECH.NS,2025-10-06,1417.699951171875,1396.3551025390625,1970901.0,0.0
HCLTECH.NS,2025-10-07,1433.4000244140625,1411.8189697265625,1592836.0,0.0
HCLTECH.NS,2025-10-08,1453.199951171875,1431.3206787109375,1735807.0,0.0
HCLTECH.NS,2025-10-09,1486.5,1464.119384765625,2681316.0,0.0
HCLTECH.NS,2025-10-10,1495.5,1472.98388671875,2129445.0,0.0
HCLTECH.NS,2025-10-13,1494.699951171875,1472.1959228515625,1820492.0,0.0
HCLTECH.NS,2025-10-14,1495.4000244140625,1472.885498046875,5802489.0,0.0
HCLTECH.NS,2025-10-15,1495.699951171875,1473.1807861328125,1710696.0,0.0
HCLTECH.NS,2025-10-16,1515.0,1492.1903076171875,2021043.0,0.0
HCLTECH.NS,2025-10-17,1486.199951171875,1475.5111083984375,3210161.0,0.0
HCLTECH.NS,2025-10-20,1495.4000244140625,1484.64501953125,2354881.0,0.0
HCLTECH.NS,2025-10-21,1486.0,1475.3126220703125,274400.0,0.0
HCLTECH.NS,2025-10-23,1523.9000244140625,1512.9400634765625,5011470.0,0.0
HCLTECH.NS,2025-10-24,1523.800048828125,1512.8408203125,1491451.0,0.0
HCLTECH.NS,2025-10-27,1533.5,1522.470947265625,1394846.0,0.0
HCLTECH.NS,2025-10-28,1522.0999755859375,1511.1529541015625,1936466.0,0.0
HCLTECH.NS,2025-10-29,1557.300048828125,1546.099853515625,2596355.0,0.0
HCLTECH.NS,2025-10-30,1549.800048828125,1538.65380859375,2183395.0,0.0
HCLTECH.NS,2025-10-31,1541.5,1530.4134521484375,1723467.0,0.0
HCLTECH.NS,2025-11-03,1543.5,1532.3990478515625,2252136.0,0.0
HCLTECH.NS,2025-11-04,1529.0999755859375,1518.1025390625,1666863.0,0.0
HCLTECH.NS,2025-11-06,1526.4000244140625,1515.4219970703125,2474769.0,0.0
HCLTECH.NS,2025-11-07,1512.4000244140625,1501.522705078125,2238714.0,0.0
HCLTECH.NS,2025-11-10,1540.5,1529.420654296875,1558896.0,0.0
HCLTECH.NS,2025-11-11,1570.0,1558.70849609375,2270763.0,0.0
HCLTECH.NS,2025-11-12,1594.0,1582.535888671875,2331564.0,0.0
HCLTECH.NS,2025-11-13,1598.5,1587.00341796875,1944022.0,0.0
HCLTECH.NS,2025-11-14,1594.5999755859375,1583.1314697265625,2543918.0,0.0
HCLTECH.NS,2025-11-17,1606.4000244140625,1594.8466796875,2000978.0,0.0
HCLTECH.NS,2025-11-18,1595.199951171875,1583.7271728515625,1640123.0,0.0
HCLTECH.NS,2025-11-19,1662.5999755859375,1650.6424560546875,6342672.0,0.0
HCLTECH.NS,2025-11-20,1645.4000244140625,1633.566162109375,2724035.0,0.0
HCLTECH.NS,2025-11-21,1608.0,1596.4351806640625,2958835.0,0.0
HCLTECH.NS,2025-11-24,1610.4000244140625,1598.81787109375,6392688.0,0.0
HCLTECH.NS,2025-11-25,1601.0999755859375,1589.584716796875,2285950.0,0.0
HCLTECH.NS,2025-11-26,1617.9000244140625,1606.263916015625,1243303.0,0.0
HCLTECH.NS,2025-11-27,1629.0,1617.2840576171875,2106176.0,0.0
HCLTECH.NS,2025-11-28,1624.199951171875,1612.5185546875,1841289.0,0.0
HCLTECH.NS,2025-12-01,1642.9000244140625,1631.0841064453125,2034350.0,0.0
HCLTECH.NS,2025-12-02,1635.5,1623.7373046875,2326220.0,0.0
HCLTECH.NS,2025-12-03,1640.5,1628.701416015625,2371611.0,0.0
HCLTECH.NS,2025-12-04,1654.5999755859375,1642.699951171875,3935708.0,0.0
HCLTECH.NS,2025-12-05,1683.0,1670.895751953125,3391204.0,0.0
HCLTECH.NS,2025-12-08,1688.5999755859375,1676.4554443359375,2702407.0,0.0
HCLTECH.NS,2025-12-09,1657.5999755859375,1645.6783447265625,2817704.0,0.0
HCLTECH.NS,2025-12-10,1666.0,1654.0179443359375,1482249.0,0.0
HCLTECH.NS,2025-12-11,1672.4000244140625,1660.3719482421875,1408684.0,0.0
HCLTECH.NS,2025-12-12,1673.199951171875,1661.1661376953125,1284337.0,0.0
HCLTECH.NS,2025-12-15,1684.0,1671.8885498046875,1689723.0,0.0
HCLTECH.NS,2025-12-16,1651.699951171875,1639.82080078125,1929309.0,0.0
HCLTECH.NS,2025-12-17,1655.0,1643.09716796875,1394918.0,0.0
HCLTECH.NS,2025-12-18,1661.4000244140625,1649.4510498046875,1822056.0,0.0
HCLTECH.NS,2025-12-19,1642.4000244140625,1630.5877685546875,3487150.0,0.0
HCLTECH.NS,2025-12-22,1670.300048828125,1658.287109375,1339691.0,0.0
HCLTECH.NS,2025-12-23,1679.9000244140625,1667.818115234375,1614314.0,0.0
HCLTECH.NS,2025-12-24,1674.699951171875,1662.6553955078125,989858.0,0.0
HCLTECH.NS,2025-12-26,1660.9000244140625,1648.9547119140625,921138.0,0.0
HCLTECH.NS,2025-12-29,1630.800048828125,1619.0711669921875,1516288.0,0.0
HCLTECH.NS,2025-12-30,1615.199951171875,1603.583251953125,3323273.0,0.0
HCLTECH.NS,2025-12-31,1623.300048828125,1611.6251220703125,1359963.0,0.0
HCLTECH.NS,2026-01-01,1634.5,1622.7445068359375,773806.0,0.0
HCLTECH.NS,2026-01-02,1640.199951171875,1628.403564453125,950573.0,0.0
HCLTECH.NS,2026-01-05,1607.5999755859375,1596.0379638671875,3245802.0,0.0
HCLTECH.NS,2026-01-06,1616.300048828125,1604.675537109375,2112043.0,0.0
HCLTECH.NS,2026-01-07,1647.699951171875,1635.849609375,3816569.0,0.0
HCLTECH.NS,2026-01-08,1646.699951171875,1634.8568115234375,3266398.0,0.0
HCLTECH.NS,2026-01-09,1661.4000244140625,1649.4510498046875,3281306.0,0.0
HCLTECH.NS,2026-01-12,1667.5999755859375,1655.6064453125,4175707.0,0.0
HCLTECH.NS,2026-01-13,1665.0,1653.025146484375,7149266.0,0.0
HCLTECH.NS,2026-01-14,1668.5,1656.5,2470615.0,0.0
HCLTECH.NS,2026-01-15,1668.5,1656.5,0.0,0.0
HCLTECH.NS,2026-01-16,1698.0,1698.0,3098089.0,0.0
HCLTECH.NS,2026-01-19,1716.800048828125,1716.800048828125,2087629.0,0.0
HCLTECH.NS,2026-01-20,1687.300048828125,1687.300048828125,1739341.0,0.0
HCLTECH.NS,2026-01-21,1682.5,1682.5,1728435.0,0.0
HCLTECH.NS,2026-01-22,1703.0999755859375,1703.0999755859375,1853439.0,0.0
HCLTECH.NS,2026-01-23,1707.0,1707.0,1874357.0,0.0
HCLTECH.NS,2026-01-27,1720.199951171875,1720.199951171875,2671530.0,0.0
HCLTECH.NS,2026-01-28,1729.5999755859375,1729.5999755859375,2713867.0,0.0
HCLTECH.NS,2026-01-29,1721.5999755859375,1721.5999755859375,2235602.0,0.0
HCLTECH.NS,2026-01-30,1695.5999755859375,1695.5999755859375,4448681.0,0.0
HCLTECH.NS,2026-02-02,1676.800048828125,1676.800048828125,1916380.0,0.0
HCLTECH.NS,2026-02-03,1695.300048828125,1695.300048828125,3200948.0,0.0
HCLTECH.NS,2026-02-04,1621.800048828125,1621.800048828125,5834470.0,0.0
HCLTECH.NS,2026-02-05,1610.0,1610.0,3184531.0,0.0
HCLTECH.NS,2026-02-06,1593.699951171875,1593.699951171875,3342992.0,0.0
HCLTECH.NS,2026-02-09,1602.0,1602.0,1863558.0,0.0
HCLTECH.NS,2026-02-10,1573.0999755859375,1573.0999755859375,3234785.0,0.0
HCLTECH.NS,2026-02-11,1551.5999755859375,1551.5999755859375,2944179.0,0.0
HDFCBANK.NS,2025-02-11,850.7000122070312,839.3544311523438,22724704.0,0.0
HDFCBANK.NS,2025-02-12,853.4000244140625,842.0184326171875,22809570.0,0.0
HDFCBANK.NS,2025-02-13,848.8499755859375,837.5291137695312,12602434.0,0.0
HDFCBANK.NS,2025-02-14,847.4249877929688,836.1231079101562,19959892.0,0.0
HDFCBANK.NS,2025-02-17,858.6749877929688,847.2230834960938,12938946.0,0.0
HDFCBANK.NS,2025-02-18,861.5250244140625,850.0350952148438,16350910.0,0.0
HDFCBANK.NS,2025-02-19,863.5999755859375,852.0823974609375,11884112.0,0.0
HDFCBANK.NS,2025-02-20,843.5499877929688,832.2998046875,26390510.0,0.0
HDFCBANK.NS,2025-02-21,846.25,834.9638061523438,15680940.0,0.0
HDFCBANK.NS,2025-02-24,838.5499877929688,827.366455078125,20693646.0,0.0
HDFCBANK.NS,2025-02-25,841.1749877929688,829.9564819335938,24138708.0,0.0
HDFCBANK.NS,2025-02-27,850.3499755859375,839.0091552734375,35786800.0,0.0
HDFCBANK.NS,2025-02-28,866.2000122070312,854.6477661132812,54516728.0,0.0
HDFCBANK.NS,2025-03-03,850.7750244140625,839.428466796875,21205364.0,0.0
HDFCBANK.NS,2025-03-04,855.0,843.5971069335938,19920958.0,0.0
HDFCBANK.NS,2025-03-05,845.0,833.73046875,21583872.0,0.0
HDFCBANK.NS,2025-03-06,845.5999755859375,834.3224487304688,32966088.0,0.0
HDFCBANK.NS,2025-03-07,844.625,833.3604736328125,13372914.0,0.0
HDFCBANK.NS,2025-03-10,843.75,832.4971313476562,15604050.0,0.0
HDFCBANK.NS,2025-03-11,842.75,831.510498046875,19898430.0,0.0
HDFCBANK.NS,2025-03-12,855.5750122070312,844.1644287109375,18784106.0,0.0
HDFCBANK.NS,2025-03-13,853.2999877929688,841.9197998046875,15736264.0,0.0
HDFCBANK.NS,2025-03-17,855.2000122070312,843.79443359375,18950652.0,0.0
HDFCBANK.NS,2025-03-18,855.2000122070312,843.79443359375,0.0,0.0
HDFCBANK.NS,2025-03-19,872.0499877929688,860.4197387695312,15221406.0,0.0
HDFCBANK.NS,2025-03-20,884.375,872.5803833007812,17833978.0,0.0
HDFCBANK.NS,2025-03-21,885.1749877929688,873.3696899414062,33508264.0,0.0
HDFCBANK.NS,2025-03-24,900.0,887.9969482421875,17393736.0,0.0
HDFCBANK.NS,2025-03-25,910.7249755859375,898.5789184570312,39101416.0,0.0
HDFCBANK.NS,2025-03-26,903.2750244140625,891.2283325195312,24478442.0,0.0
HDFCBANK.NS,2025-03-27,912.6749877929688,900.5029296875,41658100.0,0.0
HDFCBANK.NS,2025-03-28,914.0999755859375,901.908935546875,28773648.0,0.0
HDFCBANK.NS,2025-04-01,883.9249877929688,872.1363525390625,28511006.0,0.0
HDFCBANK.NS,2025-04-02,898.4500122070312,886.4676513671875,11573564.0,0.0
HDFCBANK.NS,2025-04-03,897.4249877929688,885.456298828125,11250038.0,0.0
HDFCBANK.NS,2025-04-04,908.6500244140625,896.5316162109375,33540454.0,0.0
HDFCBANK.NS,2025-04-07,878.8499755859375,867.1289672851562,37995450.0,0.0
HDFCBANK.NS,2025-04-08,884.5750122070312,872.7777099609375,35563872.0,0.0
HDFCBANK.NS,2025-04-09,882.5,870.7303466796875,22454608.0,0.0
HDFCBANK.NS,2025-04-11,903.375,891.3269653320312,32775766.0,0.0
HDFCBANK.NS,2025-04-15,932.4500122070312,920.01416015625,49298344.0,0.0
HDFCBANK.NS,2025-04-16,939.0,926.476806640625,19136820.0,0.0
HDFCBANK.NS,2025-04-17,953.3499755859375,940.6353759765625,35703084.0,0.0
HDFCBANK.NS,2025-04-21,963.5499877929688,950.6994018554688,34247298.0,0.0
HDFCBANK.NS,2025-04-22,980.8499755859375,967.7686767578125,45961750.0,0.0
HDFCBANK.NS,2025-04-23,961.9500122070312,949.1207885742188,30570642.0,0.0
HDFCBANK.NS,2025-04-24,958.4000244140625,945.6181030273438,25931754.0,0.0
HDFCBANK.NS,2025-04-25,955.5999755859375,942.8554077148438,18500878.0,0.0
HDFCBANK.NS,2025-04-28,960.0999755859375,947.29541015625,13920492.0,0.0
HDFCBANK.NS,2025-04-29,954.4000244140625,941.6715087890625,18918308.0,0.0
HDFCBANK.NS,2025-04-30,962.5,949.6633911132812,31936870.0,0.0
HDFCBANK.NS,2025-05-02,960.9500122070312,948.1340942382812,17840404.0,0.0
HDFCBANK.NS,2025-05-05,968.4000244140625,955.4847412109375,15068024.0,0.0
HDFCBANK.NS,2025-05-06,965.8499755859375,952.9686889648438,17490156.0,0.0
HDFCBANK.NS,2025-05-07,972.7999877929688,959.8259887695312,21420778.0,0.0
HDFCBANK.NS,2025-05-08,964.25,951.3900756835938,34803430.0,0.0
HDFCBANK.NS,2025-05-09,944.8499755859375,932.248779296875,17188796.0,0.0
HDFCBANK.NS,2025-05-12,978.5999755859375,965.5486450195312,18618972.0,0.0
HDFCBANK.NS,2025-05-13,961.2999877929688,948.4794311523438,24242102.0,0.0
HDFCBANK.NS,2025-05-14,955.2999877929688,942.5594482421875,15445308.0,0.0
HDFCBANK.NS,2025-05-15,966.9000244140625,954.0047607421875,32241458.0,0.0
HDFCBANK.NS,2025-05-16,967.3499755859375,954.44873046875,15868010.0,0.0
HDFCBANK.NS,2025-05-19,969.3499755859375,956.4220581054688,10202964.0,0.0
HDFCBANK.NS,2025-05-20,957.4500122070312,944.6807861328125,23879090.0,0.0
HDFCBANK.NS,2025-05-21,963.4000244140625,950.5514526367188,15132040.0,0.0
HDFCBANK.NS,2025-05-22,959.9500122070312,947.1474609375,21306670.0,0.0
HDFCBANK.NS,2025-05-23,966.7999877929688,953.906005859375,9566072.0,0.0
HDFCBANK.NS,2025-05-26,970.0999755859375,957.1620483398438,10802860.0,0.0
HDFCBANK.NS,2025-05-27,963.1500244140625,950.3048095703125,26162148.0,0.0
HDFCBANK.NS,2025-05-28,961.75,948.9234619140625,18157594.0,0.0
HDFCBANK.NS,2025-05-29,963.75,950.896728515625,28917794.0,0.0
HDFCBANK.NS,2025-05-30,972.4500122070312,959.4807739257812,28748078.0,0.0
HDFCBANK.NS,2025-06-02,966.0499877929688,953.1660766601562,14668822.0,0.0
HDFCBANK.NS,2025-06-03,962.2999877929688,949.466064453125,24377584.0,0.0
HDFCBANK.NS,2025-06-04,970.5999755859375,957.6553955078125,12961542.0,0.0
HDFCBANK.NS,2025-06-05,974.7999877929688,961.7993774414062,22255418.0,0.0
HDFCBANK.NS,2025-06-06,989.3499755859375,976.1552734375,30127008.0,0.0
HDFCBANK.NS,2025-06-09,989.4500122070312,976.2539672851562,13202588.0,0.0
HDFCBANK.NS,2025-06-10,982.6500244140625,969.5447387695312,15533126.0,0.0
HDFCBANK.NS,2025-06-11,975.2000122070312,962.194091796875,11096394.0,0.0
HDFCBANK.NS,2025-06-12,971.7000122070312,958.74072265625,16349130.0,0.0
HDFCBANK.NS,2025-06-13,958.7999877929688,946.0127563476562,12117762.0,0.0
HDFCBANK.NS,2025-06-16,967.7000122070312,954.7940673828125,16513746.0,0.0
HDFCBANK.NS,2025-06-17,964.7999877929688,951.9327392578125,16978736.0,0.0
HDFCBANK.NS,2025-06-18,966.9500122070312,954.0540771484375,18433816.0,0.0
HDFCBANK.NS,2025-06-19,967.6500244140625,954.7447509765625,16876220.0,0.0
HDFCBANK.NS,2025-06-20,982.3499755859375,969.2486572265625,32900408.0,0.0
HDFCBANK.NS,2025-06-23,974.2000122070312,961.2073364257812,11739518.0,0.0
HDFCBANK.NS,2025-06-24,980.4500122070312,967.3740234375,22625322.0,0.0
HDFCBANK.NS,2025-06-25,990.0999755859375,976.8953247070312,18405932.0,0.0
HDFCBANK.NS,2025-06-26,1010.9000244140625,997.41796875,50084830.0,0.0
HDFCBANK.NS,2025-06-27,1007.4500122070312,1004.9491577148438,28213384.0,0.0
HDFCBANK.NS,2025-06-30,1000.75,998.2658081054688,13649020.0,0.0
HDFCBANK.NS,2025-07-01,1006.0499877929688,1003.5526123046875,14389386.0,0.0
HDFCBANK.NS,2025-07-02,993.0,990.5350341796875,18878250.0,0.0
HDFCBANK.NS,2025-07-03,993.5499877929688,991.0836181640625,16860506.0,0.0
HDFCBANK.NS,2025-07-04,994.6500244140625,992.1809692382812,7863944.0,0.0
HDFCBANK.NS,2025-07-07,993.7000122070312,991.2332763671875,11349426.0,0.0
HDFCBANK.NS,2025-07-08,1000.7000122070312,998.2159423828125,15224316.0,0.0
HDFCBANK.NS,2025-07-09,1005.5999755859375,1003.1036987304688,13861428.0,0.0
HDFCBANK.NS,2025-07-10,1003.0999755859375,1000.6099243164062,17030310.0,0.0
HDFCBANK.NS,2025-07-11,991.8499755859375,989.3878784179688,12516922.0,0.0
HDFCBANK.NS,2025-07-14,991.5,989.0387573242188,13088850.0,0.0
HDFCBANK.NS,2025-07-15,997.75,995.2732543945312,14498168.0,0.0
HDFCBANK.NS,2025-07-16,998.1500244140625,995.6722412109375,17994612.0,0.0
HDFCBANK.NS,2025-07-17,993.4500122070312,990.98388671875,22529158.0,0.0
HDFCBANK.NS,2025-07-18,978.7000122070312,976.2705078125,16129446.0,0.0
HDFCBANK.NS,2025-07-21,1000.25,997.7670288085938,22309078.0,0.0
HDFCBANK.NS,2025-07-22,1003.5499877929688,1001.058837890625,14836814.0,0.0
HDFCBANK.NS,2025-07-23,1012.1500244140625,1009.6375122070312,13634916.0,0.0
HDFCBANK.NS,2025-07-24,1007.0999755859375,1004.5999755859375,19107176.0,0.0
HDFCBANK.NS,2025-07-25,1002.2999877929688,1002.2999877929688,9306598.0,0.0
HDFCBANK.NS,2025-07-28,1004.25,1004.25,12059580.0,0.0
HDFCBANK.NS,2025-07-29,1010.7999877929688,1010.7999877929688,19895696.0,0.0
HDFCBANK.NS,2025-07-30,1012.9000244140625,1012.9000244140625,15154036.0,0.0
HDFCBANK.NS,2025-07-31,1009.0999755859375,1009.0999755859375,22183032.0,0.0
HDFCBANK.NS,2025-08-01,1006.0999755859375,1006.0999755859375,11317258.0,0.0
HDFCBANK.NS,2025-08-04,996.0,996.0,13933946.0,0.0
HDFCBANK.NS,2025-08-05,988.7999877929688,988.7999877929688,23978058.0,0.0
HDFCBANK.NS,2025-08-06,992.6500244140625,992.6500244140625,14080204.0,0.0
HDFCBANK.NS,2025-08-07,997.7000122070312,997.7000122070312,13081186.0,0.0
HDFCBANK.NS,2025-08-08,986.9500122070312,986.9500122070312,13895264.0,0.0
HDFCBANK.NS,2025-08-11,997.7999877929688,997.7999877929688,9105854.0,0.0
HDFCBANK.NS,2025-08-12,984.9500122070312,984.9500122070312,12937802.0,0.0
HDFCBANK.NS,2025-08-13,990.1500244140625,990.1500244140625,13577396.0,0.0
HDFCBANK.NS,2025-08-14,995.5499877929688,995.5499877929688,17511716.0,0.0
HDFCBANK.NS,2025-08-18,1001.7999877929688,1001.7999877929688,19284796.0,0.0
HDFCBANK.NS,2025-08-19,995.5499877929688,995.5499877929688,12352438.0,0.0
HDFCBANK.NS,2025-08-20,994.0999755859375,994.0999755859375,9950228.0,0.0
HDFCBANK.NS,2025-08-21,995.5999755859375,995.5999755859375,12439850.0,0.0
HDFCBANK.NS,2025-08-22,982.2999877929688,982.2999877929688,19833502.0,0.0
HDFCBANK.NS,2025-08-25,982.0499877929688,982.0499877929688,17518044.0,0.0
HDFCBANK.NS,2025-08-26,973.4000244140625,973.4000244140625,16917731.0,2.0
HDFCBANK.NS,2025-08-28,957.7999877929688,957.7999877929688,25438255.0,0.0
HDFCBANK.NS,2025-08-29,951.5999755859375,951.5999755859375,14823813.0,0.0
HDFCBANK.NS,2025-09-01,950.5999755859375,950.5999755859375,20178344.0,0.0
HDFCBANK.NS,2025-09-02,944.5,944.5,14196320.0,0.0
HDFCBANK.NS,2025-09-03,954.4500122070312,954.4500122070312,16083481.0,0.0
HDFCBANK.NS,2025-09-04,961.25,961.25,17597657.0,0.0
HDFCBANK.NS,2025-09-05,963.4000244140625,963.4000244140625,11602111.0,0.0
HDFCBANK.NS,2025-09-08,966.0,966.0,11711307.0,0.0
HDFCBANK.NS,2025-09-09,965.1500244140625,965.1500244140625,13985539.0,0.0
HDFCBANK.NS,2025-09-10,965.9000244140625,965.9000244140625,18091100.0,0.0
HDFCBANK.NS,2025-09-11,967.7999877929688,967.7999877929688,15113633.0,0.0
HDFCBANK.NS,2025-09-12,967.2999877929688,967.2999877929688,14363519.0,0.0
HDFCBANK.NS,2025-09-15,967.0499877929688,967.0499877929688,14486377.0,0.0
HDFCBANK.NS,2025-09-16,966.8499755859375,966.8499755859375,18661794.0,0.0
HDFCBANK.NS,2025-09-17,966.5,966.5,17361476.0,0.0
HDFCBANK.NS,2025-09-18,976.9000244140625,976.9000244140625,17791598.0,0.0
HDFCBANK.NS,2025-09-19,966.9000244140625,966.9000244140625,31243267.0,0.0
HDFCBANK.NS,2025-09-22,964.2000122070312,964.2000122070312,10854415.0,0.0
HDFCBANK.NS,2025-09-23,957.2000122070312,957.2000122070312,21022298.0,0.0
HDFCBANK.NS,2025-09-24,951.0499877929688,951.0499877929688,15117220.0,0.0
HDFCBANK.NS,2025-09-25,949.8499755859375,949.8499755859375,31413279.0,0.0
HDFCBANK.NS,2025-09-26,945.0499877929688,945.0499877929688,14874656.0,0.0
HDFCBANK.NS,2025-09-29,950.2999877929688,950.2999877929688,32398179.0,0.0
HDFCBANK.NS,2025-09-30,951.0,951.0,28296687.0,0.0
HDFCBANK.NS,2025-10-01,965.25,965.25,25350832.0,0.0
HDFCBANK.NS,2025-10-03,965.1500244140625,965.1500244140625,26658296.0,0.0
HDFCBANK.NS,2025-10-06,973.4500122070312,973.4500122070312,18542683.0,0.0
HDFCBANK.NS,2025-10-07,982.5,982.5,25535736.0,0.0
HDFCBANK.NS,2025-10-08,978.7000122070312,978.7000122070312,15939710.0,0.0
HDFCBANK.NS,2025-10-09,977.0999755859375,977.0999755859375,15370950.0,0.0
HDFCBANK.NS,2025-10-10,980.9000244140625,980.9000244140625,13757080.0,0.0
HDFCBANK.NS,2025-10-13,977.0,977.0,18634254.0,0.0
HDFCBANK.NS,2025-10-14,977.1500244140625,977.1500244140625,22934382.0,0.0
HDFCBANK.NS,2025-10-15,978.25,978.25,23310447.0,0.0
HDFCBANK.NS,2025-10-16,994.3499755859375,994.3499755859375,22936566.0,0.0
HDFCBANK.NS,2025-10-17,1002.5499877929688,1002.5499877929688,25210511.0,0.0
HDFCBANK.NS,2025-10-20,1002.9500122070312,1002.9500122070312,22195202.0,0.0
HDFCBANK.NS,2025-10-21,1007.7000122070312,1007.7000122070312,3471600.0,0.0
HDFCBANK.NS,2025-10-23,1008.7999877929688,1008.7999877929688,43526526.0,0.0
HDFCBANK.NS,2025-10-24,994.75,994.75,17707768.0,0.0
HDFCBANK.NS,2025-10-27,1002.9500122070312,1002.9500122070312,15700796.0,0.0
HDFCBANK.NS,2025-10-28,1003.5499877929688,1003.5499877929688,33904289.0,0.0
HDFCBANK.NS,2025-10-29,1007.8499755859375,1007.8499755859375,17769445.0,0.0
HDFCBANK.NS,2025-10-30,998.1500244140625,998.1500244140625,19962917.0,0.0
HDFCBANK.NS,2025-10-31,987.2999877929688,987.2999877929688,23221330.0,0.0
HDFCBANK.NS,2025-11-03,992.6500244140625,992.6500244140625,16607180.0,0.0
HDFCBANK.NS,2025-11-04,985.25,985.25,20024544.0,0.0
HDFCBANK.NS,2025-11-06,984.6500244140625,984.6500244140625,22279516.0,0.0
HDFCBANK.NS,2025-11-07,982.2999877929688,982.2999877929688,15004568.0,0.0
HDFCBANK.NS,2025-11-10,984.5,984.5,15988262.0,0.0
HDFCBANK.NS,2025-11-11,991.7000122070312,991.7000122070312,10200530.0,0.0
HDFCBANK.NS,2025-11-12,989.5,989.5,13137263.0,0.0
HDFCBANK.NS,2025-11-13,986.6500244140625,986.6500244140625,14124839.0,0.0
HDFCBANK.NS,2025-11-14,989.5999755859375,989.5999755859375,21386965.0,0.0
HDFCBANK.NS,2025-11-17,996.5499877929688,996.5499877929688,18396408.0,0.0
HDFCBANK.NS,2025-11-18,992.4500122070312,992.4500122070312,20002640.0,0.0
HDFCBANK.NS,2025-11-19,994.5999755859375,994.5999755859375,19813847.0,0.0
HDFCBANK.NS,2025-11-20,1008.8499755859375,1008.8499755859375,19850865.0,0.0
HDFCBANK.NS,2025-11-21,998.0499877929688,998.0499877929688,17499897.0,0.0
HDFCBANK.NS,2025-11-24,999.1500244140625,999.1500244140625,32204053.0,0.0
HDFCBANK.NS,2025-11-25,989.7999877929688,989.7999877929688,24989383.0,0.0
HDFCBANK.NS,2025-11-26,1003.9000244140625,1003.9000244140625,19494356.0,0.0
HDFCBANK.NS,2025-11-27,1009.5,1009.5,25536848.0,0.0
HDFCBANK.NS,2025-11-28,1007.5999755859375,1007.5999755859375,15988807.0,0.0
HDFCBANK.NS,2025-12-01,1002.0999755859375,1002.0999755859375,16746566.0,0.0
HDFCBANK.NS,2025-12-02,989.7999877929688,989.7999877929688,27316662.0,0.0
HDFCBANK.NS,2025-12-03,1000.5,1000.5,15448777.0,0.0
HDFCBANK.NS,2025-12-04,997.2000122070312,997.2000122070312,14528169.0,0.0
HDFCBANK.NS,2025-12-05,1003.2999877929688,1003.2999877929688,12843366.0,0.0
HDFCBANK.NS,2025-12-08,1003.0999755859375,1003.0999755859375,12901022.0,0.0
HDFCBANK.NS,2025-12-09,997.0999755859375,997.0999755859375,15294322.0,0.0
HDFCBANK.NS,2025-12-10,989.7999877929688,989.7999877929688,15322830.0,0.0
HDFCBANK.NS,2025-12-11,1000.2999877929688,1000.2999877929688,11844809.0,0.0
HDFCBANK.NS,2025-12-12,1001.5,1001.5,11988618.0,0.0
HDFCBANK.NS,2025-12-15,996.0999755859375,996.0999755859375,9790060.0,0.0
HDFCBANK.NS,2025-12-16,994.2999877929688,994.2999877929688,20049088.0,0.0
HDFCBANK.NS,2025-12-17,984.0,984.0,19080922.0,0.0
HDFCBANK.NS,2025-12-18,979.7000122070312,979.7000122070312,14912404.0,0.0
HDFCBANK.NS,2025-12-19,985.5,985.5,25952384.0,0.0
HDFCBANK.NS,2025-12-22,987.7000122070312,987.7000122070312,13540411.0,0.0
HDFCBANK.NS,2025-12-23,996.5999755859375,996.5999755859375,17927849.0,0.0
HDFCBANK.NS,2025-12-24,997.2000122070312,997.2000122070312,13699996.0,0.0
HDFCBANK.NS,2025-12-26,992.0999755859375,992.0999755859375,9360853.0,0.0
HDFCBANK.NS,2025-12-29,991.7000122070312,991.7000122070312,13545749.0,0.0
HDFCBANK.NS,2025-12-30,990.9000244140625,990.9000244140625,33155849.0,0.0
HDFCBANK.NS,2025-12-31,991.2000122070312,991.2000122070312,10963454.0,0.0
HDFCBANK.NS,2026-01-01,991.1500244140625,991.1500244140625,7132074.0,0.0
HDFCBANK.NS,2026-01-02,1001.5999755859375,1001.5999755859375,11751459.0,0.0
HDFCBANK.NS,2026-01-05,977.5,977.5,27647379.0,0.0
HDFCBANK.NS,2026-01-06,962.2000122070312,962.2000122070312,31988783.0,0.0
HDFCBANK.NS,2026-01-07,949.0499877929688,949.0499877929688,52884712.0,0.0
HDFCBANK.NS,2026-01-08,946.7000122070312,946.7000122070312,21928849.0,0.0
HDFCBANK.NS,2026-01-09,939.0,939.0,38183839.0,0.0
HDFCBANK.NS,2026-01-12,936.9500122070312,936.9500122070312,21071666.0,0.0
HDFCBANK.NS,2026-01-13,937.3499755859375,937.3499755859375,32042827.0,0.0
HDFCBANK.NS,2026-01-14,925.4500122070312,925.4500122070312,36688248.0,0.0
HDFCBANK.NS,2026-01-15,925.4500122070312,925.4500122070312,0.0,0.0
HDFCBANK.NS,2026-01-16,931.0999755859375,931.0999755859375,37780235.0,0.0
HDFCBANK.NS,2026-01-19,927.9000244140625,927.9000244140625,38191942.0,0.0
HDFCBANK.NS,2026-01-20,931.2000122070312,931.2000122070312,36022727.0,0.0
HDFCBANK.NS,2026-01-21,920.3499755859375,920.3499755859375,32766854.0,0.0
HDFCBANK.NS,2026-01-22,918.7000122070312,918.7000122070312,44444755.0,0.0
HDFCBANK.NS,2026-01-23,916.0999755859375,916.0999755859375,30985247.0,0.0
HDFCBANK.NS,2026-01-27,926.4000244140625,926.4000244140625,44753093.0,0.0
HDFCBANK.NS,2026-01-28,932.7000122070312,932.7000122070312,35347138.0,0.0
HDFCBANK.NS,2026-01-29,935.5,935.5,37175628.0,0.0
HDFCBANK.NS,2026-01-30,929.25,929.25,29691233.0,0.0
HDFCBANK.NS,2026-02-02,928.0999755859375,928.0999755859375,28032106.0,0.0
HDFCBANK.NS,2026-02-03,948.7000122070312,948.7000122070312,50336968.0,0.0
HDFCBANK.NS,2026-02-04,953.0999755859375,953.0999755859375,24366770.0,0.0
HDFCBANK.NS,2026-02-05,949.7000122070312,949.7000122070312,28103169.0,0.0
HDFCBANK.NS,2026-02-06,941.0999755859375,941.0999755859375,18120272.0,0.0
HDFCBANK.NS,2026-02-09,937.25,937.25,23947829.0,0.0
HDFCBANK.NS,2026-02-10,932.4000244140625,932.4000244140625,31525385.0,0.0
HDFCBANK.NS,2026-02-11,927.0999755859375,927.0999755859375,24865691.0,0.0
HDFCLIFE.NS,2025-02-11,618.5999755859375,616.8948364257812,2327875.0,0.0
HDFCLIFE.NS,2025-02-12,629.1500244140625,627.415771484375,3378279.0,0.0
HDFCLIFE.NS,2025-02-13,629.5999755859375,627.864501953125,2808139.0,0.0
HDFCLIFE.NS,2025-02-14,626.2000122070312,624.473876953125,1693078.0,0.0
HDFCLIFE.NS,2025-02-17,623.25,621.5320434570312,1860572.0,0.0
HDFCLIFE.NS,2025-02-18,618.9500122070312,617.243896484375,1887686.0,0.0
HDFCLIFE.NS,2025-02-19,622.8499755859375,621.1331176757812,2007325.0,0.0
HDFCLIFE.NS,2025-02-20,620.0,618.2909545898438,2881981.0,0.0
HDFCLIFE.NS,2025-02-21,622.8499755859375,621.1331176757812,1627631.0,0.0
HDFCLIFE.NS,2025-02-24,617.0,615.2992553710938,983443.0,0.0
HDFCLIFE.NS,2025-02-25,622.1500244140625,620.43505859375,1606709.0,0.0
HDFCLIFE.NS,2025-02-27,618.4000244140625,616.6954345703125,1831493.0,0.0
HDFCLIFE.NS,2025-02-28,608.5,606.8226928710938,5013148.0,0.0
HDFCLIFE.NS,2025-03-03,618.0,616.2965087890625,3624490.0,0.0
HDFCLIFE.NS,2025-03-04,616.5,614.8006591796875,3262295.0,0.0
HDFCLIFE.NS,2025-03-05,621.2000122070312,619.4876708984375,2661830.0,0.0
HDFCLIFE.NS,2025-03-06,618.25,616.5458374023438,2491123.0,0.0
HDFCLIFE.NS,2025-03-07,625.2000122070312,623.4766845703125,3169440.0,0.0
HDFCLIFE.NS,2025-03-10,625.9000244140625,624.1747436523438,2316148.0,0.0
HDFCLIFE.NS,2025-03-11,636.9500122070312,635.1942749023438,2677293.0,0.0
HDFCLIFE.NS,2025-03-12,632.0,630.2579345703125,2704337.0,0.0
HDFCLIFE.NS,2025-03-13,622.4000244140625,620.6843872070312,2211232.0,0.0
HDFCLIFE.NS,2025-03-17,629.7999877929688,628.06396484375,1075106.0,0.0
HDFCLIFE.NS,2025-03-18,629.7999877929688,628.06396484375,0.0,0.0
HDFCLIFE.NS,2025-03-19,664.5499877929688,662.7182006835938,2470532.0,0.0
HDFCLIFE.NS,2025-03-20,674.3499755859375,672.4911499023438,4425855.0,0.0
HDFCLIFE.NS,2025-03-21,679.5999755859375,677.7266845703125,3725271.0,0.0
HDFCLIFE.NS,2025-03-24,679.9000244140625,678.02587890625,1401023.0,0.0
HDFCLIFE.NS,2025-03-25,673.0999755859375,671.2445678710938,2019661.0,0.0
HDFCLIFE.NS,2025-03-26,668.4000244140625,666.5576171875,2231203.0,0.0
HDFCLIFE.NS,2025-03-27,681.9000244140625,680.0203857421875,5951034.0,0.0
HDFCLIFE.NS,2025-03-28,685.7000122070312,683.8098754882812,3116601.0,0.0
HDFCLIFE.NS,2025-04-01,692.9000244140625,690.9900512695312,4620146.0,0.0
HDFCLIFE.NS,2025-04-02,696.1500244140625,694.2310791015625,3047499.0,0.0
HDFCLIFE.NS,2025-04-03,692.9000244140625,690.9900512695312,1353987.0,0.0
HDFCLIFE.NS,2025-04-04,689.0499877929688,687.150634765625,3867188.0,0.0
HDFCLIFE.NS,2025-04-07,665.9500122070312,664.1143188476562,3861746.0,0.0
HDFCLIFE.NS,2025-04-08,685.75,683.8597412109375,3279965.0,0.0
HDFCLIFE.NS,2025-04-09,684.7999877929688,682.912353515625,3054715.0,0.0
HDFCLIFE.NS,2025-04-11,685.5499877929688,683.6602783203125,3264303.0,0.0
HDFCLIFE.NS,2025-04-15,704.7000122070312,702.7575073242188,2306442.0,0.0
HDFCLIFE.NS,2025-04-16,716.0499877929688,714.0762329101562,3452538.0,0.0
HDFCLIFE.NS,2025-04-17,720.0499877929688,718.065185546875,3105731.0,0.0
HDFCLIFE.NS,2025-04-21,712.2000122070312,710.2368774414062,6168127.0,0.0
HDFCLIFE.NS,2025-04-22,712.5499877929688,710.5858764648438,2669384.0,0.0
HDFCLIFE.NS,2025-04-23,709.0999755859375,707.1453857421875,2091384.0,0.0
HDFCLIFE.NS,2025-04-24,708.4000244140625,706.4473266601562,3814638.0,0.0
HDFCLIFE.NS,2025-04-25,704.5499877929688,702.60791015625,3714671.0,0.0
HDFCLIFE.NS,2025-04-28,710.8499755859375,708.8905639648438,1944250.0,0.0
HDFCLIFE.NS,2025-04-29,715.0499877929688,713.0789794921875,2545118.0,0.0
HDFCLIFE.NS,2025-04-30,743.7000122070312,741.6500244140625,8732964.0,0.0
HDFCLIFE.NS,2025-05-02,729.1500244140625,727.14013671875,2512684.0,0.0
HDFCLIFE.NS,2025-05-05,738.9000244140625,736.86328125,2761798.0,0.0
HDFCLIFE.NS,2025-05-06,722.5999755859375,720.608154296875,1498360.0,0.0
HDFCLIFE.NS,2025-05-07,723.9000244140625,721.9046020507812,1657343.0,0.0
HDFCLIFE.NS,2025-05-08,722.9500122070312,720.9572143554688,3057761.0,0.0
HDFCLIFE.NS,2025-05-09,713.5999755859375,711.6329345703125,3210705.0,0.0
HDFCLIFE.NS,2025-05-12,734.5999755859375,732.5750732421875,1488045.0,0.0
HDFCLIFE.NS,2025-05-13,735.0499877929688,733.0238647460938,1445358.0,0.0
HDFCLIFE.NS,2025-05-14,741.7000122070312,739.655517578125,2058831.0,0.0
HDFCLIFE.NS,2025-05-15,751.2000122070312,749.1293334960938,3338741.0,0.0
HDFCLIFE.NS,2025-05-16,750.5499877929688,748.4811401367188,1426234.0,0.0
HDFCLIFE.NS,2025-05-19,750.9500122070312,748.8800659179688,1187450.0,0.0
HDFCLIFE.NS,2025-05-20,747.0499877929688,744.9907836914062,2191829.0,0.0
HDFCLIFE.NS,2025-05-21,759.7000122070312,757.6058959960938,1928533.0,0.0
HDFCLIFE.NS,2025-05-22,755.8499755859375,753.7664794921875,2391952.0,0.0
HDFCLIFE.NS,2025-05-23,780.4000244140625,778.2488403320312,4511523.0,0.0
HDFCLIFE.NS,2025-05-26,780.0,777.8499755859375,2343463.0,0.0
HDFCLIFE.NS,2025-05-27,775.7999877929688,773.6614990234375,3472288.0,0.0
HDFCLIFE.NS,2025-05-28,789.4500122070312,787.27392578125,4163057.0,0.0
HDFCLIFE.NS,2025-05-29,780.9000244140625,778.7474975585938,2916417.0,0.0
HDFCLIFE.NS,2025-05-30,776.8499755859375,774.7086181640625,3184086.0,0.0
HDFCLIFE.NS,2025-06-02,766.7000122070312,764.5866088867188,3456222.0,0.0
HDFCLIFE.NS,2025-06-03,757.9000244140625,755.8109130859375,3357675.0,0.0
HDFCLIFE.NS,2025-06-04,758.7999877929688,756.7083740234375,2322495.0,0.0
HDFCLIFE.NS,2025-06-05,761.5999755859375,759.5006713867188,1638871.0,0.0
HDFCLIFE.NS,2025-06-06,755.0999755859375,753.0185546875,1215092.0,0.0
HDFCLIFE.NS,2025-06-09,760.4000244140625,758.3040161132812,3151657.0,0.0
HDFCLIFE.NS,2025-06-10,762.4500122070312,760.3483276367188,2167862.0,0.0
HDFCLIFE.NS,2025-06-11,764.2000122070312,762.093505859375,1530367.0,0.0
HDFCLIFE.NS,2025-06-12,754.5,752.4202270507812,1600355.0,0.0
HDFCLIFE.NS,2025-06-13,752.8499755859375,750.7747802734375,1490695.0,0.0
HDFCLIFE.NS,2025-06-16,770.5499877929688,768.4259643554688,2304692.0,0.0
HDFCLIFE.NS,2025-06-17,773.9500122070312,771.816650390625,1899985.0,0.0
HDFCLIFE.NS,2025-06-18,766.2000122070312,764.0880126953125,1059077.0,0.0
HDFCLIFE.NS,2025-06-19,761.8499755859375,759.7499389648438,3059158.0,0.0
HDFCLIFE.NS,2025-06-20,778.9500122070312,778.9500122070312,5256299.0,0.0
HDFCLIFE.NS,2025-06-23,774.1500244140625,774.1500244140625,1848140.0,0.0
HDFCLIFE.NS,2025-06-24,779.7000122070312,779.7000122070312,1965197.0,0.0
HDFCLIFE.NS,2025-06-25,785.0999755859375,785.0999755859375,2733266.0,0.0
HDFCLIFE.NS,2025-06-26,799.4500122070312,799.4500122070312,4290163.0,0.0
HDFCLIFE.NS,2025-06-27,806.9500122070312,806.9500122070312,17236651.0,0.0
HDFCLIFE.NS,2025-06-30,814.2999877929688,814.2999877929688,2971593.0,0.0
HDFCLIFE.NS,2025-07-01,809.9000244140625,809.9000244140625,2596888.0,0.0
HDFCLIFE.NS,2025-07-02,789.7000122070312,789.7000122070312,3248677.0,0.0
HDFCLIFE.NS,2025-07-03,785.8499755859375,785.8499755859375,3442861.0,0.0
HDFCLIFE.NS,2025-07-04,785.0999755859375,785.0999755859375,1536851.0,0.0
HDFCLIFE.NS,2025-07-07,789.4500122070312,789.4500122070312,2169992.0,0.0
HDFCLIFE.NS,2025-07-08,794.1500244140625,794.1500244140625,5033587.0,0.0
HDFCLIFE.NS,2025-07-09,786.2999877929688,786.2999877929688,2165913.0,0.0
HDFCLIFE.NS,2025-07-10,771.25,771.25,2602721.0,0.0
HDFCLIFE.NS,2025-07-11,759.0,759.0,3508424.0,0.0
HDFCLIFE.NS,2025-07-14,764.75,764.75,1794592.0,0.0
HDFCLIFE.NS,2025-07-15,756.8499755859375,756.8499755859375,2842400.0,0.0
HDFCLIFE.NS,2025-07-16,755.9500122070312,755.9500122070312,6273181.0,0.0
HDFCLIFE.NS,2025-07-17,751.7999877929688,751.7999877929688,4378210.0,0.0
HDFCLIFE.NS,2025-07-18,739.5,739.5,3450063.0,0.0
HDFCLIFE.NS,2025-07-21,752.2999877929688,752.2999877929688,2073697.0,0.0
HDFCLIFE.NS,2025-07-22,763.2999877929688,763.2999877929688,4334529.0,0.0
HDFCLIFE.NS,2025-07-23,762.5,762.5,1312711.0,0.0
HDFCLIFE.NS,2025-07-24,757.2999877929688,757.2999877929688,1258684.0,0.0
HDFCLIFE.NS,2025-07-25,762.3499755859375,762.3499755859375,1708286.0,0.0
HDFCLIFE.NS,2025-07-28,761.2000122070312,761.2000122070312,1509806.0,0.0
HDFCLIFE.NS,2025-07-29,756.3499755859375,756.3499755859375,1129341.0,0.0
HDFCLIFE.NS,2025-07-30,757.4500122070312,757.4500122070312,2011152.0,0.0
HDFCLIFE.NS,2025-07-31,755.5,755.5,1783473.0,0.0
HDFCLIFE.NS,2025-08-01,741.7000122070312,741.7000122070312,1697685.0,0.0
HDFCLIFE.NS,2025-08-04,739.7999877929688,739.7999877929688,2555375.0,0.0
HDFCLIFE.NS,2025-08-05,738.5,738.5,1988095.0,0.0
HDFCLIFE.NS,2025-08-06,752.5499877929688,752.5499877929688,1797969.0,0.0
HDFCLIFE.NS,2025-08-07,755.7000122070312,755.7000122070312,1423219.0,0.0
HDFCLIFE.NS,2025-08-08,761.5499877929688,761.5499877929688,2210684.0,0.0
HDFCLIFE.NS,2025-08-11,764.75,764.75,1719052.0,0.0
HDFCLIFE.NS,2025-08-12,766.2000122070312,766.2000122070312,1996036.0,0.0
HDFCLIFE.NS,2025-08-13,776.5999755859375,776.5999755859375,1720968.0,0.0
HDFCLIFE.NS,2025-08-14,788.75,788.75,2861621.0,0.0
HDFCLIFE.NS,2025-08-18,791.0,791.0,3954373.0,0.0
HDFCLIFE.NS,2025-08-19,793.75,793.75,1531303.0,0.0
HDFCLIFE.NS,2025-08-20,796.5499877929688,796.5499877929688,1097339.0,0.0
HDFCLIFE.NS,2025-08-21,795.4500122070312,795.4500122070312,2142925.0,0.0
HDFCLIFE.NS,2025-08-22,788.75,788.75,1331814.0,0.0
HDFCLIFE.NS,2025-08-25,787.0,787.0,2326398.0,0.0
HDFCLIFE.NS,2025-08-26,776.5999755859375,776.5999755859375,5054056.0,0.0
HDFCLIFE.NS,2025-08-28,775.3499755859375,775.3499755859375,2892634.0,0.0
HDFCLIFE.NS,2025-08-29,772.0499877929688,772.0499877929688,1865283.0,0.0
HDFCLIFE.NS,2025-09-01,781.7999877929688,781.7999877929688,2218344.0,0.0
HDFCLIFE.NS,2025-09-02,782.75,782.75,2957512.0,0.0
HDFCLIFE.NS,2025-09-03,776.4500122070312,776.4500122070312,1879623.0,0.0
HDFCLIFE.NS,2025-09-04,754.25,754.25,10041489.0,0.0
HDFCLIFE.NS,2025-09-05,759.5499877929688,759.5499877929688,3234619.0,0.0
HDFCLIFE.NS,2025-09-08,753.75,753.75,3455695.0,0.0
HDFCLIFE.NS,2025-09-09,761.0999755859375,761.0999755859375,2393107.0,0.0
HDFCLIFE.NS,2025-09-10,777.5999755859375,777.5999755859375,2301647.0,0.0
HDFCLIFE.NS,2025-09-11,774.25,774.25,1238513.0,0.0
HDFCLIFE.NS,2025-09-12,779.6500244140625,779.6500244140625,2259316.0,0.0
HDFCLIFE.NS,2025-09-15,777.2000122070312,777.2000122070312,1362719.0,0.0
HDFCLIFE.NS,2025-09-16,774.3499755859375,774.3499755859375,1758601.0,0.0
HDFCLIFE.NS,2025-09-17,768.0499877929688,768.0499877929688,2329049.0,0.0
HDFCLIFE.NS,2025-09-18,784.5999755859375,784.5999755859375,4824420.0,0.0
HDFCLIFE.NS,2025-09-19,782.2000122070312,782.2000122070312,3634175.0,0.0
HDFCLIFE.NS,2025-09-22,787.7999877929688,787.7999877929688,1976223.0,0.0
HDFCLIFE.NS,2025-09-23,775.0499877929688,775.0499877929688,2220802.0,0.0
HDFCLIFE.NS,2025-09-24,770.25,770.25,1102305.0,0.0
HDFCLIFE.NS,2025-09-25,765.0499877929688,765.0499877929688,2080916.0,0.0
HDFCLIFE.NS,2025-09-26,764.4000244140625,764.4000244140625,2956314.0,0.0
HDFCLIFE.NS,2025-09-29,756.5999755859375,756.5999755859375,3463773.0,0.0
HDFCLIFE.NS,2025-09-30,756.4500122070312,756.4500122070312,3435577.0,0.0
HDFCLIFE.NS,2025-10-01,764.0,764.0,1540724.0,0.0
HDFCLIFE.NS,2025-10-03,759.2000122070312,759.2000122070312,5421803.0,0.0
HDFCLIFE.NS,2025-10-06,763.0499877929688,763.0499877929688,1323764.0,0.0
HDFCLIFE.NS,2025-10-07,755.5999755859375,755.5999755859375,3289846.0,0.0
HDFCLIFE.NS,2025-10-08,747.2999877929688,747.2999877929688,2259319.0,0.0
HDFCLIFE.NS,2025-10-09,754.3499755859375,754.3499755859375,4476278.0,0.0
HDFCLIFE.NS,2025-10-10,747.2999877929688,747.2999877929688,2771300.0,0.0
HDFCLIFE.NS,2025-10-13,746.5499877929688,746.5499877929688,1676403.0,0.0
HDFCLIFE.NS,2025-10-14,743.5499877929688,743.5499877929688,3412592.0,0.0
HDFCLIFE.NS,2025-10-15,761.1500244140625,761.1500244140625,2764842.0,0.0
HDFCLIFE.NS,2025-10-16,742.8499755859375,742.8499755859375,10209104.0,0.0
HDFCLIFE.NS,2025-10-17,745.9500122070312,745.9500122070312,4205888.0,0.0
HDFCLIFE.NS,2025-10-20,742.25,742.25,2361964.0,0.0
HDFCLIFE.NS,2025-10-21,743.7000122070312,743.7000122070312,119115.0,0.0
HDFCLIFE.NS,2025-10-23,743.6500244140625,743.6500244140625,3312072.0,0.0
HDFCLIFE.NS,2025-10-24,734.9500122070312,734.9500122070312,2349228.0,0.0
HDFCLIFE.NS,2025-10-27,737.25,737.25,3739804.0,0.0
HDFCLIFE.NS,2025-10-28,747.0,747.0,3859058.0,0.0
HDFCLIFE.NS,2025-10-29,761.2999877929688,761.2999877929688,2270288.0,0.0
HDFCLIFE.NS,2025-10-30,746.5999755859375,746.5999755859375,1517376.0,0.0
HDFCLIFE.NS,2025-10-31,731.8499755859375,731.8499755859375,2584942.0,0.0
HDFCLIFE.NS,2025-11-03,736.0,736.0,2222765.0,0.0
HDFCLIFE.NS,2025-11-04,742.4500122070312,742.4500122070312,2311438.0,0.0
HDFCLIFE.NS,2025-11-06,736.0499877929688,736.0499877929688,1640119.0,0.0
HDFCLIFE.NS,2025-11-07,749.25,749.25,1709430.0,0.0
HDFCLIFE.NS,2025-11-10,750.7000122070312,750.7000122070312,2046515.0,0.0
HDFCLIFE.NS,2025-11-11,763.9000244140625,763.9000244140625,2303525.0,0.0
HDFCLIFE.NS,2025-11-12,783.0999755859375,783.0999755859375,3996339.0,0.0
HDFCLIFE.NS,2025-11-13,782.2000122070312,782.2000122070312,2068084.0,0.0
HDFCLIFE.NS,2025-11-14,773.7000122070312,773.7000122070312,1373199.0,0.0
HDFCLIFE.NS,2025-11-17,770.25,770.25,2639170.0,0.0
HDFCLIFE.NS,2025-11-18,761.7999877929688,761.7999877929688,1363326.0,0.0
HDFCLIFE.NS,2025-11-19,761.0999755859375,761.0999755859375,950947.0,0.0
HDFCLIFE.NS,2025-11-20,762.2000122070312,762.2000122070312,2612081.0,0.0
HDFCLIFE.NS,2025-11-21,764.0,764.0,2712721.0,0.0
HDFCLIFE.NS,2025-11-24,761.6500244140625,761.6500244140625,5837946.0,0.0
HDFCLIFE.NS,2025-11-25,766.5499877929688,766.5499877929688,1858955.0,0.0
HDFCLIFE.NS,2025-11-26,787.5499877929688,787.5499877929688,3006211.0,0.0
HDFCLIFE.NS,2025-11-27,777.7999877929688,777.7999877929688,1165637.0,0.0
HDFCLIFE.NS,2025-11-28,764.2999877929688,764.2999877929688,2441514.0,0.0
HDFCLIFE.NS,2025-12-01,766.75,766.75,908996.0,0.0
HDFCLIFE.NS,2025-12-02,759.0,759.0,2054726.0,0.0
HDFCLIFE.NS,2025-12-03,751.9500122070312,751.9500122070312,2877041.0,0.0
HDFCLIFE.NS,2025-12-04,760.7999877929688,760.7999877929688,2649259.0,0.0
HDFCLIFE.NS,2025-12-05,768.2999877929688,768.2999877929688,1693258.0,0.0
HDFCLIFE.NS,2025-12-08,764.0499877929688,764.0499877929688,3775906.0,0.0
HDFCLIFE.NS,2025-12-09,762.9000244140625,762.9000244140625,1965538.0,0.0
HDFCLIFE.NS,2025-12-10,771.0499877929688,771.0499877929688,1667376.0,0.0
HDFCLIFE.NS,2025-12-11,775.2000122070312,775.2000122070312,2133427.0,0.0
HDFCLIFE.NS,2025-12-12,777.5,777.5,1290971.0,0.0
HDFCLIFE.NS,2025-12-15,772.7000122070312,772.7000122070312,1510988.0,0.0
HDFCLIFE.NS,2025-12-16,764.3499755859375,764.3499755859375,2125078.0,0.0
HDFCLIFE.NS,2025-12-17,753.5,753.5,1809434.0,0.0
HDFCLIFE.NS,2025-12-18,757.0,757.0,731537.0,0.0
HDFCLIFE.NS,2025-12-19,766.4500122070312,766.4500122070312,3098157.0,0.0
HDFCLIFE.NS,2025-12-22,761.7999877929688,761.7999877929688,767829.0,0.0
HDFCLIFE.NS,2025-12-23,763.9500122070312,763.9500122070312,1246811.0,0.0
HDFCLIFE.NS,2025-12-24,755.3499755859375,755.3499755859375,1132272.0,0.0
HDFCLIFE.NS,2025-12-26,748.4500122070312,748.4500122070312,1655497.0,0.0
HDFCLIFE.NS,2025-12-29,746.4500122070312,746.4500122070312,2912215.0,0.0
HDFCLIFE.NS,2025-12-30,743.0,743.0,13786783.0,0.0
HDFCLIFE.NS,2025-12-31,749.8499755859375,749.8499755859375,2503615.0,0.0
HDFCLIFE.NS,2026-01-01,750.0999755859375,750.0999755859375,820228.0,0.0
HDFCLIFE.NS,2026-01-02,754.8499755859375,754.8499755859375,1457089.0,0.0
HDFCLIFE.NS,2026-01-05,759.2999877929688,759.2999877929688,1348153.0,0.0
HDFCLIFE.NS,2026-01-06,777.8499755859375,777.8499755859375,2900960.0,0.0
HDFCLIFE.NS,2026-01-07,772.3499755859375,772.3499755859375,1349921.0,0.0
HDFCLIFE.NS,2026-01-08,758.1500244140625,758.1500244140625,1993731.0,0.0
HDFCLIFE.NS,2026-01-09,749.9000244140625,749.9000244140625,3267663.0,0.0
HDFCLIFE.NS,2026-01-12,754.6500244140625,754.6500244140625,1771176.0,0.0
HDFCLIFE.NS,2026-01-13,748.5,748.5,1820910.0,0.0
HDFCLIFE.NS,2026-01-14,743.2000122070312,743.2000122070312,2909648.0,0.0
HDFCLIFE.NS,2026-01-15,743.2000122070312,743.2000122070312,0.0,0.0
HDFCLIFE.NS,2026-01-16,732.5499877929688,732.5499877929688,9855757.0,0.0
HDFCLIFE.NS,2026-01-19,736.7999877929688,736.7999877929688,2566777.0,0.0
HDFCLIFE.NS,2026-01-20,732.0999755859375,732.0999755859375,2322135.0,0.0
HDFCLIFE.NS,2026-01-21,724.3499755859375,724.3499755859375,3455702.0,0.0
HDFCLIFE.NS,2026-01-22,725.0999755859375,725.0999755859375,2374582.0,0.0
HDFCLIFE.NS,2026-01-23,712.0999755859375,712.0999755859375,3232798.0,0.0
HDFCLIFE.NS,2026-01-27,720.0499877929688,720.0499877929688,3344844.0,0.0
HDFCLIFE.NS,2026-01-28,728.5999755859375,728.5999755859375,1778744.0,0.0
HDFCLIFE.NS,2026-01-29,727.0999755859375,727.0999755859375,2511005.0,0.0
HDFCLIFE.NS,2026-01-30,731.0,731.0,3672455.0,0.0
HDFCLIFE.NS,2026-02-02,717.5,717.5,1824473.0,0.0
HDFCLIFE.NS,2026-02-03,720.1500244140625,720.1500244140625,3911536.0,0.0
HDFCLIFE.NS,2026-02-04,722.5,722.5,4826046.0,0.0
HDFCLIFE.NS,2026-02-05,720.7000122070312,720.7000122070312,1268905.0,0.0
HDFCLIFE.NS,2026-02-06,703.5,703.5,4114496.0,0.0
HDFCLIFE.NS,2026-02-09,707.9000244140625,707.9000244140625,4093084.0,0.0
HDFCLIFE.NS,2026-02-10,703.9500122070312,703.9500122070312,2320888.0,0.0
HDFCLIFE.NS,2026-02-11,701.0999755859375,701.0999755859375,1873667.0,0.0
HINDALCO.NS,2025-02-11,595.8499755859375,591.5121459960938,5303293.0,0.0
HINDALCO.NS,2025-02-12,598.9000244140625,594.5399780273438,3764143.0,0.0
HINDALCO.NS,2025-02-13,602.5,598.1137084960938,4415122.0,0.0
HINDALCO.NS,2025-02-14,606.2000122070312,601.7868041992188,11475440.0,0.0
HINDALCO.NS,2025-02-17,610.8499755859375,606.4028930664062,4470099.0,0.0
HINDALCO.NS,2025-02-18,611.4500122070312,606.9985961914062,2956837.0,0.0
HINDALCO.NS,2025-02-19,626.2999877929688,621.740478515625,6101855.0,0.0
HINDALCO.NS,2025-02-20,638.7999877929688,634.1494750976562,6904537.0,0.0
HINDALCO.NS,2025-02-21,653.5499877929688,648.7920532226562,7490723.0,0.0
HINDALCO.NS,2025-02-24,641.9000244140625,637.2269287109375,5931712.0,0.0
HINDALCO.NS,2025-02-25,619.4500122070312,614.9403686523438,10249548.0,0.0
HINDALCO.NS,2025-02-27,631.9500122070312,627.349365234375,7263151.0,0.0
HINDALCO.NS,2025-02-28,634.3499755859375,629.7318115234375,13041185.0,0.0
HINDALCO.NS,2025-03-03,636.5499877929688,631.9158325195312,5368388.0,0.0
HINDALCO.NS,2025-03-04,641.6500244140625,636.978759765625,4430660.0,0.0
HINDALCO.NS,2025-03-05,657.3499755859375,652.5643920898438,7876653.0,0.0
HINDALCO.NS,2025-03-06,681.9500122070312,676.9853515625,10993614.0,0.0
HINDALCO.NS,2025-03-07,691.3499755859375,686.31689453125,8142832.0,0.0
HINDALCO.NS,2025-03-10,689.1500244140625,684.1329345703125,10707412.0,0.0
HINDALCO.NS,2025-03-11,695.5,690.4367065429688,5262297.0,0.0
HINDALCO.NS,2025-03-12,689.8499755859375,684.8278198242188,5219333.0,0.0
HINDALCO.NS,2025-03-13,677.3499755859375,672.4187622070312,4877884.0,0.0
HINDALCO.NS,2025-03-17,680.75,675.7940673828125,4033068.0,0.0
HINDALCO.NS,2025-03-18,680.75,675.7940673828125,0.0,0.0
HINDALCO.NS,2025-03-19,698.5499877929688,693.4644775390625,5462686.0,0.0
HINDALCO.NS,2025-03-20,705.9500122070312,700.8106079101562,4670064.0,0.0
HINDALCO.NS,2025-03-21,695.3499755859375,690.2877807617188,7595841.0,0.0
HINDALCO.NS,2025-03-24,701.5,696.3930053710938,4296847.0,0.0
HINDALCO.NS,2025-03-25,693.4500122070312,688.401611328125,4552278.0,0.0
HINDALCO.NS,2025-03-26,691.2999877929688,686.2672729492188,3646226.0,0.0
HINDALCO.NS,2025-03-27,693.3499755859375,688.3023071289062,5002247.0,0.0
HINDALCO.NS,2025-03-28,682.4500122070312,677.481689453125,4362212.0,0.0
HINDALCO.NS,2025-04-01,663.75,658.9178466796875,5131883.0,0.0
HINDALCO.NS,2025-04-02,661.2000122070312,656.3864135742188,8357384.0,0.0
HINDALCO.NS,2025-04-03,652.6500244140625,647.898681640625,5646497.0,0.0
HINDALCO.NS,2025-04-04,599.9500122070312,595.5823364257812,9393865.0,0.0
HINDALCO.NS,2025-04-07,561.7999877929688,557.7100219726562,13117998.0,0.0
HINDALCO.NS,2025-04-08,568.3499755859375,564.2123413085938,8831753.0,0.0
HINDALCO.NS,2025-04-09,564.0,559.89404296875,7009318.0,0.0
HINDALCO.NS,2025-04-11,600.2999877929688,595.9297485351562,12562852.0,0.0
HINDALCO.NS,2025-04-15,617.5999755859375,613.103759765625,4871858.0,0.0
HINDALCO.NS,2025-04-16,609.9000244140625,605.4598999023438,4447732.0,0.0
HINDALCO.NS,2025-04-17,609.5,605.062744140625,4518317.0,0.0
HINDALCO.NS,2025-04-21,622.0,617.4717407226562,2655716.0,0.0
HINDALCO.NS,2025-04-22,620.0999755859375,615.5855712890625,4970919.0,0.0
HINDALCO.NS,2025-04-23,629.0999755859375,624.5200805664062,4674766.0,0.0
HINDALCO.NS,2025-04-24,628.3499755859375,623.7755126953125,3367773.0,0.0
HINDALCO.NS,2025-04-25,622.0999755859375,617.571044921875,3925971.0,0.0
HINDALCO.NS,2025-04-28,628.6500244140625,624.0733642578125,3965901.0,0.0
HINDALCO.NS,2025-04-29,622.5499877929688,618.0177612304688,4528870.0,0.0
HINDALCO.NS,2025-04-30,624.6500244140625,620.1024780273438,5905186.0,0.0
HINDALCO.NS,2025-05-02,630.5,625.909912109375,5494275.0,0.0
HINDALCO.NS,2025-05-05,633.4000244140625,628.788818359375,2552160.0,0.0
HINDALCO.NS,2025-05-06,630.0499877929688,625.463134765625,2778131.0,0.0
HINDALCO.NS,2025-05-07,636.2999877929688,631.6676635742188,3587997.0,0.0
HINDALCO.NS,2025-05-08,620.2000122070312,615.6848754882812,5791783.0,0.0
HINDALCO.NS,2025-05-09,627.1500244140625,622.5842895507812,3870212.0,0.0
HINDALCO.NS,2025-05-12,651.9500122070312,647.2037353515625,5474816.0,0.0
HINDALCO.NS,2025-05-13,634.75,630.1289672851562,6025310.0,0.0
HINDALCO.NS,2025-05-14,650.5499877929688,645.8139038085938,4819584.0,0.0
HINDALCO.NS,2025-05-15,661.3499755859375,656.5352783203125,7133226.0,0.0
HINDALCO.NS,2025-05-16,657.5499877929688,652.762939453125,2701320.0,0.0
HINDALCO.NS,2025-05-19,658.3499755859375,653.55712890625,3320756.0,0.0
HINDALCO.NS,2025-05-20,662.75,657.9251098632812,7950974.0,0.0
HINDALCO.NS,2025-05-21,663.0,658.1732788085938,8623519.0,0.0
HINDALCO.NS,2025-05-22,649.5499877929688,644.8211669921875,6784976.0,0.0
HINDALCO.NS,2025-05-23,650.0999755859375,645.3671875,3448707.0,0.0
HINDALCO.NS,2025-05-26,661.4500122070312,656.6345825195312,6826417.0,0.0
HINDALCO.NS,2025-05-27,659.4500122070312,654.649169921875,4223074.0,0.0
HINDALCO.NS,2025-05-28,649.9500122070312,645.2183227539062,3546275.0,0.0
HINDALCO.NS,2025-05-29,650.0,645.2679443359375,4545776.0,0.0
HINDALCO.NS,2025-05-30,633.5,628.8880615234375,9054009.0,0.0
HINDALCO.NS,2025-06-02,631.0999755859375,626.5054931640625,8397065.0,0.0
HINDALCO.NS,2025-06-03,632.0,627.3989868164062,3783426.0,0.0
HINDALCO.NS,2025-06-04,635.8499755859375,631.220947265625,3066925.0,0.0
HINDALCO.NS,2025-06-05,637.25,632.6107788085938,3565664.0,0.0
HINDALCO.NS,2025-06-06,650.1500244140625,645.4168701171875,5492102.0,0.0
HINDALCO.NS,2025-06-09,650.7999877929688,646.0620727539062,2822003.0,0.0
HINDALCO.NS,2025-06-10,658.3499755859375,653.55712890625,5693888.0,0.0
HINDALCO.NS,2025-06-11,655.2000122070312,650.4300537109375,3928464.0,0.0
HINDALCO.NS,2025-06-12,651.0499877929688,646.3102416992188,6539340.0,0.0
HINDALCO.NS,2025-06-13,641.7999877929688,637.1276245117188,4543933.0,0.0
HINDALCO.NS,2025-06-16,649.5999755859375,644.8707885742188,3422978.0,0.0
HINDALCO.NS,2025-06-17,641.7000122070312,637.0283813476562,4199339.0,0.0
HINDALCO.NS,2025-06-18,645.3499755859375,640.6517333984375,3412544.0,0.0
HINDALCO.NS,2025-06-19,641.3499755859375,636.6808471679688,4392425.0,0.0
HINDALCO.NS,2025-06-20,649.1500244140625,644.4241333007812,7166880.0,0.0
HINDALCO.NS,2025-06-23,661.4000244140625,656.5849609375,6080547.0,0.0
HINDALCO.NS,2025-06-24,669.4000244140625,664.5267333984375,5510353.0,0.0
HINDALCO.NS,2025-06-25,672.6500244140625,667.7530517578125,5533268.0,0.0
HINDALCO.NS,2025-06-26,690.5999755859375,685.5723266601562,8196123.0,0.0
HINDALCO.NS,2025-06-27,697.3499755859375,692.273193359375,5666934.0,0.0
HINDALCO.NS,2025-06-30,692.8499755859375,687.8059692382812,4919088.0,0.0
HINDALCO.NS,2025-07-01,694.2999877929688,689.2454223632812,5468762.0,0.0
HINDALCO.NS,2025-07-02,698.3499755859375,693.2659301757812,4566893.0,0.0
HINDALCO.NS,2025-07-03,692.8499755859375,687.8059692382812,4216075.0,0.0
HINDALCO.NS,2025-07-04,699.4500122070312,694.35791015625,2680991.0,0.0
HINDALCO.NS,2025-07-07,692.0999755859375,687.0614013671875,2481724.0,0.0
HINDALCO.NS,2025-07-08,685.5999755859375,680.6087036132812,3923236.0,0.0
HINDALCO.NS,2025-07-09,673.9500122070312,669.0435791015625,6703774.0,0.0
HINDALCO.NS,2025-07-10,675.0499877929688,670.1355590820312,3641238.0,0.0
HINDALCO.NS,2025-07-11,670.9500122070312,666.0654296875,4450346.0,0.0
HINDALCO.NS,2025-07-14,666.5,661.6478271484375,4338084.0,0.0
HINDALCO.NS,2025-07-15,670.8499755859375,665.9661254882812,4815703.0,0.0
HINDALCO.NS,2025-07-16,666.75,661.89599609375,4497141.0,0.0
HINDALCO.NS,2025-07-17,674.5499877929688,669.63916015625,4022119.0,0.0
HINDALCO.NS,2025-07-18,675.9000244140625,670.9793701171875,3400654.0,0.0
HINDALCO.NS,2025-07-21,682.7000122070312,677.7298583984375,4912558.0,0.0
HINDALCO.NS,2025-07-22,690.0499877929688,685.0263671875,3802270.0,0.0
HINDALCO.NS,2025-07-23,695.4000244140625,690.3374633789062,3640968.0,0.0
HINDALCO.NS,2025-07-24,695.5999755859375,690.5359497070312,4593102.0,0.0
HINDALCO.NS,2025-07-25,693.4500122070312,688.401611328125,5220901.0,0.0
HINDALCO.NS,2025-07-28,689.3499755859375,684.3314208984375,5031797.0,0.0
HINDALCO.NS,2025-07-29,692.7000122070312,687.6571044921875,2985507.0,0.0
HINDALCO.NS,2025-07-30,688.7999877929688,683.7854614257812,2829322.0,0.0
HINDALCO.NS,2025-07-31,683.0499877929688,678.0773315429688,6136890.0,0.0
HINDALCO.NS,2025-08-01,672.4500122070312,667.5545043945312,3475656.0,0.0
HINDALCO.NS,2025-08-04,687.7000122070312,682.6934814453125,2286286.0,0.0
HINDALCO.NS,2025-08-05,687.0999755859375,682.0978393554688,3302614.0,0.0
HINDALCO.NS,2025-08-06,684.8499755859375,679.8641967773438,2498667.0,0.0
HINDALCO.NS,2025-08-07,686.7999877929688,681.7999877929688,3417324.0,0.0
HINDALCO.NS,2025-08-08,672.75,672.75,3471816.0,0.0
HINDALCO.NS,2025-08-11,672.8499755859375,672.8499755859375,3235082.0,0.0
HINDALCO.NS,2025-08-12,667.0499877929688,667.0499877929688,12238878.0,0.0
HINDALCO.NS,2025-08-13,700.5,700.5,13151356.0,0.0
HINDALCO.NS,2025-08-14,695.25,695.25,4179259.0,0.0
HINDALCO.NS,2025-08-18,714.1500244140625,714.1500244140625,7211389.0,0.0
HINDALCO.NS,2025-08-19,706.7000122070312,706.7000122070312,5641195.0,0.0
HINDALCO.NS,2025-08-20,700.8499755859375,700.8499755859375,5358070.0,0.0
HINDALCO.NS,2025-08-21,707.2999877929688,707.2999877929688,3231092.0,0.0
HINDALCO.NS,2025-08-22,704.2000122070312,704.2000122070312,5623045.0,0.0
HINDALCO.NS,2025-08-25,715.8499755859375,715.8499755859375,4539337.0,0.0
HINDALCO.NS,2025-08-26,705.7000122070312,705.7000122070312,5229246.0,0.0
HINDALCO.NS,2025-08-28,701.4000244140625,701.4000244140625,5620555.0,0.0
HINDALCO.NS,2025-08-29,703.9500122070312,703.9500122070312,5335149.0,0.0
HINDALCO.NS,2025-09-01,719.5999755859375,719.5999755859375,3771744.0,0.0
HINDALCO.NS,2025-09-02,720.9500122070312,720.9500122070312,4660894.0,0.0
HINDALCO.NS,2025-09-03,742.9500122070312,742.9500122070312,8986550.0,0.0
HINDALCO.NS,2025-09-04,739.0499877929688,739.0499877929688,3763325.0,0.0
HINDALCO.NS,2025-09-05,743.7999877929688,743.7999877929688,2778157.0,0.0
HINDALCO.NS,2025-09-08,738.75,738.75,2703395.0,0.0
HINDALCO.NS,2025-09-09,742.9000244140625,742.9000244140625,3393363.0,0.0
HINDALCO.NS,2025-09-10,743.1500244140625,743.1500244140625,3351988.0,0.0
HINDALCO.NS,2025-09-11,742.6500244140625,742.6500244140625,3756027.0,0.0
HINDALCO.NS,2025-09-12,758.0499877929688,758.0499877929688,5698959.0,0.0
HINDALCO.NS,2025-09-15,753.6500244140625,753.6500244140625,2554957.0,0.0
HINDALCO.NS,2025-09-16,755.9500122070312,755.9500122070312,2662690.0,0.0
HINDALCO.NS,2025-09-17,750.0999755859375,750.0999755859375,4182521.0,0.0
HINDALCO.NS,2025-09-18,750.1500244140625,750.1500244140625,4915450.0,0.0
HINDALCO.NS,2025-09-19,743.2999877929688,743.2999877929688,5132517.0,0.0
HINDALCO.NS,2025-09-22,745.7000122070312,745.7000122070312,2232330.0,0.0
HINDALCO.NS,2025-09-23,745.9000244140625,745.9000244140625,3783529.0,0.0
HINDALCO.NS,2025-09-24,741.0499877929688,741.0499877929688,2415165.0,0.0
HINDALCO.NS,2025-09-25,745.6500244140625,745.6500244140625,4702510.0,0.0
HINDALCO.NS,2025-09-26,743.8499755859375,743.8499755859375,3636265.0,0.0
HINDALCO.NS,2025-09-29,753.7999877929688,753.7999877929688,4347158.0,0.0
HINDALCO.NS,2025-09-30,761.9500122070312,761.9500122070312,4718308.0,0.0
HINDALCO.NS,2025-10-01,765.9500122070312,765.9500122070312,3663841.0,0.0
HINDALCO.NS,2025-10-03,780.3499755859375,780.3499755859375,6522416.0,0.0
HINDALCO.NS,2025-10-06,776.7000122070312,776.7000122070312,3544658.0,0.0
HINDALCO.NS,2025-10-07,767.7999877929688,767.7999877929688,4918764.0,0.0
HINDALCO.NS,2025-10-08,768.2000122070312,768.2000122070312,6393179.0,0.0
HINDALCO.NS,2025-10-09,774.0999755859375,774.0999755859375,6806889.0,0.0
HINDALCO.NS,2025-10-10,773.9500122070312,773.9500122070312,4365229.0,0.0
HINDALCO.NS,2025-10-13,770.2000122070312,770.2000122070312,3077938.0,0.0
HINDALCO.NS,2025-10-14,760.0999755859375,760.0999755859375,3510594.0,0.0
HINDALCO.NS,2025-10-15,764.25,764.25,5690264.0,0.0
HINDALCO.NS,2025-10-16,780.0999755859375,780.0999755859375,4180590.0,0.0
HINDALCO.NS,2025-10-17,772.7999877929688,772.7999877929688,3254932.0,0.0
HINDALCO.NS,2025-10-20,786.3499755859375,786.3499755859375,4845432.0,0.0
HINDALCO.NS,2025-10-21,784.9500122070312,784.9500122070312,457667.0,0.0
HINDALCO.NS,2025-10-23,792.4000244140625,792.4000244140625,5916416.0,0.0
HINDALCO.NS,2025-10-24,824.4500122070312,824.4500122070312,16905398.0,0.0
HINDALCO.NS,2025-10-27,840.8499755859375,840.8499755859375,7308067.0,0.0
HINDALCO.NS,2025-10-28,848.9500122070312,848.9500122070312,8010504.0,0.0
HINDALCO.NS,2025-10-29,856.25,856.25,5663683.0,0.0
HINDALCO.NS,2025-10-30,861.3499755859375,861.3499755859375,4704178.0,0.0
HINDALCO.NS,2025-10-31,847.8499755859375,847.8499755859375,4138495.0,0.0
HINDALCO.NS,2025-11-03,847.2000122070312,847.2000122070312,4885067.0,0.0
HINDALCO.NS,2025-11-04,831.4000244140625,831.4000244140625,4673187.0,0.0
HINDALCO.NS,2025-11-06,788.4000244140625,788.4000244140625,34786635.0,0.0
HINDALCO.NS,2025-11-07,790.4000244140625,790.4000244140625,13189011.0,0.0
HINDALCO.NS,2025-11-10,785.2000122070312,785.2000122070312,5914226.0,0.0
HINDALCO.NS,2025-11-11,793.75,793.75,5411465.0,0.0
HINDALCO.NS,2025-11-12,794.4000244140625,794.4000244140625,7589035.0,0.0
HINDALCO.NS,2025-11-13,811.9500122070312,811.9500122070312,5854638.0,0.0
HINDALCO.NS,2025-11-14,803.6500244140625,803.6500244140625,4113598.0,0.0
HINDALCO.NS,2025-11-17,807.1500244140625,807.1500244140625,2770547.0,0.0
HINDALCO.NS,2025-11-18,797.1500244140625,797.1500244140625,7299555.0,0.0
HINDALCO.NS,2025-11-19,790.9500122070312,790.9500122070312,3005726.0,0.0
HINDALCO.NS,2025-11-20,799.7999877929688,799.7999877929688,6016713.0,0.0
HINDALCO.NS,2025-11-21,777.7000122070312,777.7000122070312,5099356.0,0.0
HINDALCO.NS,2025-11-24,774.6500244140625,774.6500244140625,5666985.0,0.0
HINDALCO.NS,2025-11-25,789.3499755859375,789.3499755859375,6090783.0,0.0
HINDALCO.NS,2025-11-26,800.7999877929688,800.7999877929688,3842280.0,0.0
HINDALCO.NS,2025-11-27,807.5499877929688,807.5499877929688,4481695.0,0.0
HINDALCO.NS,2025-11-28,808.4000244140625,808.4000244140625,3200488.0,0.0
HINDALCO.NS,2025-12-01,810.7999877929688,810.7999877929688,2064678.0,0.0
HINDALCO.NS,2025-12-02,806.8499755859375,806.8499755859375,4237151.0,0.0
HINDALCO.NS,2025-12-03,816.2999877929688,816.2999877929688,4948661.0,0.0
HINDALCO.NS,2025-12-04,810.7999877929688,810.7999877929688,3381601.0,0.0
HINDALCO.NS,2025-12-05,823.25,823.25,4273147.0,0.0
HINDALCO.NS,2025-12-08,819.4500122070312,819.4500122070312,4354685.0,0.0
HINDALCO.NS,2025-12-09,812.9000244140625,812.9000244140625,3394966.0,0.0
HINDALCO.NS,2025-12-10,821.75,821.75,5280811.0,0.0
HINDALCO.NS,2025-12-11,824.3499755859375,824.3499755859375,3098584.0,0.0
HINDALCO.NS,2025-12-12,852.0999755859375,852.0999755859375,8178645.0,0.0
HINDALCO.NS,2025-12-15,847.8499755859375,847.8499755859375,2521938.0,0.0
HINDALCO.NS,2025-12-16,837.1500244140625,837.1500244140625,2713249.0,0.0
HINDALCO.NS,2025-12-17,848.7999877929688,848.7999877929688,3270389.0,0.0
HINDALCO.NS,2025-12-18,856.7000122070312,856.7000122070312,4174631.0,0.0
HINDALCO.NS,2025-12-19,852.0,852.0,4939377.0,0.0
HINDALCO.NS,2025-12-22,864.5499877929688,864.5499877929688,4865457.0,0.0
HINDALCO.NS,2025-12-23,863.8499755859375,863.8499755859375,5452783.0,0.0
HINDALCO.NS,2025-12-24,864.4500122070312,864.4500122070312,3683590.0,0.0
HINDALCO.NS,2025-12-26,872.9000244140625,872.9000244140625,2334952.0,0.0
HINDALCO.NS,2025-12-29,865.0,865.0,9836341.0,0.0
HINDALCO.NS,2025-12-30,884.1500244140625,884.1500244140625,15280248.0,0.0
HINDALCO.NS,2025-12-31,886.7000122070312,886.7000122070312,3539118.0,0.0
HINDALCO.NS,2026-01-01,894.9500122070312,894.9500122070312,2566505.0,0.0
HINDALCO.NS,2026-01-02,925.7000122070312,925.7000122070312,5357771.0,0.0
HINDALCO.NS,2026-01-05,931.7000122070312,931.7000122070312,5278463.0,0.0
HINDALCO.NS,2026-01-06,942.25,942.25,10369133.0,0.0
HINDALCO.NS,2026-01-07,938.4500122070312,938.4500122070312,6555117.0,0.0
HINDALCO.NS,2026-01-08,903.9500122070312,903.9500122070312,6266789.0,0.0
HINDALCO.NS,2026-01-09,900.9500122070312,900.9500122070312,4320582.0,0.0
HINDALCO.NS,2026-01-12,920.1500244140625,920.1500244140625,6884726.0,0.0
HINDALCO.NS,2026-01-13,936.2999877929688,936.2999877929688,6868939.0,0.0
HINDALCO.NS,2026-01-14,955.3499755859375,955.3499755859375,7050653.0,0.0
HINDALCO.NS,2026-01-15,955.3499755859375,955.3499755859375,0.0,0.0
HINDALCO.NS,2026-01-16,934.6500244140625,934.6500244140625,4037987.0,0.0
HINDALCO.NS,2026-01-19,939.9500122070312,939.9500122070312,4007683.0,0.0
HINDALCO.NS,2026-01-20,928.0999755859375,928.0999755859375,5709976.0,0.0
HINDALCO.NS,2026-01-21,939.2000122070312,939.2000122070312,5590031.0,0.0
HINDALCO.NS,2026-01-22,944.4500122070312,944.4500122070312,6165965.0,0.0
HINDALCO.NS,2026-01-23,950.2999877929688,950.2999877929688,5958887.0,0.0
HINDALCO.NS,2026-01-27,961.8499755859375,961.8499755859375,10009735.0,0.0
HINDALCO.NS,2026-01-28,998.2000122070312,998.2000122070312,12615677.0,0.0
HINDALCO.NS,2026-01-29,1024.050048828125,1024.050048828125,14615261.0,0.0
HINDALCO.NS,2026-01-30,962.5999755859375,962.5999755859375,11977092.0,0.0
HINDALCO.NS,2026-02-02,930.5,930.5,9659915.0,0.0
HINDALCO.NS,2026-02-03,955.2999877929688,955.2999877929688,10099249.0,0.0
HINDALCO.NS,2026-02-04,964.9500122070312,964.9500122070312,4388355.0,0.0
HINDALCO.NS,2026-02-05,935.4500122070312,935.4500122070312,4580529.0,0.0
HINDALCO.NS,2026-02-06,942.5499877929688,942.5499877929688,3830296.0,0.0
HINDALCO.NS,2026-02-09,964.25,964.25,5294536.0,0.0
HINDALCO.NS,2026-02-10,968.9000244140625,968.9000244140625,4101779.0,0.0
HINDALCO.NS,2026-02-11,965.9500122070312,965.9500122070312,6274823.0,0.0
HINDUNILVR.NS,2025-02-11,2315.25,2273.28564453125,1389260.0,0.0
HINDUNILVR.NS,2025-02-12,2332.5,2290.22265625,1341909.0,0.0
HINDUNILVR.NS,2025-02-13,2321.5,2279.42236328125,1334967.0,0.0
HINDUNILVR.NS,2025-02-14,2318.35009765625,2276.329345703125,1135380.0,0.0
HINDUNILVR.NS,2025-02-17,2329.39990234375,2287.178955078125,1409168.0,0.0
HINDUNILVR.NS,2025-02-18,2296.0,2254.384521484375,1035705.0,0.0
HINDUNILVR.NS,2025-02-19,2250.39990234375,2209.61083984375,1521343.0,0.0
HINDUNILVR.NS,2025-02-20,2248.050048828125,2207.303466796875,2206196.0,0.0
HINDUNILVR.NS,2025-02-21,2241.64990234375,2201.01953125,1781509.0,0.0
HINDUNILVR.NS,2025-02-24,2241.449951171875,2200.822998046875,1627949.0,0.0
HINDUNILVR.NS,2025-02-25,2259.300048828125,2218.349609375,1988040.0,0.0
HINDUNILVR.NS,2025-02-27,2244.949951171875,2204.259521484375,1699658.0,0.0
HINDUNILVR.NS,2025-02-28,2190.25,2150.55126953125,3683249.0,0.0
HINDUNILVR.NS,2025-03-03,2176.85009765625,2137.39404296875,1306470.0,0.0
HINDUNILVR.NS,2025-03-04,2157.35009765625,2118.24755859375,1800330.0,0.0
HINDUNILVR.NS,2025-03-05,2170.449951171875,2131.110107421875,1145673.0,0.0
HINDUNILVR.NS,2025-03-06,2218.949951171875,2178.73095703125,1856868.0,0.0
HINDUNILVR.NS,2025-03-07,2204.550048828125,2164.592041015625,1738356.0,0.0
HINDUNILVR.NS,2025-03-10,2247.75,2207.009033203125,1242387.0,0.0
HINDUNILVR.NS,2025-03-11,2216.949951171875,2176.76708984375,1325891.0,0.0
HINDUNILVR.NS,2025-03-12,2192.89990234375,2153.153076171875,1526212.0,0.0
HINDUNILVR.NS,2025-03-13,2174.800048828125,2135.38134765625,1845629.0,0.0
HINDUNILVR.NS,2025-03-17,2171.25,2131.8955078125,1111886.0,0.0
HINDUNILVR.NS,2025-03-18,2171.25,2131.8955078125,0.0,0.0
HINDUNILVR.NS,2025-03-19,2200.050048828125,2160.173583984375,1341405.0,0.0
HINDUNILVR.NS,2025-03-20,2242.39990234375,2201.755859375,1426689.0,0.0
HINDUNILVR.NS,2025-03-21,2246.199951171875,2205.487060546875,2152415.0,0.0
HINDUNILVR.NS,2025-03-24,2256.199951171875,2215.3056640625,1454404.0,0.0
HINDUNILVR.NS,2025-03-25,2271.300048828125,2230.13232421875,2229340.0,0.0
HINDUNILVR.NS,2025-03-26,2245.949951171875,2205.241455078125,1416907.0,0.0
HINDUNILVR.NS,2025-03-27,2244.64990234375,2203.965087890625,3752627.0,0.0
HINDUNILVR.NS,2025-03-28,2258.85009765625,2217.90771484375,2280152.0,0.0
HINDUNILVR.NS,2025-04-01,2233.85009765625,2193.361083984375,2495962.0,0.0
HINDUNILVR.NS,2025-04-02,2237.89990234375,2197.33740234375,1351493.0,0.0
HINDUNILVR.NS,2025-04-03,2244.550048828125,2203.866943359375,1310088.0,0.0
HINDUNILVR.NS,2025-04-04,2244.550048828125,2203.866943359375,1120226.0,0.0
HINDUNILVR.NS,2025-04-07,2249.39990234375,2208.62890625,3435185.0,0.0
HINDUNILVR.NS,2025-04-08,2289.25,2247.7568359375,2774874.0,0.0
HINDUNILVR.NS,2025-04-09,2350.0,2307.405517578125,2989089.0,0.0
HINDUNILVR.NS,2025-04-11,2366.14990234375,2323.2626953125,3836083.0,0.0
HINDUNILVR.NS,2025-04-15,2361.5,2318.697265625,3042779.0,0.0
HINDUNILVR.NS,2025-04-16,2366.60009765625,2323.704833984375,1131979.0,0.0
HINDUNILVR.NS,2025-04-17,2375.0,2331.95263671875,1962402.0,0.0
HINDUNILVR.NS,2025-04-21,2351.0,2308.387451171875,1478430.0,0.0
HINDUNILVR.NS,2025-04-22,2398.699951171875,2355.22314453125,2352346.0,0.0
HINDUNILVR.NS,2025-04-23,2423.800048828125,2379.8681640625,2226066.0,0.0
HINDUNILVR.NS,2025-04-24,2325.300048828125,2283.1533203125,7065430.0,0.0
HINDUNILVR.NS,2025-04-25,2332.199951171875,2289.92822265625,2859858.0,0.0
HINDUNILVR.NS,2025-04-28,2318.60009765625,2276.574951171875,1555660.0,0.0
HINDUNILVR.NS,2025-04-29,2321.699951171875,2279.618408203125,1896387.0,0.0
HINDUNILVR.NS,2025-04-30,2342.10009765625,2299.64892578125,2083807.0,0.0
HINDUNILVR.NS,2025-05-02,2318.60009765625,2276.574951171875,1424284.0,0.0
HINDUNILVR.NS,2025-05-05,2348.60009765625,2306.031005859375,2074103.0,0.0
HINDUNILVR.NS,2025-05-06,2381.800048828125,2338.629150390625,1888125.0,0.0
HINDUNILVR.NS,2025-05-07,2370.800048828125,2327.828857421875,1610400.0,0.0
HINDUNILVR.NS,2025-05-08,2354.89990234375,2312.216796875,2323073.0,0.0
HINDUNILVR.NS,2025-05-09,2332.89990234375,2290.615478515625,1805685.0,0.0
HINDUNILVR.NS,2025-05-12,2382.5,2339.316650390625,1274873.0,0.0
HINDUNILVR.NS,2025-05-13,2360.0,2317.224365234375,1929665.0,0.0
HINDUNILVR.NS,2025-05-14,2350.5,2307.896484375,1568111.0,0.0
HINDUNILVR.NS,2025-05-15,2355.199951171875,2312.51123046875,3236681.0,0.0
HINDUNILVR.NS,2025-05-16,2381.39990234375,2338.236328125,1473000.0,0.0
HINDUNILVR.NS,2025-05-19,2382.699951171875,2339.512939453125,936655.0,0.0
HINDUNILVR.NS,2025-05-20,2341.10009765625,2298.667236328125,1617408.0,0.0
HINDUNILVR.NS,2025-05-21,2363.89990234375,2321.053466796875,1570754.0,0.0
HINDUNILVR.NS,2025-05-22,2330.699951171875,2288.45556640625,2423653.0,0.0
HINDUNILVR.NS,2025-05-23,2359.199951171875,2316.438720703125,844118.0,0.0
HINDUNILVR.NS,2025-05-26,2394.10009765625,2350.706298828125,892618.0,0.0
HINDUNILVR.NS,2025-05-27,2380.199951171875,2337.058349609375,1865258.0,0.0
HINDUNILVR.NS,2025-05-28,2362.0,2319.188232421875,897517.0,0.0
HINDUNILVR.NS,2025-05-29,2366.699951171875,2323.802978515625,1111275.0,0.0
HINDUNILVR.NS,2025-05-30,2348.300048828125,2305.736572265625,3288892.0,0.0
HINDUNILVR.NS,2025-06-02,2371.60009765625,2328.6142578125,1178205.0,0.0
HINDUNILVR.NS,2025-06-03,2352.300048828125,2309.6640625,1643913.0,0.0
HINDUNILVR.NS,2025-06-04,2364.5,2321.642822265625,3287896.0,0.0
HINDUNILVR.NS,2025-06-05,2376.39990234375,2333.3271484375,1787978.0,0.0
HINDUNILVR.NS,2025-06-06,2389.800048828125,2346.484375,997488.0,0.0
HINDUNILVR.NS,2025-06-09,2393.199951171875,2349.822509765625,1293622.0,0.0
HINDUNILVR.NS,2025-06-10,2395.199951171875,2351.786376953125,1778782.0,0.0
HINDUNILVR.NS,2025-06-11,2376.39990234375,2333.3271484375,1977707.0,0.0
HINDUNILVR.NS,2025-06-12,2332.699951171875,2290.419189453125,3339584.0,0.0
HINDUNILVR.NS,2025-06-13,2319.0,2276.967529296875,1740682.0,0.0
HINDUNILVR.NS,2025-06-16,2327.39990234375,2285.215087890625,1105297.0,0.0
HINDUNILVR.NS,2025-06-17,2328.60009765625,2286.3935546875,1119284.0,0.0
HINDUNILVR.NS,2025-06-18,2297.300048828125,2255.660888671875,2056563.0,0.0
HINDUNILVR.NS,2025-06-19,2294.199951171875,2252.616943359375,1214549.0,0.0
HINDUNILVR.NS,2025-06-20,2306.199951171875,2264.399658203125,2685864.0,0.0
HINDUNILVR.NS,2025-06-23,2275.10009765625,2257.35498046875,842856.0,0.0
HINDUNILVR.NS,2025-06-24,2263.10009765625,2245.44873046875,2440747.0,0.0
HINDUNILVR.NS,2025-06-25,2278.699951171875,2260.9267578125,1047270.0,0.0
HINDUNILVR.NS,2025-06-26,2280.800048828125,2263.010498046875,1874722.0,0.0
HINDUNILVR.NS,2025-06-27,2306.89990234375,2288.90673828125,1050745.0,0.0
HINDUNILVR.NS,2025-06-30,2294.60009765625,2276.702880859375,1403754.0,0.0
HINDUNILVR.NS,2025-07-01,2295.5,2277.595703125,759914.0,0.0
HINDUNILVR.NS,2025-07-02,2307.10009765625,2289.10546875,1128034.0,0.0
HINDUNILVR.NS,2025-07-03,2313.39990234375,2295.356201171875,1060039.0,0.0
HINDUNILVR.NS,2025-07-04,2339.300048828125,2321.05419921875,1242346.0,0.0
HINDUNILVR.NS,2025-07-07,2410.39990234375,2391.599609375,2701583.0,0.0
HINDUNILVR.NS,2025-07-08,2392.699951171875,2374.03759765625,1471046.0,0.0
HINDUNILVR.NS,2025-07-09,2423.39990234375,2404.498046875,1741690.0,0.0
HINDUNILVR.NS,2025-07-10,2408.39990234375,2389.615234375,1053695.0,0.0
HINDUNILVR.NS,2025-07-11,2519.60009765625,2499.947998046875,7242235.0,0.0
HINDUNILVR.NS,2025-07-14,2516.60009765625,2496.971435546875,2427712.0,0.0
HINDUNILVR.NS,2025-07-15,2526.89990234375,2507.19091796875,1700294.0,0.0
HINDUNILVR.NS,2025-07-16,2517.60009765625,2497.963623046875,1284379.0,0.0
HINDUNILVR.NS,2025-07-17,2509.800048828125,2490.224365234375,807474.0,0.0
HINDUNILVR.NS,2025-07-18,2489.60009765625,2470.181884765625,771112.0,0.0
HINDUNILVR.NS,2025-07-21,2464.89990234375,2445.674560546875,1169960.0,0.0
HINDUNILVR.NS,2025-07-22,2479.699951171875,2460.359130859375,861632.0,0.0
HINDUNILVR.NS,2025-07-23,2450.39990234375,2431.28759765625,1320795.0,0.0
HINDUNILVR.NS,2025-07-24,2437.800048828125,2418.785888671875,693984.0,0.0
HINDUNILVR.NS,2025-07-25,2415.39990234375,2396.560546875,769388.0,0.0
HINDUNILVR.NS,2025-07-28,2441.60009765625,2422.556396484375,987995.0,0.0
HINDUNILVR.NS,2025-07-29,2453.60009765625,2434.462890625,732282.0,0.0
HINDUNILVR.NS,2025-07-30,2437.39990234375,2418.388916015625,1224146.0,0.0
HINDUNILVR.NS,2025-07-31,2521.199951171875,2501.535400390625,5505507.0,0.0
HINDUNILVR.NS,2025-08-01,2553.699951171875,2533.781982421875,4259653.0,0.0
HINDUNILVR.NS,2025-08-04,2543.699951171875,2523.85986328125,1293028.0,0.0
HINDUNILVR.NS,2025-08-05,2534.699951171875,2514.93017578125,756361.0,0.0
HINDUNILVR.NS,2025-08-06,2535.60009765625,2515.8232421875,885487.0,0.0
HINDUNILVR.NS,2025-08-07,2517.5,2497.8642578125,847151.0,0.0
HINDUNILVR.NS,2025-08-08,2498.60009765625,2479.11181640625,839794.0,0.0
HINDUNILVR.NS,2025-08-11,2518.39990234375,2498.757080078125,992436.0,0.0
HINDUNILVR.NS,2025-08-12,2483.800048828125,2464.42724609375,1406211.0,0.0
HINDUNILVR.NS,2025-08-13,2495.10009765625,2475.63916015625,969803.0,0.0
HINDUNILVR.NS,2025-08-14,2480.60009765625,2461.252197265625,1104362.0,0.0
HINDUNILVR.NS,2025-08-18,2568.10009765625,2548.06982421875,3089136.0,0.0
HINDUNILVR.NS,2025-08-19,2604.800048828125,2584.4833984375,1400717.0,0.0
HINDUNILVR.NS,2025-08-20,2669.800048828125,2648.9765625,3156954.0,0.0
HINDUNILVR.NS,2025-08-21,2648.0,2627.346435546875,2235686.0,0.0
HINDUNILVR.NS,2025-08-22,2629.89990234375,2609.387451171875,1223445.0,0.0
HINDUNILVR.NS,2025-08-25,2631.60009765625,2611.074462890625,667598.0,0.0
HINDUNILVR.NS,2025-08-26,2692.60009765625,2671.5986328125,4348648.0,0.0
HINDUNILVR.NS,2025-08-28,2654.39990234375,2633.696533203125,3198743.0,0.0
HINDUNILVR.NS,2025-08-29,2659.800048828125,2639.054443359375,1972773.0,0.0
HINDUNILVR.NS,2025-09-01,2649.5,2628.834716796875,1096729.0,0.0
HINDUNILVR.NS,2025-09-02,2677.0,2656.120361328125,1525106.0,0.0
HINDUNILVR.NS,2025-09-03,2664.699951171875,2643.916015625,1010692.0,0.0
HINDUNILVR.NS,2025-09-04,2666.60009765625,2645.801513671875,2494678.0,0.0
HINDUNILVR.NS,2025-09-05,2633.39990234375,2612.860107421875,944879.0,0.0
HINDUNILVR.NS,2025-09-08,2623.89990234375,2603.434326171875,903410.0,0.0
HINDUNILVR.NS,2025-09-09,2642.0,2621.393310546875,1610956.0,0.0
HINDUNILVR.NS,2025-09-10,2643.5,2622.881591796875,1031486.0,0.0
HINDUNILVR.NS,2025-09-11,2622.0,2601.54931640625,1212707.0,0.0
HINDUNILVR.NS,2025-09-12,2580.5,2560.372802734375,1368380.0,0.0
HINDUNILVR.NS,2025-09-15,2581.0,2560.868896484375,752745.0,0.0
HINDUNILVR.NS,2025-09-16,2580.89990234375,2560.769775390625,1040928.0,0.0
HINDUNILVR.NS,2025-09-17,2569.699951171875,2549.656982421875,970247.0,0.0
HINDUNILVR.NS,2025-09-18,2586.800048828125,2566.623779296875,1550153.0,0.0
HINDUNILVR.NS,2025-09-19,2559.60009765625,2539.635986328125,2214708.0,0.0
HINDUNILVR.NS,2025-09-22,2572.199951171875,2552.1376953125,1174161.0,0.0
HINDUNILVR.NS,2025-09-23,2522.199951171875,2502.527587890625,1430474.0,0.0
HINDUNILVR.NS,2025-09-24,2549.5,2529.61474609375,1882881.0,0.0
HINDUNILVR.NS,2025-09-25,2538.300048828125,2518.502197265625,1624258.0,0.0
HINDUNILVR.NS,2025-09-26,2511.800048828125,2492.208740234375,885612.0,0.0
HINDUNILVR.NS,2025-09-29,2497.89990234375,2478.4169921875,2403556.0,0.0
HINDUNILVR.NS,2025-09-30,2514.39990234375,2494.788330078125,1678088.0,0.0
HINDUNILVR.NS,2025-10-01,2536.199951171875,2516.41845703125,1483899.0,0.0
HINDUNILVR.NS,2025-10-03,2544.89990234375,2525.050537109375,1242611.0,0.0
HINDUNILVR.NS,2025-10-06,2541.800048828125,2521.974853515625,818923.0,0.0
HINDUNILVR.NS,2025-10-07,2517.199951171875,2497.566650390625,1291750.0,0.0
HINDUNILVR.NS,2025-10-08,2500.10009765625,2480.60009765625,1225128.0,0.0
HINDUNILVR.NS,2025-10-09,2517.60009765625,2497.963623046875,1259173.0,0.0
HINDUNILVR.NS,2025-10-10,2528.89990234375,2509.17529296875,1018875.0,0.0
HINDUNILVR.NS,2025-10-13,2492.800048828125,2473.35693359375,1114750.0,0.0
HINDUNILVR.NS,2025-10-14,2502.300048828125,2482.782958984375,1461017.0,0.0
HINDUNILVR.NS,2025-10-15,2519.0,2499.3525390625,881070.0,0.0
HINDUNILVR.NS,2025-10-16,2561.5,2541.52099609375,1446646.0,0.0
HINDUNILVR.NS,2025-10-17,2603.699951171875,2583.391845703125,2050690.0,0.0
HINDUNILVR.NS,2025-10-20,2594.39990234375,2574.164306640625,1011485.0,0.0
HINDUNILVR.NS,2025-10-21,2591.699951171875,2571.485595703125,82020.0,0.0
HINDUNILVR.NS,2025-10-23,2601.60009765625,2581.308349609375,3386744.0,0.0
HINDUNILVR.NS,2025-10-24,2516.39990234375,2496.772705078125,3110800.0,0.0
HINDUNILVR.NS,2025-10-27,2511.800048828125,2492.208740234375,2127832.0,0.0
HINDUNILVR.NS,2025-10-28,2497.10009765625,2477.62353515625,2294976.0,0.0
HINDUNILVR.NS,2025-10-29,2488.10009765625,2468.693603515625,1870143.0,0.0
HINDUNILVR.NS,2025-10-30,2469.60009765625,2450.337890625,1195631.0,0.0
HINDUNILVR.NS,2025-10-31,2465.5,2446.269775390625,1401937.0,0.0
HINDUNILVR.NS,2025-11-03,2460.0,2440.812744140625,1049185.0,0.0
HINDUNILVR.NS,2025-11-04,2445.699951171875,2426.624267578125,1251588.0,0.0
HINDUNILVR.NS,2025-11-06,2436.0,2417.0,1329256.0,0.0
HINDUNILVR.NS,2025-11-07,2414.0,2414.0,817896.0,0.0
HINDUNILVR.NS,2025-11-10,2408.800048828125,2408.800048828125,780558.0,0.0
HINDUNILVR.NS,2025-11-11,2427.5,2427.5,1422399.0,0.0
HINDUNILVR.NS,2025-11-12,2424.5,2424.5,1680827.0,0.0
HINDUNILVR.NS,2025-11-13,2407.60009765625,2407.60009765625,1256059.0,0.0
HINDUNILVR.NS,2025-11-14,2427.699951171875,2427.699951171875,975973.0,0.0
HINDUNILVR.NS,2025-11-17,2425.0,2425.0,920038.0,0.0
HINDUNILVR.NS,2025-11-18,2404.0,2404.0,1229034.0,0.0
HINDUNILVR.NS,2025-11-19,2441.60009765625,2441.60009765625,1465143.0,0.0
HINDUNILVR.NS,2025-11-20,2428.39990234375,2428.39990234375,1396929.0,0.0
HINDUNILVR.NS,2025-11-21,2433.699951171875,2433.699951171875,1840712.0,0.0
HINDUNILVR.NS,2025-11-24,2424.199951171875,2424.199951171875,4092327.0,0.0
HINDUNILVR.NS,2025-11-25,2414.10009765625,2414.10009765625,1240672.0,0.0
HINDUNILVR.NS,2025-11-26,2425.199951171875,2425.199951171875,1242683.0,0.0
HINDUNILVR.NS,2025-11-27,2451.699951171875,2451.699951171875,1872248.0,0.0
HINDUNILVR.NS,2025-11-28,2466.60009765625,2466.60009765625,973225.0,0.0
HINDUNILVR.NS,2025-12-01,2464.5,2464.5,1924828.0,0.0
HINDUNILVR.NS,2025-12-02,2477.800048828125,2477.800048828125,2179406.0,0.0
HINDUNILVR.NS,2025-12-03,2448.0,2448.0,3535932.0,0.0
HINDUNILVR.NS,2025-12-04,2462.199951171875,2462.199951171875,2587753.0,0.0
HINDUNILVR.NS,2025-12-05,2338.60009765625,2338.60009765625,4008271.0,0.0
HINDUNILVR.NS,2025-12-08,2314.0,2314.0,1898154.0,0.0
HINDUNILVR.NS,2025-12-09,2306.5,2306.5,1471488.0,0.0
HINDUNILVR.NS,2025-12-10,2301.699951171875,2301.699951171875,2857290.0,0.0
HINDUNILVR.NS,2025-12-11,2305.60009765625,2305.60009765625,1108032.0,0.0
HINDUNILVR.NS,2025-12-12,2260.60009765625,2260.60009765625,3203114.0,0.0
HINDUNILVR.NS,2025-12-15,2293.5,2293.5,1274115.0,0.0
HINDUNILVR.NS,2025-12-16,2281.10009765625,2281.10009765625,1256042.0,0.0
HINDUNILVR.NS,2025-12-17,2275.60009765625,2275.60009765625,808100.0,0.0
HINDUNILVR.NS,2025-12-18,2265.5,2265.5,1057295.0,0.0
HINDUNILVR.NS,2025-12-19,2280.0,2280.0,1237214.0,0.0
HINDUNILVR.NS,2025-12-22,2289.5,2289.5,790773.0,0.0
HINDUNILVR.NS,2025-12-23,2302.60009765625,2302.60009765625,1128801.0,0.0
HINDUNILVR.NS,2025-12-24,2282.199951171875,2282.199951171875,519380.0,0.0
HINDUNILVR.NS,2025-12-26,2285.39990234375,2285.39990234375,533626.0,0.0
HINDUNILVR.NS,2025-12-29,2293.300048828125,2293.300048828125,1086695.0,0.0
HINDUNILVR.NS,2025-12-30,2290.199951171875,2290.199951171875,1556717.0,0.0
HINDUNILVR.NS,2025-12-31,2315.89990234375,2315.89990234375,1324220.0,0.0
HINDUNILVR.NS,2026-01-01,2323.0,2323.0,758866.0,0.0
HINDUNILVR.NS,2026-01-02,2348.0,2348.0,973413.0,0.0
HINDUNILVR.NS,2026-01-05,2384.10009765625,2384.10009765625,1344113.0,0.0
HINDUNILVR.NS,2026-01-06,2424.699951171875,2424.699951171875,1584720.0,0.0
HINDUNILVR.NS,2026-01-07,2399.39990234375,2399.39990234375,892690.0,0.0
HINDUNILVR.NS,2026-01-08,2386.699951171875,2386.699951171875,1163828.0,0.0
HINDUNILVR.NS,2026-01-09,2372.60009765625,2372.60009765625,1189464.0,0.0
HINDUNILVR.NS,2026-01-12,2406.199951171875,2406.199951171875,1057665.0,0.0
HINDUNILVR.NS,2026-01-13,2389.5,2389.5,1519683.0,0.0
HINDUNILVR.NS,2026-01-14,2353.5,2353.5,1027639.0,0.0
HINDUNILVR.NS,2026-01-15,2353.5,2353.5,0.0,0.0
HINDUNILVR.NS,2026-01-16,2360.39990234375,2360.39990234375,1367606.0,0.0
HINDUNILVR.NS,2026-01-19,2413.89990234375,2413.89990234375,1505238.0,0.0
HINDUNILVR.NS,2026-01-20,2379.10009765625,2379.10009765625,1460806.0,0.0
HINDUNILVR.NS,2026-01-21,2368.0,2368.0,1020245.0,0.0
HINDUNILVR.NS,2026-01-22,2390.60009765625,2390.60009765625,1745964.0,0.0
HINDUNILVR.NS,2026-01-23,2409.5,2409.5,1378097.0,0.0
HINDUNILVR.NS,2026-01-27,2400.89990234375,2400.89990234375,2060117.0,0.0
HINDUNILVR.NS,2026-01-28,2378.39990234375,2378.39990234375,1797593.0,0.0
HINDUNILVR.NS,2026-01-29,2352.60009765625,2352.60009765625,1478536.0,0.0
HINDUNILVR.NS,2026-01-30,2373.0,2373.0,2090462.0,0.0
HINDUNILVR.NS,2026-02-02,2357.300048828125,2357.300048828125,1375089.0,0.0
HINDUNILVR.NS,2026-02-03,2368.60009765625,2368.60009765625,1553270.0,0.0
HINDUNILVR.NS,2026-02-04,2371.0,2371.0,1232755.0,0.0
HINDUNILVR.NS,2026-02-05,2354.39990234375,2354.39990234375,1962066.0,0.0
HINDUNILVR.NS,2026-02-06,2424.199951171875,2424.199951171875,1421995.0,0.0
HINDUNILVR.NS,2026-02-09,2435.0,2435.0,958484.0,0.0
HINDUNILVR.NS,2026-02-10,2453.60009765625,2453.60009765625,792532.0,0.0
HINDUNILVR.NS,2026-02-11,2462.89990234375,2462.89990234375,1137845.0,0.0
ICICIBANK.NS,2025-02-11,1252.75,1243.15771484375,6586627.0,0.0
ICICIBANK.NS,2025-02-12,1251.800048828125,1242.2149658203125,8809352.0,0.0
ICICIBANK.NS,2025-02-13,1248.9000244140625,1239.337158203125,7263785.0,0.0
ICICIBANK.NS,2025-02-14,1260.0999755859375,1250.451416015625,10368438.0,0.0
ICICIBANK.NS,2025-02-17,1251.1500244140625,1241.5699462890625,8386151.0,0.0
ICICIBANK.NS,2025-02-18,1243.050048828125,1233.531982421875,8135042.0,0.0
ICICIBANK.NS,2025-02-19,1261.6500244140625,1251.9896240234375,10683412.0,0.0
ICICIBANK.NS,2025-02-20,1249.949951171875,1240.379150390625,8398849.0,0.0
ICICIBANK.NS,2025-02-21,1232.949951171875,1223.50927734375,7786428.0,0.0
ICICIBANK.NS,2025-02-24,1218.3499755859375,1209.0211181640625,11522480.0,0.0
ICICIBANK.NS,2025-02-25,1224.1500244140625,1214.7767333984375,11059417.0,0.0
ICICIBANK.NS,2025-02-27,1222.449951171875,1213.0897216796875,12008162.0,0.0
ICICIBANK.NS,2025-02-28,1204.0999755859375,1194.8802490234375,20215075.0,0.0
ICICIBANK.NS,2025-03-03,1206.199951171875,1196.964111328125,8158881.0,0.0
ICICIBANK.NS,2025-03-04,1210.4000244140625,1201.1319580078125,9574490.0,0.0
ICICIBANK.NS,2025-03-05,1215.699951171875,1206.391357421875,9052846.0,0.0
ICICIBANK.NS,2025-03-06,1218.050048828125,1208.7235107421875,11949475.0,0.0
ICICIBANK.NS,2025-03-07,1214.550048828125,1205.250244140625,6620284.0,0.0
ICICIBANK.NS,2025-03-10,1214.8499755859375,1205.5478515625,7363437.0,0.0
ICICIBANK.NS,2025-03-11,1245.4000244140625,1235.864013671875,10927950.0,0.0
ICICIBANK.NS,2025-03-12,1243.949951171875,1234.425048828125,11548372.0,0.0
ICICIBANK.NS,2025-03-13,1250.050048828125,1240.4783935546875,8132940.0,0.0
ICICIBANK.NS,2025-03-17,1269.0,1259.2833251953125,11164812.0,0.0
ICICIBANK.NS,2025-03-18,1269.0,1259.2833251953125,0.0,0.0
ICICIBANK.NS,2025-03-19,1313.0999755859375,1303.0455322265625,11278014.0,0.0
ICICIBANK.NS,2025-03-20,1321.699951171875,1311.5797119140625,10886735.0,0.0
ICICIBANK.NS,2025-03-21,1343.0999755859375,1332.81591796875,60494318.0,0.0
ICICIBANK.NS,2025-03-24,1358.1500244140625,1347.750732421875,9352280.0,0.0
ICICIBANK.NS,2025-03-25,1343.699951171875,1333.4112548828125,16419207.0,0.0
ICICIBANK.NS,2025-03-26,1335.9000244140625,1325.6710205078125,10859639.0,0.0
ICICIBANK.NS,2025-03-27,1336.6500244140625,1326.415283203125,15109614.0,0.0
ICICIBANK.NS,2025-03-28,1348.3499755859375,1338.025634765625,8266544.0,0.0
ICICIBANK.NS,2025-04-01,1318.449951171875,1308.3546142578125,14288024.0,0.0
ICICIBANK.NS,2025-04-02,1331.25,1321.056640625,8042214.0,0.0
ICICIBANK.NS,2025-04-03,1329.550048828125,1319.3697509765625,4591008.0,0.0
ICICIBANK.NS,2025-04-04,1335.300048828125,1325.07568359375,8648542.0,0.0
ICICIBANK.NS,2025-04-07,1287.550048828125,1277.6912841796875,19185012.0,0.0
ICICIBANK.NS,2025-04-08,1299.9000244140625,1289.9466552734375,13085762.0,0.0
ICICIBANK.NS,2025-04-09,1300.800048828125,1290.83984375,13005622.0,0.0
ICICIBANK.NS,2025-04-11,1311.6500244140625,1301.606689453125,13064247.0,0.0
ICICIBANK.NS,2025-04-15,1350.199951171875,1339.8614501953125,15202603.0,0.0
ICICIBANK.NS,2025-04-16,1356.4000244140625,1346.0140380859375,14039073.0,0.0
ICICIBANK.NS,2025-04-17,1406.699951171875,1395.9288330078125,17490424.0,0.0
ICICIBANK.NS,2025-04-21,1409.800048828125,1399.0052490234375,16882426.0,0.0
ICICIBANK.NS,2025-04-22,1416.5,1405.6539306640625,16135274.0,0.0
ICICIBANK.NS,2025-04-23,1424.4000244140625,1413.493408203125,13990764.0,0.0
ICICIBANK.NS,2025-04-24,1402.699951171875,1391.95947265625,15678099.0,0.0
ICICIBANK.NS,2025-04-25,1404.800048828125,1394.04345703125,11705093.0,0.0
ICICIBANK.NS,2025-04-28,1428.800048828125,1417.8597412109375,10948561.0,0.0
ICICIBANK.NS,2025-04-29,1429.800048828125,1418.85205078125,10786910.0,0.0
ICICIBANK.NS,2025-04-30,1427.0,1416.073486328125,14192027.0,0.0
ICICIBANK.NS,2025-05-02,1430.0999755859375,1419.149658203125,8842434.0,0.0
ICICIBANK.NS,2025-05-05,1429.4000244140625,1418.455078125,4565705.0,0.0
ICICIBANK.NS,2025-05-06,1431.5999755859375,1420.63818359375,6301690.0,0.0
ICICIBANK.NS,2025-05-07,1435.4000244140625,1424.4091796875,10480453.0,0.0
ICICIBANK.NS,2025-05-08,1435.5,1424.5084228515625,15306490.0,0.0
ICICIBANK.NS,2025-05-09,1388.9000244140625,1378.2652587890625,13491197.0,0.0
ICICIBANK.NS,2025-05-12,1448.5,1437.4088134765625,9925445.0,0.0
ICICIBANK.NS,2025-05-13,1430.5999755859375,1419.6458740234375,12475424.0,0.0
ICICIBANK.NS,2025-05-14,1426.199951171875,1415.279541015625,8026837.0,0.0
ICICIBANK.NS,2025-05-15,1450.800048828125,1439.6912841796875,18209264.0,0.0
ICICIBANK.NS,2025-05-16,1454.0,1442.86669921875,6439208.0,0.0
ICICIBANK.NS,2025-05-19,1449.0,1437.905029296875,6005334.0,0.0
ICICIBANK.NS,2025-05-20,1438.199951171875,1427.1876220703125,11352383.0,0.0
ICICIBANK.NS,2025-05-21,1444.699951171875,1433.637939453125,5510460.0,0.0
ICICIBANK.NS,2025-05-22,1442.0999755859375,1431.057861328125,7245933.0,0.0
ICICIBANK.NS,2025-05-23,1449.800048828125,1438.698974609375,5203706.0,0.0
ICICIBANK.NS,2025-05-26,1460.5999755859375,1449.4161376953125,5608725.0,0.0
ICICIBANK.NS,2025-05-27,1446.4000244140625,1435.324951171875,14842959.0,0.0
ICICIBANK.NS,2025-05-28,1453.800048828125,1442.6683349609375,8618343.0,0.0
ICICIBANK.NS,2025-05-29,1456.5,1445.3475341796875,15545514.0,0.0
ICICIBANK.NS,2025-05-30,1445.800048828125,1434.7296142578125,11803975.0,0.0
ICICIBANK.NS,2025-06-02,1450.5,1439.3935546875,9458990.0,0.0
ICICIBANK.NS,2025-06-03,1437.9000244140625,1426.8900146484375,11167345.0,0.0
ICICIBANK.NS,2025-06-04,1431.0,1420.0428466796875,8025388.0,0.0
ICICIBANK.NS,2025-06-05,1454.800048828125,1443.66064453125,11385668.0,0.0
ICICIBANK.NS,2025-06-06,1459.699951171875,1448.5230712890625,11580994.0,0.0
ICICIBANK.NS,2025-06-09,1434.800048828125,1423.8138427734375,11022031.0,0.0
ICICIBANK.NS,2025-06-10,1422.9000244140625,1412.0048828125,12905272.0,0.0
ICICIBANK.NS,2025-06-11,1431.0,1420.0428466796875,7136877.0,0.0
ICICIBANK.NS,2025-06-12,1425.199951171875,1414.2872314453125,7953247.0,0.0
ICICIBANK.NS,2025-06-13,1416.0999755859375,1405.2569580078125,7573103.0,0.0
ICICIBANK.NS,2025-06-16,1426.9000244140625,1415.9742431640625,5451137.0,0.0
ICICIBANK.NS,2025-06-17,1423.199951171875,1412.302490234375,6970098.0,0.0
ICICIBANK.NS,2025-06-18,1412.5999755859375,1401.78369140625,6751745.0,0.0
ICICIBANK.NS,2025-06-19,1411.300048828125,1400.4937744140625,8849883.0,0.0
ICICIBANK.NS,2025-06-20,1427.0999755859375,1416.1727294921875,12408178.0,0.0
ICICIBANK.NS,2025-06-23,1420.0999755859375,1409.226318359375,5514384.0,0.0
ICICIBANK.NS,2025-06-24,1424.0999755859375,1413.1956787109375,11188438.0,0.0
ICICIBANK.NS,2025-06-25,1425.800048828125,1414.8826904296875,7527388.0,0.0
ICICIBANK.NS,2025-06-26,1439.0999755859375,1428.080810546875,13617435.0,0.0
ICICIBANK.NS,2025-06-27,1462.199951171875,1451.00390625,22532899.0,0.0
ICICIBANK.NS,2025-06-30,1445.800048828125,1434.7296142578125,6325073.0,0.0
ICICIBANK.NS,2025-07-01,1432.0,1421.03515625,7761449.0,0.0
ICICIBANK.NS,2025-07-02,1427.800048828125,1416.867431640625,13372280.0,0.0
ICICIBANK.NS,2025-07-03,1425.9000244140625,1414.98193359375,10177738.0,0.0
ICICIBANK.NS,2025-07-04,1442.800048828125,1431.7525634765625,5066503.0,0.0
ICICIBANK.NS,2025-07-07,1435.699951171875,1424.706787109375,5177477.0,0.0
ICICIBANK.NS,2025-07-08,1442.0,1430.9586181640625,5315847.0,0.0
ICICIBANK.NS,2025-07-09,1431.9000244140625,1420.93603515625,8827347.0,0.0
ICICIBANK.NS,2025-07-10,1424.0999755859375,1413.1956787109375,7795964.0,0.0
ICICIBANK.NS,2025-07-11,1421.9000244140625,1411.0125732421875,7158015.0,0.0
ICICIBANK.NS,2025-07-14,1423.0,1412.1041259765625,5846154.0,0.0
ICICIBANK.NS,2025-07-15,1430.800048828125,1419.844482421875,6041457.0,0.0
ICICIBANK.NS,2025-07-16,1426.4000244140625,1415.4781494140625,5649093.0,0.0
ICICIBANK.NS,2025-07-17,1418.699951171875,1407.8370361328125,12927394.0,0.0
ICICIBANK.NS,2025-07-18,1425.800048828125,1414.8826904296875,11297246.0,0.0
ICICIBANK.NS,2025-07-21,1465.800048828125,1454.576416015625,13867136.0,0.0
ICICIBANK.NS,2025-07-22,1473.5999755859375,1462.316650390625,8930165.0,0.0
ICICIBANK.NS,2025-07-23,1488.5999755859375,1477.2017822265625,11974174.0,0.0
ICICIBANK.NS,2025-07-24,1483.4000244140625,1472.0416259765625,6700578.0,0.0
ICICIBANK.NS,2025-07-25,1477.0999755859375,1465.789794921875,8696077.0,0.0
ICICIBANK.NS,2025-07-28,1488.4000244140625,1477.00341796875,7507479.0,0.0
ICICIBANK.NS,2025-07-29,1486.199951171875,1474.8201904296875,9776027.0,0.0
ICICIBANK.NS,2025-07-30,1482.4000244140625,1471.04931640625,7238625.0,0.0
ICICIBANK.NS,2025-07-31,1481.4000244140625,1470.0570068359375,12406146.0,0.0
ICICIBANK.NS,2025-08-01,1471.5999755859375,1460.3319091796875,4416771.0,0.0
ICICIBANK.NS,2025-08-04,1463.199951171875,1451.9962158203125,6140054.0,0.0
ICICIBANK.NS,2025-08-05,1444.4000244140625,1433.3402099609375,14799343.0,0.0
ICICIBANK.NS,2025-08-06,1443.5999755859375,1432.54638671875,7805252.0,0.0
ICICIBANK.NS,2025-08-07,1440.300048828125,1429.271728515625,7432535.0,0.0
ICICIBANK.NS,2025-08-08,1435.9000244140625,1424.9053955078125,5415511.0,0.0
ICICIBANK.NS,2025-08-11,1436.5999755859375,1425.5999755859375,8492484.0,0.0
ICICIBANK.NS,2025-08-12,1422.0,1422.0,5913947.0,0.0
ICICIBANK.NS,2025-08-13,1420.800048828125,1420.800048828125,9009465.0,0.0
ICICIBANK.NS,2025-08-14,1427.300048828125,1427.300048828125,7577793.0,0.0
ICICIBANK.NS,2025-08-18,1434.5999755859375,1434.5999755859375,6908844.0,0.0
ICICIBANK.NS,2025-08-19,1436.300048828125,1436.300048828125,6709554.0,0.0
ICICIBANK.NS,2025-08-20,1430.5999755859375,1430.5999755859375,5817858.0,0.0
ICICIBANK.NS,2025-08-21,1446.0,1446.0,6238645.0,0.0
ICICIBANK.NS,2025-08-22,1436.4000244140625,1436.4000244140625,6657207.0,0.0
ICICIBANK.NS,2025-08-25,1433.199951171875,1433.199951171875,6738427.0,0.0
ICICIBANK.NS,2025-08-26,1416.5999755859375,1416.5999755859375,8720155.0,0.0
ICICIBANK.NS,2025-08-28,1399.0999755859375,1399.0999755859375,12990789.0,0.0
ICICIBANK.NS,2025-08-29,1397.800048828125,1397.800048828125,8519507.0,0.0
ICICIBANK.NS,2025-09-01,1411.0,1411.0,4927348.0,0.0
ICICIBANK.NS,2025-09-02,1394.199951171875,1394.199951171875,7163073.0,0.0
ICICIBANK.NS,2025-09-03,1397.0,1397.0,9813382.0,0.0
ICICIBANK.NS,2025-09-04,1405.5,1405.5,10564859.0,0.0
ICICIBANK.NS,2025-09-05,1402.800048828125,1402.800048828125,6621077.0,0.0
ICICIBANK.NS,2025-09-08,1402.699951171875,1402.699951171875,5880943.0,0.0
ICICIBANK.NS,2025-09-09,1403.699951171875,1403.699951171875,6470679.0,0.0
ICICIBANK.NS,2025-09-10,1403.9000244140625,1403.9000244140625,7452347.0,0.0
ICICIBANK.NS,2025-09-11,1401.5999755859375,1401.5999755859375,10192026.0,0.0
ICICIBANK.NS,2025-09-12,1417.699951171875,1417.699951171875,7770038.0,0.0
ICICIBANK.NS,2025-09-15,1419.4000244140625,1419.4000244140625,5845637.0,0.0
ICICIBANK.NS,2025-09-16,1421.5999755859375,1421.5999755859375,8213151.0,0.0
ICICIBANK.NS,2025-09-17,1419.199951171875,1419.199951171875,7484283.0,0.0
ICICIBANK.NS,2025-09-18,1421.699951171875,1421.699951171875,8130537.0,0.0
ICICIBANK.NS,2025-09-19,1402.199951171875,1402.199951171875,13457344.0,0.0
ICICIBANK.NS,2025-09-22,1401.5,1401.5,8847948.0,0.0
ICICIBANK.NS,2025-09-23,1394.300048828125,1394.300048828125,12827524.0,0.0
ICICIBANK.NS,2025-09-24,1382.699951171875,1382.699951171875,9735678.0,0.0
ICICIBANK.NS,2025-09-25,1375.800048828125,1375.800048828125,21613389.0,0.0
ICICIBANK.NS,2025-09-26,1359.5999755859375,1359.5999755859375,18342280.0,0.0
ICICIBANK.NS,2025-09-29,1348.0999755859375,1348.0999755859375,20563163.0,0.0
ICICIBANK.NS,2025-09-30,1348.0,1348.0,20166871.0,0.0
ICICIBANK.NS,2025-10-01,1372.0,1372.0,20952632.0,0.0
ICICIBANK.NS,2025-10-03,1365.199951171875,1365.199951171875,12163695.0,0.0
ICICIBANK.NS,2025-10-06,1363.4000244140625,1363.4000244140625,14314283.0,0.0
ICICIBANK.NS,2025-10-07,1375.9000244140625,1375.9000244140625,16126464.0,0.0
ICICIBANK.NS,2025-10-08,1370.300048828125,1370.300048828125,8100832.0,0.0
ICICIBANK.NS,2025-10-09,1376.199951171875,1376.199951171875,7909575.0,0.0
ICICIBANK.NS,2025-10-10,1380.300048828125,1380.300048828125,7673816.0,0.0
ICICIBANK.NS,2025-10-13,1379.4000244140625,1379.4000244140625,8923018.0,0.0
ICICIBANK.NS,2025-10-14,1384.0999755859375,1384.0999755859375,10610855.0,0.0
ICICIBANK.NS,2025-10-15,1398.4000244140625,1398.4000244140625,8988550.0,0.0
ICICIBANK.NS,2025-10-16,1417.300048828125,1417.300048828125,12185032.0,0.0
ICICIBANK.NS,2025-10-17,1436.5999755859375,1436.5999755859375,17037215.0,0.0
ICICIBANK.NS,2025-10-20,1390.300048828125,1390.300048828125,23330227.0,0.0
ICICIBANK.NS,2025-10-21,1382.0,1382.0,3415560.0,0.0
ICICIBANK.NS,2025-10-23,1363.699951171875,1363.699951171875,21124942.0,0.0
ICICIBANK.NS,2025-10-24,1377.699951171875,1377.699951171875,10570263.0,0.0
ICICIBANK.NS,2025-10-27,1377.5999755859375,1377.5999755859375,11499836.0,0.0
ICICIBANK.NS,2025-10-28,1363.0999755859375,1363.0999755859375,26477914.0,0.0
ICICIBANK.NS,2025-10-29,1370.4000244140625,1370.4000244140625,16129382.0,0.0
ICICIBANK.NS,2025-10-30,1362.4000244140625,1362.4000244140625,9324401.0,0.0
ICICIBANK.NS,2025-10-31,1345.300048828125,1345.300048828125,15926798.0,0.0
ICICIBANK.NS,2025-11-03,1346.4000244140625,1346.4000244140625,11071450.0,0.0
ICICIBANK.NS,2025-11-04,1336.9000244140625,1336.9000244140625,15211183.0,0.0
ICICIBANK.NS,2025-11-06,1320.4000244140625,1320.4000244140625,24221853.0,0.0
ICICIBANK.NS,2025-11-07,1343.0,1343.0,7719245.0,0.0
ICICIBANK.NS,2025-11-10,1348.0,1348.0,8542340.0,0.0
ICICIBANK.NS,2025-11-11,1358.300048828125,1358.300048828125,8305184.0,0.0
ICICIBANK.NS,2025-11-12,1358.9000244140625,1358.9000244140625,9736761.0,0.0
ICICIBANK.NS,2025-11-13,1385.9000244140625,1385.9000244140625,18296626.0,0.0
ICICIBANK.NS,2025-11-14,1373.0,1373.0,9694498.0,0.0
ICICIBANK.NS,2025-11-17,1379.0,1379.0,7660717.0,0.0
ICICIBANK.NS,2025-11-18,1373.4000244140625,1373.4000244140625,9529560.0,0.0
ICICIBANK.NS,2025-11-19,1383.0999755859375,1383.0999755859375,10393918.0,0.0
ICICIBANK.NS,2025-11-20,1383.0,1383.0,10131863.0,0.0
ICICIBANK.NS,2025-11-21,1369.5,1369.5,11483595.0,0.0
ICICIBANK.NS,2025-11-24,1368.4000244140625,1368.4000244140625,15896003.0,0.0
ICICIBANK.NS,2025-11-25,1357.800048828125,1357.800048828125,12235000.0,0.0
ICICIBANK.NS,2025-11-26,1375.0,1375.0,9659004.0,0.0
ICICIBANK.NS,2025-11-27,1392.199951171875,1392.199951171875,15158741.0,0.0
ICICIBANK.NS,2025-11-28,1388.800048828125,1388.800048828125,7683986.0,0.0
ICICIBANK.NS,2025-12-01,1390.0999755859375,1390.0999755859375,8867593.0,0.0
ICICIBANK.NS,2025-12-02,1373.0,1373.0,12126396.0,0.0
ICICIBANK.NS,2025-12-03,1391.5,1391.5,7955933.0,0.0
ICICIBANK.NS,2025-12-04,1386.699951171875,1386.699951171875,7373909.0,0.0
ICICIBANK.NS,2025-12-05,1392.5,1392.5,4942638.0,0.0
ICICIBANK.NS,2025-12-08,1389.5999755859375,1389.5999755859375,7826227.0,0.0
ICICIBANK.NS,2025-12-09,1375.199951171875,1375.199951171875,10492030.0,0.0
ICICIBANK.NS,2025-12-10,1363.5999755859375,1363.5999755859375,8725381.0,0.0
ICICIBANK.NS,2025-12-11,1360.0,1360.0,6734750.0,0.0
ICICIBANK.NS,2025-12-12,1366.0,1366.0,3890885.0,0.0
ICICIBANK.NS,2025-12-15,1365.199951171875,1365.199951171875,5342530.0,0.0
ICICIBANK.NS,2025-12-16,1366.0,1366.0,12359741.0,0.0
ICICIBANK.NS,2025-12-17,1352.4000244140625,1352.4000244140625,9440391.0,0.0
ICICIBANK.NS,2025-12-18,1356.800048828125,1356.800048828125,7314573.0,0.0
ICICIBANK.NS,2025-12-19,1354.0999755859375,1354.0999755859375,14318512.0,0.0
ICICIBANK.NS,2025-12-22,1368.5,1368.5,9375294.0,0.0
ICICIBANK.NS,2025-12-23,1363.0,1363.0,9105467.0,0.0
ICICIBANK.NS,2025-12-24,1359.800048828125,1359.800048828125,8955140.0,0.0
ICICIBANK.NS,2025-12-26,1350.4000244140625,1350.4000244140625,2812144.0,0.0
ICICIBANK.NS,2025-12-29,1343.300048828125,1343.300048828125,6057201.0,0.0
ICICIBANK.NS,2025-12-30,1342.5,1342.5,18621277.0,0.0
ICICIBANK.NS,2025-12-31,1342.9000244140625,1342.9000244140625,6150634.0,0.0
ICICIBANK.NS,2026-01-01,1338.0,1338.0,4179311.0,0.0
ICICIBANK.NS,2026-01-02,1355.4000244140625,1355.4000244140625,8226205.0,0.0
ICICIBANK.NS,2026-01-05,1371.5,1371.5,6920565.0,0.0
ICICIBANK.NS,2026-01-06,1411.199951171875,1411.199951171875,17260416.0,0.0
ICICIBANK.NS,2026-01-07,1427.699951171875,1427.699951171875,15813795.0,0.0
ICICIBANK.NS,2026-01-08,1435.0,1435.0,14861699.0,0.0
ICICIBANK.NS,2026-01-09,1404.300048828125,1404.300048828125,12555636.0,0.0
ICICIBANK.NS,2026-01-12,1413.0999755859375,1413.0999755859375,10923811.0,0.0
ICICIBANK.NS,2026-01-13,1437.0,1437.0,14295581.0,0.0
ICICIBANK.NS,2026-01-14,1418.4000244140625,1418.4000244140625,13832255.0,0.0
ICICIBANK.NS,2026-01-15,1418.4000244140625,1418.4000244140625,0.0,0.0
ICICIBANK.NS,2026-01-16,1410.800048828125,1410.800048828125,12530886.0,0.0
ICICIBANK.NS,2026-01-19,1380.5999755859375,1380.5999755859375,23302883.0,0.0
ICICIBANK.NS,2026-01-20,1375.800048828125,1375.800048828125,15012785.0,0.0
ICICIBANK.NS,2026-01-21,1349.0,1349.0,21766068.0,0.0
ICICIBANK.NS,2026-01-22,1345.5,1345.5,17179765.0,0.0
ICICIBANK.NS,2026-01-23,1343.4000244140625,1343.4000244140625,14056524.0,0.0
ICICIBANK.NS,2026-01-27,1361.4000244140625,1361.4000244140625,25263634.0,0.0
ICICIBANK.NS,2026-01-28,1367.699951171875,1367.699951171875,13242696.0,0.0
ICICIBANK.NS,2026-01-29,1383.5999755859375,1383.5999755859375,23118234.0,0.0
ICICIBANK.NS,2026-01-30,1355.0,1355.0,24013717.0,0.0
ICICIBANK.NS,2026-02-02,1352.800048828125,1352.800048828125,12800245.0,0.0
ICICIBANK.NS,2026-02-03,1389.699951171875,1389.699951171875,24896698.0,0.0
ICICIBANK.NS,2026-02-04,1408.4000244140625,1408.4000244140625,11080683.0,0.0
ICICIBANK.NS,2026-02-05,1396.5,1396.5,8982761.0,0.0
ICICIBANK.NS,2026-02-06,1406.0999755859375,1406.0999755859375,10851190.0,0.0
ICICIBANK.NS,2026-02-09,1396.300048828125,1396.300048828125,7889742.0,0.0
ICICIBANK.NS,2026-02-10,1406.5,1406.5,16497628.0,0.0
ICICIBANK.NS,2026-02-11,1406.0999755859375,1406.0999755859375,8551329.0,0.0
ITC.NS,2025-02-11,418.29998779296875,396.049560546875,14288751.0,0.0
ITC.NS,2025-02-12,409.8999938964844,394.22222900390625,13884574.0,0.0
ITC.NS,2025-02-13,409.70001220703125,394.0299072265625,12989029.0,0.0
ITC.NS,2025-02-14,410.25,394.558837890625,14124236.0,0.0
ITC.NS,2025-02-17,408.6000061035156,392.97198486328125,11975265.0,0.0
ITC.NS,2025-02-18,405.25,389.7500915527344,12998403.0,0.0
ITC.NS,2025-02-19,406.3999938964844,390.8561096191406,7079032.0,0.0
ITC.NS,2025-02-20,402.04998779296875,386.6724853515625,15355585.0,0.0
ITC.NS,2025-02-21,400.8999938964844,385.5664367675781,8240986.0,0.0
ITC.NS,2025-02-24,401.8999938964844,386.5282287597656,7037625.0,0.0
ITC.NS,2025-02-25,404.8500061035156,389.3653869628906,15760891.0,0.0
ITC.NS,2025-02-27,401.6000061035156,386.23968505859375,19051003.0,0.0
ITC.NS,2025-02-28,395.0,379.8921203613281,31954776.0,0.0
ITC.NS,2025-03-03,397.45001220703125,382.2484436035156,10702826.0,0.0
ITC.NS,2025-03-04,394.8500061035156,379.74786376953125,13404774.0,0.0
ITC.NS,2025-03-05,405.04998779296875,389.5577087402344,15665018.0,0.0
ITC.NS,2025-03-06,405.70001220703125,390.1828918457031,17869996.0,0.0
ITC.NS,2025-03-07,403.8999938964844,388.45172119140625,11180761.0,0.0
ITC.NS,2025-03-10,405.0,389.5096435546875,9785018.0,0.0
ITC.NS,2025-03-11,406.20001220703125,390.66375732421875,11099475.0,0.0
ITC.NS,2025-03-12,412.3999938964844,396.6266174316406,13844306.0,0.0
ITC.NS,2025-03-13,412.04998779296875,396.28997802734375,8196569.0,0.0
ITC.NS,2025-03-17,407.95001220703125,392.3468322753906,5257805.0,0.0
ITC.NS,2025-03-18,409.1000061035156,393.45281982421875,13861897.0,0.0
ITC.NS,2025-03-19,403.04998779296875,387.63421630859375,12830387.0,0.0
ITC.NS,2025-03-20,403.95001220703125,388.49981689453125,16994037.0,0.0
ITC.NS,2025-03-21,405.54998779296875,390.0386047363281,25302035.0,0.0
ITC.NS,2025-03-24,410.8999938964844,395.1839904785156,14362572.0,0.0
ITC.NS,2025-03-25,409.79998779296875,394.12603759765625,20338110.0,0.0
ITC.NS,2025-03-26,407.3500061035156,391.769775390625,13891436.0,0.0
ITC.NS,2025-03-27,409.45001220703125,393.7894592285156,18642328.0,0.0
ITC.NS,2025-03-28,409.75,394.0779724121094,12981873.0,0.0
ITC.NS,2025-04-01,406.6499938964844,391.0965576171875,15206240.0,0.0
ITC.NS,2025-04-02,409.04998779296875,393.40472412109375,8001323.0,0.0
ITC.NS,2025-04-03,409.3999938964844,393.7413330078125,7059566.0,0.0
ITC.NS,2025-04-04,409.70001220703125,394.0299072265625,18627592.0,0.0
ITC.NS,2025-04-07,406.04998779296875,390.51947021484375,26762866.0,0.0
ITC.NS,2025-04-08,412.54998779296875,396.7708740234375,18600796.0,0.0
ITC.NS,2025-04-09,416.29998779296875,400.37744140625,21785572.0,0.0
ITC.NS,2025-04-11,421.54998779296875,405.4266052246094,8939356.0,0.0
ITC.NS,2025-04-15,420.3999938964844,404.32061767578125,11685880.0,0.0
ITC.NS,2025-04-16,424.45001220703125,408.2157287597656,13034594.0,0.0
ITC.NS,2025-04-17,427.25,410.90863037109375,22410217.0,0.0
ITC.NS,2025-04-21,422.8500061035156,406.67694091796875,27388236.0,0.0
ITC.NS,2025-04-22,433.6000061035156,417.0157775878906,32031936.0,0.0
ITC.NS,2025-04-23,430.8500061035156,414.3709411621094,19566317.0,0.0
ITC.NS,2025-04-24,430.04998779296875,413.60150146484375,26064089.0,0.0
ITC.NS,2025-04-25,427.79998779296875,411.4375915527344,22944377.0,0.0
ITC.NS,2025-04-28,428.79998779296875,412.3993225097656,6287095.0,0.0
ITC.NS,2025-04-29,426.0,409.7064208984375,11189930.0,0.0
ITC.NS,2025-04-30,425.79998779296875,409.5140686035156,10026546.0,0.0
ITC.NS,2025-05-02,429.5,413.07257080078125,9263372.0,0.0
ITC.NS,2025-05-05,436.95001220703125,420.2376403808594,11525305.0,0.0
ITC.NS,2025-05-06,435.54998779296875,418.89117431640625,15026568.0,0.0
ITC.NS,2025-05-07,431.1499938964844,414.6594543457031,9710361.0,0.0
ITC.NS,2025-05-08,430.6000061035156,414.1304931640625,19937960.0,0.0
ITC.NS,2025-05-09,423.54998779296875,407.35015869140625,8226512.0,0.0
ITC.NS,2025-05-12,435.5,418.8431091308594,8031891.0,0.0
ITC.NS,2025-05-13,427.8999938964844,411.53375244140625,14976369.0,0.0
ITC.NS,2025-05-14,429.1000061035156,412.6878967285156,9557309.0,0.0
ITC.NS,2025-05-15,432.6499938964844,416.1020812988281,24263510.0,0.0
ITC.NS,2025-05-16,435.70001220703125,419.03546142578125,16402035.0,0.0
ITC.NS,2025-05-19,435.3500061035156,418.6988220214844,7543854.0,0.0
ITC.NS,2025-05-20,434.8999938964844,418.2660217285156,9868414.0,0.0
ITC.NS,2025-05-21,433.0,416.438720703125,5776672.0,0.0
ITC.NS,2025-05-22,426.1000061035156,409.8026123046875,19451749.0,0.0
ITC.NS,2025-05-23,436.29998779296875,419.61248779296875,18536884.0,0.0
ITC.NS,2025-05-26,442.8999938964844,425.9600524902344,13107662.0,0.0
ITC.NS,2025-05-27,433.8999938964844,417.3042907714844,26986022.0,0.0
ITC.NS,2025-05-28,420.20001220703125,411.57440185546875,431851622.0,0.0
ITC.NS,2025-05-29,418.75,410.1541442871094,21478547.0,0.0
ITC.NS,2025-05-30,418.04998779296875,409.468505859375,30656239.0,0.0
ITC.NS,2025-06-02,419.29998779296875,410.6928405761719,14973380.0,0.0
ITC.NS,2025-06-03,416.95001220703125,408.39111328125,13216486.0,0.0
ITC.NS,2025-06-04,417.0,408.4400634765625,12598933.0,0.0
ITC.NS,2025-06-05,419.1000061035156,410.4969482421875,13212523.0,0.0
ITC.NS,2025-06-06,421.04998779296875,412.40692138671875,8774988.0,0.0
ITC.NS,2025-06-09,423.04998779296875,414.3658752441406,10473123.0,0.0
ITC.NS,2025-06-10,427.0,418.23480224609375,13041075.0,0.0
ITC.NS,2025-06-11,426.1499938964844,417.4022216796875,20789182.0,0.0
ITC.NS,2025-06-12,421.0,412.3579406738281,18508835.0,0.0
ITC.NS,2025-06-13,413.8999938964844,405.4036865234375,17873926.0,0.0
ITC.NS,2025-06-16,418.20001220703125,409.6154479980469,7006629.0,0.0
ITC.NS,2025-06-17,417.3999938964844,408.83184814453125,9028406.0,0.0
ITC.NS,2025-06-18,415.8999938964844,407.3626403808594,8036215.0,0.0
ITC.NS,2025-06-19,416.0,407.4606018066406,12601006.0,0.0
ITC.NS,2025-06-20,418.54998779296875,409.9582214355469,13203184.0,0.0
ITC.NS,2025-06-23,413.8999938964844,405.4036865234375,14839890.0,0.0
ITC.NS,2025-06-24,414.3500061035156,405.844482421875,16690068.0,0.0
ITC.NS,2025-06-25,416.3500061035156,407.80340576171875,9946718.0,0.0
ITC.NS,2025-06-26,420.29998779296875,411.67230224609375,13703918.0,0.0
ITC.NS,2025-06-27,418.6499938964844,410.0561828613281,21409935.0,0.0
ITC.NS,2025-06-30,416.45001220703125,407.9013671875,12317124.0,0.0
ITC.NS,2025-07-01,415.1000061035156,406.5790710449219,13670465.0,0.0
ITC.NS,2025-07-02,412.95001220703125,404.47320556640625,15990899.0,0.0
ITC.NS,2025-07-03,413.3500061035156,404.864990234375,14185298.0,0.0
ITC.NS,2025-07-04,412.54998779296875,404.0813903808594,8256733.0,0.0
ITC.NS,2025-07-07,416.1499938964844,407.6075134277344,6845218.0,0.0
ITC.NS,2025-07-08,417.20001220703125,408.635986328125,6807192.0,0.0
ITC.NS,2025-07-09,419.45001220703125,410.83978271484375,9930533.0,0.0
ITC.NS,2025-07-10,416.8500061035156,408.29315185546875,6220360.0,0.0
ITC.NS,2025-07-11,416.79998779296875,408.2441711425781,8578844.0,0.0
ITC.NS,2025-07-14,419.3999938964844,410.7908020019531,6896989.0,0.0
ITC.NS,2025-07-15,422.1000061035156,413.4353942871094,8532755.0,0.0
ITC.NS,2025-07-16,424.6000061035156,415.8840637207031,9780773.0,0.0
ITC.NS,2025-07-17,423.95001220703125,415.2474060058594,7240795.0,0.0
ITC.NS,2025-07-18,422.75,414.072021484375,6730256.0,0.0
ITC.NS,2025-07-21,420.1000061035156,411.4764404296875,4822343.0,0.0
ITC.NS,2025-07-22,416.0,407.4606018066406,9869507.0,0.0
ITC.NS,2025-07-23,414.95001220703125,406.4321594238281,12196187.0,0.0
ITC.NS,2025-07-24,409.95001220703125,401.5347900390625,9005157.0,0.0
ITC.NS,2025-07-25,409.3999938964844,400.9960632324219,5824089.0,0.0
ITC.NS,2025-07-28,409.8999938964844,401.4858093261719,8123337.0,0.0
ITC.NS,2025-07-29,408.45001220703125,400.0655822753906,6811772.0,0.0
ITC.NS,2025-07-30,407.6000061035156,399.2330322265625,10915863.0,0.0
ITC.NS,2025-07-31,411.95001220703125,403.4937438964844,19364174.0,0.0
ITC.NS,2025-08-01,416.45001220703125,407.9013671875,14324065.0,0.0
ITC.NS,2025-08-04,416.8500061035156,408.29315185546875,18352458.0,0.0
ITC.NS,2025-08-05,414.1499938964844,405.6485595703125,8495104.0,0.0
ITC.NS,2025-08-06,412.0,403.5426940917969,9080543.0,0.0
ITC.NS,2025-08-07,413.6000061035156,405.10986328125,11514878.0,0.0
ITC.NS,2025-08-08,414.5,405.99139404296875,9814361.0,0.0
ITC.NS,2025-08-11,416.8500061035156,408.29315185546875,8514272.0,0.0
ITC.NS,2025-08-12,416.3500061035156,407.80340576171875,13635738.0,0.0
ITC.NS,2025-08-13,414.1000061035156,405.599609375,10874910.0,0.0
ITC.NS,2025-08-14,411.45001220703125,403.0039978027344,9580361.0,0.0
ITC.NS,2025-08-18,406.29998779296875,397.9596862792969,30950814.0,0.0
ITC.NS,2025-08-19,409.1000061035156,400.7022399902344,16681331.0,0.0
ITC.NS,2025-08-20,406.04998779296875,397.7148132324219,18188129.0,0.0
ITC.NS,2025-08-21,405.54998779296875,397.22509765625,15028966.0,0.0
ITC.NS,2025-08-22,398.29998779296875,390.1239013671875,13087624.0,0.0
ITC.NS,2025-08-25,399.3500061035156,391.1523742675781,10440286.0,0.0
ITC.NS,2025-08-26,403.3500061035156,395.0702819824219,13715752.0,0.0
ITC.NS,2025-08-28,400.8999938964844,392.6705627441406,12471719.0,0.0
ITC.NS,2025-08-29,409.75,401.3388977050781,25255050.0,0.0
ITC.NS,2025-09-01,405.8500061035156,397.5189514160156,12268090.0,0.0
ITC.NS,2025-09-02,406.75,398.4004821777344,19808255.0,0.0
ITC.NS,2025-09-03,411.75,403.2978210449219,12936588.0,0.0
ITC.NS,2025-09-04,415.8999938964844,407.3626403808594,27274123.0,0.0
ITC.NS,2025-09-05,407.3500061035156,398.9881591796875,16000675.0,0.0
ITC.NS,2025-09-08,407.54998779296875,399.1840515136719,7419022.0,0.0
ITC.NS,2025-09-09,410.04998779296875,401.6327209472656,8825896.0,0.0
ITC.NS,2025-09-10,413.04998779296875,404.5711364746094,9252397.0,0.0
ITC.NS,2025-09-11,415.04998779296875,406.53009033203125,8274406.0,0.0
ITC.NS,2025-09-12,413.75,405.25677490234375,7803379.0,0.0
ITC.NS,2025-09-15,412.6499938964844,404.1793518066406,5707331.0,0.0
ITC.NS,2025-09-16,413.1000061035156,404.6201171875,8239087.0,0.0
ITC.NS,2025-09-17,409.29998779296875,400.8981018066406,14113882.0,0.0
ITC.NS,2025-09-18,411.54998779296875,403.1019287109375,15647808.0,0.0
ITC.NS,2025-09-19,410.6499938964844,402.22039794921875,19505321.0,0.0
ITC.NS,2025-09-22,406.95001220703125,398.59637451171875,8930779.0,0.0
ITC.NS,2025-09-23,403.20001220703125,394.9233703613281,14936357.0,0.0
ITC.NS,2025-09-24,401.0,392.76849365234375,12380865.0,0.0
ITC.NS,2025-09-25,400.1000061035156,391.8869934082031,22006368.0,0.0
ITC.NS,2025-09-26,405.1000061035156,396.7843322753906,14414044.0,0.0
ITC.NS,2025-09-29,407.25,398.89019775390625,19717660.0,0.0
ITC.NS,2025-09-30,401.54998779296875,393.30718994140625,9465490.0,0.0
ITC.NS,2025-10-01,405.6000061035156,397.2740783691406,17643039.0,0.0
ITC.NS,2025-10-03,404.29998779296875,396.0007629394531,16987141.0,0.0
ITC.NS,2025-10-06,400.75,392.52362060546875,13989077.0,0.0
ITC.NS,2025-10-07,399.79998779296875,391.5931396484375,12298968.0,0.0
ITC.NS,2025-10-08,399.75,391.5441589355469,8402463.0,0.0
ITC.NS,2025-10-09,399.8999938964844,391.6910705566406,15656267.0,0.0
ITC.NS,2025-10-10,402.79998779296875,394.53155517578125,15085738.0,0.0
ITC.NS,2025-10-13,399.25,391.0544128417969,9508594.0,0.0
ITC.NS,2025-10-14,396.79998779296875,388.6546936035156,10291102.0,0.0
ITC.NS,2025-10-15,399.8999938964844,391.6910705566406,16043867.0,0.0
ITC.NS,2025-10-16,405.1499938964844,396.83331298828125,22962049.0,0.0
ITC.NS,2025-10-17,412.1499938964844,403.6896057128906,21071344.0,0.0
ITC.NS,2025-10-20,413.04998779296875,404.5711364746094,13083621.0,0.0
ITC.NS,2025-10-21,412.8500061035156,404.3752746582031,1142130.0,0.0
ITC.NS,2025-10-23,415.95001220703125,407.41162109375,24305990.0,0.0
ITC.NS,2025-10-24,416.79998779296875,408.2441711425781,14935678.0,0.0
ITC.NS,2025-10-27,420.6499938964844,412.01513671875,11603679.0,0.0
ITC.NS,2025-10-28,417.8999938964844,409.32159423828125,17163147.0,0.0
ITC.NS,2025-10-29,421.6000061035156,412.9456481933594,11470661.0,0.0
ITC.NS,2025-10-30,418.75,410.1541442871094,12938674.0,0.0
ITC.NS,2025-10-31,420.3500061035156,411.7213134765625,18599864.0,0.0
ITC.NS,2025-11-03,413.95001220703125,405.45269775390625,7635440.0,0.0
ITC.NS,2025-11-04,408.8999938964844,400.5063171386719,10085404.0,0.0
ITC.NS,2025-11-06,407.5,399.13507080078125,10095563.0,0.0
ITC.NS,2025-11-07,404.04998779296875,395.7558898925781,8411611.0,0.0
ITC.NS,2025-11-10,405.54998779296875,397.22509765625,6650003.0,0.0
ITC.NS,2025-11-11,406.8500061035156,398.4984130859375,12005318.0,0.0
ITC.NS,2025-11-12,407.0,398.64532470703125,7987236.0,0.0
ITC.NS,2025-11-13,405.70001220703125,397.3720397949219,6617185.0,0.0
ITC.NS,2025-11-14,408.1499938964844,399.771728515625,64020258.0,0.0
ITC.NS,2025-11-17,407.1000061035156,398.7432861328125,7855399.0,0.0
ITC.NS,2025-11-18,405.8500061035156,397.5189514160156,7661681.0,0.0
ITC.NS,2025-11-19,403.54998779296875,395.2661437988281,7882450.0,0.0
ITC.NS,2025-11-20,405.45001220703125,397.1271667480469,6693410.0,0.0
ITC.NS,2025-11-21,407.8500061035156,399.4779052734375,5808131.0,0.0
ITC.NS,2025-11-24,403.54998779296875,395.2661437988281,11037491.0,0.0
ITC.NS,2025-11-25,400.79998779296875,392.5726013183594,8199785.0,0.0
ITC.NS,2025-11-26,402.29998779296875,394.04180908203125,11443953.0,0.0
ITC.NS,2025-11-27,404.29998779296875,396.0007629394531,8679529.0,0.0
ITC.NS,2025-11-28,404.25,395.9517822265625,6883500.0,0.0
ITC.NS,2025-12-01,404.25,395.9517822265625,13442658.0,0.0
ITC.NS,2025-12-02,400.95001220703125,392.71954345703125,8093808.0,0.0
ITC.NS,2025-12-03,400.5,392.2787780761719,10772192.0,0.0
ITC.NS,2025-12-04,403.04998779296875,394.7763977050781,8057989.0,0.0
ITC.NS,2025-12-05,404.95001220703125,396.6374206542969,4419747.0,0.0
ITC.NS,2025-12-08,402.29998779296875,394.04180908203125,6056866.0,0.0
ITC.NS,2025-12-09,401.04998779296875,392.8174743652344,9426717.0,0.0
ITC.NS,2025-12-10,403.1499938964844,394.8743591308594,6969146.0,0.0
ITC.NS,2025-12-11,402.8999938964844,394.6294860839844,6980147.0,0.0
ITC.NS,2025-12-12,400.1000061035156,391.8869934082031,12407516.0,0.0
ITC.NS,2025-12-15,402.29998779296875,394.04180908203125,7756564.0,0.0
ITC.NS,2025-12-16,401.70001220703125,393.4541320800781,12347384.0,0.0
ITC.NS,2025-12-17,399.79998779296875,391.5931396484375,8087490.0,0.0
ITC.NS,2025-12-18,400.3999938964844,392.1808166503906,7227668.0,0.0
ITC.NS,2025-12-19,401.04998779296875,392.8174743652344,10654835.0,0.0
ITC.NS,2025-12-22,402.70001220703125,394.4336242675781,6847871.0,0.0
ITC.NS,2025-12-23,407.3500061035156,398.9881591796875,10081997.0,0.0
ITC.NS,2025-12-24,406.6000061035156,398.2535705566406,5777430.0,0.0
ITC.NS,2025-12-26,404.1499938964844,395.8538513183594,3152453.0,0.0
ITC.NS,2025-12-29,402.6000061035156,394.3356628417969,6647710.0,0.0
ITC.NS,2025-12-30,400.6000061035156,392.376708984375,12340527.0,0.0
ITC.NS,2025-12-31,403.0,394.7274475097656,9945109.0,0.0
ITC.NS,2026-01-01,363.8500061035156,356.381103515625,282626710.0,0.0
ITC.NS,2026-01-02,350.04998779296875,342.8643493652344,118790358.0,0.0
ITC.NS,2026-01-05,349.70001220703125,342.5215759277344,48358124.0,0.0
ITC.NS,2026-01-06,342.45001220703125,335.42041015625,72582738.0,0.0
ITC.NS,2026-01-07,341.25,334.2450256347656,29440734.0,0.0
ITC.NS,2026-01-08,340.8999938964844,333.9021911621094,36706319.0,0.0
ITC.NS,2026-01-09,337.1499938964844,330.22918701171875,35193201.0,0.0
ITC.NS,2026-01-12,338.3999938964844,331.4535217285156,16156143.0,0.0
ITC.NS,2026-01-13,334.70001220703125,327.8294982910156,24922339.0,0.0
ITC.NS,2026-01-14,334.75,327.8784484863281,14913422.0,0.0
ITC.NS,2026-01-15,334.75,327.8784484863281,0.0,0.0
ITC.NS,2026-01-16,329.20001220703125,322.4423828125,30526898.0,0.0
ITC.NS,2026-01-19,333.20001220703125,326.3602600097656,15507440.0,0.0
ITC.NS,2026-01-20,326.29998779296875,319.6018981933594,18771011.0,0.0
ITC.NS,2026-01-21,324.75,318.0837097167969,14177965.0,0.0
ITC.NS,2026-01-22,324.8500061035156,318.1816711425781,18622852.0,0.0
ITC.NS,2026-01-23,323.3999938964844,316.76141357421875,11950089.0,0.0
ITC.NS,2026-01-27,318.6499938964844,312.1089172363281,47847784.0,0.0
ITC.NS,2026-01-28,321.1499938964844,314.5576171875,28400238.0,0.0
ITC.NS,2026-01-29,318.6000061035156,312.0599670410156,17719420.0,0.0
ITC.NS,2026-01-30,322.1499938964844,315.5370788574219,41975824.0,0.0
ITC.NS,2026-02-02,314.70001220703125,308.2400207519531,35227572.0,0.0
ITC.NS,2026-02-03,316.6499938964844,310.1499938964844,33168353.0,0.0
ITC.NS,2026-02-04,313.8500061035156,313.8500061035156,11196759.0,0.0
ITC.NS,2026-02-05,310.20001220703125,310.20001220703125,15816704.0,0.0
ITC.NS,2026-02-06,325.79998779296875,325.79998779296875,68057745.0,0.0
ITC.NS,2026-02-09,322.79998779296875,322.79998779296875,20059198.0,0.0
ITC.NS,2026-02-10,321.3999938964844,321.3999938964844,11489090.0,0.0
ITC.NS,2026-02-11,318.25,318.25,24837819.0,0.0
INFY.NS,2025-02-11,1875.6500244140625,1821.7369384765625,4411601.0,0.0
INFY.NS,2025-02-12,1863.1500244140625,1809.5963134765625,5633947.0,0.0
INFY.NS,2025-02-13,1843.25,1790.268310546875,5237744.0,0.0
INFY.NS,2025-02-14,1856.4000244140625,1803.040283203125,5292961.0,0.0
INFY.NS,2025-02-17,1842.300048828125,1789.345458984375,4428956.0,0.0
INFY.NS,2025-02-18,1851.949951171875,1798.7181396484375,4365260.0,0.0
INFY.NS,2025-02-19,1810.800048828125,1758.7509765625,4611411.0,0.0
INFY.NS,2025-02-20,1825.1500244140625,1772.6884765625,2218020.0,0.0
INFY.NS,2025-02-21,1815.0,1762.8302001953125,3379879.0,0.0
INFY.NS,2025-02-24,1764.0999755859375,1713.3931884765625,7594720.0,0.0
INFY.NS,2025-02-25,1767.699951171875,1716.8897705078125,5092963.0,0.0
INFY.NS,2025-02-27,1764.300048828125,1713.5875244140625,5757079.0,0.0
INFY.NS,2025-02-28,1687.699951171875,1639.189208984375,12182167.0,0.0
INFY.NS,2025-03-03,1708.5999755859375,1659.488525390625,7504969.0,0.0
INFY.NS,2025-03-04,1688.300048828125,1639.7720947265625,6759673.0,0.0
INFY.NS,2025-03-05,1711.5,1662.30517578125,8180782.0,0.0
INFY.NS,2025-03-06,1715.8499755859375,1666.5301513671875,10610547.0,0.0
INFY.NS,2025-03-07,1686.0,1637.5380859375,8019331.0,0.0
INFY.NS,2025-03-10,1701.449951171875,1652.5439453125,7558981.0,0.0
INFY.NS,2025-03-11,1661.5999755859375,1613.83935546875,12671234.0,0.0
INFY.NS,2025-03-12,1590.8499755859375,1545.123046875,14870008.0,0.0
INFY.NS,2025-03-13,1579.8499755859375,1534.439208984375,7822888.0,0.0
INFY.NS,2025-03-17,1590.050048828125,1544.34619140625,7526032.0,0.0
INFY.NS,2025-03-18,1590.050048828125,1544.34619140625,0.0,0.0
INFY.NS,2025-03-19,1586.550048828125,1540.94677734375,7387068.0,0.0
INFY.NS,2025-03-20,1615.550048828125,1569.11328125,7186750.0,0.0
INFY.NS,2025-03-21,1592.550048828125,1546.7742919921875,10074677.0,0.0
INFY.NS,2025-03-24,1592.75,1546.968505859375,8857726.0,0.0
INFY.NS,2025-03-25,1628.449951171875,1581.6422119140625,9890140.0,0.0
INFY.NS,2025-03-26,1599.449951171875,1553.4759521484375,6651302.0,0.0
INFY.NS,2025-03-27,1603.550048828125,1557.4581298828125,9426573.0,0.0
INFY.NS,2025-03-28,1570.6500244140625,1525.5037841796875,6799047.0,0.0
INFY.NS,2025-04-01,1526.5,1482.6226806640625,12680733.0,0.0
INFY.NS,2025-04-02,1550.1500244140625,1505.593017578125,6193478.0,0.0
INFY.NS,2025-04-03,1496.5,1453.4849853515625,10459504.0,0.0
INFY.NS,2025-04-04,1451.6500244140625,1409.9241943359375,9590254.0,0.0
INFY.NS,2025-04-07,1396.75,1356.602294921875,21715252.0,0.0
INFY.NS,2025-04-08,1428.800048828125,1387.7310791015625,12805001.0,0.0
INFY.NS,2025-04-09,1403.699951171875,1363.3524169921875,8546854.0,0.0
INFY.NS,2025-04-11,1409.449951171875,1368.937255859375,12567440.0,0.0
INFY.NS,2025-04-15,1426.0,1385.011474609375,10178530.0,0.0
INFY.NS,2025-04-16,1413.0999755859375,1372.4822998046875,12022740.0,0.0
INFY.NS,2025-04-17,1419.5,1378.6982421875,14264227.0,0.0
INFY.NS,2025-04-21,1451.0,1409.29296875,15648970.0,0.0
INFY.NS,2025-04-22,1422.800048828125,1381.903564453125,9399738.0,0.0
INFY.NS,2025-04-23,1474.9000244140625,1432.505859375,11136642.0,0.0
INFY.NS,2025-04-24,1471.4000244140625,1429.1065673828125,7114292.0,0.0
INFY.NS,2025-04-25,1480.199951171875,1437.653564453125,8329979.0,0.0
INFY.NS,2025-04-28,1482.0999755859375,1439.4989013671875,5886253.0,0.0
INFY.NS,2025-04-29,1497.5,1454.4564208984375,8056743.0,0.0
INFY.NS,2025-04-30,1500.0999755859375,1456.9815673828125,7704183.0,0.0
INFY.NS,2025-05-02,1506.9000244140625,1463.586181640625,7402310.0,0.0
INFY.NS,2025-05-05,1508.5999755859375,1465.2373046875,4282493.0,0.0
INFY.NS,2025-05-06,1511.5,1468.0538330078125,4270530.0,0.0
INFY.NS,2025-05-07,1508.300048828125,1464.9459228515625,5691799.0,0.0
INFY.NS,2025-05-08,1511.4000244140625,1467.9569091796875,8424409.0,0.0
INFY.NS,2025-05-09,1507.5999755859375,1464.2659912109375,4478653.0,0.0
INFY.NS,2025-05-12,1626.9000244140625,1580.136962890625,11372857.0,0.0
INFY.NS,2025-05-13,1568.5999755859375,1523.5125732421875,12846210.0,0.0
INFY.NS,2025-05-14,1592.4000244140625,1546.6285400390625,4870057.0,0.0
INFY.NS,2025-05-15,1613.0,1566.6363525390625,11151167.0,0.0
INFY.NS,2025-05-16,1589.9000244140625,1544.200439453125,4576751.0,0.0
INFY.NS,2025-05-19,1559.800048828125,1514.965576171875,8855798.0,0.0
INFY.NS,2025-05-20,1560.5999755859375,1515.7425537109375,7143998.0,0.0
INFY.NS,2025-05-21,1568.5,1523.41552734375,4157309.0,0.0
INFY.NS,2025-05-22,1547.5,1503.01904296875,6158990.0,0.0
INFY.NS,2025-05-23,1564.800048828125,1519.8218994140625,5038421.0,0.0
INFY.NS,2025-05-26,1580.5,1535.070556640625,3170102.0,0.0
INFY.NS,2025-05-27,1570.0999755859375,1524.9696044921875,7775714.0,0.0
INFY.NS,2025-05-28,1571.800048828125,1526.6207275390625,3623370.0,0.0
INFY.NS,2025-05-29,1585.5999755859375,1540.0240478515625,8609500.0,0.0
INFY.NS,2025-05-30,1562.699951171875,1539.1375732421875,13148092.0,0.0
INFY.NS,2025-06-02,1553.800048828125,1530.371826171875,4374509.0,0.0
INFY.NS,2025-06-03,1543.0,1519.734619140625,6853403.0,0.0
INFY.NS,2025-06-04,1551.199951171875,1527.8109130859375,4548307.0,0.0
INFY.NS,2025-06-05,1554.300048828125,1530.8642578125,6948539.0,0.0
INFY.NS,2025-06-06,1563.800048828125,1540.2210693359375,3960020.0,0.0
INFY.NS,2025-06-09,1572.9000244140625,1549.183837890625,2903202.0,0.0
INFY.NS,2025-06-10,1596.0,1571.935546875,8591925.0,0.0
INFY.NS,2025-06-11,1631.0999755859375,1606.5062255859375,10597410.0,0.0
INFY.NS,2025-06-12,1608.5999755859375,1584.345458984375,10483574.0,0.0
INFY.NS,2025-06-13,1602.0,1577.844970703125,6968315.0,0.0
INFY.NS,2025-06-16,1623.800048828125,1599.31640625,5591842.0,0.0
INFY.NS,2025-06-17,1639.9000244140625,1615.173583984375,7622083.0,0.0
INFY.NS,2025-06-18,1632.9000244140625,1608.2791748046875,5629707.0,0.0
INFY.NS,2025-06-19,1618.4000244140625,1593.997802734375,5147760.0,0.0
INFY.NS,2025-06-20,1622.9000244140625,1598.429931640625,9202821.0,0.0
INFY.NS,2025-06-23,1584.0,1560.116455078125,7943676.0,0.0
INFY.NS,2025-06-24,1581.5999755859375,1557.7525634765625,8083992.0,0.0
INFY.NS,2025-06-25,1614.9000244140625,1590.550537109375,7813533.0,0.0
INFY.NS,2025-06-26,1616.0,1591.6339111328125,6519233.0,0.0
INFY.NS,2025-06-27,1608.0,1583.7545166015625,8912268.0,0.0
INFY.NS,2025-06-30,1601.800048828125,1577.6480712890625,6294505.0,0.0
INFY.NS,2025-07-01,1606.800048828125,1582.57275390625,4178937.0,0.0
INFY.NS,2025-07-02,1610.5,1586.2169189453125,8653641.0,0.0
INFY.NS,2025-07-03,1618.699951171875,1594.293212890625,5259695.0,0.0
INFY.NS,2025-07-04,1640.699951171875,1615.96142578125,4411273.0,0.0
INFY.NS,2025-07-07,1627.0,1602.4681396484375,3294523.0,0.0
INFY.NS,2025-07-08,1638.699951171875,1613.9915771484375,4590681.0,0.0
INFY.NS,2025-07-09,1633.699951171875,1609.0670166015625,4580828.0,0.0
INFY.NS,2025-07-10,1615.800048828125,1591.43701171875,5330179.0,0.0
INFY.NS,2025-07-11,1594.9000244140625,1570.85205078125,11391755.0,0.0
INFY.NS,2025-07-14,1570.300048828125,1546.623046875,9173426.0,0.0
INFY.NS,2025-07-15,1585.5999755859375,1561.6922607421875,7614807.0,0.0
INFY.NS,2025-07-16,1607.9000244140625,1583.6561279296875,6223491.0,0.0
INFY.NS,2025-07-17,1583.5,1559.6240234375,7374814.0,0.0
INFY.NS,2025-07-18,1586.0999755859375,1562.1846923828125,5161833.0,0.0
INFY.NS,2025-07-21,1584.300048828125,1560.4119873046875,3682661.0,0.0
INFY.NS,2025-07-22,1570.9000244140625,1547.2139892578125,8473741.0,0.0
INFY.NS,2025-07-23,1574.5,1550.7596435546875,8035026.0,0.0
INFY.NS,2025-07-24,1552.5,1529.0914306640625,14169664.0,0.0
INFY.NS,2025-07-25,1515.699951171875,1492.84619140625,10851259.0,0.0
INFY.NS,2025-07-28,1516.0,1493.1417236328125,6439855.0,0.0
INFY.NS,2025-07-29,1513.699951171875,1490.8763427734375,7070448.0,0.0
INFY.NS,2025-07-30,1519.0,1496.0965576171875,5719051.0,0.0
INFY.NS,2025-07-31,1509.0,1486.247314453125,6851407.0,0.0
INFY.NS,2025-08-01,1469.5999755859375,1447.4412841796875,8702978.0,0.0
INFY.NS,2025-08-04,1480.5,1458.177001953125,8610216.0,0.0
INFY.NS,2025-08-05,1460.300048828125,1438.2816162109375,10213323.0,0.0
INFY.NS,2025-08-06,1436.699951171875,1415.037353515625,10566934.0,0.0
INFY.NS,2025-08-07,1436.9000244140625,1415.234375,9892020.0,0.0
INFY.NS,2025-08-08,1423.0999755859375,1401.6424560546875,10048009.0,0.0
INFY.NS,2025-08-11,1428.199951171875,1406.66552734375,6625368.0,0.0
INFY.NS,2025-08-12,1424.0999755859375,1402.62744140625,9899184.0,0.0
INFY.NS,2025-08-13,1426.5999755859375,1405.0897216796875,10318063.0,0.0
INFY.NS,2025-08-14,1447.699951171875,1425.8714599609375,12902347.0,0.0
INFY.NS,2025-08-18,1435.800048828125,1414.1510009765625,7254561.0,0.0
INFY.NS,2025-08-19,1440.0,1418.2877197265625,3986094.0,0.0
INFY.NS,2025-08-20,1496.199951171875,1473.6402587890625,10413061.0,0.0
INFY.NS,2025-08-21,1496.4000244140625,1473.8372802734375,6565539.0,0.0
INFY.NS,2025-08-22,1487.5,1465.0714111328125,5543397.0,0.0
INFY.NS,2025-08-25,1532.0999755859375,1508.9989013671875,10694531.0,0.0
INFY.NS,2025-08-26,1529.5999755859375,1506.53662109375,15994798.0,0.0
INFY.NS,2025-08-28,1500.0999755859375,1477.4814453125,5443364.0,0.0
INFY.NS,2025-08-29,1469.5999755859375,1447.4412841796875,8169075.0,0.0
INFY.NS,2025-09-01,1499.4000244140625,1476.7921142578125,4546057.0,0.0
INFY.NS,2025-09-02,1498.699951171875,1476.1025390625,5218763.0,0.0
INFY.NS,2025-09-03,1479.0999755859375,1456.798095703125,4623483.0,0.0
INFY.NS,2025-09-04,1463.0,1440.94091796875,5787724.0,0.0
INFY.NS,2025-09-05,1444.5999755859375,1422.8182373046875,5466487.0,0.0
INFY.NS,2025-09-08,1432.9000244140625,1411.2947998046875,3811567.0,0.0
INFY.NS,2025-09-09,1504.300048828125,1481.6181640625,13072640.0,0.0
INFY.NS,2025-09-10,1532.5999755859375,1509.491455078125,7281071.0,0.0
INFY.NS,2025-09-11,1509.699951171875,1486.9366455078125,8003662.0,0.0
INFY.NS,2025-09-12,1525.5999755859375,1502.596923828125,12856963.0,0.0
INFY.NS,2025-09-15,1508.4000244140625,1485.6563720703125,6167414.0,0.0
INFY.NS,2025-09-16,1511.300048828125,1488.5126953125,8923112.0,0.0
INFY.NS,2025-09-17,1522.4000244140625,1499.4453125,4795698.0,0.0
INFY.NS,2025-09-18,1540.5999755859375,1517.370849609375,9331945.0,0.0
INFY.NS,2025-09-19,1540.199951171875,1516.976806640625,12988129.0,0.0
INFY.NS,2025-09-22,1499.5,1476.8905029296875,15655204.0,0.0
INFY.NS,2025-09-23,1497.5,1474.920654296875,9832164.0,0.0
INFY.NS,2025-09-24,1494.5999755859375,1472.0643310546875,4937004.0,0.0
INFY.NS,2025-09-25,1484.800048828125,1462.4122314453125,9491867.0,0.0
INFY.NS,2025-09-26,1448.9000244140625,1427.053466796875,8597058.0,0.0
INFY.NS,2025-09-29,1441.800048828125,1420.060546875,10513117.0,0.0
INFY.NS,2025-09-30,1441.800048828125,1420.060546875,7556305.0,0.0
INFY.NS,2025-10-01,1445.800048828125,1424.000244140625,6250692.0,0.0
INFY.NS,2025-10-03,1446.5999755859375,1424.7880859375,6877533.0,0.0
INFY.NS,2025-10-06,1476.0,1453.744873046875,4630590.0,0.0
INFY.NS,2025-10-07,1458.5,1436.5086669921875,5570320.0,0.0
INFY.NS,2025-10-08,1495.0,1472.4583740234375,4657192.0,0.0
INFY.NS,2025-10-09,1509.300048828125,1486.5428466796875,7028753.0,0.0
INFY.NS,2025-10-10,1514.9000244140625,1492.058349609375,3738353.0,0.0
INFY.NS,2025-10-13,1493.199951171875,1470.6854248046875,5859355.0,0.0
INFY.NS,2025-10-14,1489.9000244140625,1467.435302734375,5600789.0,0.0
INFY.NS,2025-10-15,1474.4000244140625,1452.1690673828125,6986098.0,0.0
INFY.NS,2025-10-16,1471.5,1449.312744140625,8005748.0,0.0
INFY.NS,2025-10-17,1441.0999755859375,1419.37109375,16959378.0,0.0
INFY.NS,2025-10-20,1460.9000244140625,1438.87255859375,6994246.0,0.0
INFY.NS,2025-10-21,1472.4000244140625,1450.19921875,1698704.0,0.0
INFY.NS,2025-10-23,1528.5,1505.4532470703125,20358624.0,0.0
INFY.NS,2025-10-24,1525.4000244140625,1502.4000244140625,8652257.0,0.0
INFY.NS,2025-10-27,1504.5,1504.5,7273211.0,0.0
INFY.NS,2025-10-28,1500.199951171875,1500.199951171875,8211019.0,0.0
INFY.NS,2025-10-29,1510.4000244140625,1510.4000244140625,4884976.0,0.0
INFY.NS,2025-10-30,1493.800048828125,1493.800048828125,5608867.0,0.0
INFY.NS,2025-10-31,1482.300048828125,1482.300048828125,4819814.0,0.0
INFY.NS,2025-11-03,1485.5,1485.5,5470600.0,0.0
INFY.NS,2025-11-04,1467.9000244140625,1467.9000244140625,8691330.0,0.0
INFY.NS,2025-11-06,1466.699951171875,1466.699951171875,7944752.0,0.0
INFY.NS,2025-11-07,1476.800048828125,1476.800048828125,8765759.0,0.0
INFY.NS,2025-11-10,1513.5,1513.5,9787975.0,0.0
INFY.NS,2025-11-11,1530.300048828125,1530.300048828125,13692989.0,0.0
INFY.NS,2025-11-12,1551.699951171875,1551.699951171875,14635417.0,0.0
INFY.NS,2025-11-13,1541.800048828125,1541.800048828125,19655689.0,0.0
INFY.NS,2025-11-14,1502.800048828125,1502.800048828125,9739549.0,0.0
INFY.NS,2025-11-17,1507.5999755859375,1507.5999755859375,7910354.0,0.0
INFY.NS,2025-11-18,1486.4000244140625,1486.4000244140625,7525119.0,0.0
INFY.NS,2025-11-19,1541.0999755859375,1541.0999755859375,10981126.0,0.0
INFY.NS,2025-11-20,1536.5,1536.5,7387584.0,0.0
INFY.NS,2025-11-21,1545.0,1545.0,9186302.0,0.0
INFY.NS,2025-11-24,1548.0,1548.0,19270381.0,0.0
INFY.NS,2025-11-25,1530.5999755859375,1530.5999755859375,8107952.0,0.0
INFY.NS,2025-11-26,1557.9000244140625,1557.9000244140625,7575038.0,0.0
INFY.NS,2025-11-27,1566.4000244140625,1566.4000244140625,7552252.0,0.0
INFY.NS,2025-11-28,1560.0999755859375,1560.0999755859375,4453221.0,0.0
INFY.NS,2025-12-01,1564.0,1564.0,5341800.0,0.0
INFY.NS,2025-12-02,1561.0,1561.0,6335969.0,0.0
INFY.NS,2025-12-03,1578.699951171875,1578.699951171875,12895312.0,0.0
INFY.NS,2025-12-04,1597.5999755859375,1597.5999755859375,12609619.0,0.0
INFY.NS,2025-12-05,1616.199951171875,1616.199951171875,10344725.0,0.0
INFY.NS,2025-12-08,1610.800048828125,1610.800048828125,7550413.0,0.0
INFY.NS,2025-12-09,1599.0,1599.0,6957599.0,0.0
INFY.NS,2025-12-10,1584.800048828125,1584.800048828125,5116140.0,0.0
INFY.NS,2025-12-11,1598.0,1598.0,5159319.0,0.0
INFY.NS,2025-12-12,1598.199951171875,1598.199951171875,4633912.0,0.0
INFY.NS,2025-12-15,1606.800048828125,1606.800048828125,4190558.0,0.0
INFY.NS,2025-12-16,1592.9000244140625,1592.9000244140625,5499258.0,0.0
INFY.NS,2025-12-17,1602.0,1602.0,4817628.0,0.0
INFY.NS,2025-12-18,1626.800048828125,1626.800048828125,6577293.0,0.0
INFY.NS,2025-12-19,1638.699951171875,1638.699951171875,13149023.0,0.0
INFY.NS,2025-12-22,1689.5999755859375,1689.5999755859375,23098923.0,0.0
INFY.NS,2025-12-23,1668.300048828125,1668.300048828125,6593060.0,0.0
INFY.NS,2025-12-24,1663.4000244140625,1663.4000244140625,4271167.0,0.0
INFY.NS,2025-12-26,1656.0999755859375,1656.0999755859375,2006491.0,0.0
INFY.NS,2025-12-29,1644.699951171875,1644.699951171875,4062817.0,0.0
INFY.NS,2025-12-30,1621.5999755859375,1621.5999755859375,9395937.0,0.0
INFY.NS,2025-12-31,1615.4000244140625,1615.4000244140625,6538656.0,0.0
INFY.NS,2026-01-01,1629.800048828125,1629.800048828125,3658165.0,0.0
INFY.NS,2026-01-02,1640.4000244140625,1640.4000244140625,2524526.0,0.0
INFY.NS,2026-01-05,1606.4000244140625,1606.4000244140625,5917885.0,0.0
INFY.NS,2026-01-06,1612.199951171875,1612.199951171875,4466729.0,0.0
INFY.NS,2026-01-07,1639.0,1639.0,4508079.0,0.0
INFY.NS,2026-01-08,1613.300048828125,1613.300048828125,3942131.0,0.0
INFY.NS,2026-01-09,1614.0999755859375,1614.0999755859375,6816681.0,0.0
INFY.NS,2026-01-12,1595.9000244140625,1595.9000244140625,6985362.0,0.0
INFY.NS,2026-01-13,1599.0,1599.0,8080618.0,0.0
INFY.NS,2026-01-14,1599.800048828125,1599.800048828125,7557157.0,0.0
INFY.NS,2026-01-15,1599.800048828125,1599.800048828125,0.0,0.0
INFY.NS,2026-01-16,1689.800048828125,1689.800048828125,19335957.0,0.0
INFY.NS,2026-01-19,1681.199951171875,1681.199951171875,5104958.0,0.0
INFY.NS,2026-01-20,1658.9000244140625,1658.9000244140625,6406503.0,0.0
INFY.NS,2026-01-21,1654.4000244140625,1654.4000244140625,6224582.0,0.0
INFY.NS,2026-01-22,1663.5,1663.5,6228892.0,0.0
INFY.NS,2026-01-23,1670.800048828125,1670.800048828125,5869137.0,0.0
INFY.NS,2026-01-27,1682.699951171875,1682.699951171875,10673087.0,0.0
INFY.NS,2026-01-28,1666.5,1666.5,8588664.0,0.0
INFY.NS,2026-01-29,1659.5,1659.5,4749582.0,0.0
INFY.NS,2026-01-30,1641.0,1641.0,9207926.0,0.0
INFY.NS,2026-02-02,1629.4000244140625,1629.4000244140625,6784887.0,0.0
INFY.NS,2026-02-03,1656.0,1656.0,8805868.0,0.0
INFY.NS,2026-02-04,1535.800048828125,1535.800048828125,28828622.0,0.0
INFY.NS,2026-02-05,1520.199951171875,1520.199951171875,10628127.0,0.0
INFY.NS,2026-02-06,1507.0999755859375,1507.0999755859375,13900866.0,0.0
INFY.NS,2026-02-09,1497.199951171875,1497.199951171875,8294615.0,0.0
INFY.NS,2026-02-10,1497.800048828125,1497.800048828125,8657000.0,0.0
INFY.NS,2026-02-11,1471.9000244140625,1471.9000244140625,7932287.0,0.0
INDIGO.NS,2025-02-11,4316.85009765625,4309.5673828125,997718.0,0.0
INDIGO.NS,2025-02-12,4337.5,4330.1826171875,685035.0,0.0
INDIGO.NS,2025-02-13,4364.85009765625,4357.486328125,839061.0,0.0
INDIGO.NS,2025-02-14,4223.2998046875,4216.1748046875,821919.0,0.0
INDIGO.NS,2025-02-17,4303.0,4295.74072265625,435501.0,0.0
INDIGO.NS,2025-02-18,4345.5498046875,4338.21875,415081.0,0.0
INDIGO.NS,2025-02-19,4399.89990234375,4392.47705078125,596622.0,0.0
INDIGO.NS,2025-02-20,4501.4501953125,4493.85595703125,940390.0,0.0
INDIGO.NS,2025-02-21,4510.75,4503.14013671875,505647.0,0.0
INDIGO.NS,2025-02-24,4536.0,4528.34765625,739113.0,0.0
INDIGO.NS,2025-02-25,4427.4501953125,4419.98095703125,547833.0,0.0
INDIGO.NS,2025-02-27,4443.39990234375,4435.90380859375,591554.0,0.0
INDIGO.NS,2025-02-28,4477.2998046875,4469.74658203125,2126278.0,0.0
INDIGO.NS,2025-03-03,4464.7001953125,4457.16796875,802730.0,0.0
INDIGO.NS,2025-03-04,4598.7001953125,4590.94189453125,825683.0,0.0
INDIGO.NS,2025-03-05,4698.10009765625,4690.17431640625,1344602.0,0.0
INDIGO.NS,2025-03-06,4762.39990234375,4754.36572265625,1390376.0,0.0
INDIGO.NS,2025-03-07,4657.5498046875,4649.6923828125,843155.0,0.0
INDIGO.NS,2025-03-10,4627.5498046875,4619.74267578125,534997.0,0.0
INDIGO.NS,2025-03-11,4651.4501953125,4643.60302734375,812720.0,0.0
INDIGO.NS,2025-03-12,4729.2001953125,4721.2216796875,1122703.0,0.0
INDIGO.NS,2025-03-13,4700.85009765625,4692.91943359375,553796.0,0.0
INDIGO.NS,2025-03-17,4780.4501953125,4772.38525390625,1030205.0,0.0
INDIGO.NS,2025-03-18,4780.4501953125,4772.38525390625,0.0,0.0
INDIGO.NS,2025-03-19,4980.5498046875,4972.1474609375,2103310.0,0.0
INDIGO.NS,2025-03-20,5086.75,5078.16845703125,1825431.0,0.0
INDIGO.NS,2025-03-21,5044.0498046875,5035.5400390625,897795.0,0.0
INDIGO.NS,2025-03-24,4970.35009765625,4961.96484375,766222.0,0.0
INDIGO.NS,2025-03-25,5006.7001953125,4998.25341796875,818364.0,0.0
INDIGO.NS,2025-03-26,5025.14990234375,5016.67236328125,736014.0,0.0
INDIGO.NS,2025-03-27,5127.7998046875,5119.14892578125,940051.0,0.0
INDIGO.NS,2025-03-28,5115.35009765625,5106.72021484375,951945.0,0.0
INDIGO.NS,2025-04-01,5028.0,5019.517578125,793792.0,0.0
INDIGO.NS,2025-04-02,5068.25,5059.69970703125,418272.0,0.0
INDIGO.NS,2025-04-03,5003.60009765625,4995.15869140625,950156.0,0.0
INDIGO.NS,2025-04-04,5098.89990234375,5090.2978515625,1413600.0,0.0
INDIGO.NS,2025-04-07,4988.7001953125,4980.2841796875,1786910.0,0.0
INDIGO.NS,2025-04-08,5157.0498046875,5148.349609375,1232399.0,0.0
INDIGO.NS,2025-04-09,5193.75,5184.98779296875,1128920.0,0.0
INDIGO.NS,2025-04-11,5151.10009765625,5142.41015625,1131912.0,0.0
INDIGO.NS,2025-04-15,5256.0,5247.1328125,1567359.0,0.0
INDIGO.NS,2025-04-16,5244.5,5235.65234375,1012248.0,0.0
INDIGO.NS,2025-04-17,5366.0,5356.947265625,1172355.0,0.0
INDIGO.NS,2025-04-21,5496.5,5487.22705078125,844886.0,0.0
INDIGO.NS,2025-04-22,5534.0,5524.6640625,1045582.0,0.0
INDIGO.NS,2025-04-23,5558.5,5549.12255859375,1454342.0,0.0
INDIGO.NS,2025-04-24,5520.5,5511.1865234375,852761.0,0.0
INDIGO.NS,2025-04-25,5313.5,5304.53564453125,1913262.0,0.0
INDIGO.NS,2025-04-28,5341.0,5331.9892578125,1162878.0,0.0
INDIGO.NS,2025-04-29,5264.0,5255.119140625,761297.0,0.0
INDIGO.NS,2025-04-30,5249.5,5240.64404296875,881119.0,0.0
INDIGO.NS,2025-05-02,5321.5,5312.5224609375,560286.0,0.0
INDIGO.NS,2025-05-05,5531.5,5522.16796875,1049781.0,0.0
INDIGO.NS,2025-05-06,5322.0,5313.021484375,872819.0,0.0
INDIGO.NS,2025-05-07,5296.5,5287.564453125,1565403.0,0.0
INDIGO.NS,2025-05-08,5146.0,5137.318359375,1756653.0,0.0
INDIGO.NS,2025-05-09,5101.0,5092.39453125,2112896.0,0.0
INDIGO.NS,2025-05-12,5476.5,5467.2607421875,2240163.0,0.0
INDIGO.NS,2025-05-13,5521.0,5511.68603515625,1117587.0,0.0
INDIGO.NS,2025-05-14,5451.5,5442.30322265625,933189.0,0.0
INDIGO.NS,2025-05-15,5589.0,5579.5712890625,701995.0,0.0
INDIGO.NS,2025-05-16,5562.5,5553.11572265625,433634.0,0.0
INDIGO.NS,2025-05-19,5574.5,5565.095703125,953693.0,0.0
INDIGO.NS,2025-05-20,5442.0,5432.81884765625,666863.0,0.0
INDIGO.NS,2025-05-21,5461.5,5452.2861328125,597496.0,0.0
INDIGO.NS,2025-05-22,5503.0,5493.71630859375,2271953.0,0.0
INDIGO.NS,2025-05-23,5521.0,5511.68603515625,544144.0,0.0
INDIGO.NS,2025-05-26,5420.0,5410.85595703125,556606.0,0.0
INDIGO.NS,2025-05-27,5313.5,5304.53564453125,28753330.0,0.0
INDIGO.NS,2025-05-28,5330.5,5321.50732421875,1090832.0,0.0
INDIGO.NS,2025-05-29,5322.0,5313.021484375,1713578.0,0.0
INDIGO.NS,2025-05-30,5330.0,5321.0078125,1743945.0,0.0
INDIGO.NS,2025-06-02,5333.0,5324.0029296875,1172879.0,0.0
INDIGO.NS,2025-06-03,5383.5,5374.41796875,1239471.0,0.0
INDIGO.NS,2025-06-04,5416.0,5406.86279296875,932116.0,0.0
INDIGO.NS,2025-06-05,5482.0,5472.75146484375,1119642.0,0.0
INDIGO.NS,2025-06-06,5480.5,5471.25390625,447731.0,0.0
INDIGO.NS,2025-06-09,5695.0,5685.39208984375,1386071.0,0.0
INDIGO.NS,2025-06-10,5599.0,5589.55419921875,1124088.0,0.0
INDIGO.NS,2025-06-11,5631.0,5621.5,1217882.0,0.0
INDIGO.NS,2025-06-12,5476.5,5467.2607421875,1444586.0,0.0
INDIGO.NS,2025-06-13,5262.0,5253.12255859375,3340182.0,0.0
INDIGO.NS,2025-06-16,5382.5,5373.41943359375,1208296.0,0.0
INDIGO.NS,2025-06-17,5310.5,5301.541015625,821905.0,0.0
INDIGO.NS,2025-06-18,5273.0,5264.10400390625,603006.0,0.0
INDIGO.NS,2025-06-19,5271.0,5262.107421875,621641.0,0.0
INDIGO.NS,2025-06-20,5390.0,5380.90673828125,1218340.0,0.0
INDIGO.NS,2025-06-23,5467.0,5457.77685546875,922620.0,0.0
INDIGO.NS,2025-06-24,5606.5,5597.04150390625,1450372.0,0.0
INDIGO.NS,2025-06-25,5639.0,5629.48681640625,962393.0,0.0
INDIGO.NS,2025-06-26,5691.5,5681.89794921875,1374904.0,0.0
INDIGO.NS,2025-06-27,5816.0,5806.18798828125,2751255.0,0.0
INDIGO.NS,2025-06-30,5976.5,5966.41748046875,2392470.0,0.0
INDIGO.NS,2025-07-01,5965.0,5954.9365234375,1289620.0,0.0
INDIGO.NS,2025-07-02,5956.0,5945.9521484375,1388532.0,0.0
INDIGO.NS,2025-07-03,5766.0,5756.2724609375,1144838.0,0.0
INDIGO.NS,2025-07-04,5753.0,5743.29443359375,345735.0,0.0
INDIGO.NS,2025-07-07,5748.0,5738.302734375,385469.0,0.0
INDIGO.NS,2025-07-08,5802.0,5792.2119140625,512178.0,0.0
INDIGO.NS,2025-07-09,5852.0,5842.12744140625,1655274.0,0.0
INDIGO.NS,2025-07-10,5840.0,5830.1474609375,716153.0,0.0
INDIGO.NS,2025-07-11,5917.5,5907.51708984375,1332425.0,0.0
INDIGO.NS,2025-07-14,5940.5,5930.47802734375,979832.0,0.0
INDIGO.NS,2025-07-15,5930.5,5920.4951171875,787926.0,0.0
INDIGO.NS,2025-07-16,5950.0,5939.9619140625,842097.0,0.0
INDIGO.NS,2025-07-17,5796.5,5786.72119140625,1351389.0,0.0
INDIGO.NS,2025-07-18,5861.0,5851.1123046875,789730.0,0.0
INDIGO.NS,2025-07-21,5878.0,5868.08349609375,491974.0,0.0
INDIGO.NS,2025-07-22,5948.0,5937.96533203125,514262.0,0.0
INDIGO.NS,2025-07-23,5897.0,5887.05126953125,585120.0,0.0
INDIGO.NS,2025-07-24,5844.0,5834.14111328125,343255.0,0.0
INDIGO.NS,2025-07-25,5803.0,5793.2099609375,877612.0,0.0
INDIGO.NS,2025-07-28,5762.0,5752.279296875,506105.0,0.0
INDIGO.NS,2025-07-29,5756.0,5746.28955078125,634249.0,0.0
INDIGO.NS,2025-07-30,5740.0,5730.31640625,1217558.0,0.0
INDIGO.NS,2025-07-31,5910.5,5900.52880859375,2572409.0,0.0
INDIGO.NS,2025-08-01,5788.5,5778.734375,523408.0,0.0
INDIGO.NS,2025-08-04,5780.5,5770.748046875,545636.0,0.0
INDIGO.NS,2025-08-05,5781.5,5771.74609375,929923.0,0.0
INDIGO.NS,2025-08-06,5893.5,5883.55712890625,980678.0,0.0
INDIGO.NS,2025-08-07,5859.0,5849.11572265625,483125.0,0.0
INDIGO.NS,2025-08-08,5769.5,5759.7666015625,345649.0,0.0
INDIGO.NS,2025-08-11,5878.5,5868.58251953125,799984.0,0.0
INDIGO.NS,2025-08-12,5927.5,5917.5,883247.0,0.0
INDIGO.NS,2025-08-13,5969.5,5969.5,510227.0,0.0
INDIGO.NS,2025-08-14,6002.5,6002.5,767646.0,0.0
INDIGO.NS,2025-08-18,6096.5,6096.5,1148778.0,0.0
INDIGO.NS,2025-08-19,6055.5,6055.5,499624.0,0.0
INDIGO.NS,2025-08-20,6155.5,6155.5,501673.0,0.0
INDIGO.NS,2025-08-21,6099.0,6099.0,689343.0,0.0
INDIGO.NS,2025-08-22,6086.5,6086.5,596200.0,0.0
INDIGO.NS,2025-08-25,6116.0,6116.0,478863.0,0.0
INDIGO.NS,2025-08-26,6050.0,6050.0,920406.0,0.0
INDIGO.NS,2025-08-28,5727.0,5727.0,18614885.0,0.0
INDIGO.NS,2025-08-29,5646.0,5646.0,1628751.0,0.0
INDIGO.NS,2025-09-01,5670.0,5670.0,1708748.0,0.0
INDIGO.NS,2025-09-02,5665.5,5665.5,579446.0,0.0
INDIGO.NS,2025-09-03,5740.0,5740.0,801254.0,0.0
INDIGO.NS,2025-09-04,5695.0,5695.0,658347.0,0.0
INDIGO.NS,2025-09-05,5670.0,5670.0,820854.0,0.0
INDIGO.NS,2025-09-08,5696.5,5696.5,603400.0,0.0
INDIGO.NS,2025-09-09,5637.5,5637.5,549536.0,0.0
INDIGO.NS,2025-09-10,5619.0,5619.0,740160.0,0.0
INDIGO.NS,2025-09-11,5667.0,5667.0,675142.0,0.0
INDIGO.NS,2025-09-12,5727.5,5727.5,918969.0,0.0
INDIGO.NS,2025-09-15,5728.5,5728.5,359796.0,0.0
INDIGO.NS,2025-09-16,5727.5,5727.5,651834.0,0.0
INDIGO.NS,2025-09-17,5746.5,5746.5,429255.0,0.0
INDIGO.NS,2025-09-18,5715.5,5715.5,460346.0,0.0
INDIGO.NS,2025-09-19,5679.0,5679.0,750086.0,0.0
INDIGO.NS,2025-09-22,5747.5,5747.5,449815.0,0.0
INDIGO.NS,2025-09-23,5732.0,5732.0,662077.0,0.0
INDIGO.NS,2025-09-24,5686.0,5686.0,690321.0,0.0
INDIGO.NS,2025-09-25,5674.5,5674.5,572155.0,0.0
INDIGO.NS,2025-09-26,5561.0,5561.0,896954.0,0.0
INDIGO.NS,2025-09-29,5707.0,5707.0,13795988.0,0.0
INDIGO.NS,2025-09-30,5594.5,5594.5,1425301.0,0.0
INDIGO.NS,2025-10-01,5606.0,5606.0,795729.0,0.0
INDIGO.NS,2025-10-03,5657.0,5657.0,856525.0,0.0
INDIGO.NS,2025-10-06,5694.5,5694.5,632790.0,0.0
INDIGO.NS,2025-10-07,5664.0,5664.0,471217.0,0.0
INDIGO.NS,2025-10-08,5635.0,5635.0,386534.0,0.0
INDIGO.NS,2025-10-09,5724.5,5724.5,668462.0,0.0
INDIGO.NS,2025-10-10,5735.0,5735.0,426462.0,0.0
INDIGO.NS,2025-10-13,5787.5,5787.5,669754.0,0.0
INDIGO.NS,2025-10-14,5759.0,5759.0,535051.0,0.0
INDIGO.NS,2025-10-15,5860.5,5860.5,734165.0,0.0
INDIGO.NS,2025-10-16,5881.0,5881.0,533386.0,0.0
INDIGO.NS,2025-10-17,5848.0,5848.0,582184.0,0.0
INDIGO.NS,2025-10-20,5934.0,5934.0,401435.0,0.0
INDIGO.NS,2025-10-21,5913.0,5913.0,35982.0,0.0
INDIGO.NS,2025-10-23,5789.0,5789.0,577925.0,0.0
INDIGO.NS,2025-10-24,5779.0,5779.0,562338.0,0.0
INDIGO.NS,2025-10-27,5835.0,5835.0,473915.0,0.0
INDIGO.NS,2025-10-28,5809.0,5809.0,950434.0,0.0
INDIGO.NS,2025-10-29,5813.0,5813.0,659529.0,0.0
INDIGO.NS,2025-10-30,5725.0,5725.0,907522.0,0.0
INDIGO.NS,2025-10-31,5625.0,5625.0,1168861.0,0.0
INDIGO.NS,2025-11-03,5695.5,5695.5,615829.0,0.0
INDIGO.NS,2025-11-04,5637.0,5637.0,644454.0,0.0
INDIGO.NS,2025-11-06,5693.0,5693.0,2249415.0,0.0
INDIGO.NS,2025-11-07,5583.5,5583.5,795267.0,0.0
INDIGO.NS,2025-11-10,5588.5,5588.5,983156.0,0.0
INDIGO.NS,2025-11-11,5782.5,5782.5,959131.0,0.0
INDIGO.NS,2025-11-12,5795.5,5795.5,695865.0,0.0
INDIGO.NS,2025-11-13,5905.5,5905.5,1250921.0,0.0
INDIGO.NS,2025-11-14,5908.5,5908.5,643970.0,0.0
INDIGO.NS,2025-11-17,5873.0,5873.0,608336.0,0.0
INDIGO.NS,2025-11-18,5739.5,5739.5,906483.0,0.0
INDIGO.NS,2025-11-19,5758.5,5758.5,784194.0,0.0
INDIGO.NS,2025-11-20,5785.5,5785.5,429193.0,0.0
INDIGO.NS,2025-11-21,5843.5,5843.5,410054.0,0.0
INDIGO.NS,2025-11-24,5805.5,5805.5,1224537.0,0.0
INDIGO.NS,2025-11-25,5775.0,5775.0,478426.0,0.0
INDIGO.NS,2025-11-26,5913.0,5913.0,520063.0,0.0
INDIGO.NS,2025-11-27,5919.0,5919.0,472382.0,0.0
INDIGO.NS,2025-11-28,5901.5,5901.5,273162.0,0.0
INDIGO.NS,2025-12-01,5794.0,5794.0,586223.0,0.0
INDIGO.NS,2025-12-02,5697.5,5697.5,1179053.0,0.0
INDIGO.NS,2025-12-03,5595.5,5595.5,1062464.0,0.0
INDIGO.NS,2025-12-04,5436.5,5436.5,4118078.0,0.0
INDIGO.NS,2025-12-05,5370.5,5370.5,6700523.0,0.0
INDIGO.NS,2025-12-08,4923.5,4923.5,15824857.0,0.0
INDIGO.NS,2025-12-09,4967.5,4967.5,10230467.0,0.0
INDIGO.NS,2025-12-10,4805.5,4805.5,7127760.0,0.0
INDIGO.NS,2025-12-11,4819.0,4819.0,6526881.0,0.0
INDIGO.NS,2025-12-12,4860.5,4860.5,3379049.0,0.0
INDIGO.NS,2025-12-15,4965.5,4965.5,4014614.0,0.0
INDIGO.NS,2025-12-16,4974.0,4974.0,2389083.0,0.0
INDIGO.NS,2025-12-17,4980.5,4980.5,1600991.0,0.0
INDIGO.NS,2025-12-18,5115.5,5115.5,4260902.0,0.0
INDIGO.NS,2025-12-19,5153.5,5153.5,9087607.0,0.0
INDIGO.NS,2025-12-22,5145.5,5145.5,1513801.0,0.0
INDIGO.NS,2025-12-23,5157.0,5157.0,968910.0,0.0
INDIGO.NS,2025-12-24,5081.5,5081.5,980384.0,0.0
INDIGO.NS,2025-12-26,5074.0,5074.0,585777.0,0.0
INDIGO.NS,2025-12-29,5085.5,5085.5,581866.0,0.0
INDIGO.NS,2025-12-30,5018.0,5018.0,1306997.0,0.0
INDIGO.NS,2025-12-31,5059.5,5059.5,908946.0,0.0
INDIGO.NS,2026-01-01,5110.5,5110.5,744719.0,0.0
INDIGO.NS,2026-01-02,5106.0,5106.0,464130.0,0.0
INDIGO.NS,2026-01-05,5102.5,5102.5,634271.0,0.0
INDIGO.NS,2026-01-06,5002.5,5002.5,856866.0,0.0
INDIGO.NS,2026-01-07,4951.0,4951.0,1157501.0,0.0
INDIGO.NS,2026-01-08,4906.5,4906.5,1303022.0,0.0
INDIGO.NS,2026-01-09,4844.0,4844.0,1257421.0,0.0
INDIGO.NS,2026-01-12,4850.0,4850.0,691685.0,0.0
INDIGO.NS,2026-01-13,4759.5,4759.5,1339651.0,0.0
INDIGO.NS,2026-01-14,4733.0,4733.0,1059301.0,0.0
INDIGO.NS,2026-01-15,4733.0,4733.0,0.0,0.0
INDIGO.NS,2026-01-16,4740.0,4740.0,1079566.0,0.0
INDIGO.NS,2026-01-19,4941.5,4941.5,2171150.0,0.0
INDIGO.NS,2026-01-20,4790.0,4790.0,681597.0,0.0
INDIGO.NS,2026-01-21,4857.5,4857.5,1740395.0,0.0
INDIGO.NS,2026-01-22,4909.0,4909.0,1281956.0,0.0
INDIGO.NS,2026-01-23,4704.5,4704.5,3668328.0,0.0
INDIGO.NS,2026-01-27,4769.0,4769.0,1255311.0,0.0
INDIGO.NS,2026-01-28,4749.0,4749.0,1075513.0,0.0
INDIGO.NS,2026-01-29,4621.0,4621.0,1751127.0,0.0
INDIGO.NS,2026-01-30,4596.5,4596.5,1567278.0,0.0
INDIGO.NS,2026-02-02,4687.0,4687.0,1309113.0,0.0
INDIGO.NS,2026-02-03,4946.2001953125,4946.2001953125,2915322.0,0.0
INDIGO.NS,2026-02-04,4960.7001953125,4960.7001953125,1026215.0,0.0
INDIGO.NS,2026-02-05,4932.2001953125,4932.2001953125,1189049.0,0.0
INDIGO.NS,2026-02-06,4909.39990234375,4909.39990234375,463970.0,0.0
INDIGO.NS,2026-02-09,4964.10009765625,4964.10009765625,538869.0,0.0
INDIGO.NS,2026-02-10,4960.39990234375,4960.39990234375,1115549.0,0.0
INDIGO.NS,2026-02-11,5013.7998046875,5013.7998046875,527468.0,0.0
JSWSTEEL.NS,2025-02-11,954.5,951.9365844726562,2535726.0,0.0
JSWSTEEL.NS,2025-02-12,956.4000244140625,953.8314819335938,2768806.0,0.0
JSWSTEEL.NS,2025-02-13,969.7999877929688,967.1954956054688,1414535.0,0.0
JSWSTEEL.NS,2025-02-14,964.5999755859375,962.0094604492188,2690126.0,0.0
JSWSTEEL.NS,2025-02-17,973.5499877929688,970.9354248046875,1321057.0,0.0
JSWSTEEL.NS,2025-02-18,978.7999877929688,976.1713256835938,1800070.0,0.0
JSWSTEEL.NS,2025-02-19,977.3499755859375,974.7252197265625,1581818.0,0.0
JSWSTEEL.NS,2025-02-20,981.1500244140625,978.5150146484375,1474610.0,0.0
JSWSTEEL.NS,2025-02-21,981.9000244140625,979.2630004882812,1599075.0,0.0
JSWSTEEL.NS,2025-02-24,966.7999877929688,964.2035522460938,1898963.0,0.0
JSWSTEEL.NS,2025-02-25,958.75,956.1751708984375,1095348.0,0.0
JSWSTEEL.NS,2025-02-27,975.0,972.3815307617188,2049890.0,0.0
JSWSTEEL.NS,2025-02-28,950.7000122070312,948.1467895507812,2553800.0,0.0
JSWSTEEL.NS,2025-03-03,976.0499877929688,973.4287109375,1744769.0,0.0
JSWSTEEL.NS,2025-03-04,974.0999755859375,971.4839477539062,1077034.0,0.0
JSWSTEEL.NS,2025-03-05,1002.7000122070312,1000.0071411132812,2472192.0,0.0
JSWSTEEL.NS,2025-03-06,1011.0999755859375,1008.3845825195312,2203409.0,0.0
JSWSTEEL.NS,2025-03-07,1011.1500244140625,1008.4344482421875,759943.0,0.0
JSWSTEEL.NS,2025-03-10,1013.5,1010.7781372070312,1855010.0,0.0
JSWSTEEL.NS,2025-03-11,1018.6500244140625,1015.914306640625,1595868.0,0.0
JSWSTEEL.NS,2025-03-12,1010.4000244140625,1007.6864624023438,1263600.0,0.0
JSWSTEEL.NS,2025-03-13,1001.2000122070312,998.5111694335938,1218174.0,0.0
JSWSTEEL.NS,2025-03-17,1005.7000122070312,1002.9990844726562,1522656.0,0.0
JSWSTEEL.NS,2025-03-18,1005.7000122070312,1002.9990844726562,0.0,0.0
JSWSTEEL.NS,2025-03-19,1033.3499755859375,1030.5748291015625,2652155.0,0.0
JSWSTEEL.NS,2025-03-20,1050.25,1047.429443359375,2301795.0,0.0
JSWSTEEL.NS,2025-03-21,1058.699951171875,1055.856689453125,2630144.0,0.0
JSWSTEEL.NS,2025-03-24,1061.3499755859375,1058.4996337890625,2267252.0,0.0
JSWSTEEL.NS,2025-03-25,1061.699951171875,1058.8486328125,1571677.0,0.0
JSWSTEEL.NS,2025-03-26,1056.449951171875,1053.61279296875,1254060.0,0.0
JSWSTEEL.NS,2025-03-27,1059.75,1056.9039306640625,2514499.0,0.0
JSWSTEEL.NS,2025-03-28,1063.199951171875,1060.3446044921875,1674204.0,0.0
JSWSTEEL.NS,2025-04-01,1056.25,1053.413330078125,1776263.0,0.0
JSWSTEEL.NS,2025-04-02,1055.9000244140625,1053.0643310546875,878958.0,0.0
JSWSTEEL.NS,2025-04-03,1044.050048828125,1041.24609375,1607693.0,0.0
JSWSTEEL.NS,2025-04-04,1005.75,1003.0489501953125,3818643.0,0.0
JSWSTEEL.NS,2025-04-07,930.2999877929688,927.8015747070312,4581682.0,0.0
JSWSTEEL.NS,2025-04-08,954.5999755859375,952.0363159179688,1717533.0,0.0
JSWSTEEL.NS,2025-04-09,945.5499877929688,943.0106201171875,1773658.0,0.0
JSWSTEEL.NS,2025-04-11,990.25,987.590576171875,3641633.0,0.0
JSWSTEEL.NS,2025-04-15,1008.0,1005.2929077148438,1287903.0,0.0
JSWSTEEL.NS,2025-04-16,1009.4000244140625,1006.6891479492188,1281034.0,0.0
JSWSTEEL.NS,2025-04-17,1007.2000122070312,1004.4950561523438,2074019.0,0.0
JSWSTEEL.NS,2025-04-21,1034.0,1031.2230224609375,1345056.0,0.0
JSWSTEEL.NS,2025-04-22,1044.199951171875,1041.3956298828125,2153582.0,0.0
JSWSTEEL.NS,2025-04-23,1039.199951171875,1036.4090576171875,893969.0,0.0
JSWSTEEL.NS,2025-04-24,1044.5,1041.69482421875,1242921.0,0.0
JSWSTEEL.NS,2025-04-25,1028.4000244140625,1025.63818359375,2784217.0,0.0
JSWSTEEL.NS,2025-04-28,1054.4000244140625,1051.568359375,1485915.0,0.0
JSWSTEEL.NS,2025-04-29,1035.5999755859375,1032.8187255859375,1206750.0,0.0
JSWSTEEL.NS,2025-04-30,1029.800048828125,1027.034423828125,1755328.0,0.0
JSWSTEEL.NS,2025-05-02,967.5,964.9016723632812,6209775.0,0.0
JSWSTEEL.NS,2025-05-05,955.5,952.9338989257812,1646426.0,0.0
JSWSTEEL.NS,2025-05-06,967.5,964.9016723632812,1462046.0,0.0
JSWSTEEL.NS,2025-05-07,966.0999755859375,963.5054321289062,1014461.0,0.0
JSWSTEEL.NS,2025-05-08,953.2000122070312,950.6400756835938,1646385.0,0.0
JSWSTEEL.NS,2025-05-09,957.0,954.4298706054688,1481537.0,0.0
JSWSTEEL.NS,2025-05-12,1005.2000122070312,1002.5004272460938,1335817.0,0.0
JSWSTEEL.NS,2025-05-13,989.9000244140625,987.2415161132812,934177.0,0.0
JSWSTEEL.NS,2025-05-14,989.2999877929688,986.6431274414062,1650066.0,0.0
JSWSTEEL.NS,2025-05-15,1038.300048828125,1035.5115966796875,5297654.0,0.0
JSWSTEEL.NS,2025-05-16,1021.7999877929688,1019.0558471679688,1048380.0,0.0
JSWSTEEL.NS,2025-05-19,1019.5999755859375,1016.8617553710938,1434608.0,0.0
JSWSTEEL.NS,2025-05-20,1012.7000122070312,1009.9802856445312,1624336.0,0.0
JSWSTEEL.NS,2025-05-21,1000.9000244140625,998.2119750976562,875245.0,0.0
JSWSTEEL.NS,2025-05-22,1005.5999755859375,1002.8993530273438,1283310.0,0.0
JSWSTEEL.NS,2025-05-23,1008.5,1005.7915649414062,1568154.0,0.0
JSWSTEEL.NS,2025-05-26,1032.300048828125,1029.5277099609375,4716572.0,0.0
JSWSTEEL.NS,2025-05-27,1013.7000122070312,1010.9776000976562,1158374.0,0.0
JSWSTEEL.NS,2025-05-28,1001.0,998.3117065429688,1790498.0,0.0
JSWSTEEL.NS,2025-05-29,1006.2000122070312,1003.4977416992188,3282246.0,0.0
JSWSTEEL.NS,2025-05-30,993.5,990.8318481445312,1710817.0,0.0
JSWSTEEL.NS,2025-06-02,978.7999877929688,976.1713256835938,1790184.0,0.0
JSWSTEEL.NS,2025-06-03,973.7999877929688,971.1847534179688,1138571.0,0.0
JSWSTEEL.NS,2025-06-04,968.5499877929688,965.9488525390625,2398032.0,0.0
JSWSTEEL.NS,2025-06-05,968.75,966.1483154296875,2182562.0,0.0
JSWSTEEL.NS,2025-06-06,1004.9000244140625,1002.2012329101562,2089570.0,0.0
JSWSTEEL.NS,2025-06-09,1008.0,1005.2929077148438,1864322.0,0.0
JSWSTEEL.NS,2025-06-10,1003.0999755859375,1000.4060668945312,1747781.0,0.0
JSWSTEEL.NS,2025-06-11,1007.0999755859375,1004.3953247070312,1003090.0,0.0
JSWSTEEL.NS,2025-06-12,995.6500244140625,992.97607421875,2223026.0,0.0
JSWSTEEL.NS,2025-06-13,987.25,984.5986328125,1044815.0,0.0
JSWSTEEL.NS,2025-06-16,1003.7999877929688,1001.1041870117188,871032.0,0.0
JSWSTEEL.NS,2025-06-17,999.6500244140625,996.96533203125,1075499.0,0.0
JSWSTEEL.NS,2025-06-18,986.3499755859375,983.7010498046875,854561.0,0.0
JSWSTEEL.NS,2025-06-19,996.0499877929688,993.375,1391083.0,0.0
JSWSTEEL.NS,2025-06-20,1005.5499877929688,1002.8494873046875,9697195.0,0.0
JSWSTEEL.NS,2025-06-23,997.0,994.3224487304688,1132847.0,0.0
JSWSTEEL.NS,2025-06-24,1007.0,1004.2955932617188,1434360.0,0.0
JSWSTEEL.NS,2025-06-25,1024.449951171875,1021.6986694335938,2029126.0,0.0
JSWSTEEL.NS,2025-06-26,1032.550048828125,1029.7769775390625,3892783.0,0.0
JSWSTEEL.NS,2025-06-27,1028.9000244140625,1026.1368408203125,1941604.0,0.0
JSWSTEEL.NS,2025-06-30,1020.5,1017.7593383789062,765716.0,0.0
JSWSTEEL.NS,2025-07-01,1029.5999755859375,1026.8348388671875,988673.0,0.0
JSWSTEEL.NS,2025-07-02,1059.9000244140625,1057.0535888671875,3166924.0,0.0
JSWSTEEL.NS,2025-07-03,1046.0999755859375,1043.29052734375,1703765.0,0.0
JSWSTEEL.NS,2025-07-04,1041.4000244140625,1038.603271484375,961108.0,0.0
JSWSTEEL.NS,2025-07-07,1042.5999755859375,1039.7999267578125,871937.0,0.0
JSWSTEEL.NS,2025-07-08,1045.0,1045.0,828011.0,0.0
JSWSTEEL.NS,2025-07-09,1040.4000244140625,1040.4000244140625,1666607.0,0.0
JSWSTEEL.NS,2025-07-10,1043.300048828125,1043.300048828125,1101654.0,0.0
JSWSTEEL.NS,2025-07-11,1037.199951171875,1037.199951171875,931901.0,0.0
JSWSTEEL.NS,2025-07-14,1038.9000244140625,1038.9000244140625,1238524.0,0.0
JSWSTEEL.NS,2025-07-15,1035.0,1035.0,982842.0,0.0
JSWSTEEL.NS,2025-07-16,1029.800048828125,1029.800048828125,1099243.0,0.0
JSWSTEEL.NS,2025-07-17,1034.199951171875,1034.199951171875,1553977.0,0.0
JSWSTEEL.NS,2025-07-18,1034.4000244140625,1034.4000244140625,1694015.0,0.0
JSWSTEEL.NS,2025-07-21,1034.800048828125,1034.800048828125,2771028.0,0.0
JSWSTEEL.NS,2025-07-22,1030.699951171875,1030.699951171875,1237568.0,0.0
JSWSTEEL.NS,2025-07-23,1033.800048828125,1033.800048828125,1192492.0,0.0
JSWSTEEL.NS,2025-07-24,1033.800048828125,1033.800048828125,1462398.0,0.0
JSWSTEEL.NS,2025-07-25,1026.9000244140625,1026.9000244140625,912255.0,0.0
JSWSTEEL.NS,2025-07-28,1028.800048828125,1028.800048828125,1839488.0,0.0
JSWSTEEL.NS,2025-07-29,1034.9000244140625,1034.9000244140625,2215340.0,0.0
JSWSTEEL.NS,2025-07-30,1037.9000244140625,1037.9000244140625,1781038.0,0.0
JSWSTEEL.NS,2025-07-31,1048.300048828125,1048.300048828125,3144726.0,0.0
JSWSTEEL.NS,2025-08-01,1027.800048828125,1027.800048828125,1604653.0,0.0
JSWSTEEL.NS,2025-08-04,1055.9000244140625,1055.9000244140625,1835680.0,0.0
JSWSTEEL.NS,2025-08-05,1053.4000244140625,1053.4000244140625,1524968.0,0.0
JSWSTEEL.NS,2025-08-06,1052.5999755859375,1052.5999755859375,1797515.0,0.0
JSWSTEEL.NS,2025-08-07,1064.800048828125,1064.800048828125,1837589.0,0.0
JSWSTEEL.NS,2025-08-08,1049.199951171875,1049.199951171875,2234463.0,0.0
JSWSTEEL.NS,2025-08-11,1052.699951171875,1052.699951171875,1492814.0,0.0
JSWSTEEL.NS,2025-08-12,1048.199951171875,1048.199951171875,1231299.0,0.0
JSWSTEEL.NS,2025-08-13,1053.699951171875,1053.699951171875,1125769.0,0.0
JSWSTEEL.NS,2025-08-14,1045.5,1045.5,870899.0,0.0
JSWSTEEL.NS,2025-08-18,1079.800048828125,1079.800048828125,3252940.0,0.0
JSWSTEEL.NS,2025-08-19,1073.4000244140625,1073.4000244140625,1867228.0,0.0
JSWSTEEL.NS,2025-08-20,1082.5999755859375,1082.5999755859375,1321114.0,0.0
JSWSTEEL.NS,2025-08-21,1071.800048828125,1071.800048828125,2069244.0,0.0
JSWSTEEL.NS,2025-08-22,1054.5999755859375,1054.5999755859375,1950366.0,0.0
JSWSTEEL.NS,2025-08-25,1057.800048828125,1057.800048828125,1552036.0,0.0
JSWSTEEL.NS,2025-08-26,1047.0999755859375,1047.0999755859375,1758169.0,0.0
JSWSTEEL.NS,2025-08-28,1035.800048828125,1035.800048828125,1313061.0,0.0
JSWSTEEL.NS,2025-08-29,1026.5999755859375,1026.5999755859375,1062037.0,0.0
JSWSTEEL.NS,2025-09-01,1035.5,1035.5,624424.0,0.0
JSWSTEEL.NS,2025-09-02,1044.0,1044.0,1071341.0,0.0
JSWSTEEL.NS,2025-09-03,1072.199951171875,1072.199951171875,3357124.0,0.0
JSWSTEEL.NS,2025-09-04,1072.4000244140625,1072.4000244140625,922622.0,0.0
JSWSTEEL.NS,2025-09-05,1073.0999755859375,1073.0999755859375,748933.0,0.0
JSWSTEEL.NS,2025-09-08,1101.4000244140625,1101.4000244140625,3219380.0,0.0
JSWSTEEL.NS,2025-09-09,1104.5,1104.5,1058374.0,0.0
JSWSTEEL.NS,2025-09-10,1101.199951171875,1101.199951171875,1305818.0,0.0
JSWSTEEL.NS,2025-09-11,1099.0,1099.0,852085.0,0.0
JSWSTEEL.NS,2025-09-12,1099.0,1099.0,1057815.0,0.0
JSWSTEEL.NS,2025-09-15,1100.9000244140625,1100.9000244140625,565667.0,0.0
JSWSTEEL.NS,2025-09-16,1115.199951171875,1115.199951171875,1644497.0,0.0
JSWSTEEL.NS,2025-09-17,1111.0,1111.0,950577.0,0.0
JSWSTEEL.NS,2025-09-18,1121.0999755859375,1121.0999755859375,824725.0,0.0
JSWSTEEL.NS,2025-09-19,1122.800048828125,1122.800048828125,1351221.0,0.0
JSWSTEEL.NS,2025-09-22,1117.0,1117.0,786218.0,0.0
JSWSTEEL.NS,2025-09-23,1138.4000244140625,1138.4000244140625,2075493.0,0.0
JSWSTEEL.NS,2025-09-24,1149.0999755859375,1149.0999755859375,2111388.0,0.0
JSWSTEEL.NS,2025-09-25,1148.5,1148.5,1581307.0,0.0
JSWSTEEL.NS,2025-09-26,1130.800048828125,1130.800048828125,2999892.0,0.0
JSWSTEEL.NS,2025-09-29,1122.199951171875,1122.199951171875,2615670.0,0.0
JSWSTEEL.NS,2025-09-30,1142.699951171875,1142.699951171875,2771126.0,0.0
JSWSTEEL.NS,2025-10-01,1146.0999755859375,1146.0999755859375,1129506.0,0.0
JSWSTEEL.NS,2025-10-03,1161.699951171875,1161.699951171875,2179883.0,0.0
JSWSTEEL.NS,2025-10-06,1159.9000244140625,1159.9000244140625,1013304.0,0.0
JSWSTEEL.NS,2025-10-07,1156.800048828125,1156.800048828125,1565661.0,0.0
JSWSTEEL.NS,2025-10-08,1145.199951171875,1145.199951171875,737972.0,0.0
JSWSTEEL.NS,2025-10-09,1175.199951171875,1175.199951171875,2001612.0,0.0
JSWSTEEL.NS,2025-10-10,1167.800048828125,1167.800048828125,1457768.0,0.0
JSWSTEEL.NS,2025-10-13,1161.4000244140625,1161.4000244140625,488298.0,0.0
JSWSTEEL.NS,2025-10-14,1147.800048828125,1147.800048828125,1408990.0,0.0
JSWSTEEL.NS,2025-10-15,1160.800048828125,1160.800048828125,1284749.0,0.0
JSWSTEEL.NS,2025-10-16,1172.0999755859375,1172.0999755859375,655759.0,0.0
JSWSTEEL.NS,2025-10-17,1163.300048828125,1163.300048828125,2207267.0,0.0
JSWSTEEL.NS,2025-10-20,1145.199951171875,1145.199951171875,1214428.0,0.0
JSWSTEEL.NS,2025-10-21,1152.5,1152.5,115719.0,0.0
JSWSTEEL.NS,2025-10-23,1138.199951171875,1138.199951171875,1740322.0,0.0
JSWSTEEL.NS,2025-10-24,1141.4000244140625,1141.4000244140625,1320560.0,0.0
JSWSTEEL.NS,2025-10-27,1150.5999755859375,1150.5999755859375,1275776.0,0.0
JSWSTEEL.NS,2025-10-28,1184.199951171875,1184.199951171875,3451230.0,0.0
JSWSTEEL.NS,2025-10-29,1207.9000244140625,1207.9000244140625,3819737.0,0.0
JSWSTEEL.NS,2025-10-30,1210.0,1210.0,1273913.0,0.0
JSWSTEEL.NS,2025-10-31,1206.0,1206.0,1337807.0,0.0
JSWSTEEL.NS,2025-11-03,1195.0,1195.0,1486643.0,0.0
JSWSTEEL.NS,2025-11-04,1181.4000244140625,1181.4000244140625,1110884.0,0.0
JSWSTEEL.NS,2025-11-06,1168.800048828125,1168.800048828125,1304994.0,0.0
JSWSTEEL.NS,2025-11-07,1171.699951171875,1171.699951171875,845047.0,0.0
JSWSTEEL.NS,2025-11-10,1179.300048828125,1179.300048828125,740226.0,0.0
JSWSTEEL.NS,2025-11-11,1191.5,1191.5,1588730.0,0.0
JSWSTEEL.NS,2025-11-12,1181.800048828125,1181.800048828125,976290.0,0.0
JSWSTEEL.NS,2025-11-13,1183.9000244140625,1183.9000244140625,1427189.0,0.0
JSWSTEEL.NS,2025-11-14,1167.800048828125,1167.800048828125,1059030.0,0.0
JSWSTEEL.NS,2025-11-17,1175.5,1175.5,1102752.0,0.0
JSWSTEEL.NS,2025-11-18,1163.0,1163.0,1912105.0,0.0
JSWSTEEL.NS,2025-11-19,1164.9000244140625,1164.9000244140625,522344.0,0.0
JSWSTEEL.NS,2025-11-20,1170.0,1170.0,908758.0,0.0
JSWSTEEL.NS,2025-11-21,1140.300048828125,1140.300048828125,1045627.0,0.0
JSWSTEEL.NS,2025-11-24,1106.0,1106.0,2209717.0,0.0
JSWSTEEL.NS,2025-11-25,1112.0,1112.0,1394051.0,0.0
JSWSTEEL.NS,2025-11-26,1154.4000244140625,1154.4000244140625,2167703.0,0.0
JSWSTEEL.NS,2025-11-27,1160.5999755859375,1160.5999755859375,2342042.0,0.0
JSWSTEEL.NS,2025-11-28,1160.300048828125,1160.300048828125,1243394.0,0.0
JSWSTEEL.NS,2025-12-01,1168.4000244140625,1168.4000244140625,3039396.0,0.0
JSWSTEEL.NS,2025-12-02,1162.0,1162.0,2834317.0,0.0
JSWSTEEL.NS,2025-12-03,1143.5999755859375,1143.5999755859375,6026786.0,0.0
JSWSTEEL.NS,2025-12-04,1150.5999755859375,1150.5999755859375,2285777.0,0.0
JSWSTEEL.NS,2025-12-05,1162.199951171875,1162.199951171875,2326439.0,0.0
JSWSTEEL.NS,2025-12-08,1119.0999755859375,1119.0999755859375,1727184.0,0.0
JSWSTEEL.NS,2025-12-09,1107.800048828125,1107.800048828125,1947088.0,0.0
JSWSTEEL.NS,2025-12-10,1096.800048828125,1096.800048828125,1222924.0,0.0
JSWSTEEL.NS,2025-12-11,1105.4000244140625,1105.4000244140625,759090.0,0.0
JSWSTEEL.NS,2025-12-12,1125.5,1125.5,827546.0,0.0
JSWSTEEL.NS,2025-12-15,1114.800048828125,1114.800048828125,1017965.0,0.0
JSWSTEEL.NS,2025-12-16,1082.5999755859375,1082.5999755859375,2000325.0,0.0
JSWSTEEL.NS,2025-12-17,1079.300048828125,1079.300048828125,1781774.0,0.0
JSWSTEEL.NS,2025-12-18,1082.199951171875,1082.199951171875,1134603.0,0.0
JSWSTEEL.NS,2025-12-19,1079.5999755859375,1079.5999755859375,1068212.0,0.0
JSWSTEEL.NS,2025-12-22,1094.9000244140625,1094.9000244140625,1086319.0,0.0
JSWSTEEL.NS,2025-12-23,1096.800048828125,1096.800048828125,961759.0,0.0
JSWSTEEL.NS,2025-12-24,1091.300048828125,1091.300048828125,806530.0,0.0
JSWSTEEL.NS,2025-12-26,1094.4000244140625,1094.4000244140625,1317269.0,0.0
JSWSTEEL.NS,2025-12-29,1092.5999755859375,1092.5999755859375,3084525.0,0.0
JSWSTEEL.NS,2025-12-30,1111.5999755859375,1111.5999755859375,1609086.0,0.0
JSWSTEEL.NS,2025-12-31,1164.800048828125,1164.800048828125,5881898.0,0.0
JSWSTEEL.NS,2026-01-01,1171.5,1171.5,1173697.0,0.0
JSWSTEEL.NS,2026-01-02,1180.699951171875,1180.699951171875,903240.0,0.0
JSWSTEEL.NS,2026-01-05,1185.9000244140625,1185.9000244140625,1017822.0,0.0
JSWSTEEL.NS,2026-01-06,1176.300048828125,1176.300048828125,1395370.0,0.0
JSWSTEEL.NS,2026-01-07,1189.800048828125,1189.800048828125,1161485.0,0.0
JSWSTEEL.NS,2026-01-08,1155.9000244140625,1155.9000244140625,1275035.0,0.0
JSWSTEEL.NS,2026-01-09,1158.800048828125,1158.800048828125,1387896.0,0.0
JSWSTEEL.NS,2026-01-12,1182.699951171875,1182.699951171875,1391748.0,0.0
JSWSTEEL.NS,2026-01-13,1178.0999755859375,1178.0999755859375,1570887.0,0.0
JSWSTEEL.NS,2026-01-14,1181.800048828125,1181.800048828125,2281726.0,0.0
JSWSTEEL.NS,2026-01-15,1181.800048828125,1181.800048828125,0.0,0.0
JSWSTEEL.NS,2026-01-16,1187.300048828125,1187.300048828125,1883089.0,0.0
JSWSTEEL.NS,2026-01-19,1184.0999755859375,1184.0999755859375,2213860.0,0.0
JSWSTEEL.NS,2026-01-20,1160.0,1160.0,1106893.0,0.0
JSWSTEEL.NS,2026-01-21,1174.5999755859375,1174.5999755859375,1401954.0,0.0
JSWSTEEL.NS,2026-01-22,1184.4000244140625,1184.4000244140625,1428697.0,0.0
JSWSTEEL.NS,2026-01-23,1170.0,1170.0,2406992.0,0.0
JSWSTEEL.NS,2026-01-27,1222.0,1222.0,3808562.0,0.0
JSWSTEEL.NS,2026-01-28,1218.699951171875,1218.699951171875,2214293.0,0.0
JSWSTEEL.NS,2026-01-29,1237.5,1237.5,2471027.0,0.0
JSWSTEEL.NS,2026-01-30,1214.4000244140625,1214.4000244140625,2876505.0,0.0
JSWSTEEL.NS,2026-02-02,1199.199951171875,1199.199951171875,1839134.0,0.0
JSWSTEEL.NS,2026-02-03,1229.4000244140625,1229.4000244140625,2093172.0,0.0
JSWSTEEL.NS,2026-02-04,1228.199951171875,1228.199951171875,1062043.0,0.0
JSWSTEEL.NS,2026-02-05,1239.800048828125,1239.800048828125,1198051.0,0.0
JSWSTEEL.NS,2026-02-06,1236.199951171875,1236.199951171875,918161.0,0.0
JSWSTEEL.NS,2026-02-09,1245.0,1245.0,1503210.0,0.0
JSWSTEEL.NS,2026-02-10,1244.0999755859375,1244.0999755859375,1150559.0,0.0
JSWSTEEL.NS,2026-02-11,1249.199951171875,1249.199951171875,835399.0,0.0
JIOFIN.NS,2025-02-11,235.94000244140625,235.57266235351562,15330320.0,0.0
JIOFIN.NS,2025-02-12,227.6199951171875,227.26560974121094,45167990.0,0.0
JIOFIN.NS,2025-02-13,228.05999755859375,227.70492553710938,15841470.0,0.0
JIOFIN.NS,2025-02-14,222.2899932861328,221.94390869140625,22176520.0,0.0
JIOFIN.NS,2025-02-17,222.4499969482422,222.10365295410156,21988190.0,0.0
JIOFIN.NS,2025-02-18,221.02000427246094,220.67588806152344,19138940.0,0.0
JIOFIN.NS,2025-02-19,228.9199981689453,228.56358337402344,14085760.0,0.0
JIOFIN.NS,2025-02-20,235.27000427246094,234.90370178222656,15681050.0,0.0
JIOFIN.NS,2025-02-21,233.6699981689453,233.30618286132812,15152680.0,0.0
JIOFIN.NS,2025-02-24,228.4499969482422,228.0943145751953,14715000.0,0.0
JIOFIN.NS,2025-02-25,226.32000732421875,225.96763610839844,11683220.0,0.0
JIOFIN.NS,2025-02-27,221.6999969482422,221.35482788085938,16215290.0,0.0
JIOFIN.NS,2025-02-28,207.61000061035156,207.28675842285156,50855490.0,0.0
JIOFIN.NS,2025-03-03,200.9199981689453,200.607177734375,51311990.0,0.0
JIOFIN.NS,2025-03-04,206.3800048828125,206.05868530273438,50579880.0,0.0
JIOFIN.NS,2025-03-05,217.10000610351562,216.76199340820312,36954750.0,0.0
JIOFIN.NS,2025-03-06,219.94000244140625,219.59756469726562,24296330.0,0.0
JIOFIN.NS,2025-03-07,221.80999755859375,221.46466064453125,27997550.0,0.0
JIOFIN.NS,2025-03-10,216.5,216.1629180908203,19521400.0,0.0
JIOFIN.NS,2025-03-11,217.55999755859375,217.2212677001953,20118890.0,0.0
JIOFIN.NS,2025-03-12,225.52999877929688,225.17886352539062,28455080.0,0.0
JIOFIN.NS,2025-03-13,222.60000610351562,222.25343322753906,25219080.0,0.0
JIOFIN.NS,2025-03-17,219.52000427246094,219.17822265625,22290920.0,0.0
JIOFIN.NS,2025-03-18,225.17999267578125,224.82940673828125,28081310.0,0.0
JIOFIN.NS,2025-03-19,228.83999633789062,228.48370361328125,21456930.0,0.0
JIOFIN.NS,2025-03-20,231.69000244140625,231.3292694091797,24426400.0,0.0
JIOFIN.NS,2025-03-21,229.1199951171875,228.76327514648438,46879560.0,0.0
JIOFIN.NS,2025-03-24,232.67999267578125,232.31771850585938,26607360.0,0.0
JIOFIN.NS,2025-03-25,227.52999877929688,227.17575073242188,22492780.0,0.0
JIOFIN.NS,2025-03-26,222.6699981689453,222.3233184814453,19372530.0,0.0
JIOFIN.NS,2025-03-27,225.77999877929688,225.42848205566406,188868800.0,0.0
JIOFIN.NS,2025-03-28,227.50999450683594,227.15577697753906,30356330.0,0.0
JIOFIN.NS,2025-04-01,230.4199981689453,230.06124877929688,18781790.0,0.0
JIOFIN.NS,2025-04-02,229.77999877929688,229.4222412109375,16203180.0,0.0
JIOFIN.NS,2025-04-03,230.41000366210938,230.05126953125,11752610.0,0.0
JIOFIN.NS,2025-04-04,222.32000732421875,221.973876953125,20832530.0,0.0
JIOFIN.NS,2025-04-07,213.52000427246094,213.18756103515625,25772060.0,0.0
JIOFIN.NS,2025-04-08,224.80999755859375,224.45997619628906,25131280.0,0.0
JIOFIN.NS,2025-04-09,220.9199981689453,220.57603454589844,19372730.0,0.0
JIOFIN.NS,2025-04-11,230.02000427246094,229.66188049316406,24630870.0,0.0
JIOFIN.NS,2025-04-15,238.57000732421875,238.1985626220703,27663800.0,0.0
JIOFIN.NS,2025-04-16,242.27999877929688,241.9027862548828,27720760.0,0.0
JIOFIN.NS,2025-04-17,246.47000122070312,246.0862579345703,30422200.0,0.0
JIOFIN.NS,2025-04-21,246.3800048828125,245.9964141845703,31786610.0,0.0
JIOFIN.NS,2025-04-22,250.55999755859375,250.16989135742188,30235260.0,0.0
JIOFIN.NS,2025-04-23,258.1400146484375,257.73809814453125,37568330.0,0.0
JIOFIN.NS,2025-04-24,258.7799987792969,258.3771057128906,17152000.0,0.0
JIOFIN.NS,2025-04-25,253.0500030517578,252.65602111816406,33348710.0,0.0
JIOFIN.NS,2025-04-28,257.8999938964844,257.49847412109375,19380920.0,0.0
JIOFIN.NS,2025-04-29,257.6300048828125,257.2288818359375,12494830.0,0.0
JIOFIN.NS,2025-04-30,260.4200134277344,260.0145568847656,32058330.0,0.0
JIOFIN.NS,2025-05-02,258.79998779296875,258.3970642089844,20015940.0,0.0
JIOFIN.NS,2025-05-05,260.6000061035156,260.19427490234375,10986240.0,0.0
JIOFIN.NS,2025-05-06,251.1999969482422,250.80889892578125,18568700.0,0.0
JIOFIN.NS,2025-05-07,256.1000061035156,255.70127868652344,19393390.0,0.0
JIOFIN.NS,2025-05-08,251.4499969482422,251.05850219726562,14849940.0,0.0
JIOFIN.NS,2025-05-09,248.35000610351562,247.96334838867188,25011070.0,0.0
JIOFIN.NS,2025-05-12,262.8999938964844,262.49066162109375,19437050.0,0.0
JIOFIN.NS,2025-05-13,267.3999938964844,266.9836730957031,19305040.0,0.0
JIOFIN.NS,2025-05-14,267.5,267.0835266113281,13255750.0,0.0
JIOFIN.NS,2025-05-15,273.70001220703125,273.27386474609375,16201350.0,0.0
JIOFIN.NS,2025-05-16,277.0,276.5687255859375,13449060.0,0.0
JIOFIN.NS,2025-05-19,277.04998779296875,276.61865234375,10202020.0,0.0
JIOFIN.NS,2025-05-20,271.45001220703125,271.0273742675781,12885410.0,0.0
JIOFIN.NS,2025-05-21,274.3500061035156,273.9228515625,10476510.0,0.0
JIOFIN.NS,2025-05-22,274.54998779296875,274.1225280761719,13207450.0,0.0
JIOFIN.NS,2025-05-23,281.75,281.31134033203125,13548310.0,0.0
JIOFIN.NS,2025-05-26,281.75,281.31134033203125,8653797.0,0.0
JIOFIN.NS,2025-05-27,291.3999938964844,290.9462890625,24400390.0,0.0
JIOFIN.NS,2025-05-28,290.3500061035156,289.89794921875,37169000.0,0.0
JIOFIN.NS,2025-05-29,287.8500061035156,287.40185546875,15854790.0,0.0
JIOFIN.NS,2025-05-30,286.6499938964844,286.2037048339844,17881680.0,0.0
JIOFIN.NS,2025-06-02,286.45001220703125,286.0040283203125,12638710.0,0.0
JIOFIN.NS,2025-06-03,283.8999938964844,283.4579772949219,9276084.0,0.0
JIOFIN.NS,2025-06-04,290.3500061035156,289.89794921875,13640670.0,0.0
JIOFIN.NS,2025-06-05,291.5,291.046142578125,11867060.0,0.0
JIOFIN.NS,2025-06-06,294.0,293.5422668457031,15858710.0,0.0
JIOFIN.NS,2025-06-09,304.25,303.77630615234375,26608260.0,0.0
JIOFIN.NS,2025-06-10,302.79998779296875,302.32855224609375,15246190.0,0.0
JIOFIN.NS,2025-06-11,302.6499938964844,302.1788024902344,17551030.0,0.0
JIOFIN.NS,2025-06-12,296.0,295.5391540527344,16175000.0,0.0
JIOFIN.NS,2025-06-13,294.04998779296875,293.5921630859375,16908690.0,0.0
JIOFIN.NS,2025-06-16,294.1499938964844,293.6920166015625,16256310.0,0.0
JIOFIN.NS,2025-06-17,289.79998779296875,289.3487854003906,8857573.0,0.0
JIOFIN.NS,2025-06-18,288.1499938964844,287.70135498046875,8400088.0,0.0
JIOFIN.NS,2025-06-19,284.1000061035156,283.6576843261719,13910920.0,0.0
JIOFIN.NS,2025-06-20,294.25,293.7918701171875,21062460.0,0.0
JIOFIN.NS,2025-06-23,293.1499938964844,292.6935729980469,13408530.0,0.0
JIOFIN.NS,2025-06-24,300.79998779296875,300.3316650390625,24073040.0,0.0
JIOFIN.NS,2025-06-25,303.29998779296875,302.8277587890625,11854470.0,0.0
JIOFIN.NS,2025-06-26,312.5,312.0134582519531,37158990.0,0.0
JIOFIN.NS,2025-06-27,323.45001220703125,322.9464111328125,60666210.0,0.0
JIOFIN.NS,2025-06-30,326.75,326.24127197265625,36746290.0,0.0
JIOFIN.NS,2025-07-01,329.6000061035156,329.08685302734375,20683380.0,0.0
JIOFIN.NS,2025-07-02,326.70001220703125,326.1913757324219,13385180.0,0.0
JIOFIN.NS,2025-07-03,325.04998779296875,324.5439147949219,11497040.0,0.0
JIOFIN.NS,2025-07-04,324.95001220703125,324.444091796875,9623498.0,0.0
JIOFIN.NS,2025-07-07,328.04998779296875,327.53924560546875,13172850.0,0.0
JIOFIN.NS,2025-07-08,328.8500061035156,328.3380126953125,13953330.0,0.0
JIOFIN.NS,2025-07-09,329.8500061035156,329.3364562988281,24522730.0,0.0
JIOFIN.NS,2025-07-10,331.6499938964844,331.1336364746094,13973000.0,0.0
JIOFIN.NS,2025-07-11,325.79998779296875,325.292724609375,14554940.0,0.0
JIOFIN.NS,2025-07-14,319.1000061035156,318.6031799316406,17980880.0,0.0
JIOFIN.NS,2025-07-15,321.20001220703125,320.6999206542969,12753150.0,0.0
JIOFIN.NS,2025-07-16,319.54998779296875,319.0524597167969,14151920.0,0.0
JIOFIN.NS,2025-07-17,318.1499938964844,317.6546630859375,12037730.0,0.0
JIOFIN.NS,2025-07-18,316.8500061035156,316.356689453125,29776470.0,0.0
JIOFIN.NS,2025-07-21,317.25,316.7560729980469,16996840.0,0.0
JIOFIN.NS,2025-07-22,310.79998779296875,310.31610107421875,15797940.0,0.0
JIOFIN.NS,2025-07-23,314.45001220703125,313.96044921875,9726960.0,0.0
JIOFIN.NS,2025-07-24,316.45001220703125,315.9573059082031,11348070.0,0.0
JIOFIN.NS,2025-07-25,311.25,310.7654113769531,10957080.0,0.0
JIOFIN.NS,2025-07-28,307.3500061035156,306.8714904785156,15732700.0,0.0
JIOFIN.NS,2025-07-29,321.1000061035156,320.6000671386719,27086580.0,0.0
JIOFIN.NS,2025-07-30,320.29998779296875,319.8013000488281,15393960.0,0.0
JIOFIN.NS,2025-07-31,329.25,328.73736572265625,49292430.0,0.0
JIOFIN.NS,2025-08-01,329.5,328.98699951171875,19635750.0,0.0
JIOFIN.NS,2025-08-04,333.8999938964844,333.380126953125,19850630.0,0.0
JIOFIN.NS,2025-08-05,332.8500061035156,332.331787109375,16052990.0,0.0
JIOFIN.NS,2025-08-06,326.54998779296875,326.04156494140625,11615130.0,0.0
JIOFIN.NS,2025-08-07,325.5,324.99322509765625,16461900.0,0.0
JIOFIN.NS,2025-08-08,321.1499938964844,320.6499938964844,10312940.0,0.0
JIOFIN.NS,2025-08-11,327.75,327.75,11342710.0,0.0
JIOFIN.NS,2025-08-12,327.0,327.0,10094420.0,0.0
JIOFIN.NS,2025-08-13,330.6000061035156,330.6000061035156,11363620.0,0.0
JIOFIN.NS,2025-08-14,327.3999938964844,327.3999938964844,8079069.0,0.0
JIOFIN.NS,2025-08-18,329.3500061035156,329.3500061035156,9341169.0,0.0
JIOFIN.NS,2025-08-19,331.29998779296875,331.29998779296875,8842923.0,0.0
JIOFIN.NS,2025-08-20,328.45001220703125,328.45001220703125,8822662.0,0.0
JIOFIN.NS,2025-08-21,323.8500061035156,323.8500061035156,10947440.0,0.0
JIOFIN.NS,2025-08-22,320.6000061035156,320.6000061035156,8800338.0,0.0
JIOFIN.NS,2025-08-25,319.70001220703125,319.70001220703125,11445520.0,0.0
JIOFIN.NS,2025-08-26,315.75,315.75,10076770.0,0.0
JIOFIN.NS,2025-08-28,310.1000061035156,310.1000061035156,15243090.0,0.0
JIOFIN.NS,2025-08-29,311.70001220703125,311.70001220703125,17274980.0,0.0
JIOFIN.NS,2025-09-01,314.04998779296875,314.04998779296875,11486200.0,0.0
JIOFIN.NS,2025-09-02,311.75,311.75,13220790.0,0.0
JIOFIN.NS,2025-09-03,313.70001220703125,313.70001220703125,11360600.0,0.0
JIOFIN.NS,2025-09-04,309.45001220703125,309.45001220703125,10392900.0,0.0
JIOFIN.NS,2025-09-05,309.3999938964844,309.3999938964844,8618197.0,0.0
JIOFIN.NS,2025-09-08,311.1000061035156,311.1000061035156,6198613.0,0.0
JIOFIN.NS,2025-09-09,307.95001220703125,307.95001220703125,10103720.0,0.0
JIOFIN.NS,2025-09-10,310.04998779296875,310.04998779296875,10838910.0,0.0
JIOFIN.NS,2025-09-11,310.70001220703125,310.70001220703125,6146666.0,0.0
JIOFIN.NS,2025-09-12,311.20001220703125,311.20001220703125,6049420.0,0.0
JIOFIN.NS,2025-09-15,315.3500061035156,315.3500061035156,14414940.0,0.0
JIOFIN.NS,2025-09-16,315.45001220703125,315.45001220703125,10963420.0,0.0
JIOFIN.NS,2025-09-17,315.8500061035156,315.8500061035156,8836571.0,0.0
JIOFIN.NS,2025-09-18,317.3500061035156,317.3500061035156,9396848.0,0.0
JIOFIN.NS,2025-09-19,317.0,317.0,17671560.0,0.0
JIOFIN.NS,2025-09-22,313.8500061035156,313.8500061035156,7711667.0,0.0
JIOFIN.NS,2025-09-23,312.54998779296875,312.54998779296875,11896530.0,0.0
JIOFIN.NS,2025-09-24,306.75,306.75,11253780.0,0.0
JIOFIN.NS,2025-09-25,301.6000061035156,301.6000061035156,12147550.0,0.0
JIOFIN.NS,2025-09-26,295.8500061035156,295.8500061035156,11503280.0,0.0
JIOFIN.NS,2025-09-29,294.20001220703125,294.20001220703125,9607887.0,0.0
JIOFIN.NS,2025-09-30,293.20001220703125,293.20001220703125,10119810.0,0.0
JIOFIN.NS,2025-10-01,300.04998779296875,300.04998779296875,8551743.0,0.0
JIOFIN.NS,2025-10-03,301.70001220703125,301.70001220703125,8773415.0,0.0
JIOFIN.NS,2025-10-06,306.25,306.25,8816471.0,0.0
JIOFIN.NS,2025-10-07,309.8999938964844,309.8999938964844,18717960.0,0.0
JIOFIN.NS,2025-10-08,304.6499938964844,304.6499938964844,7853613.0,0.0
JIOFIN.NS,2025-10-09,307.3500061035156,307.3500061035156,6279739.0,0.0
JIOFIN.NS,2025-10-10,308.1499938964844,308.1499938964844,7654597.0,0.0
JIOFIN.NS,2025-10-13,308.45001220703125,308.45001220703125,6533659.0,0.0
JIOFIN.NS,2025-10-14,305.6000061035156,305.6000061035156,7420573.0,0.0
JIOFIN.NS,2025-10-15,312.6499938964844,312.6499938964844,14796110.0,0.0
JIOFIN.NS,2025-10-16,312.1000061035156,312.1000061035156,10445540.0,0.0
JIOFIN.NS,2025-10-17,309.29998779296875,309.29998779296875,13963050.0,0.0
JIOFIN.NS,2025-10-20,310.70001220703125,310.70001220703125,14883900.0,0.0
JIOFIN.NS,2025-10-21,311.79998779296875,311.79998779296875,3190393.0,0.0
JIOFIN.NS,2025-10-23,309.04998779296875,309.04998779296875,11107310.0,0.0
JIOFIN.NS,2025-10-24,305.95001220703125,305.95001220703125,8292307.0,0.0
JIOFIN.NS,2025-10-27,305.54998779296875,305.54998779296875,8333968.0,0.0
JIOFIN.NS,2025-10-28,307.95001220703125,307.95001220703125,11236080.0,0.0
JIOFIN.NS,2025-10-29,309.75,309.75,8605721.0,0.0
JIOFIN.NS,2025-10-30,309.79998779296875,309.79998779296875,8517048.0,0.0
JIOFIN.NS,2025-10-31,306.79998779296875,306.79998779296875,6533999.0,0.0
JIOFIN.NS,2025-11-03,306.79998779296875,306.79998779296875,8075806.0,0.0
JIOFIN.NS,2025-11-04,301.8999938964844,301.8999938964844,8396727.0,0.0
JIOFIN.NS,2025-11-06,298.1000061035156,298.1000061035156,8339076.0,0.0
JIOFIN.NS,2025-11-07,299.29998779296875,299.29998779296875,9364502.0,0.0
JIOFIN.NS,2025-11-10,301.95001220703125,301.95001220703125,8870055.0,0.0
JIOFIN.NS,2025-11-11,304.8999938964844,304.8999938964844,10752130.0,0.0
JIOFIN.NS,2025-11-12,309.5,309.5,12029640.0,0.0
JIOFIN.NS,2025-11-13,310.70001220703125,310.70001220703125,15761850.0,0.0
JIOFIN.NS,2025-11-14,314.8999938964844,314.8999938964844,13675540.0,0.0
JIOFIN.NS,2025-11-17,312.0,312.0,8876003.0,0.0
JIOFIN.NS,2025-11-18,305.95001220703125,305.95001220703125,8869128.0,0.0
JIOFIN.NS,2025-11-19,304.45001220703125,304.45001220703125,5882303.0,0.0
JIOFIN.NS,2025-11-20,308.3500061035156,308.3500061035156,7784069.0,0.0
JIOFIN.NS,2025-11-21,303.54998779296875,303.54998779296875,5973657.0,0.0
JIOFIN.NS,2025-11-24,299.8500061035156,299.8500061035156,12349060.0,0.0
JIOFIN.NS,2025-11-25,300.79998779296875,300.79998779296875,7131282.0,0.0
JIOFIN.NS,2025-11-26,308.0,308.0,8885249.0,0.0
JIOFIN.NS,2025-11-27,306.45001220703125,306.45001220703125,5565162.0,0.0
JIOFIN.NS,2025-11-28,306.20001220703125,306.20001220703125,5488672.0,0.0
JIOFIN.NS,2025-12-01,304.75,304.75,6225454.0,0.0
JIOFIN.NS,2025-12-02,304.8500061035156,304.8500061035156,8589532.0,0.0
JIOFIN.NS,2025-12-03,301.0,301.0,8408528.0,0.0
JIOFIN.NS,2025-12-04,302.25,302.25,5601692.0,0.0
JIOFIN.NS,2025-12-05,303.75,303.75,6506083.0,0.0
JIOFIN.NS,2025-12-08,297.20001220703125,297.20001220703125,12432110.0,0.0
JIOFIN.NS,2025-12-09,293.20001220703125,293.20001220703125,13376320.0,0.0
JIOFIN.NS,2025-12-10,290.8500061035156,290.8500061035156,8655536.0,0.0
JIOFIN.NS,2025-12-11,298.45001220703125,298.45001220703125,9589482.0,0.0
JIOFIN.NS,2025-12-12,300.75,300.75,7955711.0,0.0
JIOFIN.NS,2025-12-15,299.6000061035156,299.6000061035156,4850351.0,0.0
JIOFIN.NS,2025-12-16,295.25,295.25,7141463.0,0.0
JIOFIN.NS,2025-12-17,293.1499938964844,293.1499938964844,5906902.0,0.0
JIOFIN.NS,2025-12-18,292.29998779296875,292.29998779296875,6478984.0,0.0
JIOFIN.NS,2025-12-19,296.95001220703125,296.95001220703125,8767177.0,0.0
JIOFIN.NS,2025-12-22,298.75,298.75,5136735.0,0.0
JIOFIN.NS,2025-12-23,298.70001220703125,298.70001220703125,5346120.0,0.0
JIOFIN.NS,2025-12-24,298.8999938964844,298.8999938964844,6548391.0,0.0
JIOFIN.NS,2025-12-26,296.95001220703125,296.95001220703125,3945249.0,0.0
JIOFIN.NS,2025-12-29,293.95001220703125,293.95001220703125,4713140.0,0.0
JIOFIN.NS,2025-12-30,292.5,292.5,6850674.0,0.0
JIOFIN.NS,2025-12-31,294.95001220703125,294.95001220703125,6540400.0,0.0
JIOFIN.NS,2026-01-01,295.70001220703125,295.70001220703125,3697802.0,0.0
JIOFIN.NS,2026-01-02,301.70001220703125,301.70001220703125,10604970.0,0.0
JIOFIN.NS,2026-01-05,300.3999938964844,300.3999938964844,6971528.0,0.0
JIOFIN.NS,2026-01-06,298.54998779296875,298.54998779296875,10930690.0,0.0
JIOFIN.NS,2026-01-07,303.5,303.5,20416850.0,0.0
JIOFIN.NS,2026-01-08,293.54998779296875,293.54998779296875,12255990.0,0.0
JIOFIN.NS,2026-01-09,287.25,287.25,11375540.0,0.0
JIOFIN.NS,2026-01-12,288.25,288.25,12216470.0,0.0
JIOFIN.NS,2026-01-13,284.6000061035156,284.6000061035156,12956770.0,0.0
JIOFIN.NS,2026-01-14,287.0,287.0,6701056.0,0.0
JIOFIN.NS,2026-01-16,278.79998779296875,278.79998779296875,18934860.0,0.0
JIOFIN.NS,2026-01-19,275.6499938964844,275.6499938964844,13006400.0,0.0
JIOFIN.NS,2026-01-20,265.5,265.5,18750730.0,0.0
JIOFIN.NS,2026-01-21,263.25,263.25,19266170.0,0.0
JIOFIN.NS,2026-01-22,262.6000061035156,262.6000061035156,12282960.0,0.0
JIOFIN.NS,2026-01-23,252.89999389648438,252.89999389648438,14857600.0,0.0
JIOFIN.NS,2026-01-27,256.04998779296875,256.04998779296875,14773860.0,0.0
JIOFIN.NS,2026-01-28,255.1999969482422,255.1999969482422,19034680.0,0.0
JIOFIN.NS,2026-01-29,254.5,254.5,12165350.0,0.0
JIOFIN.NS,2026-01-30,254.5,254.5,13448700.0,0.0
JIOFIN.NS,2026-02-02,244.10000610351562,244.10000610351562,17248810.0,0.0
JIOFIN.NS,2026-02-03,263.8999938964844,263.8999938964844,40223290.0,0.0
JIOFIN.NS,2026-02-04,268.0,268.0,14556920.0,0.0
JIOFIN.NS,2026-02-05,269.95001220703125,269.95001220703125,15768740.0,0.0
JIOFIN.NS,2026-02-06,268.1000061035156,268.1000061035156,8939766.0,0.0
JIOFIN.NS,2026-02-09,269.25,269.25,8211716.0,0.0
JIOFIN.NS,2026-02-10,270.20001220703125,270.20001220703125,12632670.0,0.0
JIOFIN.NS,2026-02-11,270.29998779296875,270.29998779296875,6540609.0,0.0
KOTAKBANK.NS,2025-02-11,383.7200012207031,383.2781066894531,17533410.0,0.0
KOTAKBANK.NS,2025-02-12,388.7900085449219,388.3422546386719,16095020.0,0.0
KOTAKBANK.NS,2025-02-13,394.55999755859375,394.1056213378906,63391865.0,0.0
KOTAKBANK.NS,2025-02-14,390.4800109863281,390.03033447265625,13050240.0,0.0
KOTAKBANK.NS,2025-02-17,389.05999755859375,388.6119384765625,11500595.0,0.0
KOTAKBANK.NS,2025-02-18,392.6700134277344,392.2178039550781,21720625.0,0.0
KOTAKBANK.NS,2025-02-19,397.0,396.5428161621094,19570825.0,0.0
KOTAKBANK.NS,2025-02-20,394.1099853515625,393.6561279296875,23621860.0,0.0
KOTAKBANK.NS,2025-02-21,390.6099853515625,390.16015625,20042760.0,0.0
KOTAKBANK.NS,2025-02-24,393.2200012207031,392.76715087890625,11090405.0,0.0
KOTAKBANK.NS,2025-02-25,393.45001220703125,392.9969177246094,20099470.0,0.0
KOTAKBANK.NS,2025-02-27,389.510009765625,389.0614318847656,18540340.0,0.0
KOTAKBANK.NS,2025-02-28,380.5899963378906,380.1517028808594,34851575.0,0.0
KOTAKBANK.NS,2025-03-03,382.9200134277344,382.4790344238281,13038950.0,0.0
KOTAKBANK.NS,2025-03-04,381.55999755859375,381.1205749511719,15860250.0,0.0
KOTAKBANK.NS,2025-03-05,386.6199951171875,386.17474365234375,19058440.0,0.0
KOTAKBANK.NS,2025-03-06,384.3399963378906,383.8973693847656,25965465.0,0.0
KOTAKBANK.NS,2025-03-07,387.0799865722656,386.63421630859375,13901690.0,0.0
KOTAKBANK.NS,2025-03-10,384.3500061035156,383.9073791503906,11142670.0,0.0
KOTAKBANK.NS,2025-03-11,387.0400085449219,386.59429931640625,16035260.0,0.0
KOTAKBANK.NS,2025-03-12,396.510009765625,396.0533752441406,33522470.0,0.0
KOTAKBANK.NS,2025-03-13,397.0199890136719,396.5627746582031,24628970.0,0.0
KOTAKBANK.NS,2025-03-17,398.6199951171875,398.16094970703125,15854645.0,0.0
KOTAKBANK.NS,2025-03-18,398.6199951171875,398.16094970703125,0.0,0.0
KOTAKBANK.NS,2025-03-19,404.30999755859375,403.8443908691406,26691440.0,0.0
KOTAKBANK.NS,2025-03-20,407.1300048828125,406.6611328125,13416530.0,0.0
KOTAKBANK.NS,2025-03-21,415.79998779296875,415.3211364746094,94254040.0,0.0
KOTAKBANK.NS,2025-03-24,435.2300109863281,434.7287902832031,42541755.0,0.0
KOTAKBANK.NS,2025-03-25,434.0,433.50018310546875,36712165.0,0.0
KOTAKBANK.NS,2025-03-26,428.9800109863281,428.4859924316406,15084580.0,0.0
KOTAKBANK.NS,2025-03-27,425.7300109863281,425.23974609375,47106120.0,0.0
KOTAKBANK.NS,2025-03-28,434.239990234375,433.7398986816406,18361265.0,0.0
KOTAKBANK.NS,2025-04-01,429.17999267578125,428.68572998046875,18754695.0,0.0
KOTAKBANK.NS,2025-04-02,430.9200134277344,430.42376708984375,10660960.0,0.0
KOTAKBANK.NS,2025-04-03,426.5199890136719,426.02880859375,8470190.0,0.0
KOTAKBANK.NS,2025-04-04,426.3900146484375,425.89898681640625,18942015.0,0.0
KOTAKBANK.NS,2025-04-07,407.57000732421875,407.10064697265625,35695245.0,0.0
KOTAKBANK.NS,2025-04-08,411.0299987792969,410.556640625,20471695.0,0.0
KOTAKBANK.NS,2025-04-09,410.5400085449219,410.0672302246094,19597890.0,0.0
KOTAKBANK.NS,2025-04-11,422.239990234375,421.75372314453125,27973445.0,0.0
KOTAKBANK.NS,2025-04-15,424.0400085449219,423.5516662597656,28178320.0,0.0
KOTAKBANK.NS,2025-04-16,424.67999267578125,424.19091796875,14498895.0,0.0
KOTAKBANK.NS,2025-04-17,437.6199951171875,437.11602783203125,26943160.0,0.0
KOTAKBANK.NS,2025-04-21,448.2799987792969,447.7637634277344,24432490.0,0.0
KOTAKBANK.NS,2025-04-22,453.760009765625,453.2374572753906,33664915.0,0.0
KOTAKBANK.NS,2025-04-23,445.3999938964844,444.8870544433594,17619395.0,0.0
KOTAKBANK.NS,2025-04-24,444.6000061035156,444.0879821777344,20842685.0,0.0
KOTAKBANK.NS,2025-04-25,440.8800048828125,440.3722839355469,10680015.0,0.0
KOTAKBANK.NS,2025-04-28,445.1199951171875,444.6073913574219,12190890.0,0.0
KOTAKBANK.NS,2025-04-29,441.0,440.49212646484375,15291325.0,0.0
KOTAKBANK.NS,2025-04-30,441.6199951171875,441.1114196777344,23114585.0,0.0
KOTAKBANK.NS,2025-05-02,436.3399963378906,435.8374938964844,9079030.0,0.0
KOTAKBANK.NS,2025-05-05,416.9800109863281,416.49981689453125,44108085.0,0.0
KOTAKBANK.NS,2025-05-06,414.79998779296875,414.3222961425781,17025485.0,0.0
KOTAKBANK.NS,2025-05-07,418.9800109863281,418.49749755859375,18697280.0,0.0
KOTAKBANK.NS,2025-05-08,422.5199890136719,422.0334167480469,34624355.0,0.0
KOTAKBANK.NS,2025-05-09,420.6199951171875,420.1355895996094,23271500.0,0.0
KOTAKBANK.NS,2025-05-12,429.0,428.5059509277344,15109370.0,0.0
KOTAKBANK.NS,2025-05-13,423.1199951171875,422.6327209472656,21539120.0,0.0
KOTAKBANK.NS,2025-05-14,418.4800109863281,417.9980773925781,10687970.0,0.0
KOTAKBANK.NS,2025-05-15,421.2799987792969,420.7948303222656,21311795.0,0.0
KOTAKBANK.NS,2025-05-16,421.6400146484375,421.1544494628906,10289540.0,0.0
KOTAKBANK.NS,2025-05-19,422.239990234375,421.75372314453125,7528520.0,0.0
KOTAKBANK.NS,2025-05-20,418.0199890136719,417.53857421875,19545490.0,0.0
KOTAKBANK.NS,2025-05-21,414.260009765625,413.7829284667969,10708700.0,0.0
KOTAKBANK.NS,2025-05-22,413.1600036621094,412.6842041015625,16446640.0,0.0
KOTAKBANK.NS,2025-05-23,420.1600036621094,419.6761474609375,8254765.0,0.0
KOTAKBANK.NS,2025-05-26,417.8599853515625,417.3787536621094,10201425.0,0.0
KOTAKBANK.NS,2025-05-27,415.4800109863281,415.00152587890625,17299700.0,0.0
KOTAKBANK.NS,2025-05-28,414.8599853515625,414.3822326660156,8173180.0,0.0
KOTAKBANK.NS,2025-05-29,416.32000732421875,415.840576171875,24936910.0,0.0
KOTAKBANK.NS,2025-05-30,414.94000244140625,414.462158203125,49038640.0,0.0
KOTAKBANK.NS,2025-06-02,412.7200012207031,412.24468994140625,13505700.0,0.0
KOTAKBANK.NS,2025-06-03,408.8999938964844,408.4291076660156,32319090.0,0.0
KOTAKBANK.NS,2025-06-04,409.260009765625,408.7886962890625,11655570.0,0.0
KOTAKBANK.NS,2025-06-05,407.9800109863281,407.5101623535156,18626660.0,0.0
KOTAKBANK.NS,2025-06-06,414.67999267578125,414.2024230957031,22121620.0,0.0
KOTAKBANK.NS,2025-06-09,427.6400146484375,427.14752197265625,28895440.0,0.0
KOTAKBANK.NS,2025-06-10,430.2200012207031,429.72454833984375,24578710.0,0.0
KOTAKBANK.NS,2025-06-11,429.05999755859375,428.5658874511719,8910305.0,0.0
KOTAKBANK.NS,2025-06-12,425.3599853515625,424.8701171875,14890860.0,0.0
KOTAKBANK.NS,2025-06-13,421.4800109863281,420.99462890625,22336370.0,0.0
KOTAKBANK.NS,2025-06-16,427.79998779296875,427.30731201171875,14707980.0,0.0
KOTAKBANK.NS,2025-06-17,427.3599853515625,426.8678283691406,15541500.0,0.0
KOTAKBANK.NS,2025-06-18,426.4800109863281,425.9888610839844,19503255.0,0.0
KOTAKBANK.NS,2025-06-19,429.2799987792969,428.78564453125,17025995.0,0.0
KOTAKBANK.NS,2025-06-20,433.9599914550781,433.4602355957031,16863180.0,0.0
KOTAKBANK.NS,2025-06-23,436.82000732421875,436.31695556640625,8603070.0,0.0
KOTAKBANK.NS,2025-06-24,444.7200012207031,444.2078552246094,28022600.0,0.0
KOTAKBANK.NS,2025-06-25,439.6600036621094,439.1536865234375,17877145.0,0.0
KOTAKBANK.NS,2025-06-26,440.7799987792969,440.27239990234375,28350635.0,0.0
KOTAKBANK.NS,2025-06-27,441.5799865722656,441.0714416503906,48247195.0,0.0
KOTAKBANK.NS,2025-06-30,432.70001220703125,432.2016906738281,18638285.0,0.0
KOTAKBANK.NS,2025-07-01,436.7200012207031,436.2170715332031,20128770.0,0.0
KOTAKBANK.NS,2025-07-02,433.82000732421875,433.3204040527344,9382555.0,0.0
KOTAKBANK.NS,2025-07-03,425.32000732421875,424.8302001953125,23336995.0,0.0
KOTAKBANK.NS,2025-07-04,425.9599914550781,425.4694519042969,8431075.0,0.0
KOTAKBANK.NS,2025-07-07,429.9599914550781,429.46484375,10852925.0,0.0
KOTAKBANK.NS,2025-07-08,444.8999938964844,444.38763427734375,37631455.0,0.0
KOTAKBANK.NS,2025-07-09,445.8599853515625,445.3465270996094,10104510.0,0.0
KOTAKBANK.NS,2025-07-10,440.760009765625,440.2524108886719,28609065.0,0.0
KOTAKBANK.NS,2025-07-11,444.1199951171875,443.6085510253906,13395830.0,0.0
KOTAKBANK.NS,2025-07-14,440.760009765625,440.2524108886719,11976685.0,0.0
KOTAKBANK.NS,2025-07-15,437.6199951171875,437.11602783203125,14870715.0,0.0
KOTAKBANK.NS,2025-07-16,435.8800048828125,435.3780212402344,11438515.0,0.0
KOTAKBANK.NS,2025-07-17,434.1600036621094,433.6600036621094,10897805.0,0.0
KOTAKBANK.NS,2025-07-18,428.1000061035156,428.1000061035156,12832715.0,0.0
KOTAKBANK.NS,2025-07-21,433.0400085449219,433.0400085449219,9135495.0,0.0
KOTAKBANK.NS,2025-07-22,432.0400085449219,432.0400085449219,7822810.0,0.0
KOTAKBANK.NS,2025-07-23,434.0799865722656,434.0799865722656,13952705.0,0.0
KOTAKBANK.NS,2025-07-24,428.4200134277344,428.4200134277344,10292000.0,0.0
KOTAKBANK.NS,2025-07-25,424.9200134277344,424.9200134277344,8727375.0,0.0
KOTAKBANK.NS,2025-07-28,393.32000732421875,393.32000732421875,69123495.0,0.0
KOTAKBANK.NS,2025-07-29,394.5400085449219,394.5400085449219,25219670.0,0.0
KOTAKBANK.NS,2025-07-30,391.94000244140625,391.94000244140625,17949955.0,0.0
KOTAKBANK.NS,2025-07-31,395.7200012207031,395.7200012207031,21519590.0,0.0
KOTAKBANK.NS,2025-08-01,398.4800109863281,398.4800109863281,13361865.0,0.0
KOTAKBANK.NS,2025-08-04,399.3999938964844,399.3999938964844,7716305.0,0.0
KOTAKBANK.NS,2025-08-05,400.6000061035156,400.6000061035156,12106660.0,0.0
KOTAKBANK.NS,2025-08-06,400.4800109863281,400.4800109863281,13311395.0,0.0
KOTAKBANK.NS,2025-08-07,398.4200134277344,398.4200134277344,72760995.0,0.0
KOTAKBANK.NS,2025-08-08,390.5400085449219,390.5400085449219,10928645.0,0.0
KOTAKBANK.NS,2025-08-11,395.17999267578125,395.17999267578125,11012565.0,0.0
KOTAKBANK.NS,2025-08-12,391.79998779296875,391.79998779296875,7889120.0,0.0
KOTAKBANK.NS,2025-08-13,397.5400085449219,397.5400085449219,13733665.0,0.0
KOTAKBANK.NS,2025-08-14,395.6400146484375,395.6400146484375,9922965.0,0.0
KOTAKBANK.NS,2025-08-18,400.2799987792969,400.2799987792969,21519720.0,0.0
KOTAKBANK.NS,2025-08-19,405.9800109863281,405.9800109863281,15558845.0,0.0
KOTAKBANK.NS,2025-08-20,403.5,403.5,13134705.0,0.0
KOTAKBANK.NS,2025-08-21,403.55999755859375,403.55999755859375,14493935.0,0.0
KOTAKBANK.NS,2025-08-22,397.32000732421875,397.32000732421875,8958465.0,0.0
KOTAKBANK.NS,2025-08-25,396.6600036621094,396.6600036621094,11849075.0,0.0
KOTAKBANK.NS,2025-08-26,393.1400146484375,393.1400146484375,18550690.0,0.0
KOTAKBANK.NS,2025-08-28,388.94000244140625,388.94000244140625,17989700.0,0.0
KOTAKBANK.NS,2025-08-29,392.05999755859375,392.05999755859375,15371790.0,0.0
KOTAKBANK.NS,2025-09-01,393.7200012207031,393.7200012207031,7891610.0,0.0
KOTAKBANK.NS,2025-09-02,388.5,388.5,12917095.0,0.0
KOTAKBANK.NS,2025-09-03,392.0400085449219,392.0400085449219,20037270.0,0.0
KOTAKBANK.NS,2025-09-04,389.94000244140625,389.94000244140625,9457295.0,0.0
KOTAKBANK.NS,2025-09-05,389.1000061035156,389.1000061035156,9906260.0,0.0
KOTAKBANK.NS,2025-09-08,390.0199890136719,390.0199890136719,12527790.0,0.0
KOTAKBANK.NS,2025-09-09,392.0799865722656,392.0799865722656,15873920.0,0.0
KOTAKBANK.NS,2025-09-10,394.6600036621094,394.6600036621094,42604510.0,0.0
KOTAKBANK.NS,2025-09-11,394.4599914550781,394.4599914550781,11816335.0,0.0
KOTAKBANK.NS,2025-09-12,394.4599914550781,394.4599914550781,18077285.0,0.0
KOTAKBANK.NS,2025-09-15,394.1600036621094,394.1600036621094,13098130.0,0.0
KOTAKBANK.NS,2025-09-16,404.3399963378906,404.3399963378906,20084385.0,0.0
KOTAKBANK.NS,2025-09-17,410.05999755859375,410.05999755859375,23917190.0,0.0
KOTAKBANK.NS,2025-09-18,410.9200134277344,410.9200134277344,17420580.0,0.0
KOTAKBANK.NS,2025-09-19,406.20001220703125,406.20001220703125,22431125.0,0.0
KOTAKBANK.NS,2025-09-22,404.3399963378906,404.3399963378906,13229910.0,0.0
KOTAKBANK.NS,2025-09-23,409.5400085449219,409.5400085449219,25428240.0,0.0
KOTAKBANK.NS,2025-09-24,406.260009765625,406.260009765625,18394385.0,0.0
KOTAKBANK.NS,2025-09-25,402.70001220703125,402.70001220703125,20039275.0,0.0
KOTAKBANK.NS,2025-09-26,398.9599914550781,398.9599914550781,9595825.0,0.0
KOTAKBANK.NS,2025-09-29,398.32000732421875,398.32000732421875,26530510.0,0.0
KOTAKBANK.NS,2025-09-30,398.5400085449219,398.5400085449219,29309685.0,0.0
KOTAKBANK.NS,2025-10-01,412.6600036621094,412.6600036621094,30579755.0,0.0
KOTAKBANK.NS,2025-10-03,420.1000061035156,420.1000061035156,23679650.0,0.0
KOTAKBANK.NS,2025-10-06,429.20001220703125,429.20001220703125,25764180.0,0.0
KOTAKBANK.NS,2025-10-07,425.3800048828125,425.3800048828125,12364695.0,0.0
KOTAKBANK.NS,2025-10-08,423.55999755859375,423.55999755859375,4402475.0,0.0
KOTAKBANK.NS,2025-10-09,428.9200134277344,428.9200134277344,15827485.0,0.0
KOTAKBANK.NS,2025-10-10,430.0199890136719,430.0199890136719,9681210.0,0.0
KOTAKBANK.NS,2025-10-13,430.4200134277344,430.4200134277344,10600020.0,0.0
KOTAKBANK.NS,2025-10-14,430.3599853515625,430.3599853515625,8022815.0,0.0
KOTAKBANK.NS,2025-10-15,429.9200134277344,429.9200134277344,11540535.0,0.0
KOTAKBANK.NS,2025-10-16,441.0799865722656,441.0799865722656,33692100.0,0.0
KOTAKBANK.NS,2025-10-17,441.1600036621094,441.1600036621094,16706510.0,0.0
KOTAKBANK.NS,2025-10-20,442.760009765625,442.760009765625,15207085.0,0.0
KOTAKBANK.NS,2025-10-21,439.3999938964844,439.3999938964844,1134020.0,0.0
KOTAKBANK.NS,2025-10-23,445.1199951171875,445.1199951171875,21496105.0,0.0
KOTAKBANK.NS,2025-10-24,437.3999938964844,437.3999938964844,16293685.0,0.0
KOTAKBANK.NS,2025-10-27,429.7200012207031,429.7200012207031,18599700.0,0.0
KOTAKBANK.NS,2025-10-28,432.1600036621094,432.1600036621094,23304345.0,0.0
KOTAKBANK.NS,2025-10-29,430.1000061035156,430.1000061035156,7088915.0,0.0
KOTAKBANK.NS,2025-10-30,427.44000244140625,427.44000244140625,12438465.0,0.0
KOTAKBANK.NS,2025-10-31,420.44000244140625,420.44000244140625,18931270.0,0.0
KOTAKBANK.NS,2025-11-03,422.70001220703125,422.70001220703125,7657265.0,0.0
KOTAKBANK.NS,2025-11-04,419.32000732421875,419.32000732421875,9581885.0,0.0
KOTAKBANK.NS,2025-11-06,416.6400146484375,416.6400146484375,11902845.0,0.0
KOTAKBANK.NS,2025-11-07,417.6600036621094,417.6600036621094,7000945.0,0.0
KOTAKBANK.NS,2025-11-10,418.5400085449219,418.5400085449219,10866480.0,0.0
KOTAKBANK.NS,2025-11-11,417.3800048828125,417.3800048828125,10814210.0,0.0
KOTAKBANK.NS,2025-11-12,416.8999938964844,416.8999938964844,9035425.0,0.0
KOTAKBANK.NS,2025-11-13,415.0400085449219,415.0400085449219,10711530.0,0.0
KOTAKBANK.NS,2025-11-14,415.94000244140625,415.94000244140625,12202755.0,0.0
KOTAKBANK.NS,2025-11-17,420.5799865722656,420.5799865722656,25151640.0,0.0
KOTAKBANK.NS,2025-11-18,418.6199951171875,418.6199951171875,10300340.0,0.0
KOTAKBANK.NS,2025-11-19,421.17999267578125,421.17999267578125,12464500.0,0.0
KOTAKBANK.NS,2025-11-20,419.739990234375,419.739990234375,36702845.0,0.0
KOTAKBANK.NS,2025-11-21,417.55999755859375,417.55999755859375,39194210.0,0.0
KOTAKBANK.NS,2025-11-24,417.4599914550781,417.4599914550781,24922845.0,0.0
KOTAKBANK.NS,2025-11-25,413.9800109863281,413.9800109863281,15164895.0,0.0
KOTAKBANK.NS,2025-11-26,420.760009765625,420.760009765625,14896715.0,0.0
KOTAKBANK.NS,2025-11-27,422.0400085449219,422.0400085449219,20148975.0,0.0
KOTAKBANK.NS,2025-11-28,424.8800048828125,424.8800048828125,15840785.0,0.0
KOTAKBANK.NS,2025-12-01,429.5199890136719,429.5199890136719,16310160.0,0.0
KOTAKBANK.NS,2025-12-02,428.4800109863281,428.4800109863281,18294165.0,0.0
KOTAKBANK.NS,2025-12-03,429.2200012207031,429.2200012207031,14031015.0,0.0
KOTAKBANK.NS,2025-12-04,427.0799865722656,427.0799865722656,12871640.0,0.0
KOTAKBANK.NS,2025-12-05,430.9800109863281,430.9800109863281,9658475.0,0.0
KOTAKBANK.NS,2025-12-08,426.32000732421875,426.32000732421875,14960235.0,0.0
KOTAKBANK.NS,2025-12-09,425.5400085449219,425.5400085449219,16037550.0,0.0
KOTAKBANK.NS,2025-12-10,425.8999938964844,425.8999938964844,10941335.0,0.0
KOTAKBANK.NS,2025-12-11,436.0400085449219,436.0400085449219,24978600.0,0.0
KOTAKBANK.NS,2025-12-12,435.32000732421875,435.32000732421875,14312745.0,0.0
KOTAKBANK.NS,2025-12-15,436.260009765625,436.260009765625,13779900.0,0.0
KOTAKBANK.NS,2025-12-16,436.4800109863281,436.4800109863281,8544595.0,0.0
KOTAKBANK.NS,2025-12-17,434.6400146484375,434.6400146484375,8060720.0,0.0
KOTAKBANK.NS,2025-12-18,432.9200134277344,432.9200134277344,5633400.0,0.0
KOTAKBANK.NS,2025-12-19,431.8999938964844,431.8999938964844,11504670.0,0.0
KOTAKBANK.NS,2025-12-22,429.94000244140625,429.94000244140625,9041130.0,0.0
KOTAKBANK.NS,2025-12-23,432.5400085449219,432.5400085449219,8070815.0,0.0
KOTAKBANK.NS,2025-12-24,432.739990234375,432.739990234375,7791790.0,0.0
KOTAKBANK.NS,2025-12-26,432.8399963378906,432.8399963378906,3691745.0,0.0
KOTAKBANK.NS,2025-12-29,431.7200012207031,431.7200012207031,4858980.0,0.0
KOTAKBANK.NS,2025-12-30,430.5400085449219,430.5400085449219,28360690.0,0.0
KOTAKBANK.NS,2025-12-31,440.2200012207031,440.2200012207031,14284445.0,0.0
KOTAKBANK.NS,2026-01-01,443.55999755859375,443.55999755859375,6734875.0,0.0
KOTAKBANK.NS,2026-01-02,439.0199890136719,439.0199890136719,12238470.0,0.0
KOTAKBANK.NS,2026-01-05,438.17999267578125,438.17999267578125,10914245.0,0.0
KOTAKBANK.NS,2026-01-06,429.2799987792969,429.2799987792969,26541035.0,0.0
KOTAKBANK.NS,2026-01-07,428.79998779296875,428.79998779296875,10561315.0,0.0
KOTAKBANK.NS,2026-01-08,426.6000061035156,426.6000061035156,11484710.0,0.0
KOTAKBANK.NS,2026-01-09,425.3599853515625,425.3599853515625,10319615.0,0.0
KOTAKBANK.NS,2026-01-12,426.6600036621094,426.6600036621094,12720435.0,0.0
KOTAKBANK.NS,2026-01-13,426.5199890136719,426.5199890136719,12717650.0,0.0
KOTAKBANK.NS,2026-01-14,421.0,421.0,10818517.0,5.0
KOTAKBANK.NS,2026-01-15,421.0,421.0,0.0,0.0
KOTAKBANK.NS,2026-01-16,418.20001220703125,418.20001220703125,17993251.0,0.0
KOTAKBANK.NS,2026-01-19,426.8999938964844,426.8999938964844,22228439.0,0.0
KOTAKBANK.NS,2026-01-20,423.79998779296875,423.79998779296875,18805991.0,0.0
KOTAKBANK.NS,2026-01-21,421.6000061035156,421.6000061035156,16386060.0,0.0
KOTAKBANK.NS,2026-01-22,426.0,426.0,10087657.0,0.0
KOTAKBANK.NS,2026-01-23,422.79998779296875,422.79998779296875,10548118.0,0.0
KOTAKBANK.NS,2026-01-27,408.70001220703125,408.70001220703125,47613963.0,0.0
KOTAKBANK.NS,2026-01-28,412.3999938964844,412.3999938964844,14823671.0,0.0
KOTAKBANK.NS,2026-01-29,412.3999938964844,412.3999938964844,26085514.0,0.0
KOTAKBANK.NS,2026-01-30,408.0,408.0,20681886.0,0.0
KOTAKBANK.NS,2026-02-02,408.20001220703125,408.20001220703125,15422034.0,0.0
KOTAKBANK.NS,2026-02-03,415.79998779296875,415.79998779296875,35396945.0,0.0
KOTAKBANK.NS,2026-02-04,412.3500061035156,412.3500061035156,14948177.0,0.0
KOTAKBANK.NS,2026-02-05,408.75,408.75,24814864.0,0.0
KOTAKBANK.NS,2026-02-06,422.3500061035156,422.3500061035156,21228778.0,0.0
KOTAKBANK.NS,2026-02-09,428.79998779296875,428.79998779296875,22538542.0,0.0
KOTAKBANK.NS,2026-02-10,429.29998779296875,429.29998779296875,18428055.0,0.0
KOTAKBANK.NS,2026-02-11,429.54998779296875,429.54998779296875,12299142.0,0.0
LT.NS,2025-02-11,3239.64990234375,3209.715087890625,2593537.0,0.0
LT.NS,2025-02-12,3289.64990234375,3259.2529296875,1632415.0,0.0
LT.NS,2025-02-13,3263.64990234375,3233.493408203125,2127644.0,0.0
LT.NS,2025-02-14,3237.64990234375,3207.733642578125,1378340.0,0.0
LT.NS,2025-02-17,3221.85009765625,3192.079833984375,1966689.0,0.0
LT.NS,2025-02-18,3220.14990234375,3190.395263671875,2428215.0,0.0
LT.NS,2025-02-19,3275.89990234375,3245.630126953125,1677978.0,0.0
LT.NS,2025-02-20,3275.800048828125,3245.53125,1236693.0,0.0
LT.NS,2025-02-21,3315.10009765625,3284.468017578125,1706850.0,0.0
LT.NS,2025-02-24,3257.699951171875,3227.598388671875,1512844.0,0.0
LT.NS,2025-02-25,3225.89990234375,3196.092041015625,2529084.0,0.0
LT.NS,2025-02-27,3209.5,3179.84375,2572065.0,0.0
LT.NS,2025-02-28,3163.85009765625,3134.61572265625,2494680.0,0.0
LT.NS,2025-03-03,3197.300048828125,3167.756591796875,1352460.0,0.0
LT.NS,2025-03-04,3213.0,3183.311279296875,1442098.0,0.0
LT.NS,2025-03-05,3239.64990234375,3209.715087890625,1945855.0,0.0
LT.NS,2025-03-06,3259.89990234375,3229.77783203125,1854837.0,0.0
LT.NS,2025-03-07,3244.699951171875,3214.718505859375,930240.0,0.0
LT.NS,2025-03-10,3177.699951171875,3148.337646484375,1777752.0,0.0
LT.NS,2025-03-11,3195.449951171875,3165.923583984375,1274649.0,0.0
LT.NS,2025-03-12,3193.64990234375,3164.14013671875,1360149.0,0.0
LT.NS,2025-03-13,3187.300048828125,3157.848876953125,1414376.0,0.0
LT.NS,2025-03-17,3173.449951171875,3144.126708984375,2805790.0,0.0
LT.NS,2025-03-18,3173.449951171875,3144.126708984375,0.0,0.0
LT.NS,2025-03-19,3319.550048828125,3288.876953125,1616312.0,0.0
LT.NS,2025-03-20,3351.050048828125,3320.0859375,2434722.0,0.0
LT.NS,2025-03-21,3415.949951171875,3384.385986328125,3042073.0,0.0
LT.NS,2025-03-24,3481.85009765625,3449.67724609375,1955564.0,0.0
LT.NS,2025-03-25,3469.60009765625,3437.54052734375,4235900.0,0.0
LT.NS,2025-03-26,3444.800048828125,3412.969482421875,2315715.0,0.0
LT.NS,2025-03-27,3501.60009765625,3469.244873046875,3467864.0,0.0
LT.NS,2025-03-28,3492.300048828125,3460.03076171875,1348143.0,0.0
LT.NS,2025-04-01,3436.800048828125,3405.04345703125,1935147.0,0.0
LT.NS,2025-04-02,3419.89990234375,3388.299560546875,1338839.0,0.0
LT.NS,2025-04-03,3420.14990234375,3388.547119140625,1200631.0,0.0
LT.NS,2025-04-04,3260.14990234375,3230.025634765625,2366979.0,0.0
LT.NS,2025-04-07,3068.5,3040.146484375,4953864.0,0.0
LT.NS,2025-04-08,3161.10009765625,3131.89111328125,2877816.0,0.0
LT.NS,2025-04-09,3054.14990234375,3025.92919921875,4451381.0,0.0
LT.NS,2025-04-11,3115.949951171875,3087.158203125,3979116.0,0.0
LT.NS,2025-04-15,3257.60009765625,3227.499267578125,2161492.0,0.0
LT.NS,2025-04-16,3227.699951171875,3197.87548828125,1578260.0,0.0
LT.NS,2025-04-17,3247.300048828125,3217.29443359375,3209331.0,0.0
LT.NS,2025-04-21,3280.5,3250.187744140625,1643003.0,0.0
LT.NS,2025-04-22,3257.800048828125,3227.697509765625,2060322.0,0.0
LT.NS,2025-04-23,3301.0,3270.498291015625,2381699.0,0.0
LT.NS,2025-04-24,3300.60009765625,3270.10205078125,1993448.0,0.0
LT.NS,2025-04-25,3272.10009765625,3241.865478515625,2004819.0,0.0
LT.NS,2025-04-28,3327.300048828125,3296.55517578125,1689485.0,0.0
LT.NS,2025-04-29,3322.300048828125,3291.6015625,1843861.0,0.0
LT.NS,2025-04-30,3341.0,3310.128662109375,1930714.0,0.0
LT.NS,2025-05-02,3334.89990234375,3304.0849609375,1411889.0,0.0
LT.NS,2025-05-05,3330.199951171875,3299.428466796875,1947332.0,0.0
LT.NS,2025-05-06,3334.0,3303.193359375,1695516.0,0.0
LT.NS,2025-05-07,3321.39990234375,3290.709716796875,2422707.0,0.0
LT.NS,2025-05-08,3323.89990234375,3293.1865234375,3204333.0,0.0
LT.NS,2025-05-09,3443.89990234375,3412.07763671875,5637694.0,0.0
LT.NS,2025-05-12,3587.199951171875,3554.0537109375,3147384.0,0.0
LT.NS,2025-05-13,3567.0,3534.040283203125,2374439.0,0.0
LT.NS,2025-05-14,3573.10009765625,3540.084228515625,2440116.0,0.0
LT.NS,2025-05-15,3618.199951171875,3584.767333984375,3720879.0,0.0
LT.NS,2025-05-16,3604.699951171875,3571.39208984375,1278520.0,0.0
LT.NS,2025-05-19,3600.199951171875,3566.93359375,1519244.0,0.0
LT.NS,2025-05-20,3567.800048828125,3534.8330078125,1532347.0,0.0
LT.NS,2025-05-21,3589.0,3555.837158203125,1563885.0,0.0
LT.NS,2025-05-22,3551.39990234375,3518.58447265625,1597159.0,0.0
LT.NS,2025-05-23,3599.89990234375,3566.63623046875,1119217.0,0.0
LT.NS,2025-05-26,3648.699951171875,3614.9853515625,1678934.0,0.0
LT.NS,2025-05-27,3640.0,3606.365966796875,2013954.0,0.0
LT.NS,2025-05-28,3646.300048828125,3612.607666015625,1293244.0,0.0
LT.NS,2025-05-29,3655.300048828125,3621.5244140625,1972248.0,0.0
LT.NS,2025-05-30,3675.10009765625,3641.1416015625,2571304.0,0.0
LT.NS,2025-06-02,3679.60009765625,3645.60009765625,1954517.0,0.0
LT.NS,2025-06-03,3644.800048828125,3644.800048828125,2472483.0,0.0
LT.NS,2025-06-04,3626.5,3626.5,1086783.0,0.0
LT.NS,2025-06-05,3642.60009765625,3642.60009765625,1466416.0,0.0
LT.NS,2025-06-06,3656.300048828125,3656.300048828125,1172711.0,0.0
LT.NS,2025-06-09,3678.89990234375,3678.89990234375,898170.0,0.0
LT.NS,2025-06-10,3679.800048828125,3679.800048828125,1454535.0,0.0
LT.NS,2025-06-11,3684.800048828125,3684.800048828125,1265737.0,0.0
LT.NS,2025-06-12,3603.89990234375,3603.89990234375,2335718.0,0.0
LT.NS,2025-06-13,3587.39990234375,3587.39990234375,1981445.0,0.0
LT.NS,2025-06-16,3628.699951171875,3628.699951171875,1322630.0,0.0
LT.NS,2025-06-17,3622.300048828125,3622.300048828125,930603.0,0.0
LT.NS,2025-06-18,3601.5,3601.5,743311.0,0.0
LT.NS,2025-06-19,3621.10009765625,3621.10009765625,1580819.0,0.0
LT.NS,2025-06-20,3662.0,3662.0,2575277.0,0.0
LT.NS,2025-06-23,3583.699951171875,3583.699951171875,1867977.0,0.0
LT.NS,2025-06-24,3604.800048828125,3604.800048828125,2751637.0,0.0
LT.NS,2025-06-25,3619.800048828125,3619.800048828125,1405262.0,0.0
LT.NS,2025-06-26,3659.60009765625,3659.60009765625,2578926.0,0.0
LT.NS,2025-06-27,3679.199951171875,3679.199951171875,2720600.0,0.0
LT.NS,2025-06-30,3669.800048828125,3669.800048828125,1508882.0,0.0
LT.NS,2025-07-01,3666.699951171875,3666.699951171875,1054380.0,0.0
LT.NS,2025-07-02,3596.800048828125,3596.800048828125,1330176.0,0.0
LT.NS,2025-07-03,3582.89990234375,3582.89990234375,1229034.0,0.0
LT.NS,2025-07-04,3594.60009765625,3594.60009765625,696402.0,0.0
LT.NS,2025-07-07,3581.39990234375,3581.39990234375,719539.0,0.0
LT.NS,2025-07-08,3606.39990234375,3606.39990234375,1513912.0,0.0
LT.NS,2025-07-09,3579.699951171875,3579.699951171875,1008876.0,0.0
LT.NS,2025-07-10,3574.699951171875,3574.699951171875,1063910.0,0.0
LT.NS,2025-07-11,3540.60009765625,3540.60009765625,1439747.0,0.0
LT.NS,2025-07-14,3495.89990234375,3495.89990234375,1358844.0,0.0
LT.NS,2025-07-15,3494.0,3494.0,1585193.0,0.0
LT.NS,2025-07-16,3503.800048828125,3503.800048828125,1266964.0,0.0
LT.NS,2025-07-17,3474.0,3474.0,2217275.0,0.0
LT.NS,2025-07-18,3464.800048828125,3464.800048828125,1818696.0,0.0
LT.NS,2025-07-21,3502.800048828125,3502.800048828125,1521623.0,0.0
LT.NS,2025-07-22,3464.60009765625,3464.60009765625,2586522.0,0.0
LT.NS,2025-07-23,3484.89990234375,3484.89990234375,1192261.0,0.0
LT.NS,2025-07-24,3477.5,3477.5,1083671.0,0.0
LT.NS,2025-07-25,3442.89990234375,3442.89990234375,1338744.0,0.0
LT.NS,2025-07-28,3422.199951171875,3422.199951171875,2256080.0,0.0
LT.NS,2025-07-29,3495.60009765625,3495.60009765625,1241060.0,0.0
LT.NS,2025-07-30,3665.10009765625,3665.10009765625,8760659.0,0.0
LT.NS,2025-07-31,3636.5,3636.5,1927627.0,0.0
LT.NS,2025-08-01,3587.300048828125,3587.300048828125,1205945.0,0.0
LT.NS,2025-08-04,3631.10009765625,3631.10009765625,1033049.0,0.0
LT.NS,2025-08-05,3652.60009765625,3652.60009765625,1158433.0,0.0
LT.NS,2025-08-06,3628.39990234375,3628.39990234375,931383.0,0.0
LT.NS,2025-08-07,3641.60009765625,3641.60009765625,1211790.0,0.0
LT.NS,2025-08-08,3607.60009765625,3607.60009765625,1337067.0,0.0
LT.NS,2025-08-11,3668.39990234375,3668.39990234375,1822410.0,0.0
LT.NS,2025-08-12,3686.10009765625,3686.10009765625,2280103.0,0.0
LT.NS,2025-08-13,3693.699951171875,3693.699951171875,1227196.0,0.0
LT.NS,2025-08-14,3677.0,3677.0,1769702.0,0.0
LT.NS,2025-08-18,3635.10009765625,3635.10009765625,1950151.0,0.0
LT.NS,2025-08-19,3613.0,3613.0,1352944.0,0.0
LT.NS,2025-08-20,3592.300048828125,3592.300048828125,1325096.0,0.0
LT.NS,2025-08-21,3612.60009765625,3612.60009765625,1624009.0,0.0
LT.NS,2025-08-22,3595.800048828125,3595.800048828125,1060447.0,0.0
LT.NS,2025-08-25,3603.10009765625,3603.10009765625,980393.0,0.0
LT.NS,2025-08-26,3541.300048828125,3541.300048828125,1787363.0,0.0
LT.NS,2025-08-28,3560.10009765625,3560.10009765625,1695226.0,0.0
LT.NS,2025-08-29,3601.0,3601.0,1678055.0,0.0
LT.NS,2025-09-01,3598.39990234375,3598.39990234375,1094155.0,0.0
LT.NS,2025-09-02,3574.89990234375,3574.89990234375,1230950.0,0.0
LT.NS,2025-09-03,3600.800048828125,3600.800048828125,1314831.0,0.0
LT.NS,2025-09-04,3592.60009765625,3592.60009765625,1434998.0,0.0
LT.NS,2025-09-05,3553.60009765625,3553.60009765625,830812.0,0.0
LT.NS,2025-09-08,3529.60009765625,3529.60009765625,1039999.0,0.0
LT.NS,2025-09-09,3525.0,3525.0,1522116.0,0.0
LT.NS,2025-09-10,3550.0,3550.0,1136732.0,0.0
LT.NS,2025-09-11,3539.699951171875,3539.699951171875,1177793.0,0.0
LT.NS,2025-09-12,3579.800048828125,3579.800048828125,1146873.0,0.0
LT.NS,2025-09-15,3586.199951171875,3586.199951171875,1177076.0,0.0
LT.NS,2025-09-16,3667.800048828125,3667.800048828125,2928060.0,0.0
LT.NS,2025-09-17,3685.5,3685.5,1610471.0,0.0
LT.NS,2025-09-18,3686.0,3686.0,1270148.0,0.0
LT.NS,2025-09-19,3675.39990234375,3675.39990234375,2227521.0,0.0
LT.NS,2025-09-22,3644.5,3644.5,839430.0,0.0
LT.NS,2025-09-23,3657.60009765625,3657.60009765625,1262120.0,0.0
LT.NS,2025-09-24,3673.800048828125,3673.800048828125,1745130.0,0.0
LT.NS,2025-09-25,3644.39990234375,3644.39990234375,1999071.0,0.0
LT.NS,2025-09-26,3729.5,3729.5,5870301.0,0.0
LT.NS,2025-09-29,3688.39990234375,3688.39990234375,2599630.0,0.0
LT.NS,2025-09-30,3659.0,3659.0,1676302.0,0.0
LT.NS,2025-10-01,3670.300048828125,3670.300048828125,2005028.0,0.0
LT.NS,2025-10-03,3733.10009765625,3733.10009765625,1959124.0,0.0
LT.NS,2025-10-06,3737.0,3737.0,1581506.0,0.0
LT.NS,2025-10-07,3729.699951171875,3729.699951171875,1673945.0,0.0
LT.NS,2025-10-08,3729.800048828125,3729.800048828125,1424633.0,0.0
LT.NS,2025-10-09,3769.199951171875,3769.199951171875,1827249.0,0.0
LT.NS,2025-10-10,3784.0,3784.0,1129678.0,0.0
LT.NS,2025-10-13,3769.5,3769.5,1191248.0,0.0
LT.NS,2025-10-14,3744.300048828125,3744.300048828125,1364583.0,0.0
LT.NS,2025-10-15,3828.699951171875,3828.699951171875,2575918.0,0.0
LT.NS,2025-10-16,3861.800048828125,3861.800048828125,2330283.0,0.0
LT.NS,2025-10-17,3839.39990234375,3839.39990234375,1337364.0,0.0
LT.NS,2025-10-20,3872.699951171875,3872.699951171875,1223232.0,0.0
LT.NS,2025-10-21,3888.199951171875,3888.199951171875,260327.0,0.0
LT.NS,2025-10-23,3918.699951171875,3918.699951171875,2815778.0,0.0
LT.NS,2025-10-24,3904.89990234375,3904.89990234375,1146636.0,0.0
LT.NS,2025-10-27,3923.800048828125,3923.800048828125,1057688.0,0.0
LT.NS,2025-10-28,3972.800048828125,3972.800048828125,3391806.0,0.0
LT.NS,2025-10-29,3958.10009765625,3958.10009765625,2563641.0,0.0
LT.NS,2025-10-30,3987.5,3987.5,4959400.0,0.0
LT.NS,2025-10-31,4030.89990234375,4030.89990234375,2328183.0,0.0
LT.NS,2025-11-03,3980.5,3980.5,1154072.0,0.0
LT.NS,2025-11-04,3924.39990234375,3924.39990234375,2042881.0,0.0
LT.NS,2025-11-06,3881.60009765625,3881.60009765625,1749063.0,0.0
LT.NS,2025-11-07,3882.5,3882.5,1577294.0,0.0
LT.NS,2025-11-10,3918.5,3918.5,1397176.0,0.0
LT.NS,2025-11-11,3955.0,3955.0,1775462.0,0.0
LT.NS,2025-11-12,3954.60009765625,3954.60009765625,981350.0,0.0
LT.NS,2025-11-13,4002.5,4002.5,1834962.0,0.0
LT.NS,2025-11-14,4004.39990234375,4004.39990234375,1916910.0,0.0
LT.NS,2025-11-17,4027.699951171875,4027.699951171875,1206133.0,0.0
LT.NS,2025-11-18,3999.60009765625,3999.60009765625,1748928.0,0.0
LT.NS,2025-11-19,4019.60009765625,4019.60009765625,923032.0,0.0
LT.NS,2025-11-20,4037.39990234375,4037.39990234375,1463574.0,0.0
LT.NS,2025-11-21,4024.89990234375,4024.89990234375,1241149.0,0.0
LT.NS,2025-11-24,4013.300048828125,4013.300048828125,1584741.0,0.0
LT.NS,2025-11-25,3996.699951171875,3996.699951171875,1749083.0,0.0
LT.NS,2025-11-26,4062.0,4062.0,2058237.0,0.0
LT.NS,2025-11-27,4081.300048828125,4081.300048828125,2225064.0,0.0
LT.NS,2025-11-28,4069.60009765625,4069.60009765625,1318133.0,0.0
LT.NS,2025-12-01,4073.199951171875,4073.199951171875,1251770.0,0.0
LT.NS,2025-12-02,4030.5,4030.5,1490917.0,0.0
LT.NS,2025-12-03,3988.0,3988.0,1123990.0,0.0
LT.NS,2025-12-04,3983.60009765625,3983.60009765625,1026968.0,0.0
LT.NS,2025-12-05,4038.199951171875,4038.199951171875,1073758.0,0.0
LT.NS,2025-12-08,3996.699951171875,3996.699951171875,1127841.0,0.0
LT.NS,2025-12-09,3997.5,3997.5,1788464.0,0.0
LT.NS,2025-12-10,3991.300048828125,3991.300048828125,957277.0,0.0
LT.NS,2025-12-11,4003.89990234375,4003.89990234375,841371.0,0.0
LT.NS,2025-12-12,4074.10009765625,4074.10009765625,2207898.0,0.0
LT.NS,2025-12-15,4092.300048828125,4092.300048828125,1064975.0,0.0
LT.NS,2025-12-16,4063.800048828125,4063.800048828125,2199214.0,0.0
LT.NS,2025-12-17,4062.39990234375,4062.39990234375,1087334.0,0.0
LT.NS,2025-12-18,4031.10009765625,4031.10009765625,1004303.0,0.0
LT.NS,2025-12-19,4073.5,4073.5,1327935.0,0.0
LT.NS,2025-12-22,4072.39990234375,4072.39990234375,764774.0,0.0
LT.NS,2025-12-23,4058.800048828125,4058.800048828125,1867147.0,0.0
LT.NS,2025-12-24,4053.60009765625,4053.60009765625,1021436.0,0.0
LT.NS,2025-12-26,4047.300048828125,4047.300048828125,594330.0,0.0
LT.NS,2025-12-29,4038.699951171875,4038.699951171875,952143.0,0.0
LT.NS,2025-12-30,4052.0,4052.0,1362208.0,0.0
LT.NS,2025-12-31,4083.5,4083.5,1160164.0,0.0
LT.NS,2026-01-01,4140.39990234375,4140.39990234375,1360716.0,0.0
LT.NS,2026-01-02,4163.39990234375,4163.39990234375,984027.0,0.0
LT.NS,2026-01-05,4150.39990234375,4150.39990234375,1167460.0,0.0
LT.NS,2026-01-06,4140.60009765625,4140.60009765625,1205337.0,0.0
LT.NS,2026-01-07,4157.0,4157.0,1213160.0,0.0
LT.NS,2026-01-08,4028.39990234375,4028.39990234375,2328813.0,0.0
LT.NS,2026-01-09,4025.199951171875,4025.199951171875,1718127.0,0.0
LT.NS,2026-01-12,4019.0,4019.0,1386513.0,0.0
LT.NS,2026-01-13,3887.39990234375,3887.39990234375,4978634.0,0.0
LT.NS,2026-01-14,3865.800048828125,3865.800048828125,1914244.0,0.0
LT.NS,2026-01-15,3865.800048828125,3865.800048828125,0.0,0.0
LT.NS,2026-01-16,3856.39990234375,3856.39990234375,1807300.0,0.0
LT.NS,2026-01-19,3869.800048828125,3869.800048828125,1709380.0,0.0
LT.NS,2026-01-20,3810.5,3810.5,1658119.0,0.0
LT.NS,2026-01-21,3766.5,3766.5,2537185.0,0.0
LT.NS,2026-01-22,3793.800048828125,3793.800048828125,1856812.0,0.0
LT.NS,2026-01-23,3743.800048828125,3743.800048828125,1898703.0,0.0
LT.NS,2026-01-27,3787.800048828125,3787.800048828125,2162193.0,0.0
LT.NS,2026-01-28,3794.0,3794.0,2111741.0,0.0
LT.NS,2026-01-29,3932.89990234375,3932.89990234375,4227139.0,0.0
LT.NS,2026-01-30,3932.300048828125,3932.300048828125,2208465.0,0.0
LT.NS,2026-02-02,3921.300048828125,3921.300048828125,3034613.0,0.0
LT.NS,2026-02-03,4038.800048828125,4038.800048828125,3742190.0,0.0
LT.NS,2026-02-04,4087.10009765625,4087.10009765625,1403373.0,0.0
LT.NS,2026-02-05,4063.300048828125,4063.300048828125,1433240.0,0.0
LT.NS,2026-02-06,4068.10009765625,4068.10009765625,1630836.0,0.0
LT.NS,2026-02-09,4113.60009765625,4113.60009765625,1830267.0,0.0
LT.NS,2026-02-10,4169.0,4169.0,1890409.0,0.0
LT.NS,2026-02-11,4170.39990234375,4170.39990234375,1689440.0,0.0
M&M.NS,2025-02-11,3085.949951171875,3061.354736328125,2470280.0,0.0
M&M.NS,2025-02-12,2987.199951171875,2963.391845703125,4609887.0,0.0
M&M.NS,2025-02-13,2978.0,2954.26513671875,2481783.0,0.0
M&M.NS,2025-02-14,2942.60009765625,2919.1474609375,1959802.0,0.0
M&M.NS,2025-02-17,2831.949951171875,2809.379150390625,4773279.0,0.0
M&M.NS,2025-02-18,2790.050048828125,2767.813232421875,2301836.0,0.0
M&M.NS,2025-02-19,2757.39990234375,2735.42333984375,2671072.0,0.0
M&M.NS,2025-02-20,2839.449951171875,2816.8193359375,3799854.0,0.0
M&M.NS,2025-02-21,2669.35009765625,2648.0751953125,8940621.0,0.0
M&M.NS,2025-02-24,2709.199951171875,2687.607421875,6167313.0,0.0
M&M.NS,2025-02-25,2777.85009765625,2755.71044921875,4916248.0,0.0
M&M.NS,2025-02-27,2726.550048828125,2704.8193359375,2669767.0,0.0
M&M.NS,2025-02-28,2585.10009765625,2564.496826171875,7549863.0,0.0
M&M.NS,2025-03-03,2611.89990234375,2591.0830078125,4340806.0,0.0
M&M.NS,2025-03-04,2613.35009765625,2592.521484375,1984876.0,0.0
M&M.NS,2025-03-05,2726.60009765625,2704.868896484375,3665710.0,0.0
M&M.NS,2025-03-06,2742.39990234375,2720.54296875,3706264.0,0.0
M&M.NS,2025-03-07,2727.85009765625,2706.109130859375,1886774.0,0.0
M&M.NS,2025-03-10,2702.60009765625,2681.060302734375,2520931.0,0.0
M&M.NS,2025-03-11,2645.60009765625,2624.5146484375,3616140.0,0.0
M&M.NS,2025-03-12,2653.300048828125,2632.153076171875,3447155.0,0.0
M&M.NS,2025-03-13,2643.5,2622.43115234375,2446428.0,0.0
M&M.NS,2025-03-17,2705.14990234375,2683.58984375,2527623.0,0.0
M&M.NS,2025-03-18,2705.14990234375,2683.58984375,0.0,0.0
M&M.NS,2025-03-19,2789.10009765625,2766.870849609375,2438912.0,0.0
M&M.NS,2025-03-20,2828.10009765625,2805.56005859375,2354374.0,0.0
M&M.NS,2025-03-21,2801.85009765625,2779.519287109375,3824316.0,0.0
M&M.NS,2025-03-24,2774.699951171875,2752.58544921875,5395134.0,0.0
M&M.NS,2025-03-25,2736.0,2714.194091796875,3576766.0,0.0
M&M.NS,2025-03-26,2742.25,2720.394287109375,3111504.0,0.0
M&M.NS,2025-03-27,2733.0,2711.2177734375,4325599.0,0.0
M&M.NS,2025-03-28,2665.800048828125,2644.553466796875,6074446.0,0.0
M&M.NS,2025-04-01,2637.89990234375,2616.875732421875,3300417.0,0.0
M&M.NS,2025-04-02,2637.550048828125,2616.528564453125,2243574.0,0.0
M&M.NS,2025-04-03,2611.449951171875,2590.63671875,2361203.0,0.0
M&M.NS,2025-04-04,2596.550048828125,2575.85546875,3598415.0,0.0
M&M.NS,2025-04-07,2491.25,2471.39453125,3937471.0,0.0
M&M.NS,2025-04-08,2523.64990234375,2503.536376953125,4253527.0,0.0
M&M.NS,2025-04-09,2523.10009765625,2502.990966796875,3347213.0,0.0
M&M.NS,2025-04-11,2580.35009765625,2559.78466796875,3600209.0,0.0
M&M.NS,2025-04-15,2646.0,2624.911376953125,3287861.0,0.0
M&M.NS,2025-04-16,2634.60009765625,2613.602294921875,3070954.0,0.0
M&M.NS,2025-04-17,2679.39990234375,2658.044921875,2638979.0,0.0
M&M.NS,2025-04-21,2764.0,2741.970703125,3120955.0,0.0
M&M.NS,2025-04-22,2817.10009765625,2794.647705078125,3193757.0,0.0
M&M.NS,2025-04-23,2917.800048828125,2894.545166015625,3906215.0,0.0
M&M.NS,2025-04-24,2901.39990234375,2878.275634765625,2488496.0,0.0
M&M.NS,2025-04-25,2864.199951171875,2841.3720703125,2299310.0,0.0
M&M.NS,2025-04-28,2930.60009765625,2907.2431640625,1864672.0,0.0
M&M.NS,2025-04-29,2909.60009765625,2886.410400390625,2051228.0,0.0
M&M.NS,2025-04-30,2928.800048828125,2905.45751953125,2689753.0,0.0
M&M.NS,2025-05-02,2917.199951171875,2893.94970703125,2868096.0,0.0
M&M.NS,2025-05-05,3021.5,2997.41845703125,4049197.0,0.0
M&M.NS,2025-05-06,3068.39990234375,3043.944580078125,5683215.0,0.0
M&M.NS,2025-05-07,3119.89990234375,3095.0341796875,2942902.0,0.0
M&M.NS,2025-05-08,3033.10009765625,3008.92626953125,3323894.0,0.0
M&M.NS,2025-05-09,2982.10009765625,2958.332763671875,2308852.0,0.0
M&M.NS,2025-05-12,3104.699951171875,3079.955322265625,2166730.0,0.0
M&M.NS,2025-05-13,3053.800048828125,3029.461181640625,2681662.0,0.0
M&M.NS,2025-05-14,3101.800048828125,3077.07861328125,2236302.0,0.0
M&M.NS,2025-05-15,3144.300048828125,3119.23974609375,3590003.0,0.0
M&M.NS,2025-05-16,3135.60009765625,3110.609375,2269659.0,0.0
M&M.NS,2025-05-19,3128.0,3103.06982421875,2011149.0,0.0
M&M.NS,2025-05-20,3063.5,3039.083740234375,2667772.0,0.0
M&M.NS,2025-05-21,3090.699951171875,3066.06689453125,1395136.0,0.0
M&M.NS,2025-05-22,3006.300048828125,2982.33984375,3870830.0,0.0
M&M.NS,2025-05-23,3012.699951171875,2988.688720703125,1828093.0,0.0
M&M.NS,2025-05-26,3080.199951171875,3055.650634765625,2164190.0,0.0
M&M.NS,2025-05-27,3039.800048828125,3015.57275390625,2599143.0,0.0
M&M.NS,2025-05-28,2997.800048828125,2973.907470703125,1491995.0,0.0
M&M.NS,2025-05-29,3009.0,2985.01806640625,2093429.0,0.0
M&M.NS,2025-05-30,2976.800048828125,2953.074951171875,3700191.0,0.0
M&M.NS,2025-06-02,3025.89990234375,3001.783447265625,2967741.0,0.0
M&M.NS,2025-06-03,3046.5,3022.21923828125,3204094.0,0.0
M&M.NS,2025-06-04,3053.39990234375,3029.064208984375,1584653.0,0.0
M&M.NS,2025-06-05,3041.60009765625,3017.3583984375,3504632.0,0.0
M&M.NS,2025-06-06,3106.5,3081.740966796875,2028071.0,0.0
M&M.NS,2025-06-09,3087.39990234375,3062.793212890625,1364639.0,0.0
M&M.NS,2025-06-10,3067.5,3043.052001953125,1787253.0,0.0
M&M.NS,2025-06-11,3080.699951171875,3056.146728515625,1749787.0,0.0
M&M.NS,2025-06-12,3019.199951171875,2995.13671875,2278398.0,0.0
M&M.NS,2025-06-13,3006.0,2982.0419921875,2003184.0,0.0
M&M.NS,2025-06-16,3023.60009765625,2999.501953125,1673726.0,0.0
M&M.NS,2025-06-17,3007.199951171875,2983.232421875,1455355.0,0.0
M&M.NS,2025-06-18,3041.10009765625,3016.8623046875,2161043.0,0.0
M&M.NS,2025-06-19,3094.800048828125,3070.13427734375,2482920.0,0.0
M&M.NS,2025-06-20,3184.39990234375,3159.02001953125,8315834.0,0.0
M&M.NS,2025-06-23,3135.0,3110.013916015625,1731432.0,0.0
M&M.NS,2025-06-24,3150.10009765625,3124.99365234375,2834887.0,0.0
M&M.NS,2025-06-25,3215.5,3189.872314453125,2078771.0,0.0
M&M.NS,2025-06-26,3215.800048828125,3190.169921875,2907261.0,0.0
M&M.NS,2025-06-27,3203.300048828125,3177.76953125,5098406.0,0.0
M&M.NS,2025-06-30,3183.199951171875,3157.829833984375,2083572.0,0.0
M&M.NS,2025-07-01,3176.10009765625,3150.786376953125,1407074.0,0.0
M&M.NS,2025-07-02,3165.199951171875,3139.97314453125,1559309.0,0.0
M&M.NS,2025-07-03,3174.39990234375,3149.099853515625,2102806.0,0.0
M&M.NS,2025-07-04,3162.5,3162.5,968006.0,0.0
M&M.NS,2025-07-07,3160.199951171875,3160.199951171875,853459.0,0.0
M&M.NS,2025-07-08,3157.89990234375,3157.89990234375,1513129.0,0.0
M&M.NS,2025-07-09,3176.300048828125,3176.300048828125,1245661.0,0.0
M&M.NS,2025-07-10,3162.39990234375,3162.39990234375,1701384.0,0.0
M&M.NS,2025-07-11,3073.199951171875,3073.199951171875,3041614.0,0.0
M&M.NS,2025-07-14,3092.10009765625,3092.10009765625,2958843.0,0.0
M&M.NS,2025-07-15,3128.60009765625,3128.60009765625,2826720.0,0.0
M&M.NS,2025-07-16,3196.5,3196.5,2892812.0,0.0
M&M.NS,2025-07-17,3195.0,3195.0,3267180.0,0.0
M&M.NS,2025-07-18,3192.39990234375,3192.39990234375,2040381.0,0.0
M&M.NS,2025-07-21,3246.699951171875,3246.699951171875,2436535.0,0.0
M&M.NS,2025-07-22,3257.199951171875,3257.199951171875,1854072.0,0.0
M&M.NS,2025-07-23,3268.800048828125,3268.800048828125,2159800.0,0.0
M&M.NS,2025-07-24,3260.89990234375,3260.89990234375,1469406.0,0.0
M&M.NS,2025-07-25,3246.39990234375,3246.39990234375,1475856.0,0.0
M&M.NS,2025-07-28,3209.800048828125,3209.800048828125,1939520.0,0.0
M&M.NS,2025-07-29,3199.39990234375,3199.39990234375,1824673.0,0.0
M&M.NS,2025-07-30,3208.89990234375,3208.89990234375,2199654.0,0.0
M&M.NS,2025-07-31,3203.10009765625,3203.10009765625,4465859.0,0.0
M&M.NS,2025-08-01,3159.300048828125,3159.300048828125,3781457.0,0.0
M&M.NS,2025-08-04,3200.199951171875,3200.199951171875,2684012.0,0.0
M&M.NS,2025-08-05,3212.199951171875,3212.199951171875,1805644.0,0.0
M&M.NS,2025-08-06,3227.5,3227.5,1866321.0,0.0
M&M.NS,2025-08-07,3211.10009765625,3211.10009765625,2374621.0,0.0
M&M.NS,2025-08-08,3144.199951171875,3144.199951171875,1721037.0,0.0
M&M.NS,2025-08-11,3186.199951171875,3186.199951171875,2046761.0,0.0
M&M.NS,2025-08-12,3236.5,3236.5,3315978.0,0.0
M&M.NS,2025-08-13,3282.199951171875,3282.199951171875,2436029.0,0.0
M&M.NS,2025-08-14,3265.39990234375,3265.39990234375,1508721.0,0.0
M&M.NS,2025-08-18,3383.10009765625,3383.10009765625,5787481.0,0.0
M&M.NS,2025-08-19,3354.0,3354.0,2596242.0,0.0
M&M.NS,2025-08-20,3395.60009765625,3395.60009765625,2957816.0,0.0
M&M.NS,2025-08-21,3375.10009765625,3375.10009765625,1964795.0,0.0
M&M.NS,2025-08-22,3403.0,3403.0,2509867.0,0.0
M&M.NS,2025-08-25,3398.89990234375,3398.89990234375,1859862.0,0.0
M&M.NS,2025-08-26,3330.800048828125,3330.800048828125,3122442.0,0.0
M&M.NS,2025-08-28,3295.300048828125,3295.300048828125,2936428.0,0.0
M&M.NS,2025-08-29,3199.5,3199.5,3017625.0,0.0
M&M.NS,2025-09-01,3315.39990234375,3315.39990234375,3525726.0,0.0
M&M.NS,2025-09-02,3234.5,3234.5,3073407.0,0.0
M&M.NS,2025-09-03,3286.0,3286.0,2672659.0,0.0
M&M.NS,2025-09-04,3481.5,3481.5,7600320.0,0.0
M&M.NS,2025-09-05,3561.300048828125,3561.300048828125,3700943.0,0.0
M&M.NS,2025-09-08,3561.300048828125,3561.300048828125,0.0,0.0
M&M.NS,2025-09-09,3696.300048828125,3696.300048828125,2879258.0,0.0
M&M.NS,2025-09-10,3604.39990234375,3604.39990234375,2298202.0,0.0
M&M.NS,2025-09-11,3595.699951171875,3595.699951171875,1949934.0,0.0
M&M.NS,2025-09-12,3589.89990234375,3589.89990234375,2839264.0,0.0
M&M.NS,2025-09-15,3530.300048828125,3530.300048828125,2550444.0,0.0
M&M.NS,2025-09-16,3608.0,3608.0,2465043.0,0.0
M&M.NS,2025-09-17,3633.199951171875,3633.199951171875,2237804.0,0.0
M&M.NS,2025-09-18,3642.199951171875,3642.199951171875,2480472.0,0.0
M&M.NS,2025-09-19,3592.10009765625,3592.10009765625,4018342.0,0.0
M&M.NS,2025-09-22,3584.800048828125,3584.800048828125,1664133.0,0.0
M&M.NS,2025-09-23,3614.60009765625,3614.60009765625,2523224.0,0.0
M&M.NS,2025-09-24,3574.89990234375,3574.89990234375,1320014.0,0.0
M&M.NS,2025-09-25,3530.0,3530.0,2106344.0,0.0
M&M.NS,2025-09-26,3396.5,3396.5,3046760.0,0.0
M&M.NS,2025-09-29,3418.10009765625,3418.10009765625,3175716.0,0.0
M&M.NS,2025-09-30,3427.0,3427.0,2611078.0,0.0
M&M.NS,2025-10-01,3463.39990234375,3463.39990234375,2364844.0,0.0
M&M.NS,2025-10-03,3462.0,3462.0,2357702.0,0.0
M&M.NS,2025-10-06,3472.0,3472.0,1156082.0,0.0
M&M.NS,2025-10-07,3492.800048828125,3492.800048828125,1508939.0,0.0
M&M.NS,2025-10-08,3426.5,3426.5,1444911.0,0.0
M&M.NS,2025-10-09,3442.89990234375,3442.89990234375,1997853.0,0.0
M&M.NS,2025-10-10,3454.89990234375,3454.89990234375,1416272.0,0.0
M&M.NS,2025-10-13,3459.699951171875,3459.699951171875,1090517.0,0.0
M&M.NS,2025-10-14,3459.800048828125,3459.800048828125,1518505.0,0.0
M&M.NS,2025-10-15,3497.199951171875,3497.199951171875,1319445.0,0.0
M&M.NS,2025-10-16,3560.800048828125,3560.800048828125,2125552.0,0.0
M&M.NS,2025-10-17,3647.199951171875,3647.199951171875,3339579.0,0.0
M&M.NS,2025-10-20,3599.10009765625,3599.10009765625,2827250.0,0.0
M&M.NS,2025-10-21,3621.199951171875,3621.199951171875,286950.0,0.0
M&M.NS,2025-10-23,3623.60009765625,3623.60009765625,3724956.0,0.0
M&M.NS,2025-10-24,3625.0,3625.0,1654500.0,0.0
M&M.NS,2025-10-27,3611.60009765625,3611.60009765625,1440893.0,0.0
M&M.NS,2025-10-28,3579.10009765625,3579.10009765625,2851093.0,0.0
M&M.NS,2025-10-29,3534.699951171875,3534.699951171875,2526473.0,0.0
M&M.NS,2025-10-30,3502.10009765625,3502.10009765625,2103351.0,0.0
M&M.NS,2025-10-31,3487.199951171875,3487.199951171875,1915577.0,0.0
M&M.NS,2025-11-03,3548.89990234375,3548.89990234375,1776510.0,0.0
M&M.NS,2025-11-04,3581.199951171875,3581.199951171875,3494428.0,0.0
M&M.NS,2025-11-06,3618.5,3618.5,4535984.0,0.0
M&M.NS,2025-11-07,3690.199951171875,3690.199951171875,2595934.0,0.0
M&M.NS,2025-11-10,3663.89990234375,3663.89990234375,1620889.0,0.0
M&M.NS,2025-11-11,3749.10009765625,3749.10009765625,3044040.0,0.0
M&M.NS,2025-11-12,3754.300048828125,3754.300048828125,1984901.0,0.0
M&M.NS,2025-11-13,3699.5,3699.5,1599079.0,0.0
M&M.NS,2025-11-14,3698.60009765625,3698.60009765625,1847028.0,0.0
M&M.NS,2025-11-17,3734.89990234375,3734.89990234375,2094008.0,0.0
M&M.NS,2025-11-18,3694.800048828125,3694.800048828125,2613743.0,0.0
M&M.NS,2025-11-19,3722.5,3722.5,1626043.0,0.0
M&M.NS,2025-11-20,3716.699951171875,3716.699951171875,1815617.0,0.0
M&M.NS,2025-11-21,3749.60009765625,3749.60009765625,3184145.0,0.0
M&M.NS,2025-11-24,3690.800048828125,3690.800048828125,4059935.0,0.0
M&M.NS,2025-11-25,3669.300048828125,3669.300048828125,1714176.0,0.0
M&M.NS,2025-11-26,3686.39990234375,3686.39990234375,2116524.0,0.0
M&M.NS,2025-11-27,3681.199951171875,3681.199951171875,1993274.0,0.0
M&M.NS,2025-11-28,3757.300048828125,3757.300048828125,2944457.0,0.0
M&M.NS,2025-12-01,3741.60009765625,3741.60009765625,1830158.0,0.0
M&M.NS,2025-12-02,3716.5,3716.5,2285922.0,0.0
M&M.NS,2025-12-03,3649.39990234375,3649.39990234375,2002476.0,0.0
M&M.NS,2025-12-04,3671.60009765625,3671.60009765625,1984001.0,0.0
M&M.NS,2025-12-05,3717.10009765625,3717.10009765625,2393280.0,0.0
M&M.NS,2025-12-08,3681.699951171875,3681.699951171875,1500195.0,0.0
M&M.NS,2025-12-09,3635.89990234375,3635.89990234375,3901255.0,0.0
M&M.NS,2025-12-10,3630.0,3630.0,1593915.0,0.0
M&M.NS,2025-12-11,3665.199951171875,3665.199951171875,981456.0,0.0
M&M.NS,2025-12-12,3679.60009765625,3679.60009765625,1078982.0,0.0
M&M.NS,2025-12-15,3608.0,3608.0,1704069.0,0.0
M&M.NS,2025-12-16,3621.0,3621.0,1394406.0,0.0
M&M.NS,2025-12-17,3612.800048828125,3612.800048828125,1209367.0,0.0
M&M.NS,2025-12-18,3586.60009765625,3586.60009765625,2446168.0,0.0
M&M.NS,2025-12-19,3603.60009765625,3603.60009765625,1647819.0,0.0
M&M.NS,2025-12-22,3616.699951171875,3616.699951171875,1400786.0,0.0
M&M.NS,2025-12-23,3625.10009765625,3625.10009765625,1413628.0,0.0
M&M.NS,2025-12-24,3636.699951171875,3636.699951171875,842897.0,0.0
M&M.NS,2025-12-26,3623.10009765625,3623.10009765625,829910.0,0.0
M&M.NS,2025-12-29,3592.10009765625,3592.10009765625,1034692.0,0.0
M&M.NS,2025-12-30,3660.300048828125,3660.300048828125,2063179.0,0.0
M&M.NS,2025-12-31,3709.199951171875,3709.199951171875,1868363.0,0.0
M&M.NS,2026-01-01,3761.0,3761.0,1498161.0,0.0
M&M.NS,2026-01-02,3802.39990234375,3802.39990234375,1478292.0,0.0
M&M.NS,2026-01-05,3790.300048828125,3790.300048828125,1574098.0,0.0
M&M.NS,2026-01-06,3785.60009765625,3785.60009765625,1299489.0,0.0
M&M.NS,2026-01-07,3748.800048828125,3748.800048828125,1046776.0,0.0
M&M.NS,2026-01-08,3724.0,3724.0,1261005.0,0.0
M&M.NS,2026-01-09,3677.300048828125,3677.300048828125,1235928.0,0.0
M&M.NS,2026-01-12,3682.0,3682.0,1665237.0,0.0
M&M.NS,2026-01-13,3661.5,3661.5,1700985.0,0.0
M&M.NS,2026-01-14,3649.5,3649.5,1573135.0,0.0
M&M.NS,2026-01-15,3649.5,3649.5,0.0,0.0
M&M.NS,2026-01-16,3658.199951171875,3658.199951171875,2089943.0,0.0
M&M.NS,2026-01-19,3657.39990234375,3657.39990234375,1715818.0,0.0
M&M.NS,2026-01-20,3557.5,3557.5,1753439.0,0.0
M&M.NS,2026-01-21,3553.300048828125,3553.300048828125,1587467.0,0.0
M&M.NS,2026-01-22,3573.699951171875,3573.699951171875,2107171.0,0.0
M&M.NS,2026-01-23,3543.39990234375,3543.39990234375,1922549.0,0.0
M&M.NS,2026-01-27,3393.5,3393.5,7139715.0,0.0
M&M.NS,2026-01-28,3449.199951171875,3449.199951171875,3964878.0,0.0
M&M.NS,2026-01-29,3384.39990234375,3384.39990234375,5592638.0,0.0
M&M.NS,2026-01-30,3431.800048828125,3431.800048828125,5291090.0,0.0
M&M.NS,2026-02-02,3463.199951171875,3463.199951171875,2950641.0,0.0
M&M.NS,2026-02-03,3527.89990234375,3527.89990234375,5492214.0,0.0
M&M.NS,2026-02-04,3574.0,3574.0,2395062.0,0.0
M&M.NS,2026-02-05,3572.0,3572.0,1251428.0,0.0
M&M.NS,2026-02-06,3578.0,3578.0,1462031.0,0.0
M&M.NS,2026-02-09,3609.60009765625,3609.60009765625,1294690.0,0.0
M&M.NS,2026-02-10,3675.800048828125,3675.800048828125,1917432.0,0.0
M&M.NS,2026-02-11,3674.89990234375,3674.89990234375,4786961.0,0.0
MARUTI.NS,2025-02-11,12724.349609375,12588.103515625,354195.0,0.0
MARUTI.NS,2025-02-12,12655.5498046875,12520.041015625,425735.0,0.0
MARUTI.NS,2025-02-13,12671.2998046875,12535.6220703125,186742.0,0.0
MARUTI.NS,2025-02-14,12680.25,12544.4765625,233454.0,0.0
MARUTI.NS,2025-02-17,12762.900390625,12626.2412109375,192210.0,0.0
MARUTI.NS,2025-02-18,12786.2001953125,12649.2919921875,267936.0,0.0
MARUTI.NS,2025-02-19,12686.150390625,12550.3134765625,288694.0,0.0
MARUTI.NS,2025-02-20,12440.650390625,12307.4423828125,423739.0,0.0
MARUTI.NS,2025-02-21,12323.4501953125,12191.4970703125,477013.0,0.0
MARUTI.NS,2025-02-24,12345.2001953125,12213.013671875,399571.0,0.0
MARUTI.NS,2025-02-25,12476.349609375,12342.7587890625,363355.0,0.0
MARUTI.NS,2025-02-27,12380.599609375,12248.0341796875,236805.0,0.0
MARUTI.NS,2025-02-28,11945.849609375,11817.939453125,605149.0,0.0
MARUTI.NS,2025-03-03,11775.599609375,11649.5126953125,186884.0,0.0
MARUTI.NS,2025-03-04,11616.25,11491.869140625,255726.0,0.0
MARUTI.NS,2025-03-05,11617.349609375,11492.95703125,349730.0,0.0
MARUTI.NS,2025-03-06,11666.400390625,11541.482421875,315309.0,0.0
MARUTI.NS,2025-03-07,11664.150390625,11539.2568359375,259055.0,0.0
MARUTI.NS,2025-03-10,11586.0498046875,11461.9921875,153894.0,0.0
MARUTI.NS,2025-03-11,11646.9501953125,11522.240234375,245822.0,0.0
MARUTI.NS,2025-03-12,11640.099609375,11515.462890625,249361.0,0.0
MARUTI.NS,2025-03-13,11513.7998046875,11390.515625,260736.0,0.0
MARUTI.NS,2025-03-17,11553.7001953125,11429.9892578125,275569.0,0.0
MARUTI.NS,2025-03-18,11553.7001953125,11429.9892578125,0.0,0.0
MARUTI.NS,2025-03-19,11615.5498046875,11491.1767578125,476555.0,0.0
MARUTI.NS,2025-03-20,11730.2001953125,11604.5986328125,379421.0,0.0
MARUTI.NS,2025-03-21,11732.7998046875,11607.1708984375,560565.0,0.0
MARUTI.NS,2025-03-24,11922.25,11794.5927734375,359033.0,0.0
MARUTI.NS,2025-03-25,11868.900390625,11741.814453125,514283.0,0.0
MARUTI.NS,2025-03-26,11734.2998046875,11608.6552734375,478517.0,0.0
MARUTI.NS,2025-03-27,11721.9501953125,11596.4375,645787.0,0.0
MARUTI.NS,2025-03-28,11522.150390625,11398.77734375,541795.0,0.0
MARUTI.NS,2025-04-01,11481.099609375,11358.166015625,498244.0,0.0
MARUTI.NS,2025-04-02,11716.099609375,11590.6494140625,452994.0,0.0
MARUTI.NS,2025-04-03,11688.099609375,11562.94921875,326624.0,0.0
MARUTI.NS,2025-04-04,11482.0,11359.056640625,355785.0,0.0
MARUTI.NS,2025-04-07,11329.75,11208.4365234375,602353.0,0.0
MARUTI.NS,2025-04-08,11458.900390625,11336.2041015625,629968.0,0.0
MARUTI.NS,2025-04-09,11457.400390625,11334.720703125,255114.0,0.0
MARUTI.NS,2025-04-11,11599.0498046875,11474.8525390625,231420.0,0.0
MARUTI.NS,2025-04-15,11855.0,11728.0625,458593.0,0.0
MARUTI.NS,2025-04-16,11664.0,11539.107421875,470494.0,0.0
MARUTI.NS,2025-04-17,11695.0,11569.775390625,302146.0,0.0
MARUTI.NS,2025-04-21,11745.0,11619.240234375,318493.0,0.0
MARUTI.NS,2025-04-22,11734.0,11608.3583984375,516753.0,0.0
MARUTI.NS,2025-04-23,11907.0,11779.505859375,493839.0,0.0
MARUTI.NS,2025-04-24,11894.0,11766.6455078125,387863.0,0.0
MARUTI.NS,2025-04-25,11698.0,11572.744140625,906266.0,0.0
MARUTI.NS,2025-04-28,11846.0,11719.1591796875,457303.0,0.0
MARUTI.NS,2025-04-29,11841.0,11714.212890625,455596.0,0.0
MARUTI.NS,2025-04-30,12257.0,12125.7578125,967250.0,0.0
MARUTI.NS,2025-05-02,12405.0,12272.173828125,707908.0,0.0
MARUTI.NS,2025-05-05,12458.0,12324.6064453125,270014.0,0.0
MARUTI.NS,2025-05-06,12581.0,12446.2890625,414921.0,0.0
MARUTI.NS,2025-05-07,12633.0,12497.732421875,303619.0,0.0
MARUTI.NS,2025-05-08,12392.0,12259.3125,485326.0,0.0
MARUTI.NS,2025-05-09,12250.0,12118.8330078125,278112.0,0.0
MARUTI.NS,2025-05-12,12616.0,12480.9140625,185165.0,0.0
MARUTI.NS,2025-05-13,12482.0,12348.3486328125,378269.0,0.0
MARUTI.NS,2025-05-14,12670.0,12534.3359375,306050.0,0.0
MARUTI.NS,2025-05-15,12952.0,12813.31640625,561496.0,0.0
MARUTI.NS,2025-05-16,12995.0,12855.8564453125,425275.0,0.0
MARUTI.NS,2025-05-19,12989.0,12849.919921875,244277.0,0.0
MARUTI.NS,2025-05-20,12638.0,12502.6787109375,361111.0,0.0
MARUTI.NS,2025-05-21,12615.0,12479.9248046875,209104.0,0.0
MARUTI.NS,2025-05-22,12445.0,12311.7451171875,434848.0,0.0
MARUTI.NS,2025-05-23,12453.0,12319.6591796875,169465.0,0.0
MARUTI.NS,2025-05-26,12421.0,12288.001953125,214703.0,0.0
MARUTI.NS,2025-05-27,12414.0,12281.0771484375,344679.0,0.0
MARUTI.NS,2025-05-28,12331.0,12198.9658203125,178181.0,0.0
MARUTI.NS,2025-05-29,12392.0,12259.3125,191097.0,0.0
MARUTI.NS,2025-05-30,12319.0,12187.0947265625,351353.0,0.0
MARUTI.NS,2025-06-02,12290.0,12158.4052734375,264972.0,0.0
MARUTI.NS,2025-06-03,12128.0,11998.1396484375,369114.0,0.0
MARUTI.NS,2025-06-04,12163.0,12032.7646484375,205846.0,0.0
MARUTI.NS,2025-06-05,12126.0,11996.1611328125,319783.0,0.0
MARUTI.NS,2025-06-06,12462.0,12328.5634765625,456129.0,0.0
MARUTI.NS,2025-06-09,12637.0,12501.689453125,323443.0,0.0
MARUTI.NS,2025-06-10,12520.0,12385.9423828125,325292.0,0.0
MARUTI.NS,2025-06-11,12452.0,12318.669921875,306061.0,0.0
MARUTI.NS,2025-06-12,12390.0,12257.333984375,347339.0,0.0
MARUTI.NS,2025-06-13,12408.0,12275.1416015625,385493.0,0.0
MARUTI.NS,2025-06-16,12530.0,12395.8349609375,184242.0,0.0
MARUTI.NS,2025-06-17,12595.0,12460.138671875,226597.0,0.0
MARUTI.NS,2025-06-18,12748.0,12611.5009765625,467738.0,0.0
MARUTI.NS,2025-06-19,12806.0,12668.8798828125,339117.0,0.0
MARUTI.NS,2025-06-20,12791.0,12654.0400390625,652128.0,0.0
MARUTI.NS,2025-06-23,12699.0,12563.025390625,192037.0,0.0
MARUTI.NS,2025-06-24,12611.0,12475.9677734375,332717.0,0.0
MARUTI.NS,2025-06-25,12767.0,12630.2978515625,316536.0,0.0
MARUTI.NS,2025-06-26,12715.0,12578.8544921875,354735.0,0.0
MARUTI.NS,2025-06-27,12642.0,12506.6357421875,346403.0,0.0
MARUTI.NS,2025-06-30,12400.0,12267.2265625,448956.0,0.0
MARUTI.NS,2025-07-01,12442.0,12308.77734375,283481.0,0.0
MARUTI.NS,2025-07-02,12622.0,12486.849609375,609735.0,0.0
MARUTI.NS,2025-07-03,12752.0,12615.4580078125,606221.0,0.0
MARUTI.NS,2025-07-04,12646.0,12510.5927734375,225607.0,0.0
MARUTI.NS,2025-07-07,12520.0,12385.9423828125,220116.0,0.0
MARUTI.NS,2025-07-08,12414.0,12281.0771484375,241050.0,0.0
MARUTI.NS,2025-07-09,12470.0,12336.4775390625,174203.0,0.0
MARUTI.NS,2025-07-10,12650.0,12514.5498046875,277325.0,0.0
MARUTI.NS,2025-07-11,12574.0,12439.3642578125,194420.0,0.0
MARUTI.NS,2025-07-14,12514.0,12380.0068359375,246737.0,0.0
MARUTI.NS,2025-07-15,12536.0,12401.7705078125,147377.0,0.0
MARUTI.NS,2025-07-16,12564.0,12429.470703125,204480.0,0.0
MARUTI.NS,2025-07-17,12476.0,12342.4130859375,189207.0,0.0
MARUTI.NS,2025-07-18,12419.0,12286.0234375,124068.0,0.0
MARUTI.NS,2025-07-21,12405.0,12272.173828125,232066.0,0.0
MARUTI.NS,2025-07-22,12492.0,12358.2421875,169006.0,0.0
MARUTI.NS,2025-07-23,12627.0,12491.796875,342005.0,0.0
MARUTI.NS,2025-07-24,12557.0,12422.5458984375,157163.0,0.0
MARUTI.NS,2025-07-25,12404.0,12271.1845703125,260700.0,0.0
MARUTI.NS,2025-07-28,12340.0,12207.869140625,292879.0,0.0
MARUTI.NS,2025-07-29,12469.0,12335.48828125,285115.0,0.0
MARUTI.NS,2025-07-30,12618.0,12482.892578125,203847.0,0.0
MARUTI.NS,2025-07-31,12608.0,12473.0,709783.0,0.0
MARUTI.NS,2025-08-01,12302.0,12302.0,346024.0,0.0
MARUTI.NS,2025-08-04,12365.0,12365.0,255693.0,0.0
MARUTI.NS,2025-08-05,12537.0,12537.0,233560.0,0.0
MARUTI.NS,2025-08-06,12524.0,12524.0,151608.0,0.0
MARUTI.NS,2025-08-07,12632.0,12632.0,173393.0,0.0
MARUTI.NS,2025-08-08,12590.0,12590.0,247048.0,0.0
MARUTI.NS,2025-08-11,12597.0,12597.0,187230.0,0.0
MARUTI.NS,2025-08-12,12840.0,12840.0,504476.0,0.0
MARUTI.NS,2025-08-13,12834.0,12834.0,252065.0,0.0
MARUTI.NS,2025-08-14,12936.0,12936.0,318580.0,0.0
MARUTI.NS,2025-08-18,14068.0,14068.0,2154781.0,0.0
MARUTI.NS,2025-08-19,14250.0,14250.0,906623.0,0.0
MARUTI.NS,2025-08-20,14221.0,14221.0,391425.0,0.0
MARUTI.NS,2025-08-21,14280.0,14280.0,513460.0,0.0
MARUTI.NS,2025-08-22,14349.0,14349.0,458935.0,0.0
MARUTI.NS,2025-08-25,14452.0,14452.0,357110.0,0.0
MARUTI.NS,2025-08-26,14714.0,14714.0,962974.0,0.0
MARUTI.NS,2025-08-28,14752.0,14752.0,666635.0,0.0
MARUTI.NS,2025-08-29,14791.0,14791.0,621560.0,0.0
MARUTI.NS,2025-09-01,14887.0,14887.0,572927.0,0.0
MARUTI.NS,2025-09-02,14842.0,14842.0,379167.0,0.0
MARUTI.NS,2025-09-03,14927.0,14927.0,561656.0,0.0
MARUTI.NS,2025-09-04,14662.0,14662.0,784369.0,0.0
MARUTI.NS,2025-09-05,14895.0,14895.0,473806.0,0.0
MARUTI.NS,2025-09-08,15258.0,15258.0,691077.0,0.0
MARUTI.NS,2025-09-09,15365.0,15365.0,605860.0,0.0
MARUTI.NS,2025-09-10,15108.0,15108.0,489062.0,0.0
MARUTI.NS,2025-09-11,15095.0,15095.0,657161.0,0.0
MARUTI.NS,2025-09-12,15325.0,15325.0,420101.0,0.0
MARUTI.NS,2025-09-15,15265.0,15265.0,170587.0,0.0
MARUTI.NS,2025-09-16,15573.0,15573.0,381944.0,0.0
MARUTI.NS,2025-09-17,15801.0,15801.0,624986.0,0.0
MARUTI.NS,2025-09-18,15817.0,15817.0,642175.0,0.0
MARUTI.NS,2025-09-19,15864.0,15864.0,652443.0,0.0
MARUTI.NS,2025-09-22,15816.0,15816.0,302234.0,0.0
MARUTI.NS,2025-09-23,16097.0,16097.0,873114.0,0.0
MARUTI.NS,2025-09-24,16249.0,16249.0,663647.0,0.0
MARUTI.NS,2025-09-25,16269.0,16269.0,490262.0,0.0
MARUTI.NS,2025-09-26,16286.0,16286.0,490957.0,0.0
MARUTI.NS,2025-09-29,15984.0,15984.0,627326.0,0.0
MARUTI.NS,2025-09-30,16029.0,16029.0,390006.0,0.0
MARUTI.NS,2025-10-01,15965.0,15965.0,426075.0,0.0
MARUTI.NS,2025-10-03,15806.0,15806.0,470216.0,0.0
MARUTI.NS,2025-10-06,15998.0,15998.0,268497.0,0.0
MARUTI.NS,2025-10-07,16108.0,16108.0,330326.0,0.0
MARUTI.NS,2025-10-08,16012.0,16012.0,306518.0,0.0
MARUTI.NS,2025-10-09,15985.0,15985.0,300499.0,0.0
MARUTI.NS,2025-10-10,16265.0,16265.0,423031.0,0.0
MARUTI.NS,2025-10-13,16323.0,16323.0,337617.0,0.0
MARUTI.NS,2025-10-14,16261.0,16261.0,307925.0,0.0
MARUTI.NS,2025-10-15,16212.0,16212.0,266435.0,0.0
MARUTI.NS,2025-10-16,16298.0,16298.0,265727.0,0.0
MARUTI.NS,2025-10-17,16401.0,16401.0,411608.0,0.0
MARUTI.NS,2025-10-20,16424.0,16424.0,374246.0,0.0
MARUTI.NS,2025-10-21,16396.0,16396.0,28990.0,0.0
MARUTI.NS,2025-10-23,16393.0,16393.0,481753.0,0.0
MARUTI.NS,2025-10-24,16274.0,16274.0,208520.0,0.0
MARUTI.NS,2025-10-27,16388.0,16388.0,209829.0,0.0
MARUTI.NS,2025-10-28,16311.0,16311.0,383383.0,0.0
MARUTI.NS,2025-10-29,16138.0,16138.0,232815.0,0.0
MARUTI.NS,2025-10-30,16206.0,16206.0,230383.0,0.0
MARUTI.NS,2025-10-31,16186.0,16186.0,719402.0,0.0
MARUTI.NS,2025-11-03,15651.0,15651.0,942850.0,0.0
MARUTI.NS,2025-11-04,15374.0,15374.0,748848.0,0.0
MARUTI.NS,2025-11-06,15452.0,15452.0,429800.0,0.0
MARUTI.NS,2025-11-07,15479.0,15479.0,227247.0,0.0
MARUTI.NS,2025-11-10,15583.0,15583.0,274191.0,0.0
MARUTI.NS,2025-11-11,15645.0,15645.0,181524.0,0.0
MARUTI.NS,2025-11-12,15696.0,15696.0,244015.0,0.0
MARUTI.NS,2025-11-13,15749.0,15749.0,250711.0,0.0
MARUTI.NS,2025-11-14,15684.0,15684.0,253698.0,0.0
MARUTI.NS,2025-11-17,15878.0,15878.0,301069.0,0.0
MARUTI.NS,2025-11-18,15930.0,15930.0,392903.0,0.0
MARUTI.NS,2025-11-19,15768.0,15768.0,286434.0,0.0
MARUTI.NS,2025-11-20,15801.0,15801.0,249492.0,0.0
MARUTI.NS,2025-11-21,15977.0,15977.0,586351.0,0.0
MARUTI.NS,2025-11-24,15958.0,15958.0,525788.0,0.0
MARUTI.NS,2025-11-25,15889.0,15889.0,214525.0,0.0
MARUTI.NS,2025-11-26,16156.0,16156.0,314946.0,0.0
MARUTI.NS,2025-11-27,15903.0,15903.0,339986.0,0.0
MARUTI.NS,2025-11-28,15900.0,15900.0,352340.0,0.0
MARUTI.NS,2025-12-01,16097.0,16097.0,434052.0,0.0
MARUTI.NS,2025-12-02,16239.0,16239.0,383165.0,0.0
MARUTI.NS,2025-12-03,16082.0,16082.0,264397.0,0.0
MARUTI.NS,2025-12-04,15994.0,15994.0,248812.0,0.0
MARUTI.NS,2025-12-05,16282.0,16282.0,332032.0,0.0
MARUTI.NS,2025-12-08,16187.0,16187.0,220513.0,0.0
MARUTI.NS,2025-12-09,16020.0,16020.0,276388.0,0.0
MARUTI.NS,2025-12-10,16019.0,16019.0,293374.0,0.0
MARUTI.NS,2025-12-11,16248.0,16248.0,268701.0,0.0
MARUTI.NS,2025-12-12,16522.0,16522.0,404711.0,0.0
MARUTI.NS,2025-12-15,16415.0,16415.0,225221.0,0.0
MARUTI.NS,2025-12-16,16354.0,16354.0,156134.0,0.0
MARUTI.NS,2025-12-17,16398.0,16398.0,257406.0,0.0
MARUTI.NS,2025-12-18,16329.0,16329.0,213981.0,0.0
MARUTI.NS,2025-12-19,16414.0,16414.0,360190.0,0.0
MARUTI.NS,2025-12-22,16649.0,16649.0,271590.0,0.0
MARUTI.NS,2025-12-23,16585.0,16585.0,215650.0,0.0
MARUTI.NS,2025-12-24,16703.0,16703.0,258486.0,0.0
MARUTI.NS,2025-12-26,16596.0,16596.0,212925.0,0.0
MARUTI.NS,2025-12-29,16542.0,16542.0,251796.0,0.0
MARUTI.NS,2025-12-30,16647.0,16647.0,1055843.0,0.0
MARUTI.NS,2025-12-31,16697.0,16697.0,314427.0,0.0
MARUTI.NS,2026-01-01,16708.0,16708.0,171293.0,0.0
MARUTI.NS,2026-01-02,16960.0,16960.0,388562.0,0.0
MARUTI.NS,2026-01-05,17155.0,17155.0,305668.0,0.0
MARUTI.NS,2026-01-06,17292.0,17292.0,192182.0,0.0
MARUTI.NS,2026-01-07,16809.0,16809.0,427979.0,0.0
MARUTI.NS,2026-01-08,16664.0,16664.0,238421.0,0.0
MARUTI.NS,2026-01-09,16501.0,16501.0,286302.0,0.0
MARUTI.NS,2026-01-12,16582.0,16582.0,288686.0,0.0
MARUTI.NS,2026-01-13,16426.0,16426.0,312205.0,0.0
MARUTI.NS,2026-01-14,16152.0,16152.0,240043.0,0.0
MARUTI.NS,2026-01-15,16152.0,16152.0,0.0,0.0
MARUTI.NS,2026-01-16,15859.0,15859.0,703056.0,0.0
MARUTI.NS,2026-01-19,16176.0,16176.0,385141.0,0.0
MARUTI.NS,2026-01-20,15879.0,15879.0,289609.0,0.0
MARUTI.NS,2026-01-21,15770.0,15770.0,345738.0,0.0
MARUTI.NS,2026-01-22,15765.0,15765.0,352320.0,0.0
MARUTI.NS,2026-01-23,15469.0,15469.0,338669.0,0.0
MARUTI.NS,2026-01-27,15245.0,15245.0,565768.0,0.0
MARUTI.NS,2026-01-28,14877.0,14877.0,1584483.0,0.0
MARUTI.NS,2026-01-29,14502.0,14502.0,716545.0,0.0
MARUTI.NS,2026-01-30,14599.0,14599.0,946509.0,0.0
MARUTI.NS,2026-02-02,14384.0,14384.0,621514.0,0.0
MARUTI.NS,2026-02-03,14782.0,14782.0,638870.0,0.0
MARUTI.NS,2026-02-04,15071.0,15071.0,451065.0,0.0
MARUTI.NS,2026-02-05,15059.0,15059.0,374759.0,0.0
MARUTI.NS,2026-02-06,14997.0,14997.0,276529.0,0.0
MARUTI.NS,2026-02-09,14978.0,14978.0,200034.0,0.0
MARUTI.NS,2026-02-10,15146.0,15146.0,360240.0,0.0
MARUTI.NS,2026-02-11,15412.0,15412.0,360740.0,0.0
MAXHEALTH.NS,2025-02-11,1019.9500122070312,1018.7743530273438,7134442.0,0.0
MAXHEALTH.NS,2025-02-12,1004.7999877929688,1003.641845703125,7802242.0,0.0
MAXHEALTH.NS,2025-02-13,1001.6500244140625,1000.4954833984375,2877673.0,0.0
MAXHEALTH.NS,2025-02-14,1003.6500244140625,1002.4931640625,3192821.0,0.0
MAXHEALTH.NS,2025-02-17,1014.6500244140625,1013.4805297851562,2499429.0,0.0
MAXHEALTH.NS,2025-02-18,1038.199951171875,1037.0032958984375,3381321.0,0.0
MAXHEALTH.NS,2025-02-19,1019.5,1018.3248901367188,1751070.0,0.0
MAXHEALTH.NS,2025-02-20,1031.8499755859375,1030.66064453125,1900045.0,0.0
MAXHEALTH.NS,2025-02-21,1010.25,1009.0855712890625,926535.0,0.0
MAXHEALTH.NS,2025-02-24,987.9500122070312,986.811279296875,1840297.0,0.0
MAXHEALTH.NS,2025-02-25,1022.9000244140625,1021.7210083007812,2747013.0,0.0
MAXHEALTH.NS,2025-02-27,1016.0999755859375,1014.9287719726562,3750612.0,0.0
MAXHEALTH.NS,2025-02-28,978.0999755859375,976.9725952148438,3484870.0,0.0
MAXHEALTH.NS,2025-03-03,973.7999877929688,972.6775512695312,2695279.0,0.0
MAXHEALTH.NS,2025-03-04,988.4500122070312,987.3106689453125,2637232.0,0.0
MAXHEALTH.NS,2025-03-05,1021.9000244140625,1020.72216796875,3569080.0,0.0
MAXHEALTH.NS,2025-03-06,999.9000244140625,998.7474975585938,2676754.0,0.0
MAXHEALTH.NS,2025-03-07,980.75,979.6195678710938,1323765.0,0.0
MAXHEALTH.NS,2025-03-10,964.2999877929688,963.1884765625,2613900.0,0.0
MAXHEALTH.NS,2025-03-11,983.2999877929688,982.1666259765625,1479746.0,0.0
MAXHEALTH.NS,2025-03-12,989.75,988.6091918945312,2239455.0,0.0
MAXHEALTH.NS,2025-03-13,990.7000122070312,989.55810546875,1963406.0,0.0
MAXHEALTH.NS,2025-03-17,997.9000244140625,996.7498168945312,1751252.0,0.0
MAXHEALTH.NS,2025-03-18,997.9000244140625,996.7498168945312,0.0,0.0
MAXHEALTH.NS,2025-03-19,1087.449951171875,1086.196533203125,2753959.0,0.0
MAXHEALTH.NS,2025-03-20,1135.8499755859375,1134.540771484375,4225204.0,0.0
MAXHEALTH.NS,2025-03-21,1170.25,1168.901123046875,5814033.0,0.0
MAXHEALTH.NS,2025-03-24,1146.25,1144.9288330078125,2773097.0,0.0
MAXHEALTH.NS,2025-03-25,1172.75,1171.398193359375,2312993.0,0.0
MAXHEALTH.NS,2025-03-26,1122.550048828125,1121.256103515625,1809235.0,0.0
MAXHEALTH.NS,2025-03-27,1129.4000244140625,1128.0982666015625,2435413.0,0.0
MAXHEALTH.NS,2025-03-28,1096.949951171875,1095.685546875,1990409.0,0.0
MAXHEALTH.NS,2025-04-01,1083.5999755859375,1082.3509521484375,1308510.0,0.0
MAXHEALTH.NS,2025-04-02,1094.75,1093.4881591796875,873303.0,0.0
MAXHEALTH.NS,2025-04-03,1121.300048828125,1120.007568359375,1442279.0,0.0
MAXHEALTH.NS,2025-04-04,1137.6500244140625,1136.3387451171875,3280000.0,0.0
MAXHEALTH.NS,2025-04-07,1075.5,1074.2603759765625,3917172.0,0.0
MAXHEALTH.NS,2025-04-08,1073.449951171875,1072.212646484375,3121751.0,0.0
MAXHEALTH.NS,2025-04-09,1123.1500244140625,1121.85546875,2739663.0,0.0
MAXHEALTH.NS,2025-04-11,1089.300048828125,1088.04443359375,3025861.0,0.0
MAXHEALTH.NS,2025-04-15,1074.0999755859375,1072.8619384765625,4024878.0,0.0
MAXHEALTH.NS,2025-04-16,1077.5,1076.258056640625,1947807.0,0.0
MAXHEALTH.NS,2025-04-17,1084.4000244140625,1083.150146484375,2992562.0,0.0
MAXHEALTH.NS,2025-04-21,1073.0,1071.76318359375,2070163.0,0.0
MAXHEALTH.NS,2025-04-22,1128.699951171875,1127.39892578125,3872495.0,0.0
MAXHEALTH.NS,2025-04-23,1129.5999755859375,1128.2979736328125,1944908.0,0.0
MAXHEALTH.NS,2025-04-24,1108.4000244140625,1107.1224365234375,1802546.0,0.0
MAXHEALTH.NS,2025-04-25,1067.4000244140625,1066.169677734375,2532226.0,0.0
MAXHEALTH.NS,2025-04-28,1099.800048828125,1098.5323486328125,2000264.0,0.0
MAXHEALTH.NS,2025-04-29,1107.4000244140625,1106.1236572265625,1483430.0,0.0
MAXHEALTH.NS,2025-04-30,1098.199951171875,1096.93408203125,2112594.0,0.0
MAXHEALTH.NS,2025-05-02,1087.0,1085.7470703125,1083528.0,0.0
MAXHEALTH.NS,2025-05-05,1131.699951171875,1130.3955078125,2847994.0,0.0
MAXHEALTH.NS,2025-05-06,1156.0,1154.6676025390625,5109749.0,0.0
MAXHEALTH.NS,2025-05-07,1152.0,1150.672119140625,1389882.0,0.0
MAXHEALTH.NS,2025-05-08,1111.800048828125,1110.5185546875,1621270.0,0.0
MAXHEALTH.NS,2025-05-09,1127.699951171875,1126.400146484375,2242389.0,0.0
MAXHEALTH.NS,2025-05-12,1159.9000244140625,1158.5631103515625,2466795.0,0.0
MAXHEALTH.NS,2025-05-13,1172.0,1170.649169921875,1325278.0,0.0
MAXHEALTH.NS,2025-05-14,1176.5999755859375,1175.2437744140625,1476973.0,0.0
MAXHEALTH.NS,2025-05-15,1186.5,1185.1324462890625,3798282.0,0.0
MAXHEALTH.NS,2025-05-16,1167.0999755859375,1165.7547607421875,932452.0,0.0
MAXHEALTH.NS,2025-05-19,1188.0,1186.630615234375,2197092.0,0.0
MAXHEALTH.NS,2025-05-20,1164.699951171875,1163.357421875,3803892.0,0.0
MAXHEALTH.NS,2025-05-21,1142.0999755859375,1140.7835693359375,2080995.0,0.0
MAXHEALTH.NS,2025-05-22,1148.199951171875,1146.87646484375,1302948.0,0.0
MAXHEALTH.NS,2025-05-23,1177.0999755859375,1175.7431640625,1221229.0,0.0
MAXHEALTH.NS,2025-05-26,1174.0999755859375,1172.7467041015625,1047297.0,0.0
MAXHEALTH.NS,2025-05-27,1159.4000244140625,1158.063720703125,1530237.0,0.0
MAXHEALTH.NS,2025-05-28,1149.0,1147.6756591796875,1271583.0,0.0
MAXHEALTH.NS,2025-05-29,1135.199951171875,1133.8914794921875,1437093.0,0.0
MAXHEALTH.NS,2025-05-30,1125.199951171875,1123.9029541015625,3302191.0,0.0
MAXHEALTH.NS,2025-06-02,1151.5999755859375,1150.2725830078125,1633598.0,0.0
MAXHEALTH.NS,2025-06-03,1138.9000244140625,1137.5872802734375,1298389.0,0.0
MAXHEALTH.NS,2025-06-04,1148.5999755859375,1147.2760009765625,1300977.0,0.0
MAXHEALTH.NS,2025-06-05,1137.4000244140625,1136.0889892578125,1294519.0,0.0
MAXHEALTH.NS,2025-06-06,1168.199951171875,1166.8533935546875,1026507.0,0.0
MAXHEALTH.NS,2025-06-09,1194.5999755859375,1193.2230224609375,1363561.0,0.0
MAXHEALTH.NS,2025-06-10,1182.5,1181.136962890625,959783.0,0.0
MAXHEALTH.NS,2025-06-11,1187.0999755859375,1185.731689453125,1692374.0,0.0
MAXHEALTH.NS,2025-06-12,1202.199951171875,1200.814208984375,3523948.0,0.0
MAXHEALTH.NS,2025-06-13,1232.800048828125,1231.3790283203125,2935076.0,0.0
MAXHEALTH.NS,2025-06-16,1246.800048828125,1245.3629150390625,1884937.0,0.0
MAXHEALTH.NS,2025-06-17,1226.800048828125,1225.385986328125,1940493.0,0.0
MAXHEALTH.NS,2025-06-18,1181.699951171875,1180.337890625,1800017.0,0.0
MAXHEALTH.NS,2025-06-19,1163.0,1161.6595458984375,1791898.0,0.0
MAXHEALTH.NS,2025-06-20,1213.800048828125,1212.4010009765625,2991004.0,0.0
MAXHEALTH.NS,2025-06-23,1190.199951171875,1188.828125,1344872.0,0.0
MAXHEALTH.NS,2025-06-24,1198.300048828125,1196.9188232421875,1627319.0,0.0
MAXHEALTH.NS,2025-06-25,1239.0,1237.5718994140625,2283980.0,0.0
MAXHEALTH.NS,2025-06-26,1266.5,1265.0401611328125,4025154.0,0.0
MAXHEALTH.NS,2025-06-27,1279.300048828125,1277.825439453125,9937898.0,0.0
MAXHEALTH.NS,2025-06-30,1276.0,1274.529296875,1890046.0,0.0
MAXHEALTH.NS,2025-07-01,1279.699951171875,1278.2249755859375,2067169.0,0.0
MAXHEALTH.NS,2025-07-02,1284.800048828125,1283.319091796875,1534237.0,0.0
MAXHEALTH.NS,2025-07-03,1301.4000244140625,1299.9000244140625,2615624.0,0.0
MAXHEALTH.NS,2025-07-04,1298.199951171875,1298.199951171875,1062360.0,0.0
MAXHEALTH.NS,2025-07-07,1299.5999755859375,1299.5999755859375,639489.0,0.0
MAXHEALTH.NS,2025-07-08,1295.699951171875,1295.699951171875,1351691.0,0.0
MAXHEALTH.NS,2025-07-09,1247.4000244140625,1247.4000244140625,1996494.0,0.0
MAXHEALTH.NS,2025-07-10,1251.5999755859375,1251.5999755859375,1822565.0,0.0
MAXHEALTH.NS,2025-07-11,1219.199951171875,1219.199951171875,2348913.0,0.0
MAXHEALTH.NS,2025-07-14,1249.5999755859375,1249.5999755859375,1968679.0,0.0
MAXHEALTH.NS,2025-07-15,1261.0999755859375,1261.0999755859375,824627.0,0.0
MAXHEALTH.NS,2025-07-16,1266.199951171875,1266.199951171875,1352972.0,0.0
MAXHEALTH.NS,2025-07-17,1243.5999755859375,1243.5999755859375,1238628.0,0.0
MAXHEALTH.NS,2025-07-18,1215.699951171875,1215.699951171875,2382955.0,0.0
MAXHEALTH.NS,2025-07-21,1218.199951171875,1218.199951171875,1633631.0,0.0
MAXHEALTH.NS,2025-07-22,1218.800048828125,1218.800048828125,1896694.0,0.0
MAXHEALTH.NS,2025-07-23,1255.4000244140625,1255.4000244140625,1364458.0,0.0
MAXHEALTH.NS,2025-07-24,1267.4000244140625,1267.4000244140625,2393751.0,0.0
MAXHEALTH.NS,2025-07-25,1280.5,1280.5,3090257.0,0.0
MAXHEALTH.NS,2025-07-28,1257.4000244140625,1257.4000244140625,2930792.0,0.0
MAXHEALTH.NS,2025-07-29,1274.300048828125,1274.300048828125,1643450.0,0.0
MAXHEALTH.NS,2025-07-30,1264.5999755859375,1264.5999755859375,875446.0,0.0
MAXHEALTH.NS,2025-07-31,1246.0,1246.0,2265597.0,0.0
MAXHEALTH.NS,2025-08-01,1246.0,1246.0,932679.0,0.0
MAXHEALTH.NS,2025-08-04,1250.4000244140625,1250.4000244140625,718743.0,0.0
MAXHEALTH.NS,2025-08-05,1273.9000244140625,1273.9000244140625,1607681.0,0.0
MAXHEALTH.NS,2025-08-06,1271.0999755859375,1271.0999755859375,1095951.0,0.0
MAXHEALTH.NS,2025-08-07,1265.9000244140625,1265.9000244140625,2365386.0,0.0
MAXHEALTH.NS,2025-08-08,1245.300048828125,1245.300048828125,548971.0,0.0
MAXHEALTH.NS,2025-08-11,1263.300048828125,1263.300048828125,807096.0,0.0
MAXHEALTH.NS,2025-08-12,1260.5999755859375,1260.5999755859375,740292.0,0.0
MAXHEALTH.NS,2025-08-13,1267.0999755859375,1267.0999755859375,3268236.0,0.0
MAXHEALTH.NS,2025-08-14,1220.699951171875,1220.699951171875,5657114.0,0.0
MAXHEALTH.NS,2025-08-18,1211.5999755859375,1211.5999755859375,2557331.0,0.0
MAXHEALTH.NS,2025-08-19,1229.4000244140625,1229.4000244140625,2076532.0,0.0
MAXHEALTH.NS,2025-08-20,1225.5999755859375,1225.5999755859375,1779980.0,0.0
MAXHEALTH.NS,2025-08-21,1250.0999755859375,1250.0999755859375,2051298.0,0.0
MAXHEALTH.NS,2025-08-22,1234.699951171875,1234.699951171875,1488893.0,0.0
MAXHEALTH.NS,2025-08-25,1221.4000244140625,1221.4000244140625,1637753.0,0.0
MAXHEALTH.NS,2025-08-26,1183.4000244140625,1183.4000244140625,4500351.0,0.0
MAXHEALTH.NS,2025-08-28,1160.199951171875,1160.199951171875,4412704.0,0.0
MAXHEALTH.NS,2025-08-29,1154.300048828125,1154.300048828125,1977662.0,0.0
MAXHEALTH.NS,2025-09-01,1181.199951171875,1181.199951171875,1720121.0,0.0
MAXHEALTH.NS,2025-09-02,1161.800048828125,1161.800048828125,3028687.0,0.0
MAXHEALTH.NS,2025-09-03,1162.0,1162.0,1922382.0,0.0
MAXHEALTH.NS,2025-09-04,1160.199951171875,1160.199951171875,1797984.0,0.0
MAXHEALTH.NS,2025-09-05,1170.0,1170.0,1271671.0,0.0
MAXHEALTH.NS,2025-09-08,1149.5999755859375,1149.5999755859375,1316394.0,0.0
MAXHEALTH.NS,2025-09-09,1152.9000244140625,1152.9000244140625,1790082.0,0.0
MAXHEALTH.NS,2025-09-10,1180.699951171875,1180.699951171875,3661895.0,0.0
MAXHEALTH.NS,2025-09-11,1179.300048828125,1179.300048828125,1837622.0,0.0
MAXHEALTH.NS,2025-09-12,1184.199951171875,1184.199951171875,2487969.0,0.0
MAXHEALTH.NS,2025-09-15,1175.4000244140625,1175.4000244140625,2376299.0,0.0
MAXHEALTH.NS,2025-09-16,1158.699951171875,1158.699951171875,4075700.0,0.0
MAXHEALTH.NS,2025-09-17,1153.800048828125,1153.800048828125,4160131.0,0.0
MAXHEALTH.NS,2025-09-18,1173.4000244140625,1173.4000244140625,3746782.0,0.0
MAXHEALTH.NS,2025-09-19,1159.699951171875,1159.699951171875,4839925.0,0.0
MAXHEALTH.NS,2025-09-22,1171.5999755859375,1171.5999755859375,3370928.0,0.0
MAXHEALTH.NS,2025-09-23,1157.0,1157.0,4729220.0,0.0
MAXHEALTH.NS,2025-09-24,1133.199951171875,1133.199951171875,3419746.0,0.0
MAXHEALTH.NS,2025-09-25,1137.699951171875,1137.699951171875,5022322.0,0.0
MAXHEALTH.NS,2025-09-26,1123.4000244140625,1123.4000244140625,2327943.0,0.0
MAXHEALTH.NS,2025-09-29,1112.0,1112.0,48051997.0,0.0
MAXHEALTH.NS,2025-09-30,1114.699951171875,1114.699951171875,5570839.0,0.0
MAXHEALTH.NS,2025-10-01,1113.199951171875,1113.199951171875,3266312.0,0.0
MAXHEALTH.NS,2025-10-03,1069.199951171875,1069.199951171875,5969792.0,0.0
MAXHEALTH.NS,2025-10-06,1139.699951171875,1139.699951171875,8494611.0,0.0
MAXHEALTH.NS,2025-10-07,1130.699951171875,1130.699951171875,3577437.0,0.0
MAXHEALTH.NS,2025-10-08,1144.4000244140625,1144.4000244140625,3169556.0,0.0
MAXHEALTH.NS,2025-10-09,1155.800048828125,1155.800048828125,3052853.0,0.0
MAXHEALTH.NS,2025-10-10,1156.4000244140625,1156.4000244140625,2722755.0,0.0
MAXHEALTH.NS,2025-10-13,1143.300048828125,1143.300048828125,2376338.0,0.0
MAXHEALTH.NS,2025-10-14,1161.5,1161.5,1965357.0,0.0
MAXHEALTH.NS,2025-10-15,1155.800048828125,1155.800048828125,1762144.0,0.0
MAXHEALTH.NS,2025-10-16,1175.300048828125,1175.300048828125,2364667.0,0.0
MAXHEALTH.NS,2025-10-17,1202.699951171875,1202.699951171875,5239734.0,0.0
MAXHEALTH.NS,2025-10-20,1209.5999755859375,1209.5999755859375,2133962.0,0.0
MAXHEALTH.NS,2025-10-21,1204.0,1204.0,131329.0,0.0
MAXHEALTH.NS,2025-10-23,1211.0,1211.0,2981438.0,0.0
MAXHEALTH.NS,2025-10-24,1184.0999755859375,1184.0999755859375,858989.0,0.0
MAXHEALTH.NS,2025-10-27,1186.4000244140625,1186.4000244140625,979181.0,0.0
MAXHEALTH.NS,2025-10-28,1179.699951171875,1179.699951171875,1810857.0,0.0
MAXHEALTH.NS,2025-10-29,1189.5,1189.5,1516489.0,0.0
MAXHEALTH.NS,2025-10-30,1178.5,1178.5,1187989.0,0.0
MAXHEALTH.NS,2025-10-31,1147.800048828125,1147.800048828125,4276918.0,0.0
MAXHEALTH.NS,2025-11-03,1145.9000244140625,1145.9000244140625,1669607.0,0.0
MAXHEALTH.NS,2025-11-04,1138.4000244140625,1138.4000244140625,2176888.0,0.0
MAXHEALTH.NS,2025-11-06,1125.4000244140625,1125.4000244140625,2545462.0,0.0
MAXHEALTH.NS,2025-11-07,1135.300048828125,1135.300048828125,1796900.0,0.0
MAXHEALTH.NS,2025-11-10,1098.0,1098.0,1933973.0,0.0
MAXHEALTH.NS,2025-11-11,1095.4000244140625,1095.4000244140625,1779188.0,0.0
MAXHEALTH.NS,2025-11-12,1103.5999755859375,1103.5999755859375,4463966.0,0.0
MAXHEALTH.NS,2025-11-13,1098.0,1098.0,1468268.0,0.0
MAXHEALTH.NS,2025-11-14,1103.0999755859375,1103.0999755859375,1658556.0,0.0
MAXHEALTH.NS,2025-11-17,1121.5999755859375,1121.5999755859375,5102278.0,0.0
MAXHEALTH.NS,2025-11-18,1116.699951171875,1116.699951171875,5778653.0,0.0
MAXHEALTH.NS,2025-11-19,1164.4000244140625,1164.4000244140625,5964536.0,0.0
MAXHEALTH.NS,2025-11-20,1168.9000244140625,1168.9000244140625,2784798.0,0.0
MAXHEALTH.NS,2025-11-21,1181.0999755859375,1181.0999755859375,2258525.0,0.0
MAXHEALTH.NS,2025-11-24,1155.800048828125,1155.800048828125,2825309.0,0.0
MAXHEALTH.NS,2025-11-25,1158.0999755859375,1158.0999755859375,1966712.0,0.0
MAXHEALTH.NS,2025-11-26,1162.5999755859375,1162.5999755859375,1121189.0,0.0
MAXHEALTH.NS,2025-11-27,1161.800048828125,1161.800048828125,1423021.0,0.0
MAXHEALTH.NS,2025-11-28,1162.800048828125,1162.800048828125,1637243.0,0.0
MAXHEALTH.NS,2025-12-01,1125.4000244140625,1125.4000244140625,3436348.0,0.0
MAXHEALTH.NS,2025-12-02,1117.5,1117.5,2206424.0,0.0
MAXHEALTH.NS,2025-12-03,1086.0,1086.0,3801039.0,0.0
MAXHEALTH.NS,2025-12-04,1083.9000244140625,1083.9000244140625,3037781.0,0.0
MAXHEALTH.NS,2025-12-05,1097.4000244140625,1097.4000244140625,1799777.0,0.0
MAXHEALTH.NS,2025-12-08,1079.4000244140625,1079.4000244140625,3014602.0,0.0
MAXHEALTH.NS,2025-12-09,1074.699951171875,1074.699951171875,2945816.0,0.0
MAXHEALTH.NS,2025-12-10,1077.0999755859375,1077.0999755859375,2353780.0,0.0
MAXHEALTH.NS,2025-12-11,1087.9000244140625,1087.9000244140625,1209344.0,0.0
MAXHEALTH.NS,2025-12-12,1081.300048828125,1081.300048828125,2245724.0,0.0
MAXHEALTH.NS,2025-12-15,1085.4000244140625,1085.4000244140625,1632124.0,0.0
MAXHEALTH.NS,2025-12-16,1073.0,1073.0,1444588.0,0.0
MAXHEALTH.NS,2025-12-17,1031.0999755859375,1031.0999755859375,4268035.0,0.0
MAXHEALTH.NS,2025-12-18,1048.5,1048.5,5152758.0,0.0
MAXHEALTH.NS,2025-12-19,1075.800048828125,1075.800048828125,3285719.0,0.0
MAXHEALTH.NS,2025-12-22,1077.5999755859375,1077.5999755859375,2093527.0,0.0
MAXHEALTH.NS,2025-12-23,1075.199951171875,1075.199951171875,1304615.0,0.0
MAXHEALTH.NS,2025-12-24,1081.4000244140625,1081.4000244140625,1033268.0,0.0
MAXHEALTH.NS,2025-12-26,1074.300048828125,1074.300048828125,1266460.0,0.0
MAXHEALTH.NS,2025-12-29,1064.0999755859375,1064.0999755859375,1406148.0,0.0
MAXHEALTH.NS,2025-12-30,1040.800048828125,1040.800048828125,11581446.0,0.0
MAXHEALTH.NS,2025-12-31,1045.0999755859375,1045.0999755859375,1426506.0,0.0
MAXHEALTH.NS,2026-01-01,1049.4000244140625,1049.4000244140625,1219041.0,0.0
MAXHEALTH.NS,2026-01-02,1062.5999755859375,1062.5999755859375,928577.0,0.0
MAXHEALTH.NS,2026-01-05,1050.5,1050.5,1523489.0,0.0
MAXHEALTH.NS,2026-01-06,1051.5999755859375,1051.5999755859375,1963166.0,0.0
MAXHEALTH.NS,2026-01-07,1034.699951171875,1034.699951171875,4484760.0,0.0
MAXHEALTH.NS,2026-01-08,1029.800048828125,1029.800048828125,2117653.0,0.0
MAXHEALTH.NS,2026-01-09,1017.2000122070312,1017.2000122070312,2573775.0,0.0
MAXHEALTH.NS,2026-01-12,1013.7000122070312,1013.7000122070312,2102413.0,0.0
MAXHEALTH.NS,2026-01-13,1028.199951171875,1028.199951171875,2787265.0,0.0
MAXHEALTH.NS,2026-01-14,1033.5999755859375,1033.5999755859375,3215727.0,0.0
MAXHEALTH.NS,2026-01-15,1033.5999755859375,1033.5999755859375,0.0,0.0
MAXHEALTH.NS,2026-01-16,1037.0,1037.0,2584321.0,0.0
MAXHEALTH.NS,2026-01-19,1013.5999755859375,1013.5999755859375,2322646.0,0.0
MAXHEALTH.NS,2026-01-20,992.9000244140625,992.9000244140625,2635707.0,0.0
MAXHEALTH.NS,2026-01-21,1004.2000122070312,1004.2000122070312,3093573.0,0.0
MAXHEALTH.NS,2026-01-22,998.7999877929688,998.7999877929688,2529564.0,0.0
MAXHEALTH.NS,2026-01-23,991.4000244140625,991.4000244140625,2300849.0,0.0
MAXHEALTH.NS,2026-01-27,975.5,975.5,4229886.0,0.0
MAXHEALTH.NS,2026-01-28,958.5999755859375,958.5999755859375,4237532.0,0.0
MAXHEALTH.NS,2026-01-29,952.5999755859375,952.5999755859375,3538048.0,0.0
MAXHEALTH.NS,2026-01-30,956.7999877929688,956.7999877929688,5638365.0,0.0
MAXHEALTH.NS,2026-02-02,958.0999755859375,958.0999755859375,2926581.0,0.0
MAXHEALTH.NS,2026-02-03,1003.5,1003.5,4528070.0,0.0
MAXHEALTH.NS,2026-02-04,1025.449951171875,1025.449951171875,1588624.0,0.0
MAXHEALTH.NS,2026-02-05,1040.800048828125,1040.800048828125,3842206.0,0.0
MAXHEALTH.NS,2026-02-06,1039.8499755859375,1039.8499755859375,3384955.0,0.0
MAXHEALTH.NS,2026-02-09,1010.0,1010.0,3235020.0,0.0
MAXHEALTH.NS,2026-02-10,1021.5,1021.5,4458942.0,0.0
MAXHEALTH.NS,2026-02-11,1055.1500244140625,1055.1500244140625,4114117.0,0.0
NTPC.NS,2025-02-11,305.6000061035156,297.74224853515625,13241830.0,0.0
NTPC.NS,2025-02-12,306.25,298.3755187988281,7616083.0,0.0
NTPC.NS,2025-02-13,306.70001220703125,298.8139953613281,9086906.0,0.0
NTPC.NS,2025-02-14,300.3500061035156,292.6272277832031,7446248.0,0.0
NTPC.NS,2025-02-17,302.3500061035156,294.5758056640625,6464173.0,0.0
NTPC.NS,2025-02-18,311.20001220703125,303.1982727050781,15793327.0,0.0
NTPC.NS,2025-02-19,314.79998779296875,306.7056884765625,13079903.0,0.0
NTPC.NS,2025-02-20,325.1499938964844,316.7895812988281,22888146.0,0.0
NTPC.NS,2025-02-21,326.25,317.8612976074219,10809296.0,0.0
NTPC.NS,2025-02-24,320.1000061035156,311.86944580078125,6034113.0,0.0
NTPC.NS,2025-02-25,318.70001220703125,310.5054016113281,10686112.0,0.0
NTPC.NS,2025-02-27,315.70001220703125,307.58258056640625,7302366.0,0.0
NTPC.NS,2025-02-28,311.45001220703125,303.44183349609375,21127180.0,0.0
NTPC.NS,2025-03-03,314.3999938964844,306.31597900390625,9779703.0,0.0
NTPC.NS,2025-03-04,313.75,305.6827087402344,8734999.0,0.0
NTPC.NS,2025-03-05,326.20001220703125,317.8125915527344,10493615.0,0.0
NTPC.NS,2025-03-06,337.8999938964844,329.21173095703125,26294903.0,0.0
NTPC.NS,2025-03-07,329.54998779296875,321.076416015625,8992315.0,0.0
NTPC.NS,2025-03-10,329.3999938964844,320.9302673339844,11383132.0,0.0
NTPC.NS,2025-03-11,330.29998779296875,321.80712890625,10299324.0,0.0
NTPC.NS,2025-03-12,330.1499938964844,321.6610107421875,6984859.0,0.0
NTPC.NS,2025-03-13,331.8999938964844,323.3659973144531,8965150.0,0.0
NTPC.NS,2025-03-17,331.6499938964844,323.1224365234375,4353561.0,0.0
NTPC.NS,2025-03-18,331.6499938964844,323.1224365234375,0.0,0.0
NTPC.NS,2025-03-19,341.29998779296875,332.5243225097656,30582397.0,0.0
NTPC.NS,2025-03-20,341.75,332.9627685546875,15002119.0,0.0
NTPC.NS,2025-03-21,351.29998779296875,342.2671813964844,36406837.0,0.0
NTPC.NS,2025-03-24,366.95001220703125,357.5148010253906,24588471.0,0.0
NTPC.NS,2025-03-25,366.95001220703125,357.5148010253906,23189083.0,0.0
NTPC.NS,2025-03-26,354.6499938964844,345.5310363769531,18668095.0,0.0
NTPC.NS,2025-03-27,360.6499938964844,351.37677001953125,37930538.0,0.0
NTPC.NS,2025-03-28,357.6000061035156,348.4051818847656,11327077.0,0.0
NTPC.NS,2025-04-01,352.1499938964844,343.0953369140625,18736320.0,0.0
NTPC.NS,2025-04-02,351.75,342.7055969238281,13593404.0,0.0
NTPC.NS,2025-04-03,358.8999938964844,349.6717834472656,10317410.0,0.0
NTPC.NS,2025-04-04,350.3999938964844,341.39031982421875,10872963.0,0.0
NTPC.NS,2025-04-07,349.79998779296875,340.8057556152344,18025165.0,0.0
NTPC.NS,2025-04-08,352.95001220703125,343.8747863769531,17506712.0,0.0
NTPC.NS,2025-04-09,349.3500061035156,340.36737060546875,7462119.0,0.0
NTPC.NS,2025-04-11,360.1000061035156,350.8409423828125,11246077.0,0.0
NTPC.NS,2025-04-15,362.5,353.17919921875,17497327.0,0.0
NTPC.NS,2025-04-16,359.29998779296875,350.0614929199219,11541484.0,0.0
NTPC.NS,2025-04-17,364.0,354.640625,12288196.0,0.0
NTPC.NS,2025-04-21,364.54998779296875,355.1764831542969,7375594.0,0.0
NTPC.NS,2025-04-22,360.25,350.987060546875,12077119.0,0.0
NTPC.NS,2025-04-23,363.79998779296875,354.44580078125,9719205.0,0.0
NTPC.NS,2025-04-24,363.20001220703125,353.8612060546875,7491123.0,0.0
NTPC.NS,2025-04-25,356.45001220703125,347.2847595214844,9785640.0,0.0
NTPC.NS,2025-04-28,361.5,352.20489501953125,5315840.0,0.0
NTPC.NS,2025-04-29,356.95001220703125,347.7719421386719,9472828.0,0.0
NTPC.NS,2025-04-30,354.54998779296875,345.4336242675781,16739088.0,0.0
NTPC.NS,2025-05-02,348.70001220703125,339.7340393066406,8221620.0,0.0
NTPC.NS,2025-05-05,348.6000061035156,339.6366271972656,9492646.0,0.0
NTPC.NS,2025-05-06,341.79998779296875,333.0114440917969,8904223.0,0.0
NTPC.NS,2025-05-07,342.04998779296875,333.2550048828125,8465490.0,0.0
NTPC.NS,2025-05-08,340.0,331.2577209472656,14286109.0,0.0
NTPC.NS,2025-05-09,334.75,326.1427307128906,11322011.0,0.0
NTPC.NS,2025-05-12,348.54998779296875,339.5878601074219,7978210.0,0.0
NTPC.NS,2025-05-13,341.5,332.7191467285156,14738980.0,0.0
NTPC.NS,2025-05-14,338.54998779296875,329.8450012207031,22485535.0,0.0
NTPC.NS,2025-05-15,341.95001220703125,333.1576232910156,43307763.0,0.0
NTPC.NS,2025-05-16,343.1000061035156,334.2780456542969,6920351.0,0.0
NTPC.NS,2025-05-19,345.1499938964844,336.27532958984375,6218209.0,0.0
NTPC.NS,2025-05-20,342.6000061035156,333.7908935546875,9986143.0,0.0
NTPC.NS,2025-05-21,346.1499938964844,337.2496032714844,5930972.0,0.0
NTPC.NS,2025-05-22,341.3999938964844,332.62176513671875,8717514.0,0.0
NTPC.NS,2025-05-23,344.6000061035156,335.7394714355469,4045937.0,0.0
NTPC.NS,2025-05-26,343.5,334.667724609375,16655082.0,0.0
NTPC.NS,2025-05-27,338.54998779296875,329.8450012207031,24937330.0,0.0
NTPC.NS,2025-05-28,340.04998779296875,331.3064270019531,10985957.0,0.0
NTPC.NS,2025-05-29,339.3500061035156,330.62445068359375,15884093.0,0.0
NTPC.NS,2025-05-30,333.8999938964844,325.3145751953125,19143010.0,0.0
NTPC.NS,2025-06-02,332.54998779296875,323.9992980957031,29479727.0,0.0
NTPC.NS,2025-06-03,328.25,319.8098449707031,14081719.0,0.0
NTPC.NS,2025-06-04,329.25,320.7841491699219,15654279.0,0.0
NTPC.NS,2025-06-05,328.6499938964844,320.1995544433594,16270360.0,0.0
NTPC.NS,2025-06-06,332.8500061035156,324.2915954589844,11402511.0,0.0
NTPC.NS,2025-06-09,337.1000061035156,328.43231201171875,19416373.0,0.0
NTPC.NS,2025-06-10,339.20001220703125,330.47833251953125,12061248.0,0.0
NTPC.NS,2025-06-11,338.1000061035156,329.4066162109375,10807496.0,0.0
NTPC.NS,2025-06-12,333.70001220703125,325.1197509765625,11881618.0,0.0
NTPC.NS,2025-06-13,331.95001220703125,323.41473388671875,11711773.0,0.0
NTPC.NS,2025-06-16,333.70001220703125,325.1197509765625,8065112.0,0.0
NTPC.NS,2025-06-17,335.20001220703125,326.5811767578125,6796992.0,0.0
NTPC.NS,2025-06-18,332.3999938964844,323.8531494140625,17835507.0,0.0
NTPC.NS,2025-06-19,330.04998779296875,321.5635681152344,11610604.0,0.0
NTPC.NS,2025-06-20,335.20001220703125,326.5811767578125,16592862.0,0.0
NTPC.NS,2025-06-23,332.6000061035156,324.0480041503906,8277787.0,0.0
NTPC.NS,2025-06-24,329.95001220703125,321.4661560058594,100814893.0,0.0
NTPC.NS,2025-06-25,330.8500061035156,322.343017578125,17963666.0,0.0
NTPC.NS,2025-06-26,337.1499938964844,328.48101806640625,13754087.0,0.0
NTPC.NS,2025-06-27,338.29998779296875,329.6014404296875,50845169.0,0.0
NTPC.NS,2025-06-30,334.8999938964844,326.28887939453125,11858890.0,0.0
NTPC.NS,2025-07-01,332.6000061035156,324.0480041503906,8903292.0,0.0
NTPC.NS,2025-07-02,333.75,325.1684265136719,11326880.0,0.0
NTPC.NS,2025-07-03,334.6000061035156,325.99658203125,15786429.0,0.0
NTPC.NS,2025-07-04,335.5,326.8734436035156,5899185.0,0.0
NTPC.NS,2025-07-07,337.45001220703125,328.7732849121094,9454556.0,0.0
NTPC.NS,2025-07-08,343.20001220703125,334.37548828125,12092302.0,0.0
NTPC.NS,2025-07-09,344.0,335.1548767089844,9079872.0,0.0
NTPC.NS,2025-07-10,341.45001220703125,332.67047119140625,6426072.0,0.0
NTPC.NS,2025-07-11,342.70001220703125,333.8883056640625,17234194.0,0.0
NTPC.NS,2025-07-14,342.1000061035156,333.30377197265625,11516965.0,0.0
NTPC.NS,2025-07-15,342.0,333.206298828125,8450777.0,0.0
NTPC.NS,2025-07-16,342.45001220703125,333.644775390625,6001484.0,0.0
NTPC.NS,2025-07-17,342.6499938964844,333.839599609375,7562006.0,0.0
NTPC.NS,2025-07-18,342.1000061035156,333.30377197265625,6370338.0,0.0
NTPC.NS,2025-07-21,341.54998779296875,332.76788330078125,4463318.0,0.0
NTPC.NS,2025-07-22,340.8500061035156,332.0859069824219,4728372.0,0.0
NTPC.NS,2025-07-23,343.04998779296875,334.2292785644531,5058422.0,0.0
NTPC.NS,2025-07-24,338.8999938964844,330.1860046386719,9098453.0,0.0
NTPC.NS,2025-07-25,333.20001220703125,324.6325988769531,7790739.0,0.0
NTPC.NS,2025-07-28,332.95001220703125,324.3890075683594,4605823.0,0.0
NTPC.NS,2025-07-29,334.6000061035156,325.99658203125,7551356.0,0.0
NTPC.NS,2025-07-30,338.79998779296875,330.08856201171875,12537358.0,0.0
NTPC.NS,2025-07-31,334.25,325.6556091308594,8935384.0,0.0
NTPC.NS,2025-08-01,330.8999938964844,322.3917236328125,7107542.0,0.0
NTPC.NS,2025-08-04,332.0,323.46343994140625,8193399.0,0.0
NTPC.NS,2025-08-05,333.6000061035156,325.0223083496094,9855535.0,0.0
NTPC.NS,2025-08-06,332.1000061035156,323.56085205078125,13872826.0,0.0
NTPC.NS,2025-08-07,329.75,321.2712707519531,8731389.0,0.0
NTPC.NS,2025-08-08,334.75,326.1427307128906,11247218.0,0.0
NTPC.NS,2025-08-11,336.1499938964844,327.5067443847656,11993280.0,0.0
NTPC.NS,2025-08-12,340.1000061035156,331.3551940917969,7221182.0,0.0
NTPC.NS,2025-08-13,339.95001220703125,331.2090759277344,5417151.0,0.0
NTPC.NS,2025-08-14,339.3500061035156,330.62445068359375,5689423.0,0.0
NTPC.NS,2025-08-18,336.04998779296875,327.4093017578125,6511340.0,0.0
NTPC.NS,2025-08-19,335.04998779296875,326.4350280761719,10316115.0,0.0
NTPC.NS,2025-08-20,342.0,333.206298828125,10824544.0,0.0
NTPC.NS,2025-08-21,338.79998779296875,330.08856201171875,11135121.0,0.0
NTPC.NS,2025-08-22,337.0,328.3348693847656,8534844.0,0.0
NTPC.NS,2025-08-25,337.8500061035156,329.16302490234375,7142387.0,0.0
NTPC.NS,2025-08-26,333.20001220703125,324.6325988769531,13113388.0,0.0
NTPC.NS,2025-08-28,330.79998779296875,322.2942810058594,10486948.0,0.0
NTPC.NS,2025-08-29,327.54998779296875,319.1278381347656,11813425.0,0.0
NTPC.NS,2025-09-01,330.70001220703125,322.1968994140625,6897558.0,0.0
NTPC.NS,2025-09-02,336.29998779296875,327.6528625488281,9224639.0,0.0
NTPC.NS,2025-09-03,334.25,325.6556091308594,10778333.0,0.0
NTPC.NS,2025-09-04,330.04998779296875,324.81903076171875,7934237.0,0.0
NTPC.NS,2025-09-05,328.70001220703125,323.490478515625,5678244.0,0.0
NTPC.NS,2025-09-08,326.70001220703125,321.5221862792969,5239184.0,0.0
NTPC.NS,2025-09-09,324.1000061035156,318.9633483886719,9735495.0,0.0
NTPC.NS,2025-09-10,325.6499938964844,320.4888000488281,6509477.0,0.0
NTPC.NS,2025-09-11,331.04998779296875,325.8031921386719,10309925.0,0.0
NTPC.NS,2025-09-12,331.70001220703125,326.44293212890625,5257048.0,0.0
NTPC.NS,2025-09-15,331.1000061035156,325.8524475097656,6566824.0,0.0
NTPC.NS,2025-09-16,335.04998779296875,329.73980712890625,8784889.0,0.0
NTPC.NS,2025-09-17,336.3999938964844,331.06842041015625,7936518.0,0.0
NTPC.NS,2025-09-18,336.95001220703125,331.6097106933594,6497322.0,0.0
NTPC.NS,2025-09-19,338.6499938964844,333.28277587890625,10646331.0,0.0
NTPC.NS,2025-09-22,339.20001220703125,333.8240661621094,6966213.0,0.0
NTPC.NS,2025-09-23,343.0,337.5638427734375,10738268.0,0.0
NTPC.NS,2025-09-24,347.6000061035156,342.0909118652344,14653575.0,0.0
NTPC.NS,2025-09-25,340.5,335.10345458984375,13228081.0,0.0
NTPC.NS,2025-09-26,337.8999938964844,332.5446472167969,6337702.0,0.0
NTPC.NS,2025-09-29,340.95001220703125,335.54632568359375,16922231.0,0.0
NTPC.NS,2025-09-30,340.45001220703125,335.05426025390625,8308029.0,0.0
NTPC.NS,2025-10-01,340.25,334.857421875,6022078.0,0.0
NTPC.NS,2025-10-03,342.0,336.57965087890625,8506827.0,0.0
NTPC.NS,2025-10-06,339.1000061035156,333.7256164550781,8436245.0,0.0
NTPC.NS,2025-10-07,338.0,332.64306640625,16130172.0,0.0
NTPC.NS,2025-10-08,333.79998779296875,328.5096435546875,13223442.0,0.0
NTPC.NS,2025-10-09,335.8500061035156,330.5271301269531,6824759.0,0.0
NTPC.NS,2025-10-10,339.70001220703125,334.3161315917969,8970962.0,0.0
NTPC.NS,2025-10-13,341.70001220703125,336.2844543457031,6663149.0,0.0
NTPC.NS,2025-10-14,336.6499938964844,331.314453125,7545848.0,0.0
NTPC.NS,2025-10-15,339.25,333.8732604980469,8121744.0,0.0
NTPC.NS,2025-10-16,341.5,336.08758544921875,6788416.0,0.0
NTPC.NS,2025-10-17,341.0,335.59552001953125,7032129.0,0.0
NTPC.NS,2025-10-20,341.95001220703125,336.5304870605469,6896835.0,0.0
NTPC.NS,2025-10-21,342.0,336.57965087890625,346988.0,0.0
NTPC.NS,2025-10-23,342.6499938964844,337.2193603515625,8710859.0,0.0
NTPC.NS,2025-10-24,339.6000061035156,334.21771240234375,7584711.0,0.0
NTPC.NS,2025-10-27,341.75,336.3336486816406,6752390.0,0.0
NTPC.NS,2025-10-28,339.1499938964844,333.77484130859375,13186584.0,0.0
NTPC.NS,2025-10-29,347.5,341.99249267578125,15423201.0,0.0
NTPC.NS,2025-10-30,345.1499938964844,339.67974853515625,6721032.0,0.0
NTPC.NS,2025-10-31,336.95001220703125,331.6097106933594,18651312.0,0.0
NTPC.NS,2025-11-03,335.20001220703125,329.887451171875,10242245.0,0.0
NTPC.NS,2025-11-04,330.6000061035156,325.3603515625,11887651.0,0.0
NTPC.NS,2025-11-06,326.6499938964844,321.4729309082031,11587302.0,0.0
NTPC.NS,2025-11-07,326.1000061035156,323.6564636230469,8578167.0,0.0
NTPC.NS,2025-11-10,325.45001220703125,323.0113525390625,5246998.0,0.0
NTPC.NS,2025-11-11,326.6499938964844,324.20233154296875,6103758.0,0.0
NTPC.NS,2025-11-12,327.1499938964844,324.6986083984375,6850550.0,0.0
NTPC.NS,2025-11-13,326.95001220703125,324.5001220703125,7276001.0,0.0
NTPC.NS,2025-11-14,328.45001220703125,325.9888610839844,9169855.0,0.0
NTPC.NS,2025-11-17,330.20001220703125,327.72576904296875,6283156.0,0.0
NTPC.NS,2025-11-18,328.45001220703125,325.9888610839844,6776200.0,0.0
NTPC.NS,2025-11-19,326.6000061035156,324.1527404785156,6935056.0,0.0
NTPC.NS,2025-11-20,326.6000061035156,324.1527404785156,5155775.0,0.0
NTPC.NS,2025-11-21,326.6499938964844,324.20233154296875,6142545.0,0.0
NTPC.NS,2025-11-24,323.45001220703125,321.0263366699219,13719726.0,0.0
NTPC.NS,2025-11-25,323.70001220703125,321.27447509765625,8074651.0,0.0
NTPC.NS,2025-11-26,326.1000061035156,323.6564636230469,7101095.0,0.0
NTPC.NS,2025-11-27,327.3500061035156,324.8970947265625,6755179.0,0.0
NTPC.NS,2025-11-28,326.45001220703125,324.00384521484375,8930988.0,0.0
NTPC.NS,2025-12-01,327.1000061035156,324.64898681640625,6936186.0,0.0
NTPC.NS,2025-12-02,328.6000061035156,326.13775634765625,5806943.0,0.0
NTPC.NS,2025-12-03,322.95001220703125,320.53009033203125,8546132.0,0.0
NTPC.NS,2025-12-04,322.95001220703125,320.53009033203125,5965357.0,0.0
NTPC.NS,2025-12-05,323.29998779296875,320.87744140625,6574010.0,0.0
NTPC.NS,2025-12-08,319.5,317.1059265136719,7906928.0,0.0
NTPC.NS,2025-12-09,319.8500061035156,317.45330810546875,7152584.0,0.0
NTPC.NS,2025-12-10,321.6000061035156,319.190185546875,5484712.0,0.0
NTPC.NS,2025-12-11,322.6000061035156,320.1827087402344,6317942.0,0.0
NTPC.NS,2025-12-12,325.04998779296875,322.61431884765625,4261023.0,0.0
NTPC.NS,2025-12-15,323.95001220703125,321.5225830078125,10219819.0,0.0
NTPC.NS,2025-12-16,321.0,318.5946960449219,5241263.0,0.0
NTPC.NS,2025-12-17,321.25,318.8428039550781,5043027.0,0.0
NTPC.NS,2025-12-18,318.5,316.1134033203125,5554193.0,0.0
NTPC.NS,2025-12-19,319.8999938964844,317.5029296875,10833662.0,0.0
NTPC.NS,2025-12-22,320.70001220703125,318.29693603515625,8925871.0,0.0
NTPC.NS,2025-12-23,323.25,320.82781982421875,6024641.0,0.0
NTPC.NS,2025-12-24,322.54998779296875,320.133056640625,5678004.0,0.0
NTPC.NS,2025-12-26,324.1000061035156,321.67144775390625,4174183.0,0.0
NTPC.NS,2025-12-29,325.5,323.06097412109375,14043845.0,0.0
NTPC.NS,2025-12-30,324.8999938964844,322.4654541015625,8035909.0,0.0
NTPC.NS,2025-12-31,329.54998779296875,327.0805969238281,8497983.0,0.0
NTPC.NS,2026-01-01,336.29998779296875,333.780029296875,10357315.0,0.0
NTPC.NS,2026-01-02,352.1000061035156,349.4616394042969,23128940.0,0.0
NTPC.NS,2026-01-05,350.6000061035156,347.972900390625,18248271.0,0.0
NTPC.NS,2026-01-06,350.79998779296875,348.17138671875,8641743.0,0.0
NTPC.NS,2026-01-07,348.8500061035156,346.2359924316406,7165806.0,0.0
NTPC.NS,2026-01-08,344.3999938964844,341.8193359375,8805975.0,0.0
NTPC.NS,2026-01-09,336.0,333.4822998046875,10161744.0,0.0
NTPC.NS,2026-01-12,337.45001220703125,334.9214172363281,9406174.0,0.0
NTPC.NS,2026-01-13,337.8999938964844,335.3680419921875,5583379.0,0.0
NTPC.NS,2026-01-14,349.1000061035156,346.484130859375,20389924.0,0.0
NTPC.NS,2026-01-15,349.1000061035156,346.484130859375,0.0,0.0
NTPC.NS,2026-01-16,346.3500061035156,343.7547302246094,14275582.0,0.0
NTPC.NS,2026-01-19,343.3500061035156,340.7772216796875,9974363.0,0.0
NTPC.NS,2026-01-20,338.75,336.211669921875,7718407.0,0.0
NTPC.NS,2026-01-21,338.70001220703125,336.1620788574219,6948955.0,0.0
NTPC.NS,2026-01-22,342.45001220703125,339.88397216796875,5885972.0,0.0
NTPC.NS,2026-01-23,336.70001220703125,334.17706298828125,10084314.0,0.0
NTPC.NS,2026-01-27,344.70001220703125,342.1170959472656,12203590.0,0.0
NTPC.NS,2026-01-28,348.04998779296875,345.4419860839844,13566973.0,0.0
NTPC.NS,2026-01-29,358.1499938964844,355.46630859375,20624409.0,0.0
NTPC.NS,2026-01-30,356.0,353.3324279785156,22641103.0,0.0
NTPC.NS,2026-02-02,350.3500061035156,347.7247619628906,12622760.0,0.0
NTPC.NS,2026-02-03,358.54998779296875,355.8633117675781,11559806.0,0.0
NTPC.NS,2026-02-04,367.25,364.49810791015625,15515053.0,0.0
NTPC.NS,2026-02-05,367.0,364.25,18789794.0,0.0
NTPC.NS,2026-02-06,365.04998779296875,365.04998779296875,7328789.0,0.0
NTPC.NS,2026-02-09,361.8999938964844,361.8999938964844,7983235.0,0.0
NTPC.NS,2026-02-10,366.8999938964844,366.8999938964844,8319282.0,0.0
NTPC.NS,2026-02-11,368.45001220703125,368.45001220703125,5780669.0,0.0
NESTLEIND.NS,2025-02-11,1097.75,1087.283447265625,953674.0,0.0
NESTLEIND.NS,2025-02-12,1096.875,1086.416748046875,1006516.0,0.0
NESTLEIND.NS,2025-02-13,1088.7750244140625,1078.3939208984375,1022294.0,0.0
NESTLEIND.NS,2025-02-14,1097.925048828125,1087.456787109375,1921722.0,0.0
NESTLEIND.NS,2025-02-17,1108.25,1097.683349609375,1603030.0,0.0
NESTLEIND.NS,2025-02-18,1111.199951171875,1100.6051025390625,906118.0,0.0
NESTLEIND.NS,2025-02-19,1102.4749755859375,1091.96337890625,852958.0,0.0
NESTLEIND.NS,2025-02-20,1103.375,1092.854736328125,1316934.0,0.0
NESTLEIND.NS,2025-02-21,1107.4749755859375,1096.9156494140625,1188490.0,0.0
NESTLEIND.NS,2025-02-24,1110.199951171875,1099.6146240234375,968084.0,0.0
NESTLEIND.NS,2025-02-25,1125.199951171875,1114.4716796875,1285668.0,0.0
NESTLEIND.NS,2025-02-27,1139.0999755859375,1128.2391357421875,1502006.0,0.0
NESTLEIND.NS,2025-02-28,1094.824951171875,1084.38623046875,3687132.0,0.0
NESTLEIND.NS,2025-03-03,1092.7750244140625,1082.3558349609375,1043550.0,0.0
NESTLEIND.NS,2025-03-04,1073.25,1063.0169677734375,2085044.0,0.0
NESTLEIND.NS,2025-03-05,1098.5,1088.0263671875,1693328.0,0.0
NESTLEIND.NS,2025-03-06,1100.5999755859375,1090.106201171875,2514922.0,0.0
NESTLEIND.NS,2025-03-07,1119.2249755859375,1108.5537109375,1051212.0,0.0
NESTLEIND.NS,2025-03-10,1124.199951171875,1113.481201171875,1013160.0,0.0
NESTLEIND.NS,2025-03-11,1125.699951171875,1114.9669189453125,957110.0,0.0
NESTLEIND.NS,2025-03-12,1097.75,1087.283447265625,717178.0,0.0
NESTLEIND.NS,2025-03-13,1095.9749755859375,1085.525390625,584340.0,0.0
NESTLEIND.NS,2025-03-17,1087.175048828125,1076.809326171875,820010.0,0.0
NESTLEIND.NS,2025-03-18,1087.175048828125,1076.809326171875,0.0,0.0
NESTLEIND.NS,2025-03-19,1092.0,1081.5882568359375,845086.0,0.0
NESTLEIND.NS,2025-03-20,1110.7750244140625,1100.184326171875,953748.0,0.0
NESTLEIND.NS,2025-03-21,1134.425048828125,1123.6087646484375,1585274.0,0.0
NESTLEIND.NS,2025-03-24,1131.7750244140625,1120.9840087890625,861902.0,0.0
NESTLEIND.NS,2025-03-25,1127.425048828125,1116.675537109375,1484284.0,0.0
NESTLEIND.NS,2025-03-26,1121.7249755859375,1111.02978515625,1066938.0,0.0
NESTLEIND.NS,2025-03-27,1121.0250244140625,1110.3365478515625,1731172.0,0.0
NESTLEIND.NS,2025-03-28,1125.375,1114.64501953125,1432302.0,0.0
NESTLEIND.NS,2025-04-01,1117.0,1106.349853515625,2040110.0,0.0
NESTLEIND.NS,2025-04-02,1105.3499755859375,1094.8109130859375,2601704.0,0.0
NESTLEIND.NS,2025-04-03,1122.824951171875,1112.1192626953125,635716.0,0.0
NESTLEIND.NS,2025-04-04,1131.074951171875,1120.2906494140625,1183470.0,0.0
NESTLEIND.NS,2025-04-07,1124.5,1113.7784423828125,1474570.0,0.0
NESTLEIND.NS,2025-04-08,1137.699951171875,1126.8524169921875,1747016.0,0.0
NESTLEIND.NS,2025-04-09,1172.425048828125,1161.2464599609375,3706748.0,0.0
NESTLEIND.NS,2025-04-11,1180.699951171875,1169.4423828125,2236634.0,0.0
NESTLEIND.NS,2025-04-15,1183.949951171875,1172.661376953125,1561748.0,0.0
NESTLEIND.NS,2025-04-16,1191.6500244140625,1180.2882080078125,1354424.0,0.0
NESTLEIND.NS,2025-04-17,1208.300048828125,1196.7794189453125,1815842.0,0.0
NESTLEIND.NS,2025-04-21,1199.699951171875,1188.2613525390625,953130.0,0.0
NESTLEIND.NS,2025-04-22,1203.6500244140625,1192.1737060546875,975908.0,0.0
NESTLEIND.NS,2025-04-23,1216.699951171875,1205.0992431640625,1165112.0,0.0
NESTLEIND.NS,2025-04-24,1216.5999755859375,1205.000244140625,4674476.0,0.0
NESTLEIND.NS,2025-04-25,1206.75,1195.244140625,2256568.0,0.0
NESTLEIND.NS,2025-04-28,1203.0,1191.5299072265625,1961052.0,0.0
NESTLEIND.NS,2025-04-29,1193.75,1182.3680419921875,1952120.0,0.0
NESTLEIND.NS,2025-04-30,1194.0999755859375,1182.7147216796875,2040862.0,0.0
NESTLEIND.NS,2025-05-02,1165.9000244140625,1154.78369140625,1265148.0,0.0
NESTLEIND.NS,2025-05-05,1164.0999755859375,1153.0008544921875,1827594.0,0.0
NESTLEIND.NS,2025-05-06,1178.25,1167.015869140625,1742026.0,0.0
NESTLEIND.NS,2025-05-07,1169.199951171875,1158.0521240234375,1353304.0,0.0
NESTLEIND.NS,2025-05-08,1170.3499755859375,1159.191162109375,2693092.0,0.0
NESTLEIND.NS,2025-05-09,1162.699951171875,1151.614013671875,1816458.0,0.0
NESTLEIND.NS,2025-05-12,1191.9000244140625,1180.5357666015625,801500.0,0.0
NESTLEIND.NS,2025-05-13,1185.0999755859375,1173.800537109375,2333552.0,0.0
NESTLEIND.NS,2025-05-14,1185.199951171875,1173.8995361328125,1203066.0,0.0
NESTLEIND.NS,2025-05-15,1199.050048828125,1187.6175537109375,1928224.0,0.0
NESTLEIND.NS,2025-05-16,1204.4000244140625,1192.9166259765625,1369102.0,0.0
NESTLEIND.NS,2025-05-19,1203.9000244140625,1192.42138671875,845862.0,0.0
NESTLEIND.NS,2025-05-20,1179.25,1168.00634765625,1555350.0,0.0
NESTLEIND.NS,2025-05-21,1196.300048828125,1184.893798828125,1350296.0,0.0
NESTLEIND.NS,2025-05-22,1180.8499755859375,1169.591064453125,2161612.0,0.0
NESTLEIND.NS,2025-05-23,1207.199951171875,1195.6898193359375,1154460.0,0.0
NESTLEIND.NS,2025-05-26,1227.0,1215.3011474609375,1248708.0,0.0
NESTLEIND.NS,2025-05-27,1230.449951171875,1218.7181396484375,1584098.0,0.0
NESTLEIND.NS,2025-05-28,1209.5,1197.9678955078125,1447242.0,0.0
NESTLEIND.NS,2025-05-29,1217.5,1205.8917236328125,1862596.0,0.0
NESTLEIND.NS,2025-05-30,1198.0999755859375,1186.6766357421875,2134920.0,0.0
NESTLEIND.NS,2025-06-02,1203.1500244140625,1191.678466796875,2052718.0,0.0
NESTLEIND.NS,2025-06-03,1195.699951171875,1184.299560546875,1468888.0,0.0
NESTLEIND.NS,2025-06-04,1198.75,1187.3203125,1174082.0,0.0
NESTLEIND.NS,2025-06-05,1200.6500244140625,1189.202392578125,1467916.0,0.0
NESTLEIND.NS,2025-06-06,1208.5999755859375,1197.076416015625,1004606.0,0.0
NESTLEIND.NS,2025-06-09,1207.6500244140625,1196.1356201171875,678874.0,0.0
NESTLEIND.NS,2025-06-10,1215.699951171875,1204.1087646484375,1351562.0,0.0
NESTLEIND.NS,2025-06-11,1209.5999755859375,1198.06689453125,1751374.0,0.0
NESTLEIND.NS,2025-06-12,1192.800048828125,1181.4271240234375,2717158.0,0.0
NESTLEIND.NS,2025-06-13,1188.4000244140625,1177.0692138671875,829756.0,0.0
NESTLEIND.NS,2025-06-16,1194.9000244140625,1183.5072021484375,532308.0,0.0
NESTLEIND.NS,2025-06-17,1181.0,1169.7396240234375,1531068.0,0.0
NESTLEIND.NS,2025-06-18,1170.4000244140625,1159.2408447265625,1308554.0,0.0
NESTLEIND.NS,2025-06-19,1159.449951171875,1148.39501953125,1474774.0,0.0
NESTLEIND.NS,2025-06-20,1180.199951171875,1168.9471435546875,22941194.0,0.0
NESTLEIND.NS,2025-06-23,1179.550048828125,1168.3035888671875,1297744.0,0.0
NESTLEIND.NS,2025-06-24,1182.9000244140625,1171.62158203125,1100860.0,0.0
NESTLEIND.NS,2025-06-25,1202.199951171875,1190.737548828125,2300288.0,0.0
NESTLEIND.NS,2025-06-26,1215.699951171875,1204.1087646484375,3115098.0,0.0
NESTLEIND.NS,2025-06-27,1229.3499755859375,1217.628662109375,2375672.0,0.0
NESTLEIND.NS,2025-06-30,1232.6500244140625,1220.897216796875,1658010.0,0.0
NESTLEIND.NS,2025-07-01,1205.050048828125,1193.5604248046875,1077220.0,0.0
NESTLEIND.NS,2025-07-02,1194.0,1182.61572265625,1475052.0,0.0
NESTLEIND.NS,2025-07-03,1194.199951171875,1182.8138427734375,1263638.0,0.0
NESTLEIND.NS,2025-07-04,1196.4000244140625,1189.9752197265625,790114.0,0.0
NESTLEIND.NS,2025-07-07,1211.050048828125,1204.5465087890625,868414.0,0.0
NESTLEIND.NS,2025-07-08,1208.949951171875,1202.457763671875,711576.0,0.0
NESTLEIND.NS,2025-07-09,1213.9000244140625,1207.3812255859375,790360.0,0.0
NESTLEIND.NS,2025-07-10,1200.699951171875,1194.2520751953125,569850.0,0.0
NESTLEIND.NS,2025-07-11,1201.75,1195.29638671875,741064.0,0.0
NESTLEIND.NS,2025-07-14,1196.449951171875,1190.02490234375,942914.0,0.0
NESTLEIND.NS,2025-07-15,1208.1500244140625,1201.662109375,1064608.0,0.0
NESTLEIND.NS,2025-07-16,1230.0,1223.394775390625,2810630.0,0.0
NESTLEIND.NS,2025-07-17,1224.550048828125,1217.9739990234375,546708.0,0.0
NESTLEIND.NS,2025-07-18,1236.0999755859375,1229.4619140625,899652.0,0.0
NESTLEIND.NS,2025-07-21,1236.300048828125,1229.660888671875,957974.0,0.0
NESTLEIND.NS,2025-07-22,1221.75,1215.1890869140625,774548.0,0.0
NESTLEIND.NS,2025-07-23,1226.25,1219.6649169921875,720228.0,0.0
NESTLEIND.NS,2025-07-24,1161.050048828125,1154.8150634765625,5372012.0,0.0
NESTLEIND.NS,2025-07-25,1137.300048828125,1131.192626953125,3178714.0,0.0
NESTLEIND.NS,2025-07-28,1114.6500244140625,1108.6641845703125,1879938.0,0.0
NESTLEIND.NS,2025-07-29,1111.8499755859375,1105.879150390625,1801922.0,0.0
NESTLEIND.NS,2025-07-30,1115.75,1109.75830078125,929698.0,0.0
NESTLEIND.NS,2025-07-31,1123.8499755859375,1117.814697265625,1346218.0,0.0
NESTLEIND.NS,2025-08-01,1138.25,1132.137451171875,1410024.0,0.0
NESTLEIND.NS,2025-08-04,1138.699951171875,1132.5849609375,812794.0,0.0
NESTLEIND.NS,2025-08-05,1133.6500244140625,1127.5621337890625,1135934.0,0.0
NESTLEIND.NS,2025-08-06,1116.6500244140625,1110.6534423828125,1127544.0,0.0
NESTLEIND.NS,2025-08-07,1117.300048828125,1111.300048828125,1014230.0,0.0
NESTLEIND.NS,2025-08-08,1096.5,1090.6116943359375,1242852.0,2.0
NESTLEIND.NS,2025-08-11,1105.0,1099.0660400390625,1038967.0,0.0
NESTLEIND.NS,2025-08-12,1091.0999755859375,1085.2406005859375,758197.0,0.0
NESTLEIND.NS,2025-08-13,1096.9000244140625,1091.009521484375,813725.0,0.0
NESTLEIND.NS,2025-08-14,1089.4000244140625,1083.5498046875,941698.0,0.0
NESTLEIND.NS,2025-08-18,1144.0999755859375,1137.9560546875,3478231.0,0.0
NESTLEIND.NS,2025-08-19,1161.4000244140625,1155.1630859375,1851158.0,0.0
NESTLEIND.NS,2025-08-20,1190.300048828125,1183.907958984375,1652532.0,0.0
NESTLEIND.NS,2025-08-21,1179.4000244140625,1173.0665283203125,991563.0,0.0
NESTLEIND.NS,2025-08-22,1162.9000244140625,1156.655029296875,921658.0,0.0
NESTLEIND.NS,2025-08-25,1153.0,1146.8082275390625,931358.0,0.0
NESTLEIND.NS,2025-08-26,1162.199951171875,1155.958740234375,3619892.0,0.0
NESTLEIND.NS,2025-08-28,1162.4000244140625,1156.15771484375,1065888.0,0.0
NESTLEIND.NS,2025-08-29,1156.199951171875,1149.990966796875,1593255.0,0.0
NESTLEIND.NS,2025-09-01,1174.4000244140625,1168.0933837890625,643866.0,0.0
NESTLEIND.NS,2025-09-02,1200.9000244140625,1194.4510498046875,1773623.0,0.0
NESTLEIND.NS,2025-09-03,1194.800048828125,1188.3837890625,827824.0,0.0
NESTLEIND.NS,2025-09-04,1212.5999755859375,1206.088134765625,3346196.0,0.0
NESTLEIND.NS,2025-09-05,1208.5,1202.0101318359375,1434458.0,0.0
NESTLEIND.NS,2025-09-08,1187.699951171875,1181.32177734375,1112974.0,0.0
NESTLEIND.NS,2025-09-09,1202.199951171875,1195.7440185546875,1295618.0,0.0
NESTLEIND.NS,2025-09-10,1217.5,1210.9619140625,1015673.0,0.0
NESTLEIND.NS,2025-09-11,1220.800048828125,1214.244140625,783400.0,0.0
NESTLEIND.NS,2025-09-12,1217.5999755859375,1211.061279296875,632659.0,0.0
NESTLEIND.NS,2025-09-15,1212.5,1205.9886474609375,523120.0,0.0
NESTLEIND.NS,2025-09-16,1204.199951171875,1197.7332763671875,1137133.0,0.0
NESTLEIND.NS,2025-09-17,1204.300048828125,1197.832763671875,1005661.0,0.0
NESTLEIND.NS,2025-09-18,1209.0999755859375,1202.60693359375,1345158.0,0.0
NESTLEIND.NS,2025-09-19,1194.5,1188.0853271484375,2395784.0,0.0
NESTLEIND.NS,2025-09-22,1188.300048828125,1181.918701171875,1107323.0,0.0
NESTLEIND.NS,2025-09-23,1168.4000244140625,1162.1256103515625,2114020.0,0.0
NESTLEIND.NS,2025-09-24,1178.5999755859375,1172.270751953125,1395188.0,0.0
NESTLEIND.NS,2025-09-25,1173.5,1167.1981201171875,1273981.0,0.0
NESTLEIND.NS,2025-09-26,1162.5999755859375,1156.356689453125,1011036.0,0.0
NESTLEIND.NS,2025-09-29,1152.5,1146.3109130859375,2130382.0,0.0
NESTLEIND.NS,2025-09-30,1152.9000244140625,1146.708740234375,1409305.0,0.0
NESTLEIND.NS,2025-10-01,1166.4000244140625,1160.1363525390625,727804.0,0.0
NESTLEIND.NS,2025-10-03,1169.9000244140625,1163.6175537109375,1159975.0,0.0
NESTLEIND.NS,2025-10-06,1181.699951171875,1175.35400390625,639965.0,0.0
NESTLEIND.NS,2025-10-07,1176.800048828125,1170.48046875,922441.0,0.0
NESTLEIND.NS,2025-10-08,1180.5,1174.1605224609375,893579.0,0.0
NESTLEIND.NS,2025-10-09,1187.800048828125,1181.42138671875,922191.0,0.0
NESTLEIND.NS,2025-10-10,1199.5,1193.0584716796875,1110822.0,0.0
NESTLEIND.NS,2025-10-13,1188.0999755859375,1181.7197265625,1062394.0,0.0
NESTLEIND.NS,2025-10-14,1175.5,1169.1873779296875,1293553.0,0.0
NESTLEIND.NS,2025-10-15,1221.4000244140625,1214.8409423828125,2283392.0,0.0
NESTLEIND.NS,2025-10-16,1276.5999755859375,1269.7445068359375,6927367.0,0.0
NESTLEIND.NS,2025-10-17,1289.5,1282.5751953125,3171952.0,0.0
NESTLEIND.NS,2025-10-20,1285.4000244140625,1278.4971923828125,1246633.0,0.0
NESTLEIND.NS,2025-10-21,1287.300048828125,1280.3870849609375,245138.0,0.0
NESTLEIND.NS,2025-10-23,1272.800048828125,1265.9649658203125,1751448.0,0.0
NESTLEIND.NS,2025-10-24,1282.0,1275.115478515625,1433533.0,0.0
NESTLEIND.NS,2025-10-27,1283.0,1276.110107421875,1107997.0,0.0
NESTLEIND.NS,2025-10-28,1271.0,1264.174560546875,1343829.0,0.0
NESTLEIND.NS,2025-10-29,1273.0,1266.163818359375,836932.0,0.0
NESTLEIND.NS,2025-10-30,1279.9000244140625,1273.0267333984375,728703.0,0.0
NESTLEIND.NS,2025-10-31,1271.5999755859375,1264.7713623046875,943037.0,0.0
NESTLEIND.NS,2025-11-03,1266.699951171875,1259.8975830078125,847050.0,0.0
NESTLEIND.NS,2025-11-04,1265.0,1258.206787109375,770668.0,0.0
NESTLEIND.NS,2025-11-06,1266.0999755859375,1259.30078125,1171263.0,0.0
NESTLEIND.NS,2025-11-07,1262.699951171875,1255.9190673828125,596683.0,0.0
NESTLEIND.NS,2025-11-10,1262.9000244140625,1256.1180419921875,737986.0,0.0
NESTLEIND.NS,2025-11-11,1268.0999755859375,1261.2901611328125,729912.0,0.0
NESTLEIND.NS,2025-11-12,1278.199951171875,1271.3358154296875,824792.0,0.0
NESTLEIND.NS,2025-11-13,1275.199951171875,1268.3519287109375,691337.0,0.0
NESTLEIND.NS,2025-11-14,1271.5999755859375,1264.7713623046875,675047.0,0.0
NESTLEIND.NS,2025-11-17,1270.300048828125,1263.4783935546875,774802.0,0.0
NESTLEIND.NS,2025-11-18,1265.0999755859375,1258.30615234375,810387.0,0.0
NESTLEIND.NS,2025-11-19,1279.0,1272.131591796875,726287.0,0.0
NESTLEIND.NS,2025-11-20,1279.199951171875,1272.3304443359375,796864.0,0.0
NESTLEIND.NS,2025-11-21,1280.699951171875,1273.8223876953125,673231.0,0.0
NESTLEIND.NS,2025-11-24,1269.199951171875,1262.3841552734375,2636542.0,0.0
NESTLEIND.NS,2025-11-25,1263.199951171875,1256.4163818359375,1065974.0,0.0
NESTLEIND.NS,2025-11-26,1276.800048828125,1269.9434814453125,810809.0,0.0
NESTLEIND.NS,2025-11-27,1266.4000244140625,1259.5992431640625,708607.0,0.0
NESTLEIND.NS,2025-11-28,1261.0999755859375,1254.32763671875,626947.0,0.0
NESTLEIND.NS,2025-12-01,1260.5999755859375,1253.830322265625,644563.0,0.0
NESTLEIND.NS,2025-12-02,1258.9000244140625,1252.1395263671875,911551.0,0.0
NESTLEIND.NS,2025-12-03,1241.9000244140625,1235.2308349609375,642993.0,0.0
NESTLEIND.NS,2025-12-04,1242.4000244140625,1235.7281494140625,664641.0,0.0
NESTLEIND.NS,2025-12-05,1246.9000244140625,1240.2039794921875,911699.0,0.0
NESTLEIND.NS,2025-12-08,1214.800048828125,1208.2763671875,1534927.0,0.0
NESTLEIND.NS,2025-12-09,1215.800048828125,1209.27099609375,810028.0,0.0
NESTLEIND.NS,2025-12-10,1209.300048828125,1202.805908203125,514862.0,0.0
NESTLEIND.NS,2025-12-11,1215.0,1208.4752197265625,339626.0,0.0
NESTLEIND.NS,2025-12-12,1238.300048828125,1231.650146484375,841766.0,0.0
NESTLEIND.NS,2025-12-15,1243.5,1236.822265625,857798.0,0.0
NESTLEIND.NS,2025-12-16,1240.5999755859375,1233.937744140625,1086329.0,0.0
NESTLEIND.NS,2025-12-17,1234.5999755859375,1227.969970703125,526222.0,0.0
NESTLEIND.NS,2025-12-18,1233.5,1226.8759765625,707432.0,0.0
NESTLEIND.NS,2025-12-19,1244.4000244140625,1237.7174072265625,754446.0,0.0
NESTLEIND.NS,2025-12-22,1257.199951171875,1250.4486083984375,880387.0,0.0
NESTLEIND.NS,2025-12-23,1256.5,1249.75244140625,663261.0,0.0
NESTLEIND.NS,2025-12-24,1259.699951171875,1252.9351806640625,598956.0,0.0
NESTLEIND.NS,2025-12-26,1272.5999755859375,1265.7659912109375,1433973.0,0.0
NESTLEIND.NS,2025-12-29,1280.0,1273.126220703125,888206.0,0.0
NESTLEIND.NS,2025-12-30,1274.0999755859375,1267.2579345703125,2043408.0,0.0
NESTLEIND.NS,2025-12-31,1288.0,1281.083251953125,738631.0,0.0
NESTLEIND.NS,2026-01-01,1295.0,1288.045654296875,932297.0,0.0
NESTLEIND.NS,2026-01-02,1279.699951171875,1272.8277587890625,736473.0,0.0
NESTLEIND.NS,2026-01-05,1314.5999755859375,1307.5404052734375,2397082.0,0.0
NESTLEIND.NS,2026-01-06,1319.9000244140625,1312.81201171875,866154.0,0.0
NESTLEIND.NS,2026-01-07,1314.800048828125,1307.7393798828125,676669.0,0.0
NESTLEIND.NS,2026-01-08,1306.9000244140625,1299.8818359375,555817.0,0.0
NESTLEIND.NS,2026-01-09,1299.0999755859375,1292.1236572265625,1194489.0,0.0
NESTLEIND.NS,2026-01-12,1312.4000244140625,1305.352294921875,1032516.0,0.0
NESTLEIND.NS,2026-01-13,1318.699951171875,1311.618408203125,1316337.0,0.0
NESTLEIND.NS,2026-01-14,1307.0999755859375,1300.0806884765625,904110.0,0.0
NESTLEIND.NS,2026-01-15,1307.0999755859375,1300.0806884765625,0.0,0.0
NESTLEIND.NS,2026-01-16,1315.9000244140625,1308.83349609375,1491989.0,0.0
NESTLEIND.NS,2026-01-19,1315.5999755859375,1308.5350341796875,867546.0,0.0
NESTLEIND.NS,2026-01-20,1295.699951171875,1288.7418212890625,1173676.0,0.0
NESTLEIND.NS,2026-01-21,1283.199951171875,1276.3089599609375,1046054.0,0.0
NESTLEIND.NS,2026-01-22,1306.0,1298.986572265625,994359.0,0.0
NESTLEIND.NS,2026-01-23,1293.800048828125,1286.8521728515625,744221.0,0.0
NESTLEIND.NS,2026-01-27,1303.300048828125,1296.3011474609375,1159495.0,0.0
NESTLEIND.NS,2026-01-28,1292.4000244140625,1285.4595947265625,940426.0,0.0
NESTLEIND.NS,2026-01-29,1287.9000244140625,1280.9837646484375,1151521.0,0.0
NESTLEIND.NS,2026-01-30,1332.4000244140625,1325.244873046875,5292100.0,0.0
NESTLEIND.NS,2026-02-02,1308.300048828125,1301.2742919921875,1254558.0,0.0
NESTLEIND.NS,2026-02-03,1308.0,1300.975830078125,1232271.0,0.0
NESTLEIND.NS,2026-02-04,1303.199951171875,1296.2015380859375,875783.0,0.0
NESTLEIND.NS,2026-02-05,1303.5,1296.5,854891.0,0.0
NESTLEIND.NS,2026-02-06,1303.300048828125,1303.300048828125,835646.0,0.0
NESTLEIND.NS,2026-02-09,1295.5999755859375,1295.5999755859375,746303.0,0.0
NESTLEIND.NS,2026-02-10,1308.5999755859375,1308.5999755859375,936331.0,0.0
NESTLEIND.NS,2026-02-11,1305.300048828125,1305.300048828125,911384.0,0.0
ONGC.NS,2025-02-11,238.9499969482422,232.01513671875,6711630.0,0.0
ONGC.NS,2025-02-12,237.39999389648438,230.51011657714844,5985956.0,0.0
ONGC.NS,2025-02-13,234.9499969482422,228.1312255859375,10079210.0,0.0
ONGC.NS,2025-02-14,230.5,223.8103790283203,8065352.0,0.0
ONGC.NS,2025-02-17,233.64999389648438,226.8689422607422,6692422.0,0.0
ONGC.NS,2025-02-18,236.60000610351562,229.7333526611328,6170974.0,0.0
ONGC.NS,2025-02-19,238.3000030517578,231.38400268554688,6168581.0,0.0
ONGC.NS,2025-02-20,241.89999389648438,234.87953186035156,8929816.0,0.0
ONGC.NS,2025-02-21,239.89999389648438,232.9375762939453,5697387.0,0.0
ONGC.NS,2025-02-24,234.35000610351562,227.5486602783203,6883143.0,0.0
ONGC.NS,2025-02-25,233.0,226.23782348632812,5519036.0,0.0
ONGC.NS,2025-02-27,231.0,224.29588317871094,9664032.0,0.0
ONGC.NS,2025-02-28,225.25,218.71275329589844,17237276.0,0.0
ONGC.NS,2025-03-03,225.1300048828125,218.5962371826172,11928529.0,0.0
ONGC.NS,2025-03-04,226.75999450683594,220.1789093017578,12428265.0,0.0
ONGC.NS,2025-03-05,228.94000244140625,222.295654296875,7466729.0,0.0
ONGC.NS,2025-03-06,232.60000610351562,225.8494415283203,10439208.0,0.0
ONGC.NS,2025-03-07,232.88999938964844,226.13101196289062,9079049.0,0.0
ONGC.NS,2025-03-10,223.19000244140625,216.71253967285156,16489167.0,0.0
ONGC.NS,2025-03-11,226.72000122070312,220.1400909423828,10941588.0,0.0
ONGC.NS,2025-03-12,224.39999389648438,217.8874053955078,6994310.0,0.0
ONGC.NS,2025-03-13,225.42999267578125,218.88751220703125,16105085.0,0.0
ONGC.NS,2025-03-17,229.74000549316406,223.0724334716797,8788971.0,0.0
ONGC.NS,2025-03-18,229.74000549316406,223.0724334716797,0.0,0.0
ONGC.NS,2025-03-19,232.57000732421875,225.8203125,8626593.0,0.0
ONGC.NS,2025-03-20,235.58999633789062,228.75265502929688,18955995.0,0.0
ONGC.NS,2025-03-21,242.4199981689453,235.38442993164062,29285333.0,0.0
ONGC.NS,2025-03-24,243.8300018310547,236.75350952148438,10566066.0,0.0
ONGC.NS,2025-03-25,242.25,235.21937561035156,8915800.0,0.0
ONGC.NS,2025-03-26,239.72000122070312,232.76280212402344,7543985.0,0.0
ONGC.NS,2025-03-27,242.1699981689453,235.14169311523438,9935664.0,0.0
ONGC.NS,2025-03-28,246.3800048828125,239.22950744628906,32905564.0,0.0
ONGC.NS,2025-04-01,248.07000732421875,240.87046813964844,11258957.0,0.0
ONGC.NS,2025-04-02,250.63999938964844,243.36587524414062,15337906.0,0.0
ONGC.NS,2025-04-03,243.30999755859375,236.24859619140625,11141370.0,0.0
ONGC.NS,2025-04-04,226.00999450683594,219.45068359375,38336194.0,0.0
ONGC.NS,2025-04-07,219.83999633789062,213.4597625732422,27024128.0,0.0
ONGC.NS,2025-04-08,226.66000366210938,220.0818328857422,11309092.0,0.0
ONGC.NS,2025-04-09,221.94000244140625,215.49880981445312,16889575.0,0.0
ONGC.NS,2025-04-11,230.3699951171875,223.68414306640625,13886447.0,0.0
ONGC.NS,2025-04-15,232.69000244140625,225.9368133544922,12102239.0,0.0
ONGC.NS,2025-04-16,241.22000122070312,234.21926879882812,18748952.0,0.0
ONGC.NS,2025-04-17,243.49000549316406,236.4233856201172,12891813.0,0.0
ONGC.NS,2025-04-21,249.77999877929688,242.53082275390625,11698653.0,0.0
ONGC.NS,2025-04-22,247.77999877929688,240.58888244628906,9896443.0,0.0
ONGC.NS,2025-04-23,252.1699981689453,244.85145568847656,16555874.0,0.0
ONGC.NS,2025-04-24,249.3699951171875,242.1327362060547,6538518.0,0.0
ONGC.NS,2025-04-25,246.3300018310547,239.18096923828125,15616265.0,0.0
ONGC.NS,2025-04-28,250.60000610351562,243.32704162597656,7669983.0,0.0
ONGC.NS,2025-04-29,245.67999267578125,238.54981994628906,8030552.0,0.0
ONGC.NS,2025-04-30,244.4499969482422,237.35552978515625,9822483.0,0.0
ONGC.NS,2025-05-02,242.74000549316406,235.69515991210938,10203190.0,0.0
ONGC.NS,2025-05-05,239.1999969482422,232.2578887939453,20086323.0,0.0
ONGC.NS,2025-05-06,237.0,230.1217498779297,11350559.0,0.0
ONGC.NS,2025-05-07,238.6699981689453,231.74327087402344,16689539.0,0.0
ONGC.NS,2025-05-08,233.22000122070312,226.45144653320312,15026122.0,0.0
ONGC.NS,2025-05-09,234.9600067138672,228.14096069335938,11184507.0,0.0
ONGC.NS,2025-05-12,244.02000427246094,236.93800354003906,11374237.0,0.0
ONGC.NS,2025-05-13,241.16000366210938,234.1610107421875,9336026.0,0.0
ONGC.NS,2025-05-14,246.00999450683594,238.8702392578125,8234859.0,0.0
ONGC.NS,2025-05-15,247.61000061035156,240.42381286621094,16812750.0,0.0
ONGC.NS,2025-05-16,247.27000427246094,240.0936737060547,8030229.0,0.0
ONGC.NS,2025-05-19,246.5800018310547,239.4237060546875,8043270.0,0.0
ONGC.NS,2025-05-20,249.25999450683594,242.0259246826172,13183059.0,0.0
ONGC.NS,2025-05-21,248.67999267578125,241.46275329589844,7158307.0,0.0
ONGC.NS,2025-05-22,241.6699981689453,234.6562042236328,18502235.0,0.0
ONGC.NS,2025-05-23,244.24000549316406,237.15162658691406,8725218.0,0.0
ONGC.NS,2025-05-26,245.94000244140625,238.80227661132812,7159571.0,0.0
ONGC.NS,2025-05-27,244.5399932861328,237.44290161132812,9712093.0,0.0
ONGC.NS,2025-05-28,242.6699981689453,235.62718200683594,7385958.0,0.0
ONGC.NS,2025-05-29,243.0399932861328,235.98643493652344,12938112.0,0.0
ONGC.NS,2025-05-30,239.39999389648438,232.4520721435547,10108840.0,0.0
ONGC.NS,2025-06-02,238.30999755859375,231.3937225341797,6278145.0,0.0
ONGC.NS,2025-06-03,237.27000427246094,230.3839111328125,9515918.0,0.0
ONGC.NS,2025-06-04,238.0500030517578,231.14126586914062,6733580.0,0.0
ONGC.NS,2025-06-05,237.77000427246094,230.86940002441406,8941808.0,0.0
ONGC.NS,2025-06-06,240.05999755859375,233.09292602539062,5985346.0,0.0
ONGC.NS,2025-06-09,242.8000030517578,235.75340270996094,7719525.0,0.0
ONGC.NS,2025-06-10,244.67999267578125,237.57884216308594,7659657.0,0.0
ONGC.NS,2025-06-11,247.32000732421875,240.14222717285156,20842417.0,0.0
ONGC.NS,2025-06-12,247.8800048828125,240.68597412109375,35613271.0,0.0
ONGC.NS,2025-06-13,251.50999450683594,244.21063232421875,39320377.0,0.0
ONGC.NS,2025-06-16,256.7900085449219,249.33738708496094,41444122.0,0.0
ONGC.NS,2025-06-17,252.30999755859375,244.98739624023438,18781097.0,0.0
ONGC.NS,2025-06-18,250.36000061035156,243.09400939941406,12691905.0,0.0
ONGC.NS,2025-06-19,251.55999755859375,244.25917053222656,10790997.0,0.0
ONGC.NS,2025-06-20,251.88999938964844,244.57958984375,15907673.0,0.0
ONGC.NS,2025-06-23,251.3800048828125,244.0843963623047,16776881.0,0.0
ONGC.NS,2025-06-24,243.9199981689453,236.8408966064453,22215004.0,0.0
ONGC.NS,2025-06-25,241.91000366210938,234.8892364501953,13056178.0,0.0
ONGC.NS,2025-06-26,244.72999572753906,237.6273956298828,15769123.0,0.0
ONGC.NS,2025-06-27,242.8300018310547,235.7825469970703,21691960.0,0.0
ONGC.NS,2025-06-30,244.2100067138672,237.12249755859375,8783448.0,0.0
ONGC.NS,2025-07-01,243.3699951171875,236.30686950683594,8470489.0,0.0
ONGC.NS,2025-07-02,241.07000732421875,234.07362365722656,10419419.0,0.0
ONGC.NS,2025-07-03,244.0500030517578,236.96713256835938,13891239.0,0.0
ONGC.NS,2025-07-04,245.24000549316406,238.1226043701172,7717259.0,0.0
ONGC.NS,2025-07-07,241.52000427246094,234.51055908203125,9222263.0,0.0
ONGC.NS,2025-07-08,243.24000549316406,236.18063354492188,7537067.0,0.0
ONGC.NS,2025-07-09,243.35000610351562,236.28746032714844,9590680.0,0.0
ONGC.NS,2025-07-10,243.08999633789062,236.0349884033203,8012201.0,0.0
ONGC.NS,2025-07-11,241.75999450683594,234.7435760498047,5608382.0,0.0
ONGC.NS,2025-07-14,244.22000122070312,237.1322021484375,7568906.0,0.0
ONGC.NS,2025-07-15,243.6699981689453,236.59815979003906,7843083.0,0.0
ONGC.NS,2025-07-16,242.85000610351562,235.8019561767578,5656962.0,0.0
ONGC.NS,2025-07-17,243.8699951171875,236.79234313964844,7006298.0,0.0
ONGC.NS,2025-07-18,246.30999755859375,239.16152954101562,10293817.0,0.0
ONGC.NS,2025-07-21,245.0399932861328,237.92840576171875,5424455.0,0.0
ONGC.NS,2025-07-22,246.41000366210938,239.25863647460938,5869862.0,0.0
ONGC.NS,2025-07-23,245.5500030517578,238.42359924316406,7357753.0,0.0
ONGC.NS,2025-07-24,244.8300018310547,237.72450256347656,4590999.0,0.0
ONGC.NS,2025-07-25,240.2899932861328,233.3162384033203,7427827.0,0.0
ONGC.NS,2025-07-28,240.02000427246094,233.05409240722656,6865890.0,0.0
ONGC.NS,2025-07-29,241.44000244140625,234.43287658691406,6157824.0,0.0
ONGC.NS,2025-07-30,241.80999755859375,234.79212951660156,8767763.0,0.0
ONGC.NS,2025-07-31,241.0,234.00564575195312,10254214.0,0.0
ONGC.NS,2025-08-01,236.7899932861328,229.91783142089844,12629251.0,0.0
ONGC.NS,2025-08-04,234.8300018310547,228.01470947265625,16174972.0,0.0
ONGC.NS,2025-08-05,234.47999572753906,227.67486572265625,9562689.0,0.0
ONGC.NS,2025-08-06,233.77000427246094,226.9854736328125,7568954.0,0.0
ONGC.NS,2025-08-07,233.92999267578125,227.14083862304688,5560413.0,0.0
ONGC.NS,2025-08-08,233.44000244140625,226.66505432128906,5249568.0,0.0
ONGC.NS,2025-08-11,233.7899932861328,227.0048828125,4699743.0,0.0
ONGC.NS,2025-08-12,235.52000427246094,228.6846923828125,7036778.0,0.0
ONGC.NS,2025-08-13,238.6699981689453,231.74327087402344,8501906.0,0.0
ONGC.NS,2025-08-14,236.94000244140625,230.0634765625,7258450.0,0.0
ONGC.NS,2025-08-18,238.16000366210938,231.24807739257812,8501972.0,0.0
ONGC.NS,2025-08-19,237.94000244140625,231.03445434570312,5538059.0,0.0
ONGC.NS,2025-08-20,237.92999267578125,231.0247344970703,7438061.0,0.0
ONGC.NS,2025-08-21,238.2899932861328,231.37429809570312,8111371.0,0.0
ONGC.NS,2025-08-22,236.2899932861328,229.43234252929688,5423818.0,0.0
ONGC.NS,2025-08-25,236.75999450683594,229.88870239257812,8854258.0,0.0
ONGC.NS,2025-08-26,234.19000244140625,227.39328002929688,14671897.0,0.0
ONGC.NS,2025-08-28,233.38999938964844,226.61651611328125,13870643.0,0.0
ONGC.NS,2025-08-29,233.7100067138672,226.92723083496094,9928988.0,0.0
ONGC.NS,2025-09-01,238.72000122070312,231.7918243408203,4366396.0,0.0
ONGC.NS,2025-09-02,239.49000549316406,232.5394744873047,5921193.0,0.0
ONGC.NS,2025-09-03,239.07000732421875,232.1316680908203,4364007.0,0.0
ONGC.NS,2025-09-04,235.72000122070312,230.08189392089844,8778730.0,0.0
ONGC.NS,2025-09-05,234.1300048828125,228.52992248535156,7210683.0,0.0
ONGC.NS,2025-09-08,232.52999877929688,226.9681854248047,8418326.0,0.0
ONGC.NS,2025-09-09,231.3300018310547,225.79689025878906,11665314.0,0.0
ONGC.NS,2025-09-10,231.74000549316406,226.19708251953125,11775053.0,0.0
ONGC.NS,2025-09-11,233.75999450683594,228.16876220703125,11047708.0,0.0
ONGC.NS,2025-09-12,233.25,227.67095947265625,6073522.0,0.0
ONGC.NS,2025-09-15,232.25999450683594,226.7046356201172,6153784.0,0.0
ONGC.NS,2025-09-16,235.08999633789062,229.46694946289062,7319921.0,0.0
ONGC.NS,2025-09-17,236.8800048828125,231.21414184570312,7628371.0,0.0
ONGC.NS,2025-09-18,235.58999633789062,229.95498657226562,6497852.0,0.0
ONGC.NS,2025-09-19,236.69000244140625,231.0286865234375,16484017.0,0.0
ONGC.NS,2025-09-22,237.47000122070312,231.79002380371094,9962796.0,0.0
ONGC.NS,2025-09-23,236.66000366210938,230.99940490722656,7014239.0,0.0
ONGC.NS,2025-09-24,238.52000427246094,232.81492614746094,8299331.0,0.0
ONGC.NS,2025-09-25,239.6699981689453,233.93740844726562,10150654.0,0.0
ONGC.NS,2025-09-26,238.02000427246094,232.32687377929688,6349466.0,0.0
ONGC.NS,2025-09-29,239.97999572753906,234.239990234375,10631271.0,0.0
ONGC.NS,2025-09-30,239.5,233.77146911621094,7167687.0,0.0
ONGC.NS,2025-10-01,243.0399932861328,237.22679138183594,10375310.0,0.0
ONGC.NS,2025-10-03,243.66000366210938,237.83197021484375,10702610.0,0.0
ONGC.NS,2025-10-06,245.86000061035156,239.97935485839844,9465503.0,0.0
ONGC.NS,2025-10-07,245.32000732421875,239.4522705078125,12498420.0,0.0
ONGC.NS,2025-10-08,241.80999755859375,236.02621459960938,5073558.0,0.0
ONGC.NS,2025-10-09,243.38999938964844,237.5684356689453,9292031.0,0.0
ONGC.NS,2025-10-10,246.33999633789062,240.44786071777344,9050771.0,0.0
ONGC.NS,2025-10-13,244.08999633789062,238.25167846679688,12607116.0,0.0
ONGC.NS,2025-10-14,244.69000244140625,238.83734130859375,13865005.0,0.0
ONGC.NS,2025-10-15,247.72000122070312,241.79486083984375,8520238.0,0.0
ONGC.NS,2025-10-16,248.35000610351562,242.40980529785156,6083826.0,0.0
ONGC.NS,2025-10-17,247.69000244140625,241.7655792236328,14250215.0,0.0
ONGC.NS,2025-10-20,248.74000549316406,242.79046630859375,10920554.0,0.0
ONGC.NS,2025-10-21,248.1199951171875,242.18528747558594,569979.0,0.0
ONGC.NS,2025-10-23,252.30999755859375,246.2750701904297,13879042.0,0.0
ONGC.NS,2025-10-24,254.9600067138672,248.8616943359375,17882209.0,0.0
ONGC.NS,2025-10-27,253.27000427246094,247.2121124267578,7889080.0,0.0
ONGC.NS,2025-10-28,250.5399932861328,244.5474090576172,8529692.0,0.0
ONGC.NS,2025-10-29,255.63999938964844,249.52542114257812,8806213.0,0.0
ONGC.NS,2025-10-30,254.52999877929688,248.4419708251953,5266883.0,0.0
ONGC.NS,2025-10-31,255.3699951171875,249.2618865966797,7199008.0,0.0
ONGC.NS,2025-11-03,257.54998779296875,251.3897247314453,5450040.0,0.0
ONGC.NS,2025-11-04,252.35000610351562,246.31411743164062,6006851.0,0.0
ONGC.NS,2025-11-06,251.5,245.4844512939453,6987258.0,0.0
ONGC.NS,2025-11-07,252.1999969482422,246.16770935058594,4449104.0,0.0
ONGC.NS,2025-11-10,251.39999389648438,245.3868408203125,7418162.0,0.0
ONGC.NS,2025-11-11,249.4499969482422,243.4834747314453,16183880.0,0.0
ONGC.NS,2025-11-12,253.85000610351562,247.7782440185547,11917811.0,0.0
ONGC.NS,2025-11-13,250.85000610351562,244.85000610351562,13057927.0,0.0
ONGC.NS,2025-11-14,247.60000610351562,247.60000610351562,9185042.0,0.0
ONGC.NS,2025-11-17,248.0500030517578,248.0500030517578,6281588.0,0.0
ONGC.NS,2025-11-18,246.9499969482422,246.9499969482422,7708871.0,0.0
ONGC.NS,2025-11-19,249.0,249.0,7075882.0,0.0
ONGC.NS,2025-11-20,248.0500030517578,248.0500030517578,6918642.0,0.0
ONGC.NS,2025-11-21,246.9499969482422,246.9499969482422,7589240.0,0.0
ONGC.NS,2025-11-24,245.75,245.75,15875282.0,0.0
ONGC.NS,2025-11-25,245.35000610351562,245.35000610351562,8983620.0,0.0
ONGC.NS,2025-11-26,247.6999969482422,247.6999969482422,7232643.0,0.0
ONGC.NS,2025-11-27,244.0,244.0,5600832.0,0.0
ONGC.NS,2025-11-28,243.25,243.25,3804191.0,0.0
ONGC.NS,2025-12-01,244.8300018310547,244.8300018310547,6307936.0,0.0
ONGC.NS,2025-12-02,243.5399932861328,243.5399932861328,5413988.0,0.0
ONGC.NS,2025-12-03,240.02000427246094,240.02000427246094,11829802.0,0.0
ONGC.NS,2025-12-04,242.22999572753906,242.22999572753906,10825420.0,0.0
ONGC.NS,2025-12-05,241.22999572753906,241.22999572753906,7645591.0,0.0
ONGC.NS,2025-12-08,238.52000427246094,238.52000427246094,5285903.0,0.0
ONGC.NS,2025-12-09,239.83999633789062,239.83999633789062,9026401.0,0.0
ONGC.NS,2025-12-10,239.2899932861328,239.2899932861328,3492031.0,0.0
ONGC.NS,2025-12-11,238.41000366210938,238.41000366210938,8868641.0,0.0
ONGC.NS,2025-12-12,238.02000427246094,238.02000427246094,4252781.0,0.0
ONGC.NS,2025-12-15,235.35000610351562,235.35000610351562,12334408.0,0.0
ONGC.NS,2025-12-16,232.2100067138672,232.2100067138672,7238404.0,0.0
ONGC.NS,2025-12-17,232.91000366210938,232.91000366210938,5848233.0,0.0
ONGC.NS,2025-12-18,232.0,232.0,3964839.0,0.0
ONGC.NS,2025-12-19,232.88999938964844,232.88999938964844,5070902.0,0.0
ONGC.NS,2025-12-22,234.17999267578125,234.17999267578125,4614185.0,0.0
ONGC.NS,2025-12-23,235.49000549316406,235.49000549316406,5810236.0,0.0
ONGC.NS,2025-12-24,233.77000427246094,233.77000427246094,4114036.0,0.0
ONGC.NS,2025-12-26,234.52999877929688,234.52999877929688,3710774.0,0.0
ONGC.NS,2025-12-29,234.82000732421875,234.82000732421875,12621499.0,0.0
ONGC.NS,2025-12-30,234.67999267578125,234.67999267578125,6236729.0,0.0
ONGC.NS,2025-12-31,240.3800048828125,240.3800048828125,11514802.0,0.0
ONGC.NS,2026-01-01,237.94000244140625,237.94000244140625,5840586.0,0.0
ONGC.NS,2026-01-02,241.4600067138672,241.4600067138672,5925943.0,0.0
ONGC.NS,2026-01-05,238.08999633789062,238.08999633789062,21201434.0,0.0
ONGC.NS,2026-01-06,241.88999938964844,241.88999938964844,10840459.0,0.0
ONGC.NS,2026-01-07,239.05999755859375,239.05999755859375,8253161.0,0.0
ONGC.NS,2026-01-08,231.4199981689453,231.4199981689453,9218488.0,0.0
ONGC.NS,2026-01-09,234.08999633789062,234.08999633789062,12706408.0,0.0
ONGC.NS,2026-01-12,235.7100067138672,235.7100067138672,9807980.0,0.0
ONGC.NS,2026-01-13,243.77999877929688,243.77999877929688,22527192.0,0.0
ONGC.NS,2026-01-14,248.22999572753906,248.22999572753906,33094088.0,0.0
ONGC.NS,2026-01-15,248.22999572753906,248.22999572753906,0.0,0.0
ONGC.NS,2026-01-16,247.1699981689453,247.1699981689453,12287680.0,0.0
ONGC.NS,2026-01-19,243.11000061035156,243.11000061035156,6459249.0,0.0
ONGC.NS,2026-01-20,240.38999938964844,240.38999938964844,6496057.0,0.0
ONGC.NS,2026-01-21,242.3699951171875,242.3699951171875,9610477.0,0.0
ONGC.NS,2026-01-22,244.00999450683594,244.00999450683594,10746306.0,0.0
ONGC.NS,2026-01-23,245.47000122070312,245.47000122070312,8080247.0,0.0
ONGC.NS,2026-01-27,247.9499969482422,247.9499969482422,15915509.0,0.0
ONGC.NS,2026-01-28,268.5799865722656,268.5799865722656,73427983.0,0.0
ONGC.NS,2026-01-29,275.3900146484375,275.3900146484375,48267023.0,0.0
ONGC.NS,2026-01-30,268.9599914550781,268.9599914550781,24420043.0,0.0
ONGC.NS,2026-02-02,253.9499969482422,253.9499969482422,17015974.0,0.0
ONGC.NS,2026-02-03,257.0,257.0,19213406.0,0.0
ONGC.NS,2026-02-04,266.95001220703125,266.95001220703125,26628393.0,0.0
ONGC.NS,2026-02-05,269.20001220703125,269.20001220703125,15268335.0,0.0
ONGC.NS,2026-02-06,268.95001220703125,268.95001220703125,10013728.0,0.0
ONGC.NS,2026-02-09,266.6000061035156,266.6000061035156,10824044.0,0.0
ONGC.NS,2026-02-10,272.1499938964844,272.1499938964844,13459684.0,0.0
ONGC.NS,2026-02-11,274.6000061035156,274.6000061035156,18381405.0,0.0
POWERGRID.NS,2025-02-11,261.45001220703125,253.17538452148438,22083955.0,0.0
POWERGRID.NS,2025-02-12,257.04998779296875,248.9146270751953,17861265.0,0.0
POWERGRID.NS,2025-02-13,259.1499938964844,250.9481658935547,12257226.0,0.0
POWERGRID.NS,2025-02-14,257.3500061035156,249.2051544189453,11339563.0,0.0
POWERGRID.NS,2025-02-17,263.20001220703125,254.87002563476562,8332653.0,0.0
POWERGRID.NS,2025-02-18,266.95001220703125,258.5013122558594,10483635.0,0.0
POWERGRID.NS,2025-02-19,263.04998779296875,254.72471618652344,14602009.0,0.0
POWERGRID.NS,2025-02-20,265.75,257.33929443359375,15312926.0,0.0
POWERGRID.NS,2025-02-21,261.8999938964844,253.61114501953125,10757038.0,0.0
POWERGRID.NS,2025-02-24,259.1499938964844,250.9481658935547,14599185.0,0.0
POWERGRID.NS,2025-02-25,255.75,247.65577697753906,21287363.0,0.0
POWERGRID.NS,2025-02-27,256.25,248.13995361328125,13614799.0,0.0
POWERGRID.NS,2025-02-28,250.85000610351562,242.91087341308594,38512868.0,0.0
POWERGRID.NS,2025-03-03,252.5,244.50863647460938,9873539.0,0.0
POWERGRID.NS,2025-03-04,254.0,245.96116638183594,11947033.0,0.0
POWERGRID.NS,2025-03-05,264.3999938964844,256.031982421875,14536637.0,0.0
POWERGRID.NS,2025-03-06,266.6499938964844,258.2108154296875,11926868.0,0.0
POWERGRID.NS,2025-03-07,263.29998779296875,254.966796875,10043068.0,0.0
POWERGRID.NS,2025-03-10,271.29998779296875,262.713623046875,30233763.0,0.0
POWERGRID.NS,2025-03-11,267.29998779296875,258.8402099609375,9255499.0,0.0
POWERGRID.NS,2025-03-12,267.1000061035156,258.6465759277344,11875548.0,0.0
POWERGRID.NS,2025-03-13,267.6499938964844,259.17913818359375,9270442.0,0.0
POWERGRID.NS,2025-03-17,267.3500061035156,258.888671875,11987667.0,0.0
POWERGRID.NS,2025-03-18,267.3500061035156,258.888671875,0.0,0.0
POWERGRID.NS,2025-03-19,277.20001220703125,268.4269104003906,13089950.0,0.0
POWERGRID.NS,2025-03-20,280.3500061035156,271.47723388671875,13710249.0,0.0
POWERGRID.NS,2025-03-21,283.1000061035156,274.14019775390625,26003527.0,0.0
POWERGRID.NS,2025-03-24,291.8500061035156,282.61328125,19966817.0,0.0
POWERGRID.NS,2025-03-25,291.0,281.7901611328125,16983852.0,0.0
POWERGRID.NS,2025-03-26,290.8500061035156,281.6448974609375,20367015.0,0.0
POWERGRID.NS,2025-03-27,295.5,286.14776611328125,37203166.0,0.0
POWERGRID.NS,2025-03-28,290.3500061035156,281.1607360839844,10834900.0,0.0
POWERGRID.NS,2025-04-01,289.29998779296875,280.1439514160156,11603556.0,0.0
POWERGRID.NS,2025-04-02,286.75,277.6746826171875,11679536.0,0.0
POWERGRID.NS,2025-04-03,299.1000061035156,289.6338195800781,23478876.0,0.0
POWERGRID.NS,2025-04-04,293.8999938964844,284.598388671875,21020875.0,0.0
POWERGRID.NS,2025-04-07,289.3999938964844,280.24078369140625,22847548.0,0.0
POWERGRID.NS,2025-04-08,288.95001220703125,279.8050537109375,20831596.0,0.0
POWERGRID.NS,2025-04-09,293.3999938964844,284.1142272949219,21342531.0,0.0
POWERGRID.NS,2025-04-11,304.1000061035156,294.4755554199219,19831004.0,0.0
POWERGRID.NS,2025-04-15,304.54998779296875,294.91131591796875,16563441.0,0.0
POWERGRID.NS,2025-04-16,305.75,296.0733337402344,7032401.0,0.0
POWERGRID.NS,2025-04-17,309.0,299.220458984375,8528993.0,0.0
POWERGRID.NS,2025-04-21,320.0,309.872314453125,13369014.0,0.0
POWERGRID.NS,2025-04-22,312.54998779296875,302.6580810546875,10027268.0,0.0
POWERGRID.NS,2025-04-23,314.95001220703125,304.982177734375,8225575.0,0.0
POWERGRID.NS,2025-04-24,314.3999938964844,304.4495849609375,8021180.0,0.0
POWERGRID.NS,2025-04-25,306.5,296.7995910644531,11475773.0,0.0
POWERGRID.NS,2025-04-28,308.54998779296875,298.78472900390625,7314824.0,0.0
POWERGRID.NS,2025-04-29,302.95001220703125,293.3619689941406,14678005.0,0.0
POWERGRID.NS,2025-04-30,307.45001220703125,297.71954345703125,17619987.0,0.0
POWERGRID.NS,2025-05-02,303.04998779296875,293.4587707519531,5688285.0,0.0
POWERGRID.NS,2025-05-05,308.20001220703125,298.44580078125,4342960.0,0.0
POWERGRID.NS,2025-05-06,307.6000061035156,297.8647766113281,9124804.0,0.0
POWERGRID.NS,2025-05-07,311.1000061035156,301.2540283203125,14679327.0,0.0
POWERGRID.NS,2025-05-08,308.25,298.4942321777344,19253478.0,0.0
POWERGRID.NS,2025-05-09,299.29998779296875,289.82745361328125,11981497.0,0.0
POWERGRID.NS,2025-05-12,309.04998779296875,299.2689208984375,7145884.0,0.0
POWERGRID.NS,2025-05-13,298.45001220703125,289.00439453125,17988336.0,0.0
POWERGRID.NS,2025-05-14,295.95001220703125,286.5835266113281,10359258.0,0.0
POWERGRID.NS,2025-05-15,299.6499938964844,290.1663818359375,22640626.0,0.0
POWERGRID.NS,2025-05-16,300.20001220703125,290.6990051269531,16763668.0,0.0
POWERGRID.NS,2025-05-19,304.04998779296875,294.4271240234375,12575289.0,0.0
POWERGRID.NS,2025-05-20,297.8999938964844,288.4717712402344,21339095.0,0.0
POWERGRID.NS,2025-05-21,296.1499938964844,286.7771301269531,11997632.0,0.0
POWERGRID.NS,2025-05-22,290.8999938964844,281.6933288574219,26158839.0,0.0
POWERGRID.NS,2025-05-23,298.1000061035156,288.66546630859375,9872024.0,0.0
POWERGRID.NS,2025-05-26,296.70001220703125,287.30975341796875,16469130.0,0.0
POWERGRID.NS,2025-05-27,294.54998779296875,285.227783203125,17074710.0,0.0
POWERGRID.NS,2025-05-28,291.1499938964844,281.9353942871094,10099453.0,0.0
POWERGRID.NS,2025-05-29,293.1000061035156,283.8236999511719,9773818.0,0.0
POWERGRID.NS,2025-05-30,289.75,280.5797119140625,21788566.0,0.0
POWERGRID.NS,2025-06-02,293.04998779296875,283.7752685546875,7255782.0,0.0
POWERGRID.NS,2025-06-03,288.25,279.127197265625,10989055.0,0.0
POWERGRID.NS,2025-06-04,288.54998779296875,279.4176940917969,8580196.0,0.0
POWERGRID.NS,2025-06-05,294.25,284.93731689453125,13110486.0,0.0
POWERGRID.NS,2025-06-06,295.79998779296875,286.438232421875,7935393.0,0.0
POWERGRID.NS,2025-06-09,300.5,290.989501953125,8666186.0,0.0
POWERGRID.NS,2025-06-10,301.04998779296875,291.5220642089844,7273892.0,0.0
POWERGRID.NS,2025-06-11,295.45001220703125,286.0993347167969,10941604.0,0.0
POWERGRID.NS,2025-06-12,289.0,279.8534240722656,14071159.0,0.0
POWERGRID.NS,2025-06-13,285.5,276.4642333984375,16028417.0,0.0
POWERGRID.NS,2025-06-16,288.6499938964844,279.5145263671875,11067299.0,0.0
POWERGRID.NS,2025-06-17,288.54998779296875,279.4176940917969,7286868.0,0.0
POWERGRID.NS,2025-06-18,287.29998779296875,278.207275390625,11904855.0,0.0
POWERGRID.NS,2025-06-19,286.45001220703125,277.3841552734375,13573824.0,0.0
POWERGRID.NS,2025-06-20,293.1000061035156,283.8236999511719,33014151.0,0.0
POWERGRID.NS,2025-06-23,290.25,281.06390380859375,6833477.0,0.0
POWERGRID.NS,2025-06-24,285.95001220703125,276.9000244140625,15007849.0,0.0
POWERGRID.NS,2025-06-25,290.45001220703125,281.257568359375,10838516.0,0.0
POWERGRID.NS,2025-06-26,293.5,284.2110290527344,10232220.0,0.0
POWERGRID.NS,2025-06-27,299.25,289.779052734375,15523628.0,0.0
POWERGRID.NS,2025-06-30,299.8999938964844,290.4084777832031,8415241.0,0.0
POWERGRID.NS,2025-07-01,297.54998779296875,288.1328430175781,12349270.0,0.0
POWERGRID.NS,2025-07-02,294.8500061035156,285.518310546875,10826029.0,0.0
POWERGRID.NS,2025-07-03,293.70001220703125,284.40472412109375,10373094.0,0.0
POWERGRID.NS,2025-07-04,294.0,284.6951904296875,14193884.0,0.0
POWERGRID.NS,2025-07-07,295.8999938964844,286.5350646972656,6220756.0,0.0
POWERGRID.NS,2025-07-08,297.75,288.3265380859375,6254288.0,0.0
POWERGRID.NS,2025-07-09,299.6499938964844,290.1663818359375,5650646.0,0.0
POWERGRID.NS,2025-07-10,299.25,289.779052734375,9307817.0,0.0
POWERGRID.NS,2025-07-11,298.54998779296875,289.1011962890625,7073217.0,0.0
POWERGRID.NS,2025-07-14,298.20001220703125,288.7622985839844,5484223.0,0.0
POWERGRID.NS,2025-07-15,298.04998779296875,288.6170349121094,6173407.0,0.0
POWERGRID.NS,2025-07-16,297.04998779296875,287.648681640625,8144630.0,0.0
POWERGRID.NS,2025-07-17,296.6000061035156,287.21295166015625,8318287.0,0.0
POWERGRID.NS,2025-07-18,294.1499938964844,284.8404846191406,8702106.0,0.0
POWERGRID.NS,2025-07-21,297.0,287.60028076171875,5298012.0,0.0
POWERGRID.NS,2025-07-22,297.79998779296875,288.37493896484375,7775653.0,0.0
POWERGRID.NS,2025-07-23,299.25,289.779052734375,5310964.0,0.0
POWERGRID.NS,2025-07-24,299.3500061035156,289.8758850097656,6294709.0,0.0
POWERGRID.NS,2025-07-25,292.1000061035156,282.8553771972656,8202572.0,0.0
POWERGRID.NS,2025-07-28,291.8999938964844,282.6616516113281,7037396.0,0.0
POWERGRID.NS,2025-07-29,293.1000061035156,283.8236999511719,6586034.0,0.0
POWERGRID.NS,2025-07-30,288.95001220703125,279.8050537109375,10515572.0,0.0
POWERGRID.NS,2025-07-31,291.0,281.7901611328125,14283621.0,0.0
POWERGRID.NS,2025-08-01,291.25,282.0322570800781,6697683.0,0.0
POWERGRID.NS,2025-08-04,287.95001220703125,278.836669921875,10397121.0,0.0
POWERGRID.NS,2025-08-05,286.0,276.94842529296875,15561914.0,0.0
POWERGRID.NS,2025-08-06,284.79998779296875,275.786376953125,12985269.0,0.0
POWERGRID.NS,2025-08-07,285.54998779296875,276.51263427734375,8893659.0,0.0
POWERGRID.NS,2025-08-08,284.8500061035156,275.8348083496094,6172968.0,0.0
POWERGRID.NS,2025-08-11,284.8500061035156,275.8348083496094,8755499.0,0.0
POWERGRID.NS,2025-08-12,284.6499938964844,275.64111328125,13184438.0,0.0
POWERGRID.NS,2025-08-13,288.20001220703125,279.0787658691406,9928283.0,0.0
POWERGRID.NS,2025-08-14,288.70001220703125,279.56292724609375,8464495.0,0.0
POWERGRID.NS,2025-08-18,290.3500061035156,281.1607360839844,9836105.0,0.0
POWERGRID.NS,2025-08-19,288.0,280.0909423828125,7196772.0,0.0
POWERGRID.NS,2025-08-20,288.3999938964844,280.4799499511719,3106073.0,0.0
POWERGRID.NS,2025-08-21,284.0,276.2007751464844,7389271.0,0.0
POWERGRID.NS,2025-08-22,283.3500061035156,275.5686340332031,6824793.0,0.0
POWERGRID.NS,2025-08-25,284.1499938964844,276.3466796875,7426789.0,0.0
POWERGRID.NS,2025-08-26,279.8999938964844,272.21337890625,22905910.0,0.0
POWERGRID.NS,2025-08-28,274.45001220703125,266.9130554199219,12455072.0,0.0
POWERGRID.NS,2025-08-29,275.25,267.6910705566406,12841075.0,0.0
POWERGRID.NS,2025-09-01,279.8500061035156,272.1647644042969,10820878.0,0.0
POWERGRID.NS,2025-09-02,286.70001220703125,278.8266296386719,16983677.0,0.0
POWERGRID.NS,2025-09-03,286.04998779296875,278.1944580078125,30178885.0,0.0
POWERGRID.NS,2025-09-04,281.79998779296875,274.0611877441406,5946090.0,0.0
POWERGRID.NS,2025-09-05,285.3500061035156,277.5137023925781,9695914.0,0.0
POWERGRID.NS,2025-09-08,282.79998779296875,275.0337219238281,5186605.0,0.0
POWERGRID.NS,2025-09-09,283.8500061035156,276.0549011230469,7093190.0,0.0
POWERGRID.NS,2025-09-10,282.95001220703125,275.17962646484375,7767863.0,0.0
POWERGRID.NS,2025-09-11,286.79998779296875,278.92388916015625,7406625.0,0.0
POWERGRID.NS,2025-09-12,287.6499938964844,279.7505187988281,7618852.0,0.0
POWERGRID.NS,2025-09-15,286.25,278.3890075683594,5420800.0,0.0
POWERGRID.NS,2025-09-16,288.3500061035156,280.43133544921875,8626429.0,0.0
POWERGRID.NS,2025-09-17,287.1499938964844,279.2642517089844,19010126.0,0.0
POWERGRID.NS,2025-09-18,289.1000061035156,281.1607360839844,16842964.0,0.0
POWERGRID.NS,2025-09-19,286.20001220703125,278.34039306640625,14993879.0,0.0
POWERGRID.NS,2025-09-22,286.6499938964844,278.7779846191406,9456933.0,0.0
POWERGRID.NS,2025-09-23,288.6000061035156,280.6744689941406,13619147.0,0.0
POWERGRID.NS,2025-09-24,293.29998779296875,285.245361328125,14032389.0,0.0
POWERGRID.NS,2025-09-25,284.3999938964844,276.58978271484375,16242837.0,0.0
POWERGRID.NS,2025-09-26,282.25,274.49884033203125,8959035.0,0.0
POWERGRID.NS,2025-09-29,280.6000061035156,272.8941650390625,14600560.0,0.0
POWERGRID.NS,2025-09-30,280.25,272.5537414550781,18772881.0,0.0
POWERGRID.NS,2025-10-01,280.6499938964844,272.9427795410156,11812449.0,0.0
POWERGRID.NS,2025-10-03,289.70001220703125,281.7442626953125,19597461.0,0.0
POWERGRID.NS,2025-10-06,286.8999938964844,279.0211181640625,11702722.0,0.0
POWERGRID.NS,2025-10-07,289.0,281.0634460449219,11371062.0,0.0
POWERGRID.NS,2025-10-08,285.29998779296875,277.4650573730469,9989251.0,0.0
POWERGRID.NS,2025-10-09,286.1499938964844,278.2917175292969,10714949.0,0.0
POWERGRID.NS,2025-10-10,289.1499938964844,281.2093505859375,10773268.0,0.0
POWERGRID.NS,2025-10-13,286.1499938964844,278.2917175292969,8950161.0,0.0
POWERGRID.NS,2025-10-14,287.5,279.60467529296875,7667654.0,0.0
POWERGRID.NS,2025-10-15,290.95001220703125,282.9599304199219,8125514.0,0.0
POWERGRID.NS,2025-10-16,291.8500061035156,283.8352355957031,7824732.0,0.0
POWERGRID.NS,2025-10-17,289.75,281.7928771972656,14275188.0,0.0
POWERGRID.NS,2025-10-20,288.20001220703125,280.2854309082031,13536721.0,0.0
POWERGRID.NS,2025-10-21,288.6000061035156,280.6744689941406,398291.0,0.0
POWERGRID.NS,2025-10-23,289.6499938964844,281.69561767578125,21031287.0,0.0
POWERGRID.NS,2025-10-24,288.5,280.5771789550781,16350189.0,0.0
POWERGRID.NS,2025-10-27,291.04998779296875,283.0571594238281,13396182.0,0.0
POWERGRID.NS,2025-10-28,288.25,280.3340759277344,13543174.0,0.0
POWERGRID.NS,2025-10-29,295.3500061035156,287.23907470703125,14608714.0,0.0
POWERGRID.NS,2025-10-30,291.5,283.49481201171875,10329750.0,0.0
POWERGRID.NS,2025-10-31,288.1499938964844,280.23681640625,10088802.0,0.0
POWERGRID.NS,2025-11-03,288.0,280.0909423828125,8578207.0,0.0
POWERGRID.NS,2025-11-04,279.04998779296875,271.38671875,26098629.0,0.0
POWERGRID.NS,2025-11-06,270.20001220703125,262.7797546386719,21919591.0,0.0
POWERGRID.NS,2025-11-07,272.0,264.53033447265625,11379131.0,0.0
POWERGRID.NS,2025-11-10,268.20001220703125,265.2225646972656,10717941.0,0.0
POWERGRID.NS,2025-11-11,267.6499938964844,264.67864990234375,11154806.0,0.0
POWERGRID.NS,2025-11-12,267.1000061035156,264.134765625,16444701.0,0.0
POWERGRID.NS,2025-11-13,269.8500061035156,266.854248046875,12573141.0,0.0
POWERGRID.NS,2025-11-14,271.29998779296875,268.2881164550781,10308317.0,0.0
POWERGRID.NS,2025-11-17,273.54998779296875,270.5131530761719,9884392.0,0.0
POWERGRID.NS,2025-11-18,274.20001220703125,271.15594482421875,16434280.0,0.0
POWERGRID.NS,2025-11-19,275.1499938964844,272.09539794921875,15765235.0,0.0
POWERGRID.NS,2025-11-20,277.20001220703125,274.1226501464844,15337345.0,0.0
POWERGRID.NS,2025-11-21,277.6000061035156,274.5181884765625,12941485.0,0.0
POWERGRID.NS,2025-11-24,275.79998779296875,272.7381591796875,49791096.0,0.0
POWERGRID.NS,2025-11-25,273.45001220703125,270.4142761230469,12114606.0,0.0
POWERGRID.NS,2025-11-26,275.04998779296875,271.9964904785156,8352869.0,0.0
POWERGRID.NS,2025-11-27,273.70001220703125,270.6614990234375,9865039.0,0.0
POWERGRID.NS,2025-11-28,269.95001220703125,266.953125,12580231.0,0.0
POWERGRID.NS,2025-12-01,269.6499938964844,266.65643310546875,10428760.0,0.0
POWERGRID.NS,2025-12-02,267.45001220703125,264.48089599609375,11029817.0,0.0
POWERGRID.NS,2025-12-03,268.45001220703125,265.46978759765625,9063557.0,0.0
POWERGRID.NS,2025-12-04,269.1000061035156,266.1125793457031,5103204.0,0.0
POWERGRID.NS,2025-12-05,269.79998779296875,266.8047790527344,5535798.0,0.0
POWERGRID.NS,2025-12-08,265.20001220703125,262.255859375,10203843.0,0.0
POWERGRID.NS,2025-12-09,264.54998779296875,261.6130676269531,10686557.0,0.0
POWERGRID.NS,2025-12-10,265.5,262.5525207519531,7157092.0,0.0
POWERGRID.NS,2025-12-11,264.79998779296875,261.86029052734375,8336183.0,0.0
POWERGRID.NS,2025-12-12,263.6000061035156,260.6736145019531,5522827.0,0.0
POWERGRID.NS,2025-12-15,262.20001220703125,259.2891845703125,6400400.0,0.0
POWERGRID.NS,2025-12-16,260.3500061035156,257.459716796875,9241981.0,0.0
POWERGRID.NS,2025-12-17,261.1000061035156,258.2013854980469,10944698.0,0.0
POWERGRID.NS,2025-12-18,257.95001220703125,255.0863494873047,10930748.0,0.0
POWERGRID.NS,2025-12-19,263.45001220703125,260.5252990722656,16657897.0,0.0
POWERGRID.NS,2025-12-22,265.0,262.0580749511719,10054250.0,0.0
POWERGRID.NS,2025-12-23,267.0,264.0358581542969,10526826.0,0.0
POWERGRID.NS,2025-12-24,268.04998779296875,265.0741882324219,6131188.0,0.0
POWERGRID.NS,2025-12-26,265.45001220703125,262.5030822753906,6029003.0,0.0
POWERGRID.NS,2025-12-29,260.6000061035156,257.7069396972656,7270521.0,0.0
POWERGRID.NS,2025-12-30,260.3500061035156,257.459716796875,10929200.0,0.0
POWERGRID.NS,2025-12-31,264.6000061035156,261.66253662109375,5145868.0,0.0
POWERGRID.NS,2026-01-01,266.79998779296875,263.83807373046875,4298196.0,0.0
POWERGRID.NS,2026-01-02,270.95001220703125,267.9420471191406,13348375.0,0.0
POWERGRID.NS,2026-01-05,271.6499938964844,268.6342468261719,11526602.0,0.0
POWERGRID.NS,2026-01-06,268.54998779296875,265.56866455078125,11777253.0,0.0
POWERGRID.NS,2026-01-07,264.1000061035156,261.1680603027344,14877056.0,0.0
POWERGRID.NS,2026-01-08,259.29998779296875,256.4213562011719,11762204.0,0.0
POWERGRID.NS,2026-01-09,258.0,255.1357879638672,14100782.0,0.0
POWERGRID.NS,2026-01-12,258.54998779296875,255.67967224121094,9698555.0,0.0
POWERGRID.NS,2026-01-13,258.79998779296875,255.92689514160156,9734559.0,0.0
POWERGRID.NS,2026-01-14,258.3500061035156,255.48190307617188,15435341.0,0.0
POWERGRID.NS,2026-01-15,258.3500061035156,255.48190307617188,0.0,0.0
POWERGRID.NS,2026-01-16,257.29998779296875,254.44354248046875,9648251.0,0.0
POWERGRID.NS,2026-01-19,257.6499938964844,254.7896728515625,10588722.0,0.0
POWERGRID.NS,2026-01-20,254.0500030517578,251.22964477539062,12452441.0,0.0
POWERGRID.NS,2026-01-21,255.8000030517578,252.96022033691406,14263346.0,0.0
POWERGRID.NS,2026-01-22,259.25,256.3719177246094,15520530.0,0.0
POWERGRID.NS,2026-01-23,254.14999389648438,251.32852172851562,18022018.0,0.0
POWERGRID.NS,2026-01-27,254.35000610351562,251.52630615234375,17375059.0,0.0
POWERGRID.NS,2026-01-28,259.79998779296875,256.9158020019531,16046343.0,0.0
POWERGRID.NS,2026-01-29,260.5,257.6080322265625,26914029.0,0.0
POWERGRID.NS,2026-01-30,256.5,253.65243530273438,23292764.0,0.0
POWERGRID.NS,2026-02-02,270.3999938964844,267.39813232421875,37109237.0,0.0
POWERGRID.NS,2026-02-03,283.20001220703125,280.0560302734375,52651170.0,0.0
POWERGRID.NS,2026-02-04,289.3999938964844,286.18719482421875,27775044.0,0.0
POWERGRID.NS,2026-02-05,289.3500061035156,286.13775634765625,9870342.0,0.0
POWERGRID.NS,2026-02-06,292.75,289.5,19951107.0,0.0
POWERGRID.NS,2026-02-09,289.75,289.75,13114576.0,0.0
POWERGRID.NS,2026-02-10,294.3500061035156,294.3500061035156,21823214.0,0.0
POWERGRID.NS,2026-02-11,294.45001220703125,294.45001220703125,10508139.0,0.0
RELIANCE.NS,2025-02-11,1234.8499755859375,1229.937744140625,8859714.0,0.0
RELIANCE.NS,2025-02-12,1216.550048828125,1211.7105712890625,21131654.0,0.0
RELIANCE.NS,2025-02-13,1216.0999755859375,1211.2623291015625,8511216.0,0.0
RELIANCE.NS,2025-02-14,1217.25,1212.40771484375,10298145.0,0.0
RELIANCE.NS,2025-02-17,1224.9000244140625,1220.02734375,8166683.0,0.0
RELIANCE.NS,2025-02-18,1225.4000244140625,1220.525390625,6673250.0,0.0
RELIANCE.NS,2025-02-19,1227.449951171875,1222.567138671875,6217338.0,0.0
RELIANCE.NS,2025-02-20,1233.0,1228.0950927734375,7795582.0,0.0
RELIANCE.NS,2025-02-21,1228.1500244140625,1223.264404296875,6904025.0,0.0
RELIANCE.NS,2025-02-24,1214.550048828125,1209.718505859375,7172498.0,0.0
RELIANCE.NS,2025-02-25,1204.0,1199.21044921875,11552182.0,0.0
RELIANCE.NS,2025-02-27,1207.0999755859375,1202.298095703125,11509215.0,0.0
RELIANCE.NS,2025-02-28,1200.0999755859375,1195.325927734375,23007298.0,0.0
RELIANCE.NS,2025-03-03,1171.25,1166.5906982421875,17944938.0,0.0
RELIANCE.NS,2025-03-04,1161.9000244140625,1157.2779541015625,11377373.0,0.0
RELIANCE.NS,2025-03-05,1175.5999755859375,1170.9234619140625,8664095.0,0.0
RELIANCE.NS,2025-03-06,1209.5999755859375,1204.7882080078125,14468014.0,0.0
RELIANCE.NS,2025-03-07,1249.800048828125,1244.828369140625,16474965.0,0.0
RELIANCE.NS,2025-03-10,1238.4000244140625,1233.4736328125,11931051.0,0.0
RELIANCE.NS,2025-03-11,1247.300048828125,1242.3382568359375,10089838.0,0.0
RELIANCE.NS,2025-03-12,1257.050048828125,1252.0494384765625,11977555.0,0.0
RELIANCE.NS,2025-03-13,1247.9000244140625,1242.9359130859375,9505270.0,0.0
RELIANCE.NS,2025-03-17,1238.8499755859375,1233.9217529296875,16640917.0,0.0
RELIANCE.NS,2025-03-18,1238.8499755859375,1233.9217529296875,0.0,0.0
RELIANCE.NS,2025-03-19,1247.1500244140625,1242.1888427734375,16162399.0,0.0
RELIANCE.NS,2025-03-20,1269.1500244140625,1264.101318359375,15971477.0,0.0
RELIANCE.NS,2025-03-21,1276.3499755859375,1271.2725830078125,21780769.0,0.0
RELIANCE.NS,2025-03-24,1302.0999755859375,1296.920166015625,20299319.0,0.0
RELIANCE.NS,2025-03-25,1285.449951171875,1280.33642578125,13713899.0,0.0
RELIANCE.NS,2025-03-26,1273.050048828125,1267.98583984375,12074747.0,0.0
RELIANCE.NS,2025-03-27,1278.199951171875,1273.115234375,15028056.0,0.0
RELIANCE.NS,2025-03-28,1275.0999755859375,1270.027587890625,18147129.0,0.0
RELIANCE.NS,2025-04-01,1252.5999755859375,1247.6170654296875,12099648.0,0.0
RELIANCE.NS,2025-04-02,1251.1500244140625,1246.1729736328125,10142590.0,0.0
RELIANCE.NS,2025-04-03,1248.699951171875,1243.732666015625,7434366.0,0.0
RELIANCE.NS,2025-04-04,1204.699951171875,1199.9075927734375,17908652.0,0.0
RELIANCE.NS,2025-04-07,1165.699951171875,1161.062744140625,22156106.0,0.0
RELIANCE.NS,2025-04-08,1182.199951171875,1177.4971923828125,19555040.0,0.0
RELIANCE.NS,2025-04-09,1185.3499755859375,1180.6346435546875,10223104.0,0.0
RELIANCE.NS,2025-04-11,1218.949951171875,1214.1009521484375,11224242.0,0.0
RELIANCE.NS,2025-04-15,1240.0999755859375,1235.1668701171875,13378535.0,0.0
RELIANCE.NS,2025-04-16,1239.300048828125,1234.3701171875,8248464.0,0.0
RELIANCE.NS,2025-04-17,1274.5,1269.4300537109375,15398401.0,0.0
RELIANCE.NS,2025-04-21,1295.5,1290.346435546875,10429964.0,0.0
RELIANCE.NS,2025-04-22,1291.199951171875,1286.0635986328125,13051707.0,0.0
RELIANCE.NS,2025-04-23,1300.0,1294.82861328125,10480888.0,0.0
RELIANCE.NS,2025-04-24,1301.5999755859375,1296.4222412109375,10468940.0,0.0
RELIANCE.NS,2025-04-25,1300.4000244140625,1295.22705078125,14431012.0,0.0
RELIANCE.NS,2025-04-28,1368.800048828125,1363.35498046875,31104496.0,0.0
RELIANCE.NS,2025-04-29,1399.699951171875,1394.1319580078125,32538970.0,0.0
RELIANCE.NS,2025-04-30,1405.0,1399.410888671875,25480745.0,0.0
RELIANCE.NS,2025-05-02,1419.800048828125,1414.152099609375,13007841.0,0.0
RELIANCE.NS,2025-05-05,1431.300048828125,1425.6063232421875,12685649.0,0.0
RELIANCE.NS,2025-05-06,1420.9000244140625,1415.2476806640625,14084117.0,0.0
RELIANCE.NS,2025-05-07,1406.0,1400.4068603515625,13440169.0,0.0
RELIANCE.NS,2025-05-08,1407.0,1401.4029541015625,16106175.0,0.0
RELIANCE.NS,2025-05-09,1377.199951171875,1371.721435546875,13668904.0,0.0
RELIANCE.NS,2025-05-12,1436.5,1430.7855224609375,10674081.0,0.0
RELIANCE.NS,2025-05-13,1415.699951171875,1410.0682373046875,11407896.0,0.0
RELIANCE.NS,2025-05-14,1424.4000244140625,1418.7337646484375,5570160.0,0.0
RELIANCE.NS,2025-05-15,1454.199951171875,1448.4151611328125,20177211.0,0.0
RELIANCE.NS,2025-05-16,1456.4000244140625,1450.6064453125,9036695.0,0.0
RELIANCE.NS,2025-05-19,1440.800048828125,1435.0684814453125,6195791.0,0.0
RELIANCE.NS,2025-05-20,1424.5999755859375,1418.932861328125,11270560.0,0.0
RELIANCE.NS,2025-05-21,1429.199951171875,1423.5145263671875,6136364.0,0.0
RELIANCE.NS,2025-05-22,1409.4000244140625,1403.79345703125,12134466.0,0.0
RELIANCE.NS,2025-05-23,1426.800048828125,1421.124267578125,6474883.0,0.0
RELIANCE.NS,2025-05-26,1434.800048828125,1429.0924072265625,4842944.0,0.0
RELIANCE.NS,2025-05-27,1422.0999755859375,1416.44287109375,12640414.0,0.0
RELIANCE.NS,2025-05-28,1412.9000244140625,1407.279541015625,5944611.0,0.0
RELIANCE.NS,2025-05-29,1417.800048828125,1412.1600341796875,13771917.0,0.0
RELIANCE.NS,2025-05-30,1420.9000244140625,1415.2476806640625,13788484.0,0.0
RELIANCE.NS,2025-06-02,1413.699951171875,1408.0762939453125,8098668.0,0.0
RELIANCE.NS,2025-06-03,1405.5,1399.908935546875,11252626.0,0.0
RELIANCE.NS,2025-06-04,1423.5,1417.8372802734375,8126827.0,0.0
RELIANCE.NS,2025-06-05,1442.4000244140625,1436.662109375,13716817.0,0.0
RELIANCE.NS,2025-06-06,1443.5,1437.7576904296875,8182161.0,0.0
RELIANCE.NS,2025-06-09,1448.800048828125,1443.0367431640625,7885125.0,0.0
RELIANCE.NS,2025-06-10,1438.5,1432.777587890625,7913181.0,0.0
RELIANCE.NS,2025-06-11,1448.9000244140625,1443.13623046875,8195700.0,0.0
RELIANCE.NS,2025-06-12,1441.5999755859375,1435.865234375,8828114.0,0.0
RELIANCE.NS,2025-06-13,1427.9000244140625,1422.2198486328125,9757276.0,0.0
RELIANCE.NS,2025-06-16,1437.800048828125,1432.0804443359375,8458093.0,0.0
RELIANCE.NS,2025-06-17,1431.199951171875,1425.506591796875,10366599.0,0.0
RELIANCE.NS,2025-06-18,1430.0999755859375,1424.4110107421875,6681735.0,0.0
RELIANCE.NS,2025-06-19,1433.300048828125,1427.598388671875,10007230.0,0.0
RELIANCE.NS,2025-06-20,1466.199951171875,1460.367431640625,29010635.0,0.0
RELIANCE.NS,2025-06-23,1456.800048828125,1451.0048828125,5989078.0,0.0
RELIANCE.NS,2025-06-24,1450.800048828125,1445.0286865234375,16402744.0,0.0
RELIANCE.NS,2025-06-25,1467.300048828125,1461.463134765625,7525851.0,0.0
RELIANCE.NS,2025-06-26,1495.300048828125,1489.3516845703125,14657893.0,0.0
RELIANCE.NS,2025-06-27,1515.4000244140625,1509.3717041015625,11117052.0,0.0
RELIANCE.NS,2025-06-30,1500.5999755859375,1494.630615234375,8409527.0,0.0
RELIANCE.NS,2025-07-01,1528.4000244140625,1522.320068359375,10368523.0,0.0
RELIANCE.NS,2025-07-02,1518.800048828125,1512.75830078125,6361002.0,0.0
RELIANCE.NS,2025-07-03,1517.800048828125,1511.76220703125,11283291.0,0.0
RELIANCE.NS,2025-07-04,1527.300048828125,1521.2244873046875,6603501.0,0.0
RELIANCE.NS,2025-07-07,1541.5,1535.367919921875,7251074.0,0.0
RELIANCE.NS,2025-07-08,1537.5999755859375,1531.4833984375,7171261.0,0.0
RELIANCE.NS,2025-07-09,1519.0,1512.9573974609375,8870660.0,0.0
RELIANCE.NS,2025-07-10,1517.199951171875,1511.16455078125,10047129.0,0.0
RELIANCE.NS,2025-07-11,1495.199951171875,1489.2520751953125,7234991.0,0.0
RELIANCE.NS,2025-07-14,1483.699951171875,1477.7977294921875,10311846.0,0.0
RELIANCE.NS,2025-07-15,1485.4000244140625,1479.4910888671875,8132454.0,0.0
RELIANCE.NS,2025-07-16,1485.5999755859375,1479.690185546875,10409983.0,0.0
RELIANCE.NS,2025-07-17,1476.4000244140625,1470.52685546875,11854613.0,0.0
RELIANCE.NS,2025-07-18,1476.0,1470.12841796875,10296318.0,0.0
RELIANCE.NS,2025-07-21,1428.5999755859375,1422.9169921875,22442744.0,0.0
RELIANCE.NS,2025-07-22,1412.800048828125,1407.179931640625,20396320.0,0.0
RELIANCE.NS,2025-07-23,1424.5999755859375,1418.932861328125,8354596.0,0.0
RELIANCE.NS,2025-07-24,1402.9000244140625,1397.3192138671875,14740507.0,0.0
RELIANCE.NS,2025-07-25,1391.699951171875,1386.1636962890625,11854722.0,0.0
RELIANCE.NS,2025-07-28,1387.5999755859375,1382.080078125,7748361.0,0.0
RELIANCE.NS,2025-07-29,1417.0999755859375,1411.4627685546875,10750072.0,0.0
RELIANCE.NS,2025-07-30,1410.0999755859375,1404.4906005859375,7209849.0,0.0
RELIANCE.NS,2025-07-31,1390.199951171875,1384.669677734375,17065827.0,0.0
RELIANCE.NS,2025-08-01,1393.699951171875,1388.15576171875,10321171.0,0.0
RELIANCE.NS,2025-08-04,1411.5,1405.885009765625,6312820.0,0.0
RELIANCE.NS,2025-08-05,1391.699951171875,1386.1636962890625,9315972.0,0.0
RELIANCE.NS,2025-08-06,1392.800048828125,1387.259521484375,5834312.0,0.0
RELIANCE.NS,2025-08-07,1389.4000244140625,1383.8729248046875,9976705.0,0.0
RELIANCE.NS,2025-08-08,1367.800048828125,1362.35888671875,8793606.0,0.0
RELIANCE.NS,2025-08-11,1386.199951171875,1380.6856689453125,9997486.0,0.0
RELIANCE.NS,2025-08-12,1380.4000244140625,1374.9088134765625,12244664.0,0.0
RELIANCE.NS,2025-08-13,1382.5999755859375,1377.0999755859375,7457021.0,0.0
RELIANCE.NS,2025-08-14,1373.800048828125,1373.800048828125,7126128.0,0.0
RELIANCE.NS,2025-08-18,1381.699951171875,1381.699951171875,11785109.0,0.0
RELIANCE.NS,2025-08-19,1420.0999755859375,1420.0999755859375,14384719.0,0.0
RELIANCE.NS,2025-08-20,1413.0,1413.0,8725641.0,0.0
RELIANCE.NS,2025-08-21,1424.800048828125,1424.800048828125,11021323.0,0.0
RELIANCE.NS,2025-08-22,1409.199951171875,1409.199951171875,5818868.0,0.0
RELIANCE.NS,2025-08-25,1412.5999755859375,1412.5999755859375,5979407.0,0.0
RELIANCE.NS,2025-08-26,1384.9000244140625,1384.9000244140625,12145259.0,0.0
RELIANCE.NS,2025-08-28,1385.9000244140625,1385.9000244140625,13161813.0,0.0
RELIANCE.NS,2025-08-29,1357.199951171875,1357.199951171875,18758842.0,0.0
RELIANCE.NS,2025-09-01,1353.9000244140625,1353.9000244140625,11232238.0,0.0
RELIANCE.NS,2025-09-02,1366.5,1366.5,11517006.0,0.0
RELIANCE.NS,2025-09-03,1372.5999755859375,1372.5999755859375,7847563.0,0.0
RELIANCE.NS,2025-09-04,1359.300048828125,1359.300048828125,13223177.0,0.0
RELIANCE.NS,2025-09-05,1375.0,1375.0,5777575.0,0.0
RELIANCE.NS,2025-09-08,1378.5,1378.5,6986720.0,0.0
RELIANCE.NS,2025-09-09,1376.199951171875,1376.199951171875,9754452.0,0.0
RELIANCE.NS,2025-09-10,1377.0,1377.0,7790815.0,0.0
RELIANCE.NS,2025-09-11,1383.300048828125,1383.300048828125,9766072.0,0.0
RELIANCE.NS,2025-09-12,1395.0,1395.0,7403368.0,0.0
RELIANCE.NS,2025-09-15,1399.300048828125,1399.300048828125,5396697.0,0.0
RELIANCE.NS,2025-09-16,1405.300048828125,1405.300048828125,8686961.0,0.0
RELIANCE.NS,2025-09-17,1413.800048828125,1413.800048828125,7519417.0,0.0
RELIANCE.NS,2025-09-18,1415.0,1415.0,9332642.0,0.0
RELIANCE.NS,2025-09-19,1407.4000244140625,1407.4000244140625,13461373.0,0.0
RELIANCE.NS,2025-09-22,1390.5999755859375,1390.5999755859375,7757970.0,0.0
RELIANCE.NS,2025-09-23,1389.800048828125,1389.800048828125,14014702.0,0.0
RELIANCE.NS,2025-09-24,1383.0,1383.0,5922759.0,0.0
RELIANCE.NS,2025-09-25,1372.4000244140625,1372.4000244140625,11411143.0,0.0
RELIANCE.NS,2025-09-26,1377.5999755859375,1377.5999755859375,9879109.0,0.0
RELIANCE.NS,2025-09-29,1372.800048828125,1372.800048828125,14231999.0,0.0
RELIANCE.NS,2025-09-30,1364.0,1364.0,14604684.0,0.0
RELIANCE.NS,2025-10-01,1368.699951171875,1368.699951171875,12045916.0,0.0
RELIANCE.NS,2025-10-03,1363.4000244140625,1363.4000244140625,12842347.0,0.0
RELIANCE.NS,2025-10-06,1375.0,1375.0,12396580.0,0.0
RELIANCE.NS,2025-10-07,1384.800048828125,1384.800048828125,11244040.0,0.0
RELIANCE.NS,2025-10-08,1367.4000244140625,1367.4000244140625,8525081.0,0.0
RELIANCE.NS,2025-10-09,1377.800048828125,1377.800048828125,8826633.0,0.0
RELIANCE.NS,2025-10-10,1381.699951171875,1381.699951171875,6373084.0,0.0
RELIANCE.NS,2025-10-13,1375.0,1375.0,7600682.0,0.0
RELIANCE.NS,2025-10-14,1375.9000244140625,1375.9000244140625,9768174.0,0.0
RELIANCE.NS,2025-10-15,1374.300048828125,1374.300048828125,10882743.0,0.0
RELIANCE.NS,2025-10-16,1398.300048828125,1398.300048828125,12315932.0,0.0
RELIANCE.NS,2025-10-17,1416.800048828125,1416.800048828125,19335561.0,0.0
RELIANCE.NS,2025-10-20,1466.800048828125,1466.800048828125,24721978.0,0.0
RELIANCE.NS,2025-10-21,1465.199951171875,1465.199951171875,2066169.0,0.0
RELIANCE.NS,2025-10-23,1448.4000244140625,1448.4000244140625,18707090.0,0.0
RELIANCE.NS,2025-10-24,1451.5999755859375,1451.5999755859375,9700837.0,0.0
RELIANCE.NS,2025-10-27,1484.0999755859375,1484.0999755859375,14113867.0,0.0
RELIANCE.NS,2025-10-28,1486.9000244140625,1486.9000244140625,17631577.0,0.0
RELIANCE.NS,2025-10-29,1504.199951171875,1504.199951171875,11884745.0,0.0
RELIANCE.NS,2025-10-30,1488.5,1488.5,9318663.0,0.0
RELIANCE.NS,2025-10-31,1486.4000244140625,1486.4000244140625,8758053.0,0.0
RELIANCE.NS,2025-11-03,1484.699951171875,1484.699951171875,8452085.0,0.0
RELIANCE.NS,2025-11-04,1473.0999755859375,1473.0999755859375,10007806.0,0.0
RELIANCE.NS,2025-11-06,1496.0999755859375,1496.0999755859375,16772678.0,0.0
RELIANCE.NS,2025-11-07,1478.0,1478.0,7821765.0,0.0
RELIANCE.NS,2025-11-10,1489.300048828125,1489.300048828125,7068438.0,0.0
RELIANCE.NS,2025-11-11,1493.4000244140625,1493.4000244140625,7127506.0,0.0
RELIANCE.NS,2025-11-12,1511.5,1511.5,12384459.0,0.0
RELIANCE.NS,2025-11-13,1510.9000244140625,1510.9000244140625,7196443.0,0.0
RELIANCE.NS,2025-11-14,1518.9000244140625,1518.9000244140625,7682823.0,0.0
RELIANCE.NS,2025-11-17,1518.300048828125,1518.300048828125,5871416.0,0.0
RELIANCE.NS,2025-11-18,1519.4000244140625,1519.4000244140625,11045042.0,0.0
RELIANCE.NS,2025-11-19,1518.9000244140625,1518.9000244140625,5692366.0,0.0
RELIANCE.NS,2025-11-20,1549.0999755859375,1549.0999755859375,18171724.0,0.0
RELIANCE.NS,2025-11-21,1546.5999755859375,1546.5999755859375,9615271.0,0.0
RELIANCE.NS,2025-11-24,1535.9000244140625,1535.9000244140625,18433951.0,0.0
RELIANCE.NS,2025-11-25,1539.699951171875,1539.699951171875,15033482.0,0.0
RELIANCE.NS,2025-11-26,1569.9000244140625,1569.9000244140625,14054299.0,0.0
RELIANCE.NS,2025-11-27,1563.4000244140625,1563.4000244140625,9794643.0,0.0
RELIANCE.NS,2025-11-28,1567.5,1567.5,8959508.0,0.0
RELIANCE.NS,2025-12-01,1566.0999755859375,1566.0999755859375,8920233.0,0.0
RELIANCE.NS,2025-12-02,1546.300048828125,1546.300048828125,11389150.0,0.0
RELIANCE.NS,2025-12-03,1538.800048828125,1538.800048828125,6090883.0,0.0
RELIANCE.NS,2025-12-04,1535.5999755859375,1535.5999755859375,11867930.0,0.0
RELIANCE.NS,2025-12-05,1540.5999755859375,1540.5999755859375,10183266.0,0.0
RELIANCE.NS,2025-12-08,1543.0,1543.0,11301491.0,0.0
RELIANCE.NS,2025-12-09,1529.4000244140625,1529.4000244140625,11503971.0,0.0
RELIANCE.NS,2025-12-10,1536.9000244140625,1536.9000244140625,7991629.0,0.0
RELIANCE.NS,2025-12-11,1545.0,1545.0,4706197.0,0.0
RELIANCE.NS,2025-12-12,1556.5,1556.5,5106655.0,0.0
RELIANCE.NS,2025-12-15,1556.199951171875,1556.199951171875,5774543.0,0.0
RELIANCE.NS,2025-12-16,1542.300048828125,1542.300048828125,11731856.0,0.0
RELIANCE.NS,2025-12-17,1544.4000244140625,1544.4000244140625,7116649.0,0.0
RELIANCE.NS,2025-12-18,1544.4000244140625,1544.4000244140625,6580829.0,0.0
RELIANCE.NS,2025-12-19,1565.0999755859375,1565.0999755859375,13937275.0,0.0
RELIANCE.NS,2025-12-22,1575.4000244140625,1575.4000244140625,10184852.0,0.0
RELIANCE.NS,2025-12-23,1570.699951171875,1570.699951171875,7506564.0,0.0
RELIANCE.NS,2025-12-24,1558.199951171875,1558.199951171875,8815745.0,0.0
RELIANCE.NS,2025-12-26,1559.199951171875,1559.199951171875,2311495.0,0.0
RELIANCE.NS,2025-12-29,1545.5999755859375,1545.5999755859375,5972105.0,0.0
RELIANCE.NS,2025-12-30,1539.800048828125,1539.800048828125,8815884.0,0.0
RELIANCE.NS,2025-12-31,1570.4000244140625,1570.4000244140625,5771830.0,0.0
RELIANCE.NS,2026-01-01,1575.5999755859375,1575.5999755859375,6408128.0,0.0
RELIANCE.NS,2026-01-02,1592.300048828125,1592.300048828125,6602230.0,0.0
RELIANCE.NS,2026-01-05,1578.0999755859375,1578.0999755859375,8704973.0,0.0
RELIANCE.NS,2026-01-06,1507.5999755859375,1507.5999755859375,27417125.0,0.0
RELIANCE.NS,2026-01-07,1504.199951171875,1504.199951171875,11199340.0,0.0
RELIANCE.NS,2026-01-08,1470.5999755859375,1470.5999755859375,16518684.0,0.0
RELIANCE.NS,2026-01-09,1475.300048828125,1475.300048828125,8335311.0,0.0
RELIANCE.NS,2026-01-12,1483.199951171875,1483.199951171875,8883745.0,0.0
RELIANCE.NS,2026-01-13,1452.800048828125,1452.800048828125,13499760.0,0.0
RELIANCE.NS,2026-01-14,1458.800048828125,1458.800048828125,8321764.0,0.0
RELIANCE.NS,2026-01-15,1458.800048828125,1458.800048828125,0.0,0.0
RELIANCE.NS,2026-01-16,1457.9000244140625,1457.9000244140625,17167161.0,0.0
RELIANCE.NS,2026-01-19,1413.5999755859375,1413.5999755859375,20392765.0,0.0
RELIANCE.NS,2026-01-20,1394.0,1394.0,13189498.0,0.0
RELIANCE.NS,2026-01-21,1404.5999755859375,1404.5999755859375,17352720.0,0.0
RELIANCE.NS,2026-01-22,1402.5,1402.5,15721693.0,0.0
RELIANCE.NS,2026-01-23,1386.0999755859375,1386.0999755859375,9837802.0,0.0
RELIANCE.NS,2026-01-27,1380.5,1380.5,26302396.0,0.0
RELIANCE.NS,2026-01-28,1396.699951171875,1396.699951171875,11121657.0,0.0
RELIANCE.NS,2026-01-29,1391.0,1391.0,20846683.0,0.0
RELIANCE.NS,2026-01-30,1395.4000244140625,1395.4000244140625,11239835.0,0.0
RELIANCE.NS,2026-02-02,1390.4000244140625,1390.4000244140625,15711165.0,0.0
RELIANCE.NS,2026-02-03,1437.0999755859375,1437.0999755859375,25456171.0,0.0
RELIANCE.NS,2026-02-04,1456.800048828125,1456.800048828125,8333387.0,0.0
RELIANCE.NS,2026-02-05,1443.4000244140625,1443.4000244140625,11763658.0,0.0
RELIANCE.NS,2026-02-06,1450.800048828125,1450.800048828125,8277304.0,0.0
RELIANCE.NS,2026-02-09,1461.5999755859375,1461.5999755859375,5775864.0,0.0
RELIANCE.NS,2026-02-10,1458.5,1458.5,10259630.0,0.0
RELIANCE.NS,2026-02-11,1468.699951171875,1468.699951171875,7106124.0,0.0
SBILIFE.NS,2025-02-11,1419.0,1416.304443359375,1448104.0,0.0
SBILIFE.NS,2025-02-12,1452.1500244140625,1449.3914794921875,1590502.0,0.0
SBILIFE.NS,2025-02-13,1470.5,1467.70654296875,983142.0,0.0
SBILIFE.NS,2025-02-14,1465.449951171875,1462.6661376953125,625676.0,0.0
SBILIFE.NS,2025-02-17,1476.199951171875,1473.3956298828125,717439.0,0.0
SBILIFE.NS,2025-02-18,1475.3499755859375,1472.54736328125,679042.0,0.0
SBILIFE.NS,2025-02-19,1475.5999755859375,1472.796875,391966.0,0.0
SBILIFE.NS,2025-02-20,1469.800048828125,1467.0079345703125,346720.0,0.0
SBILIFE.NS,2025-02-21,1495.4000244140625,1492.559326171875,1051158.0,0.0
SBILIFE.NS,2025-02-24,1486.5,1483.6761474609375,1116079.0,0.0
SBILIFE.NS,2025-02-25,1471.75,1468.9542236328125,964505.0,0.0
SBILIFE.NS,2025-02-27,1469.75,1466.9580078125,1421562.0,0.0
SBILIFE.NS,2025-02-28,1430.5,1427.7825927734375,2397364.0,0.0
SBILIFE.NS,2025-03-03,1408.5,1405.8243408203125,1056418.0,0.0
SBILIFE.NS,2025-03-04,1393.0999755859375,1390.45361328125,977231.0,0.0
SBILIFE.NS,2025-03-05,1420.699951171875,1418.0010986328125,1118219.0,0.0
SBILIFE.NS,2025-03-06,1421.300048828125,1418.60009765625,1606815.0,0.0
SBILIFE.NS,2025-03-07,1411.5999755859375,1411.5999755859375,901496.0,0.0
SBILIFE.NS,2025-03-10,1419.449951171875,1419.449951171875,1092967.0,0.0
SBILIFE.NS,2025-03-11,1417.25,1417.25,691907.0,0.0
SBILIFE.NS,2025-03-12,1409.0,1409.0,734156.0,0.0
SBILIFE.NS,2025-03-13,1385.550048828125,1385.550048828125,911321.0,0.0
SBILIFE.NS,2025-03-17,1434.25,1434.25,1352197.0,0.0
SBILIFE.NS,2025-03-18,1434.25,1434.25,0.0,0.0
SBILIFE.NS,2025-03-19,1484.9000244140625,1484.9000244140625,917293.0,0.0
SBILIFE.NS,2025-03-20,1498.3499755859375,1498.3499755859375,798992.0,0.0
SBILIFE.NS,2025-03-21,1546.4000244140625,1546.4000244140625,1977397.0,0.0
SBILIFE.NS,2025-03-24,1569.800048828125,1569.800048828125,1229003.0,0.0
SBILIFE.NS,2025-03-25,1557.199951171875,1557.199951171875,1241287.0,0.0
SBILIFE.NS,2025-03-26,1541.300048828125,1541.300048828125,1106876.0,0.0
SBILIFE.NS,2025-03-27,1544.9000244140625,1544.9000244140625,1405775.0,0.0
SBILIFE.NS,2025-03-28,1547.8499755859375,1547.8499755859375,1120169.0,0.0
SBILIFE.NS,2025-04-01,1545.25,1545.25,937836.0,0.0
SBILIFE.NS,2025-04-02,1559.8499755859375,1559.8499755859375,1876774.0,0.0
SBILIFE.NS,2025-04-03,1542.25,1542.25,373548.0,0.0
SBILIFE.NS,2025-04-04,1512.5999755859375,1512.5999755859375,826558.0,0.0
SBILIFE.NS,2025-04-07,1460.800048828125,1460.800048828125,916977.0,0.0
SBILIFE.NS,2025-04-08,1488.0,1488.0,2142568.0,0.0
SBILIFE.NS,2025-04-09,1481.6500244140625,1481.6500244140625,1047950.0,0.0
SBILIFE.NS,2025-04-11,1521.9000244140625,1521.9000244140625,1134200.0,0.0
SBILIFE.NS,2025-04-15,1562.5999755859375,1562.5999755859375,1363406.0,0.0
SBILIFE.NS,2025-04-16,1565.4000244140625,1565.4000244140625,784495.0,0.0
SBILIFE.NS,2025-04-17,1608.199951171875,1608.199951171875,1500299.0,0.0
SBILIFE.NS,2025-04-21,1628.5,1628.5,1016066.0,0.0
SBILIFE.NS,2025-04-22,1619.0,1619.0,1102055.0,0.0
SBILIFE.NS,2025-04-23,1615.5,1615.5,1136215.0,0.0
SBILIFE.NS,2025-04-24,1608.199951171875,1608.199951171875,857476.0,0.0
SBILIFE.NS,2025-04-25,1695.0999755859375,1695.0999755859375,10321746.0,0.0
SBILIFE.NS,2025-04-28,1736.0999755859375,1736.0999755859375,2100813.0,0.0
SBILIFE.NS,2025-04-29,1730.0999755859375,1730.0999755859375,2049847.0,0.0
SBILIFE.NS,2025-04-30,1765.800048828125,1765.800048828125,2031563.0,0.0
SBILIFE.NS,2025-05-02,1762.199951171875,1762.199951171875,902461.0,0.0
SBILIFE.NS,2025-05-05,1769.9000244140625,1769.9000244140625,947983.0,0.0
SBILIFE.NS,2025-05-06,1726.0,1726.0,1295777.0,0.0
SBILIFE.NS,2025-05-07,1744.5,1744.5,753313.0,0.0
SBILIFE.NS,2025-05-08,1731.5,1731.5,1107891.0,0.0
SBILIFE.NS,2025-05-09,1699.800048828125,1699.800048828125,1076900.0,0.0
SBILIFE.NS,2025-05-12,1751.5,1751.5,728808.0,0.0
SBILIFE.NS,2025-05-13,1740.0,1740.0,478541.0,0.0
SBILIFE.NS,2025-05-14,1755.199951171875,1755.199951171875,603108.0,0.0
SBILIFE.NS,2025-05-15,1784.5999755859375,1784.5999755859375,1318425.0,0.0
SBILIFE.NS,2025-05-16,1773.4000244140625,1773.4000244140625,696146.0,0.0
SBILIFE.NS,2025-05-19,1770.0,1770.0,288530.0,0.0
SBILIFE.NS,2025-05-20,1757.800048828125,1757.800048828125,529693.0,0.0
SBILIFE.NS,2025-05-21,1763.9000244140625,1763.9000244140625,521050.0,0.0
SBILIFE.NS,2025-05-22,1759.300048828125,1759.300048828125,1103303.0,0.0
SBILIFE.NS,2025-05-23,1798.699951171875,1798.699951171875,1067774.0,0.0
SBILIFE.NS,2025-05-26,1801.5999755859375,1801.5999755859375,633624.0,0.0
SBILIFE.NS,2025-05-27,1803.300048828125,1803.300048828125,1219984.0,0.0
SBILIFE.NS,2025-05-28,1807.4000244140625,1807.4000244140625,763018.0,0.0
SBILIFE.NS,2025-05-29,1825.0,1825.0,1189803.0,0.0
SBILIFE.NS,2025-05-30,1812.199951171875,1812.199951171875,1364259.0,0.0
SBILIFE.NS,2025-06-02,1802.5,1802.5,1238769.0,0.0
SBILIFE.NS,2025-06-03,1775.300048828125,1775.300048828125,1576208.0,0.0
SBILIFE.NS,2025-06-04,1775.9000244140625,1775.9000244140625,918721.0,0.0
SBILIFE.NS,2025-06-05,1774.800048828125,1774.800048828125,912222.0,0.0
SBILIFE.NS,2025-06-06,1780.5999755859375,1780.5999755859375,1589674.0,0.0
SBILIFE.NS,2025-06-09,1790.800048828125,1790.800048828125,1221496.0,0.0
SBILIFE.NS,2025-06-10,1785.5,1785.5,1400311.0,0.0
SBILIFE.NS,2025-06-11,1799.300048828125,1799.300048828125,1089930.0,0.0
SBILIFE.NS,2025-06-12,1766.0,1766.0,984693.0,0.0
SBILIFE.NS,2025-06-13,1755.199951171875,1755.199951171875,1774169.0,0.0
SBILIFE.NS,2025-06-16,1797.800048828125,1797.800048828125,728053.0,0.0
SBILIFE.NS,2025-06-17,1800.199951171875,1800.199951171875,557790.0,0.0
SBILIFE.NS,2025-06-18,1797.199951171875,1797.199951171875,349531.0,0.0
SBILIFE.NS,2025-06-19,1789.4000244140625,1789.4000244140625,537885.0,0.0
SBILIFE.NS,2025-06-20,1810.9000244140625,1810.9000244140625,1669329.0,0.0
SBILIFE.NS,2025-06-23,1818.5999755859375,1818.5999755859375,627282.0,0.0
SBILIFE.NS,2025-06-24,1843.0,1843.0,876488.0,0.0
SBILIFE.NS,2025-06-25,1842.699951171875,1842.699951171875,990856.0,0.0
SBILIFE.NS,2025-06-26,1860.800048828125,1860.800048828125,1147822.0,0.0
SBILIFE.NS,2025-06-27,1850.5999755859375,1850.5999755859375,6763121.0,0.0
SBILIFE.NS,2025-06-30,1838.300048828125,1838.300048828125,1362010.0,0.0
SBILIFE.NS,2025-07-01,1862.5,1862.5,667136.0,0.0
SBILIFE.NS,2025-07-02,1856.800048828125,1856.800048828125,1072946.0,0.0
SBILIFE.NS,2025-07-03,1810.199951171875,1810.199951171875,916863.0,0.0
SBILIFE.NS,2025-07-04,1799.699951171875,1799.699951171875,685665.0,0.0
SBILIFE.NS,2025-07-07,1808.300048828125,1808.300048828125,376143.0,0.0
SBILIFE.NS,2025-07-08,1816.9000244140625,1816.9000244140625,616714.0,0.0
SBILIFE.NS,2025-07-09,1814.9000244140625,1814.9000244140625,597896.0,0.0
SBILIFE.NS,2025-07-10,1810.199951171875,1810.199951171875,1104366.0,0.0
SBILIFE.NS,2025-07-11,1835.199951171875,1835.199951171875,770854.0,0.0
SBILIFE.NS,2025-07-14,1851.300048828125,1851.300048828125,1231109.0,0.0
SBILIFE.NS,2025-07-15,1824.800048828125,1824.800048828125,1313007.0,0.0
SBILIFE.NS,2025-07-16,1829.0999755859375,1829.0999755859375,652826.0,0.0
SBILIFE.NS,2025-07-17,1802.800048828125,1802.800048828125,886192.0,0.0
SBILIFE.NS,2025-07-18,1788.4000244140625,1788.4000244140625,1600088.0,0.0
SBILIFE.NS,2025-07-21,1804.699951171875,1804.699951171875,481174.0,0.0
SBILIFE.NS,2025-07-22,1809.0,1809.0,578221.0,0.0
SBILIFE.NS,2025-07-23,1809.5,1809.5,555690.0,0.0
SBILIFE.NS,2025-07-24,1793.5999755859375,1793.5999755859375,928018.0,0.0
SBILIFE.NS,2025-07-25,1832.0999755859375,1832.0999755859375,1821229.0,0.0
SBILIFE.NS,2025-07-28,1850.5,1850.5,1182404.0,0.0
SBILIFE.NS,2025-07-29,1833.4000244140625,1833.4000244140625,585182.0,0.0
SBILIFE.NS,2025-07-30,1839.0999755859375,1839.0999755859375,480951.0,0.0
SBILIFE.NS,2025-07-31,1840.699951171875,1840.699951171875,1570804.0,0.0
SBILIFE.NS,2025-08-01,1796.199951171875,1796.199951171875,559870.0,0.0
SBILIFE.NS,2025-08-04,1831.5,1831.5,844169.0,0.0
SBILIFE.NS,2025-08-05,1857.0,1857.0,1251783.0,0.0
SBILIFE.NS,2025-08-06,1854.300048828125,1854.300048828125,816457.0,0.0
SBILIFE.NS,2025-08-07,1861.0999755859375,1861.0999755859375,742694.0,0.0
SBILIFE.NS,2025-08-08,1833.5999755859375,1833.5999755859375,779798.0,0.0
SBILIFE.NS,2025-08-11,1851.0,1851.0,455452.0,0.0
SBILIFE.NS,2025-08-12,1838.0,1838.0,627624.0,0.0
SBILIFE.NS,2025-08-13,1840.300048828125,1840.300048828125,570828.0,0.0
SBILIFE.NS,2025-08-14,1840.5999755859375,1840.5999755859375,468063.0,0.0
SBILIFE.NS,2025-08-18,1863.0,1863.0,1924632.0,0.0
SBILIFE.NS,2025-08-19,1854.0999755859375,1854.0999755859375,621923.0,0.0
SBILIFE.NS,2025-08-20,1858.5,1858.5,446416.0,0.0
SBILIFE.NS,2025-08-21,1877.300048828125,1877.300048828125,1316202.0,0.0
SBILIFE.NS,2025-08-22,1859.0,1859.0,605948.0,0.0
SBILIFE.NS,2025-08-25,1846.800048828125,1846.800048828125,613536.0,0.0
SBILIFE.NS,2025-08-26,1816.5999755859375,1816.5999755859375,669578.0,0.0
SBILIFE.NS,2025-08-28,1816.800048828125,1816.800048828125,948055.0,0.0
SBILIFE.NS,2025-08-29,1805.5,1805.5,801378.0,0.0
SBILIFE.NS,2025-09-01,1809.800048828125,1809.800048828125,530198.0,0.0
SBILIFE.NS,2025-09-02,1814.5,1814.5,388232.0,0.0
SBILIFE.NS,2025-09-03,1810.699951171875,1810.699951171875,1249945.0,0.0
SBILIFE.NS,2025-09-04,1791.0999755859375,1791.0999755859375,2151243.0,0.0
SBILIFE.NS,2025-09-05,1805.300048828125,1805.300048828125,757123.0,0.0
SBILIFE.NS,2025-09-08,1780.9000244140625,1780.9000244140625,1553347.0,0.0
SBILIFE.NS,2025-09-09,1805.699951171875,1805.699951171875,895295.0,0.0
SBILIFE.NS,2025-09-10,1833.699951171875,1833.699951171875,881560.0,0.0
SBILIFE.NS,2025-09-11,1814.199951171875,1814.199951171875,663203.0,0.0
SBILIFE.NS,2025-09-12,1830.199951171875,1830.199951171875,509725.0,0.0
SBILIFE.NS,2025-09-15,1822.199951171875,1822.199951171875,485383.0,0.0
SBILIFE.NS,2025-09-16,1818.800048828125,1818.800048828125,496743.0,0.0
SBILIFE.NS,2025-09-17,1804.0,1804.0,706812.0,0.0
SBILIFE.NS,2025-09-18,1821.800048828125,1821.800048828125,817549.0,0.0
SBILIFE.NS,2025-09-19,1841.699951171875,1841.699951171875,1633208.0,0.0
SBILIFE.NS,2025-09-22,1857.699951171875,1857.699951171875,1003774.0,0.0
SBILIFE.NS,2025-09-23,1819.4000244140625,1819.4000244140625,737343.0,0.0
SBILIFE.NS,2025-09-24,1817.0999755859375,1817.0999755859375,507030.0,0.0
SBILIFE.NS,2025-09-25,1809.800048828125,1809.800048828125,1003709.0,0.0
SBILIFE.NS,2025-09-26,1798.800048828125,1798.800048828125,1561042.0,0.0
SBILIFE.NS,2025-09-29,1788.699951171875,1788.699951171875,1003806.0,0.0
SBILIFE.NS,2025-09-30,1790.5999755859375,1790.5999755859375,1668918.0,0.0
SBILIFE.NS,2025-10-01,1801.0999755859375,1801.0999755859375,704858.0,0.0
SBILIFE.NS,2025-10-03,1785.0999755859375,1785.0999755859375,715403.0,0.0
SBILIFE.NS,2025-10-06,1770.9000244140625,1770.9000244140625,1560572.0,0.0
SBILIFE.NS,2025-10-07,1784.0999755859375,1784.0999755859375,859968.0,0.0
SBILIFE.NS,2025-10-08,1772.9000244140625,1772.9000244140625,1323877.0,0.0
SBILIFE.NS,2025-10-09,1809.800048828125,1809.800048828125,848466.0,0.0
SBILIFE.NS,2025-10-10,1810.4000244140625,1810.4000244140625,1097936.0,0.0
SBILIFE.NS,2025-10-13,1815.300048828125,1815.300048828125,409793.0,0.0
SBILIFE.NS,2025-10-14,1816.199951171875,1816.199951171875,655909.0,0.0
SBILIFE.NS,2025-10-15,1840.5999755859375,1840.5999755859375,891713.0,0.0
SBILIFE.NS,2025-10-16,1835.699951171875,1835.699951171875,969316.0,0.0
SBILIFE.NS,2025-10-17,1844.0999755859375,1844.0999755859375,1183570.0,0.0
SBILIFE.NS,2025-10-20,1839.699951171875,1839.699951171875,590467.0,0.0
SBILIFE.NS,2025-10-21,1841.0,1841.0,41649.0,0.0
SBILIFE.NS,2025-10-23,1852.699951171875,1852.699951171875,543795.0,0.0
SBILIFE.NS,2025-10-24,1839.800048828125,1839.800048828125,517403.0,0.0
SBILIFE.NS,2025-10-27,1903.0999755859375,1903.0999755859375,2866910.0,0.0
SBILIFE.NS,2025-10-28,1936.800048828125,1936.800048828125,2166517.0,0.0
SBILIFE.NS,2025-10-29,1970.4000244140625,1970.4000244140625,2398496.0,0.0
SBILIFE.NS,2025-10-30,1968.4000244140625,1968.4000244140625,842738.0,0.0
SBILIFE.NS,2025-10-31,1955.699951171875,1955.699951171875,1167506.0,0.0
SBILIFE.NS,2025-11-03,1969.5999755859375,1969.5999755859375,687299.0,0.0
SBILIFE.NS,2025-11-04,1971.5,1971.5,664256.0,0.0
SBILIFE.NS,2025-11-06,1970.800048828125,1970.800048828125,1094086.0,0.0
SBILIFE.NS,2025-11-07,1998.9000244140625,1998.9000244140625,1241016.0,0.0
SBILIFE.NS,2025-11-10,1989.300048828125,1989.300048828125,1087154.0,0.0
SBILIFE.NS,2025-11-11,1997.300048828125,1997.300048828125,901898.0,0.0
SBILIFE.NS,2025-11-12,1996.699951171875,1996.699951171875,1006737.0,0.0
SBILIFE.NS,2025-11-13,1987.9000244140625,1987.9000244140625,671028.0,0.0
SBILIFE.NS,2025-11-14,2000.9000244140625,2000.9000244140625,678599.0,0.0
SBILIFE.NS,2025-11-17,1996.0,1996.0,726715.0,0.0
SBILIFE.NS,2025-11-18,1993.300048828125,1993.300048828125,855558.0,0.0
SBILIFE.NS,2025-11-19,2004.800048828125,2004.800048828125,894171.0,0.0
SBILIFE.NS,2025-11-20,2027.0999755859375,2027.0999755859375,805778.0,0.0
SBILIFE.NS,2025-11-21,2022.5,2022.5,506477.0,0.0
SBILIFE.NS,2025-11-24,2014.800048828125,2014.800048828125,2592739.0,0.0
SBILIFE.NS,2025-11-25,2031.0,2031.0,748087.0,0.0
SBILIFE.NS,2025-11-26,2029.0999755859375,2029.0999755859375,826123.0,0.0
SBILIFE.NS,2025-11-27,2004.5,2004.5,652128.0,0.0
SBILIFE.NS,2025-11-28,1966.0,1966.0,1011160.0,0.0
SBILIFE.NS,2025-12-01,1971.5999755859375,1971.5999755859375,483716.0,0.0
SBILIFE.NS,2025-12-02,1981.5,1981.5,942591.0,0.0
SBILIFE.NS,2025-12-03,1972.800048828125,1972.800048828125,515105.0,0.0
SBILIFE.NS,2025-12-04,2002.9000244140625,2002.9000244140625,660360.0,0.0
SBILIFE.NS,2025-12-05,2023.699951171875,2023.699951171875,749526.0,0.0
SBILIFE.NS,2025-12-08,2020.699951171875,2020.699951171875,1050200.0,0.0
SBILIFE.NS,2025-12-09,2006.199951171875,2006.199951171875,887191.0,0.0
SBILIFE.NS,2025-12-10,2014.5,2014.5,598172.0,0.0
SBILIFE.NS,2025-12-11,2006.9000244140625,2006.9000244140625,635250.0,0.0
SBILIFE.NS,2025-12-12,2025.9000244140625,2025.9000244140625,557472.0,0.0
SBILIFE.NS,2025-12-15,2034.9000244140625,2034.9000244140625,565860.0,0.0
SBILIFE.NS,2025-12-16,2036.0,2036.0,815797.0,0.0
SBILIFE.NS,2025-12-17,2010.199951171875,2010.199951171875,896027.0,0.0
SBILIFE.NS,2025-12-18,2014.4000244140625,2014.4000244140625,301399.0,0.0
SBILIFE.NS,2025-12-19,2028.4000244140625,2028.4000244140625,751874.0,0.0
SBILIFE.NS,2025-12-22,2022.300048828125,2022.300048828125,526892.0,0.0
SBILIFE.NS,2025-12-23,2024.800048828125,2024.800048828125,290105.0,0.0
SBILIFE.NS,2025-12-24,2025.4000244140625,2025.4000244140625,353971.0,0.0
SBILIFE.NS,2025-12-26,2019.0999755859375,2019.0999755859375,180039.0,0.0
SBILIFE.NS,2025-12-29,2009.800048828125,2009.800048828125,407998.0,0.0
SBILIFE.NS,2025-12-30,1995.5,1995.5,3166927.0,0.0
SBILIFE.NS,2025-12-31,2034.9000244140625,2034.9000244140625,751134.0,0.0
SBILIFE.NS,2026-01-01,2040.4000244140625,2040.4000244140625,235630.0,0.0
SBILIFE.NS,2026-01-02,2067.39990234375,2067.39990234375,472182.0,0.0
SBILIFE.NS,2026-01-05,2075.60009765625,2075.60009765625,788144.0,0.0
SBILIFE.NS,2026-01-06,2095.800048828125,2095.800048828125,618958.0,0.0
SBILIFE.NS,2026-01-07,2070.800048828125,2070.800048828125,1065734.0,0.0
SBILIFE.NS,2026-01-08,2082.89990234375,2082.89990234375,956736.0,0.0
SBILIFE.NS,2026-01-09,2070.0,2070.0,455165.0,0.0
SBILIFE.NS,2026-01-12,2098.0,2098.0,1051481.0,0.0
SBILIFE.NS,2026-01-13,2082.39990234375,2082.39990234375,425540.0,0.0
SBILIFE.NS,2026-01-14,2068.800048828125,2068.800048828125,942775.0,0.0
SBILIFE.NS,2026-01-15,2068.800048828125,2068.800048828125,0.0,0.0
SBILIFE.NS,2026-01-16,2081.0,2081.0,753887.0,0.0
SBILIFE.NS,2026-01-19,2073.699951171875,2073.699951171875,552463.0,0.0
SBILIFE.NS,2026-01-20,2049.10009765625,2049.10009765625,576100.0,0.0
SBILIFE.NS,2026-01-21,2055.39990234375,2055.39990234375,1014083.0,0.0
SBILIFE.NS,2026-01-22,2022.0,2022.0,1829617.0,0.0
SBILIFE.NS,2026-01-23,2002.5999755859375,2002.5999755859375,1128576.0,0.0
SBILIFE.NS,2026-01-27,2038.199951171875,2038.199951171875,1396624.0,0.0
SBILIFE.NS,2026-01-28,2053.199951171875,2053.199951171875,1391036.0,0.0
SBILIFE.NS,2026-01-29,1996.300048828125,1996.300048828125,3546891.0,0.0
SBILIFE.NS,2026-01-30,1998.5,1998.5,2050622.0,0.0
SBILIFE.NS,2026-02-02,2001.0,2001.0,1337964.0,0.0
SBILIFE.NS,2026-02-03,2002.0999755859375,2002.0999755859375,1915073.0,0.0
SBILIFE.NS,2026-02-04,2041.699951171875,2041.699951171875,1109824.0,0.0
SBILIFE.NS,2026-02-05,2017.800048828125,2017.800048828125,925742.0,0.0
SBILIFE.NS,2026-02-06,1996.699951171875,1996.699951171875,884292.0,0.0
SBILIFE.NS,2026-02-09,2024.0,2024.0,1266623.0,0.0
SBILIFE.NS,2026-02-10,2018.300048828125,2018.300048828125,570843.0,0.0
SBILIFE.NS,2026-02-11,2026.300048828125,2026.300048828125,662626.0,0.0
SHRIRAMFIN.NS,2025-02-11,538.5499877929688,532.8975219726562,6416783.0,0.0
SHRIRAMFIN.NS,2025-02-12,547.1500244140625,541.4073486328125,5467745.0,0.0
SHRIRAMFIN.NS,2025-02-13,548.6500244140625,542.8915405273438,5723009.0,0.0
SHRIRAMFIN.NS,2025-02-14,539.1500244140625,533.4912719726562,6763071.0,0.0
SHRIRAMFIN.NS,2025-02-17,550.3499755859375,544.5736694335938,4397756.0,0.0
SHRIRAMFIN.NS,2025-02-18,553.3499755859375,547.542236328125,2988732.0,0.0
SHRIRAMFIN.NS,2025-02-19,557.7999877929688,551.9454956054688,4066886.0,0.0
SHRIRAMFIN.NS,2025-02-20,580.8499755859375,574.7536010742188,7590778.0,0.0
SHRIRAMFIN.NS,2025-02-21,585.0999755859375,578.958984375,9328402.0,0.0
SHRIRAMFIN.NS,2025-02-24,577.2000122070312,571.1419067382812,4523171.0,0.0
SHRIRAMFIN.NS,2025-02-25,574.25,568.222900390625,6222936.0,0.0
SHRIRAMFIN.NS,2025-02-27,606.7999877929688,600.4312133789062,17099035.0,0.0
SHRIRAMFIN.NS,2025-02-28,617.2999877929688,610.821044921875,23771834.0,0.0
SHRIRAMFIN.NS,2025-03-03,621.2999877929688,614.779052734375,10284029.0,0.0
SHRIRAMFIN.NS,2025-03-04,632.9000244140625,626.25732421875,5369562.0,0.0
SHRIRAMFIN.NS,2025-03-05,631.2999877929688,624.674072265625,9532495.0,0.0
SHRIRAMFIN.NS,2025-03-06,644.3499755859375,637.5870971679688,8075827.0,0.0
SHRIRAMFIN.NS,2025-03-07,630.8499755859375,624.228759765625,5829062.0,0.0
SHRIRAMFIN.NS,2025-03-10,625.5999755859375,619.0338745117188,4906168.0,0.0
SHRIRAMFIN.NS,2025-03-11,638.25,631.5511474609375,6734891.0,0.0
SHRIRAMFIN.NS,2025-03-12,636.9500122070312,630.2648315429688,5378060.0,0.0
SHRIRAMFIN.NS,2025-03-13,619.5499877929688,613.04736328125,5273706.0,0.0
SHRIRAMFIN.NS,2025-03-17,623.25,616.7085571289062,4548324.0,0.0
SHRIRAMFIN.NS,2025-03-18,623.25,616.7085571289062,0.0,0.0
SHRIRAMFIN.NS,2025-03-19,667.9500122070312,660.9393920898438,9823834.0,0.0
SHRIRAMFIN.NS,2025-03-20,667.9000244140625,660.8899536132812,8747482.0,0.0
SHRIRAMFIN.NS,2025-03-21,676.7999877929688,669.696533203125,6365496.0,0.0
SHRIRAMFIN.NS,2025-03-24,682.0,674.8419189453125,4983671.0,0.0
SHRIRAMFIN.NS,2025-03-25,678.3499755859375,671.230224609375,5257157.0,0.0
SHRIRAMFIN.NS,2025-03-26,672.0,664.9468994140625,4792266.0,0.0
SHRIRAMFIN.NS,2025-03-27,678.5,671.378662109375,4628163.0,0.0
SHRIRAMFIN.NS,2025-03-28,656.0,649.1148071289062,6806264.0,0.0
SHRIRAMFIN.NS,2025-04-01,637.4500122070312,630.759521484375,7600903.0,0.0
SHRIRAMFIN.NS,2025-04-02,639.4000244140625,632.6891479492188,4387926.0,0.0
SHRIRAMFIN.NS,2025-04-03,654.1500244140625,647.2843017578125,3704676.0,0.0
SHRIRAMFIN.NS,2025-04-04,653.5999755859375,646.739990234375,5191619.0,0.0
SHRIRAMFIN.NS,2025-04-07,614.0,607.5556640625,15188995.0,0.0
SHRIRAMFIN.NS,2025-04-08,641.4500122070312,634.717529296875,10415072.0,0.0
SHRIRAMFIN.NS,2025-04-09,624.5499877929688,617.9949340820312,9235529.0,0.0
SHRIRAMFIN.NS,2025-04-11,638.7999877929688,632.0953369140625,7102851.0,0.0
SHRIRAMFIN.NS,2025-04-15,672.0,664.9468994140625,6085948.0,0.0
SHRIRAMFIN.NS,2025-04-16,676.0499877929688,668.9544067382812,6571065.0,0.0
SHRIRAMFIN.NS,2025-04-17,691.75,684.4896240234375,5771289.0,0.0
SHRIRAMFIN.NS,2025-04-21,703.0,695.6215209960938,6740583.0,0.0
SHRIRAMFIN.NS,2025-04-22,703.5,696.1163330078125,3672514.0,0.0
SHRIRAMFIN.NS,2025-04-23,703.9000244140625,696.5121459960938,5442424.0,0.0
SHRIRAMFIN.NS,2025-04-24,696.6500244140625,689.3381958007812,5010172.0,0.0
SHRIRAMFIN.NS,2025-04-25,655.2000122070312,648.3232421875,9784886.0,0.0
SHRIRAMFIN.NS,2025-04-28,622.0,615.4716796875,32221482.0,0.0
SHRIRAMFIN.NS,2025-04-29,614.7000122070312,608.2483520507812,10387632.0,0.0
SHRIRAMFIN.NS,2025-04-30,611.7000122070312,605.27978515625,7374108.0,0.0
SHRIRAMFIN.NS,2025-05-02,603.5999755859375,597.2647705078125,7749204.0,0.0
SHRIRAMFIN.NS,2025-05-05,628.8499755859375,622.249755859375,8616953.0,0.0
SHRIRAMFIN.NS,2025-05-06,623.4500122070312,616.906494140625,5098276.0,0.0
SHRIRAMFIN.NS,2025-05-07,636.6500244140625,629.9679565429688,5983998.0,0.0
SHRIRAMFIN.NS,2025-05-08,615.7999877929688,609.3367309570312,10052396.0,0.0
SHRIRAMFIN.NS,2025-05-09,601.4500122070312,595.1373291015625,5637324.0,0.0
SHRIRAMFIN.NS,2025-05-12,645.9500122070312,639.1703491210938,9560644.0,0.0
SHRIRAMFIN.NS,2025-05-13,633.5999755859375,626.9498901367188,5748439.0,0.0
SHRIRAMFIN.NS,2025-05-14,651.9500122070312,645.1073608398438,9324793.0,0.0
SHRIRAMFIN.NS,2025-05-15,674.7999877929688,667.717529296875,9817422.0,0.0
SHRIRAMFIN.NS,2025-05-16,665.5,658.51513671875,5415727.0,0.0
SHRIRAMFIN.NS,2025-05-19,677.7999877929688,670.68603515625,4356035.0,0.0
SHRIRAMFIN.NS,2025-05-20,658.3499755859375,651.4401245117188,7035801.0,0.0
SHRIRAMFIN.NS,2025-05-21,658.0,651.0938720703125,7986603.0,0.0
SHRIRAMFIN.NS,2025-05-22,649.75,642.930419921875,6840583.0,0.0
SHRIRAMFIN.NS,2025-05-23,659.8499755859375,652.9243774414062,3128629.0,0.0
SHRIRAMFIN.NS,2025-05-26,664.5,657.525634765625,2963171.0,0.0
SHRIRAMFIN.NS,2025-05-27,661.9000244140625,654.9529418945312,2493252.0,0.0
SHRIRAMFIN.NS,2025-05-28,655.7000122070312,648.8179931640625,3244100.0,0.0
SHRIRAMFIN.NS,2025-05-29,652.25,645.4041748046875,4173868.0,0.0
SHRIRAMFIN.NS,2025-05-30,639.3499755859375,632.6395874023438,6693573.0,0.0
SHRIRAMFIN.NS,2025-06-02,642.5499877929688,635.8059692382812,4344402.0,0.0
SHRIRAMFIN.NS,2025-06-03,648.25,641.4461669921875,5336167.0,0.0
SHRIRAMFIN.NS,2025-06-04,641.2000122070312,634.47021484375,6290382.0,0.0
SHRIRAMFIN.NS,2025-06-05,651.4500122070312,644.6126098632812,4542850.0,0.0
SHRIRAMFIN.NS,2025-06-06,688.25,681.0263671875,20115034.0,0.0
SHRIRAMFIN.NS,2025-06-09,698.0,690.6740112304688,11413586.0,0.0
SHRIRAMFIN.NS,2025-06-10,700.4000244140625,693.048828125,6453133.0,0.0
SHRIRAMFIN.NS,2025-06-11,686.0499877929688,678.8494262695312,4586055.0,0.0
SHRIRAMFIN.NS,2025-06-12,668.0499877929688,661.038330078125,4970089.0,0.0
SHRIRAMFIN.NS,2025-06-13,667.1500244140625,660.1478271484375,4687026.0,0.0
SHRIRAMFIN.NS,2025-06-16,676.1500244140625,669.0534057617188,6882573.0,0.0
SHRIRAMFIN.NS,2025-06-17,665.0,658.0203857421875,2390137.0,0.0
SHRIRAMFIN.NS,2025-06-18,662.0999755859375,655.1508178710938,3352972.0,0.0
SHRIRAMFIN.NS,2025-06-19,652.2000122070312,645.354736328125,3342726.0,0.0
SHRIRAMFIN.NS,2025-06-20,666.3499755859375,659.356201171875,7441267.0,0.0
SHRIRAMFIN.NS,2025-06-23,661.6500244140625,654.70556640625,4243520.0,0.0
SHRIRAMFIN.NS,2025-06-24,676.0499877929688,668.9544067382812,4823566.0,0.0
SHRIRAMFIN.NS,2025-06-25,675.0999755859375,668.0143432617188,3211981.0,0.0
SHRIRAMFIN.NS,2025-06-26,703.2000122070312,695.8194580078125,19068571.0,0.0
SHRIRAMFIN.NS,2025-06-27,699.9500122070312,692.6035766601562,7554681.0,0.0
SHRIRAMFIN.NS,2025-06-30,706.8499755859375,699.4310913085938,3721603.0,0.0
SHRIRAMFIN.NS,2025-07-01,696.4500122070312,689.1402587890625,3524637.0,0.0
SHRIRAMFIN.NS,2025-07-02,676.9000244140625,669.7954711914062,3288839.0,0.0
SHRIRAMFIN.NS,2025-07-03,675.4000244140625,668.3112182617188,6014549.0,0.0
SHRIRAMFIN.NS,2025-07-04,676.1500244140625,669.0534057617188,3843226.0,0.0
SHRIRAMFIN.NS,2025-07-07,671.2999877929688,664.2542724609375,1770086.0,0.0
SHRIRAMFIN.NS,2025-07-08,668.9500122070312,661.9288940429688,2820100.0,0.0
SHRIRAMFIN.NS,2025-07-09,681.0499877929688,673.90185546875,3560120.0,0.0
SHRIRAMFIN.NS,2025-07-10,671.75,664.6995239257812,3035156.0,0.0
SHRIRAMFIN.NS,2025-07-11,668.25,664.2025756835938,4931083.0,0.0
SHRIRAMFIN.NS,2025-07-14,669.75,665.6934814453125,2832157.0,0.0
SHRIRAMFIN.NS,2025-07-15,684.4500122070312,680.304443359375,3786182.0,0.0
SHRIRAMFIN.NS,2025-07-16,668.3499755859375,664.3019409179688,9358644.0,0.0
SHRIRAMFIN.NS,2025-07-17,665.4500122070312,661.4194946289062,2671888.0,0.0
SHRIRAMFIN.NS,2025-07-18,645.5,641.59033203125,6570609.0,0.0
SHRIRAMFIN.NS,2025-07-21,655.6500244140625,651.6788940429688,4980207.0,0.0
SHRIRAMFIN.NS,2025-07-22,640.1500244140625,636.2727661132812,4671422.0,0.0
SHRIRAMFIN.NS,2025-07-23,654.0499877929688,650.0885620117188,5191770.0,0.0
SHRIRAMFIN.NS,2025-07-24,633.5499877929688,629.7127075195312,7248079.0,0.0
SHRIRAMFIN.NS,2025-07-25,615.8499755859375,612.1199340820312,16922561.0,0.0
SHRIRAMFIN.NS,2025-07-28,633.4500122070312,629.6133422851562,11583112.0,0.0
SHRIRAMFIN.NS,2025-07-29,638.3499755859375,634.483642578125,6858651.0,0.0
SHRIRAMFIN.NS,2025-07-30,632.7999877929688,628.9672241210938,6024759.0,0.0
SHRIRAMFIN.NS,2025-07-31,630.8499755859375,627.029052734375,6481051.0,0.0
SHRIRAMFIN.NS,2025-08-01,614.2000122070312,610.4799194335938,3528632.0,0.0
SHRIRAMFIN.NS,2025-08-04,624.9000244140625,621.1151123046875,2955463.0,0.0
SHRIRAMFIN.NS,2025-08-05,630.0999755859375,626.2835693359375,3996694.0,0.0
SHRIRAMFIN.NS,2025-08-06,630.5999755859375,626.7805786132812,4763826.0,0.0
SHRIRAMFIN.NS,2025-08-07,627.3499755859375,623.5502319335938,3482599.0,0.0
SHRIRAMFIN.NS,2025-08-08,609.6500244140625,605.95751953125,5493423.0,0.0
SHRIRAMFIN.NS,2025-08-11,617.5999755859375,613.8593139648438,3348109.0,0.0
SHRIRAMFIN.NS,2025-08-12,611.9000244140625,608.19384765625,2787285.0,0.0
SHRIRAMFIN.NS,2025-08-13,619.25,615.4993286132812,5325700.0,0.0
SHRIRAMFIN.NS,2025-08-14,616.4500122070312,612.71630859375,4279172.0,0.0
SHRIRAMFIN.NS,2025-08-18,626.7999877929688,623.0036010742188,5265058.0,0.0
SHRIRAMFIN.NS,2025-08-19,626.3499755859375,622.5563354492188,4765094.0,0.0
SHRIRAMFIN.NS,2025-08-20,616.2999877929688,612.5671997070312,5710611.0,0.0
SHRIRAMFIN.NS,2025-08-21,619.7999877929688,616.0460205078125,3993795.0,0.0
SHRIRAMFIN.NS,2025-08-22,615.8499755859375,612.1199340820312,3496256.0,0.0
SHRIRAMFIN.NS,2025-08-25,620.8499755859375,617.089599609375,6850166.0,0.0
SHRIRAMFIN.NS,2025-08-26,594.7000122070312,591.0980224609375,18048586.0,0.0
SHRIRAMFIN.NS,2025-08-28,571.6500244140625,568.1876831054688,20025147.0,0.0
SHRIRAMFIN.NS,2025-08-29,580.25,576.7355346679688,12236788.0,0.0
SHRIRAMFIN.NS,2025-09-01,588.5999755859375,585.0349731445312,3886326.0,0.0
SHRIRAMFIN.NS,2025-09-02,584.5999755859375,581.0592041015625,4136915.0,0.0
SHRIRAMFIN.NS,2025-09-03,586.2999877929688,582.7489013671875,6612194.0,0.0
SHRIRAMFIN.NS,2025-09-04,585.7999877929688,582.251953125,5054056.0,0.0
SHRIRAMFIN.NS,2025-09-05,592.5,588.911376953125,4166734.0,0.0
SHRIRAMFIN.NS,2025-09-08,596.75,593.1356201171875,2968301.0,0.0
SHRIRAMFIN.NS,2025-09-09,595.0,591.396240234375,3947645.0,0.0
SHRIRAMFIN.NS,2025-09-10,604.7999877929688,601.1368408203125,4708224.0,0.0
SHRIRAMFIN.NS,2025-09-11,620.0499877929688,616.2944946289062,8412580.0,0.0
SHRIRAMFIN.NS,2025-09-12,632.8499755859375,629.0169677734375,10816255.0,0.0
SHRIRAMFIN.NS,2025-09-15,623.6500244140625,619.8726806640625,3643666.0,0.0
SHRIRAMFIN.NS,2025-09-16,618.0999755859375,614.3562622070312,4759255.0,0.0
SHRIRAMFIN.NS,2025-09-17,623.25,619.47509765625,4633747.0,0.0
SHRIRAMFIN.NS,2025-09-18,626.9000244140625,623.10302734375,4675034.0,0.0
SHRIRAMFIN.NS,2025-09-19,633.2000122070312,629.3648681640625,6415748.0,0.0
SHRIRAMFIN.NS,2025-09-22,627.8499755859375,624.0472412109375,2712596.0,0.0
SHRIRAMFIN.NS,2025-09-23,628.7999877929688,624.991455078125,3586451.0,0.0
SHRIRAMFIN.NS,2025-09-24,625.1500244140625,621.3636474609375,2129098.0,0.0
SHRIRAMFIN.NS,2025-09-25,612.7000122070312,608.989013671875,4280161.0,0.0
SHRIRAMFIN.NS,2025-09-26,606.0499877929688,602.3792724609375,3958021.0,0.0
SHRIRAMFIN.NS,2025-09-29,611.7999877929688,608.0944213867188,4098133.0,0.0
SHRIRAMFIN.NS,2025-09-30,616.0999755859375,612.368408203125,5882401.0,0.0
SHRIRAMFIN.NS,2025-10-01,648.7000122070312,644.77099609375,15107673.0,0.0
SHRIRAMFIN.NS,2025-10-03,645.7999877929688,641.8884887695312,7200543.0,0.0
SHRIRAMFIN.NS,2025-10-06,671.4500122070312,667.3831787109375,10343487.0,0.0
SHRIRAMFIN.NS,2025-10-07,666.7999877929688,662.7613525390625,3729360.0,0.0
SHRIRAMFIN.NS,2025-10-08,666.9000244140625,662.8607788085938,2870458.0,0.0
SHRIRAMFIN.NS,2025-10-09,669.0499877929688,664.9976806640625,2274108.0,0.0
SHRIRAMFIN.NS,2025-10-10,665.0499877929688,661.0219116210938,2480723.0,0.0
SHRIRAMFIN.NS,2025-10-13,672.1500244140625,668.0789794921875,2469940.0,0.0
SHRIRAMFIN.NS,2025-10-14,674.4500122070312,670.364990234375,4731724.0,0.0
SHRIRAMFIN.NS,2025-10-15,677.1500244140625,673.0486450195312,4687947.0,0.0
SHRIRAMFIN.NS,2025-10-16,672.5,668.4268188476562,5309779.0,0.0
SHRIRAMFIN.NS,2025-10-17,675.5,671.4086303710938,3516617.0,0.0
SHRIRAMFIN.NS,2025-10-20,693.9500122070312,689.7468872070312,6170486.0,0.0
SHRIRAMFIN.NS,2025-10-21,695.25,691.0390014648438,674998.0,0.0
SHRIRAMFIN.NS,2025-10-23,709.6500244140625,705.351806640625,8911040.0,0.0
SHRIRAMFIN.NS,2025-10-24,715.4500122070312,711.11669921875,6036751.0,0.0
SHRIRAMFIN.NS,2025-10-27,719.5999755859375,715.2415161132812,8133230.0,0.0
SHRIRAMFIN.NS,2025-10-28,723.7000122070312,719.3167114257812,7071903.0,0.0
SHRIRAMFIN.NS,2025-10-29,738.4500122070312,733.9773559570312,10246214.0,0.0
SHRIRAMFIN.NS,2025-10-30,738.25,733.778564453125,6357608.0,0.0
SHRIRAMFIN.NS,2025-10-31,748.9000244140625,744.3640747070312,18363853.0,0.0
SHRIRAMFIN.NS,2025-11-03,796.4500122070312,791.6260986328125,26222030.0,0.0
SHRIRAMFIN.NS,2025-11-04,796.5,791.67578125,8543137.0,0.0
SHRIRAMFIN.NS,2025-11-06,792.5,787.7000122070312,10930939.0,0.0
SHRIRAMFIN.NS,2025-11-07,816.3499755859375,816.3499755859375,9765252.0,0.0
SHRIRAMFIN.NS,2025-11-10,821.0999755859375,821.0999755859375,8623863.0,0.0
SHRIRAMFIN.NS,2025-11-11,832.2999877929688,832.2999877929688,7336169.0,0.0
SHRIRAMFIN.NS,2025-11-12,822.5,822.5,4239741.0,0.0
SHRIRAMFIN.NS,2025-11-13,814.0,814.0,6048569.0,0.0
SHRIRAMFIN.NS,2025-11-14,809.2999877929688,809.2999877929688,5672058.0,0.0
SHRIRAMFIN.NS,2025-11-17,817.9000244140625,817.9000244140625,7386312.0,0.0
SHRIRAMFIN.NS,2025-11-18,820.2000122070312,820.2000122070312,6684086.0,0.0
SHRIRAMFIN.NS,2025-11-19,818.0499877929688,818.0499877929688,3711577.0,0.0
SHRIRAMFIN.NS,2025-11-20,826.5999755859375,826.5999755859375,3187958.0,0.0
SHRIRAMFIN.NS,2025-11-21,823.2999877929688,823.2999877929688,3831244.0,0.0
SHRIRAMFIN.NS,2025-11-24,828.2000122070312,828.2000122070312,8140579.0,0.0
SHRIRAMFIN.NS,2025-11-25,838.25,838.25,5418151.0,0.0
SHRIRAMFIN.NS,2025-11-26,856.5999755859375,856.5999755859375,7052927.0,0.0
SHRIRAMFIN.NS,2025-11-27,867.6500244140625,867.6500244140625,6752154.0,0.0
SHRIRAMFIN.NS,2025-11-28,851.6500244140625,851.6500244140625,8198342.0,0.0
SHRIRAMFIN.NS,2025-12-01,851.5499877929688,851.5499877929688,6330770.0,0.0
SHRIRAMFIN.NS,2025-12-02,843.4000244140625,843.4000244140625,5587375.0,0.0
SHRIRAMFIN.NS,2025-12-03,828.0999755859375,828.0999755859375,9931005.0,0.0
SHRIRAMFIN.NS,2025-12-04,828.1500244140625,828.1500244140625,11436899.0,0.0
SHRIRAMFIN.NS,2025-12-05,854.9000244140625,854.9000244140625,12137708.0,0.0
SHRIRAMFIN.NS,2025-12-08,834.25,834.25,4117973.0,0.0
SHRIRAMFIN.NS,2025-12-09,846.7000122070312,846.7000122070312,5737027.0,0.0
SHRIRAMFIN.NS,2025-12-10,837.25,837.25,3699625.0,0.0
SHRIRAMFIN.NS,2025-12-11,847.1500244140625,847.1500244140625,4213992.0,0.0
SHRIRAMFIN.NS,2025-12-12,848.0,848.0,6036788.0,0.0
SHRIRAMFIN.NS,2025-12-15,855.3499755859375,855.3499755859375,7193809.0,0.0
SHRIRAMFIN.NS,2025-12-16,848.4000244140625,848.4000244140625,5171831.0,0.0
SHRIRAMFIN.NS,2025-12-17,864.2000122070312,864.2000122070312,11621162.0,0.0
SHRIRAMFIN.NS,2025-12-18,869.4500122070312,869.4500122070312,12481529.0,0.0
SHRIRAMFIN.NS,2025-12-19,901.7000122070312,901.7000122070312,35297309.0,0.0
SHRIRAMFIN.NS,2025-12-22,934.8499755859375,934.8499755859375,31894463.0,0.0
SHRIRAMFIN.NS,2025-12-23,957.7999877929688,957.7999877929688,14632455.0,0.0
SHRIRAMFIN.NS,2025-12-24,973.7000122070312,973.7000122070312,10574513.0,0.0
SHRIRAMFIN.NS,2025-12-26,960.25,960.25,4739099.0,0.0
SHRIRAMFIN.NS,2025-12-29,955.5,955.5,4897735.0,0.0
SHRIRAMFIN.NS,2025-12-30,979.4000244140625,979.4000244140625,17757531.0,0.0
SHRIRAMFIN.NS,2025-12-31,996.2000122070312,996.2000122070312,9795995.0,0.0
SHRIRAMFIN.NS,2026-01-01,1019.7000122070312,1019.7000122070312,4289057.0,0.0
SHRIRAMFIN.NS,2026-01-02,1010.3499755859375,1010.3499755859375,5264026.0,0.0
SHRIRAMFIN.NS,2026-01-05,1003.3499755859375,1003.3499755859375,4603571.0,0.0
SHRIRAMFIN.NS,2026-01-06,1002.6500244140625,1002.6500244140625,4352915.0,0.0
SHRIRAMFIN.NS,2026-01-07,995.8499755859375,995.8499755859375,4191098.0,0.0
SHRIRAMFIN.NS,2026-01-08,992.9000244140625,992.9000244140625,3804564.0,0.0
SHRIRAMFIN.NS,2026-01-09,975.4000244140625,975.4000244140625,6949168.0,0.0
SHRIRAMFIN.NS,2026-01-12,972.7999877929688,972.7999877929688,5510203.0,0.0
SHRIRAMFIN.NS,2026-01-13,979.0499877929688,979.0499877929688,3860197.0,0.0
SHRIRAMFIN.NS,2026-01-14,981.0999755859375,981.0999755859375,3846614.0,0.0
SHRIRAMFIN.NS,2026-01-15,981.0999755859375,981.0999755859375,0.0,0.0
SHRIRAMFIN.NS,2026-01-16,995.4500122070312,995.4500122070312,13316550.0,0.0
SHRIRAMFIN.NS,2026-01-19,1010.3499755859375,1010.3499755859375,4908985.0,0.0
SHRIRAMFIN.NS,2026-01-20,987.5,987.5,6129218.0,0.0
SHRIRAMFIN.NS,2026-01-21,986.0,986.0,7042588.0,0.0
SHRIRAMFIN.NS,2026-01-22,1005.5,1005.5,7210572.0,0.0
SHRIRAMFIN.NS,2026-01-23,1003.5499877929688,1003.5499877929688,9023942.0,0.0
SHRIRAMFIN.NS,2026-01-27,1001.0499877929688,1001.0499877929688,7984660.0,0.0
SHRIRAMFIN.NS,2026-01-28,1018.7999877929688,1018.7999877929688,5587231.0,0.0
SHRIRAMFIN.NS,2026-01-29,1022.7999877929688,1022.7999877929688,6653822.0,0.0
SHRIRAMFIN.NS,2026-01-30,1020.0,1020.0,6464610.0,0.0
SHRIRAMFIN.NS,2026-02-02,962.0999755859375,962.0999755859375,13566710.0,0.0
SHRIRAMFIN.NS,2026-02-03,1000.4000244140625,1000.4000244140625,9880727.0,0.0
SHRIRAMFIN.NS,2026-02-04,998.7999877929688,998.7999877929688,4402517.0,0.0
SHRIRAMFIN.NS,2026-02-05,992.0,992.0,5775866.0,0.0
SHRIRAMFIN.NS,2026-02-06,1002.5,1002.5,3270421.0,0.0
SHRIRAMFIN.NS,2026-02-09,1062.699951171875,1062.699951171875,8667620.0,0.0
SHRIRAMFIN.NS,2026-02-10,1048.5999755859375,1048.5999755859375,4345362.0,0.0
SHRIRAMFIN.NS,2026-02-11,1056.800048828125,1056.800048828125,4898456.0,0.0
SBIN.NS,2025-02-11,731.0999755859375,716.7088012695312,13017060.0,0.0
SBIN.NS,2025-02-12,733.1500244140625,718.7184448242188,12697743.0,0.0
SBIN.NS,2025-02-13,727.6500244140625,713.3267211914062,12370571.0,0.0
SBIN.NS,2025-02-14,722.1500244140625,707.9349975585938,10417539.0,0.0
SBIN.NS,2025-02-17,727.7000122070312,713.375732421875,9093600.0,0.0
SBIN.NS,2025-02-18,725.7999877929688,711.5131225585938,8562003.0,0.0
SBIN.NS,2025-02-19,727.2999877929688,712.9835815429688,6766606.0,0.0
SBIN.NS,2025-02-20,729.7000122070312,715.3363647460938,7423268.0,0.0
SBIN.NS,2025-02-21,722.0,707.7879028320312,6571602.0,0.0
SBIN.NS,2025-02-24,716.4000244140625,702.2981567382812,6912148.0,0.0
SBIN.NS,2025-02-25,710.9000244140625,696.9064331054688,8599635.0,0.0
SBIN.NS,2025-02-27,703.9000244140625,690.0442504882812,12033139.0,0.0
SBIN.NS,2025-02-28,688.7999877929688,675.241455078125,15780609.0,0.0
SBIN.NS,2025-03-03,695.2999877929688,681.6134643554688,10598479.0,0.0
SBIN.NS,2025-03-04,716.0499877929688,701.9550170898438,14386214.0,0.0
SBIN.NS,2025-03-05,730.3499755859375,715.9735107421875,10409805.0,0.0
SBIN.NS,2025-03-06,732.0499877929688,717.6400756835938,10928847.0,0.0
SBIN.NS,2025-03-07,732.75,718.3262939453125,7246729.0,0.0
SBIN.NS,2025-03-10,728.9000244140625,714.5521240234375,7400109.0,0.0
SBIN.NS,2025-03-11,729.8499755859375,715.4833984375,5538789.0,0.0
SBIN.NS,2025-03-12,723.0499877929688,708.8172607421875,5547762.0,0.0
SBIN.NS,2025-03-13,727.8499755859375,713.5227661132812,5908337.0,0.0
SBIN.NS,2025-03-17,723.1500244140625,708.915283203125,5149563.0,0.0
SBIN.NS,2025-03-18,723.1500244140625,708.915283203125,0.0,0.0
SBIN.NS,2025-03-19,745.0999755859375,730.4331665039062,7604850.0,0.0
SBIN.NS,2025-03-20,749.5499877929688,734.7955932617188,6963197.0,0.0
SBIN.NS,2025-03-21,753.2000122070312,738.373779296875,9577327.0,0.0
SBIN.NS,2025-03-24,780.7999877929688,765.4304809570312,12095064.0,0.0
SBIN.NS,2025-03-25,772.8499755859375,757.636962890625,15190143.0,0.0
SBIN.NS,2025-03-26,764.0,748.961181640625,7711852.0,0.0
SBIN.NS,2025-03-27,772.2999877929688,757.0977783203125,15648616.0,0.0
SBIN.NS,2025-03-28,771.5,756.3135375976562,7628185.0,0.0
SBIN.NS,2025-04-01,771.7000122070312,756.5096435546875,7011125.0,0.0
SBIN.NS,2025-04-02,775.9500122070312,760.6759643554688,5458436.0,0.0
SBIN.NS,2025-04-03,779.2000122070312,763.8619995117188,7956680.0,0.0
SBIN.NS,2025-04-04,767.4500122070312,752.34326171875,8231194.0,0.0
SBIN.NS,2025-04-07,746.9000244140625,732.1978149414062,14923235.0,0.0
SBIN.NS,2025-04-08,768.5999755859375,753.4706420898438,12911288.0,0.0
SBIN.NS,2025-04-09,742.2000122070312,727.59033203125,11319387.0,0.0
SBIN.NS,2025-04-11,753.8499755859375,739.0109252929688,9360327.0,0.0
SBIN.NS,2025-04-15,763.5,748.4710083007812,7859090.0,0.0
SBIN.NS,2025-04-16,771.75,756.5586547851562,12536694.0,0.0
SBIN.NS,2025-04-17,797.4500122070312,781.7527465820312,27034818.0,0.0
SBIN.NS,2025-04-21,816.7000122070312,800.6238403320312,16398507.0,0.0
SBIN.NS,2025-04-22,822.4000244140625,806.211669921875,25117557.0,0.0
SBIN.NS,2025-04-23,813.4500122070312,797.4378051757812,12104382.0,0.0
SBIN.NS,2025-04-24,813.4000244140625,797.3887939453125,12713521.0,0.0
SBIN.NS,2025-04-25,798.6500244140625,782.9291381835938,13131038.0,0.0
SBIN.NS,2025-04-28,817.3499755859375,801.260986328125,11317611.0,0.0
SBIN.NS,2025-04-29,812.5499877929688,796.5554809570312,11283059.0,0.0
SBIN.NS,2025-04-30,788.6500244140625,773.1259765625,25635764.0,0.0
SBIN.NS,2025-05-02,796.7000122070312,781.0175170898438,14720184.0,0.0
SBIN.NS,2025-05-05,790.0,774.4494018554688,23986447.0,0.0
SBIN.NS,2025-05-06,774.0999755859375,758.8623657226562,18869468.0,0.0
SBIN.NS,2025-05-07,776.0999755859375,760.822998046875,15586266.0,0.0
SBIN.NS,2025-05-08,769.0,753.8627319335938,14491673.0,0.0
SBIN.NS,2025-05-09,779.25,763.9110107421875,13578216.0,0.0
SBIN.NS,2025-05-12,801.6500244140625,785.8701171875,15096824.0,0.0
SBIN.NS,2025-05-13,801.75,785.9680786132812,13909596.0,0.0
SBIN.NS,2025-05-14,800.7000122070312,784.9387817382812,9281719.0,0.0
SBIN.NS,2025-05-15,807.75,791.8499755859375,17058854.0,0.0
SBIN.NS,2025-05-16,792.0999755859375,792.0999755859375,14733924.0,0.0
SBIN.NS,2025-05-19,795.0,795.0,10666184.0,0.0
SBIN.NS,2025-05-20,785.6500244140625,785.6500244140625,11324667.0,0.0
SBIN.NS,2025-05-21,787.0999755859375,787.0999755859375,8206040.0,0.0
SBIN.NS,2025-05-22,785.25,785.25,7355826.0,0.0
SBIN.NS,2025-05-23,790.5,790.5,5534158.0,0.0
SBIN.NS,2025-05-26,794.4000244140625,794.4000244140625,4965466.0,0.0
SBIN.NS,2025-05-27,793.7000122070312,793.7000122070312,11995043.0,0.0
SBIN.NS,2025-05-28,796.5499877929688,796.5499877929688,6873519.0,0.0
SBIN.NS,2025-05-29,797.3499755859375,797.3499755859375,14034127.0,0.0
SBIN.NS,2025-05-30,812.2999877929688,812.2999877929688,22037314.0,0.0
SBIN.NS,2025-06-02,813.6500244140625,813.6500244140625,26891575.0,0.0
SBIN.NS,2025-06-03,809.7999877929688,809.7999877929688,14247597.0,0.0
SBIN.NS,2025-06-04,806.5,806.5,9607927.0,0.0
SBIN.NS,2025-06-05,806.0,806.0,13595507.0,0.0
SBIN.NS,2025-06-06,813.0499877929688,813.0499877929688,17163935.0,0.0
SBIN.NS,2025-06-09,820.0499877929688,820.0499877929688,12793040.0,0.0
SBIN.NS,2025-06-10,817.0499877929688,817.0499877929688,6560513.0,0.0
SBIN.NS,2025-06-11,815.0499877929688,815.0499877929688,7197825.0,0.0
SBIN.NS,2025-06-12,805.9500122070312,805.9500122070312,13448521.0,0.0
SBIN.NS,2025-06-13,792.3499755859375,792.3499755859375,11377117.0,0.0
SBIN.NS,2025-06-16,792.5,792.5,8085001.0,0.0
SBIN.NS,2025-06-17,792.2999877929688,792.2999877929688,7753156.0,0.0
SBIN.NS,2025-06-18,791.9000244140625,791.9000244140625,5710169.0,0.0
SBIN.NS,2025-06-19,785.0999755859375,785.0999755859375,11824333.0,0.0
SBIN.NS,2025-06-20,796.1500244140625,796.1500244140625,11367669.0,0.0
SBIN.NS,2025-06-23,790.2000122070312,790.2000122070312,5549253.0,0.0
SBIN.NS,2025-06-24,795.4000244140625,795.4000244140625,11402190.0,0.0
SBIN.NS,2025-06-25,800.0499877929688,800.0499877929688,6528324.0,0.0
SBIN.NS,2025-06-26,797.0499877929688,797.0499877929688,24704402.0,0.0
SBIN.NS,2025-06-27,805.4000244140625,805.4000244140625,19375990.0,0.0
SBIN.NS,2025-06-30,820.3499755859375,820.3499755859375,19652607.0,0.0
SBIN.NS,2025-07-01,820.2999877929688,820.2999877929688,11456405.0,0.0
SBIN.NS,2025-07-02,812.9000244140625,812.9000244140625,6661200.0,0.0
SBIN.NS,2025-07-03,807.0999755859375,807.0999755859375,7020403.0,0.0
SBIN.NS,2025-07-04,811.8499755859375,811.8499755859375,4319538.0,0.0
SBIN.NS,2025-07-07,806.8499755859375,806.8499755859375,4461783.0,0.0
SBIN.NS,2025-07-08,812.6500244140625,812.6500244140625,5935770.0,0.0
SBIN.NS,2025-07-09,810.9500122070312,810.9500122070312,4099112.0,0.0
SBIN.NS,2025-07-10,808.0,808.0,12178137.0,0.0
SBIN.NS,2025-07-11,808.6500244140625,808.6500244140625,6202372.0,0.0
SBIN.NS,2025-07-14,808.8499755859375,808.8499755859375,6938635.0,0.0
SBIN.NS,2025-07-15,816.4500122070312,816.4500122070312,9297645.0,0.0
SBIN.NS,2025-07-16,831.7000122070312,831.7000122070312,16458920.0,0.0
SBIN.NS,2025-07-17,829.0,829.0,23073718.0,0.0
SBIN.NS,2025-07-18,823.3499755859375,823.3499755859375,15387801.0,0.0
SBIN.NS,2025-07-21,824.2000122070312,824.2000122070312,8852594.0,0.0
SBIN.NS,2025-07-22,815.0,815.0,7851163.0,0.0
SBIN.NS,2025-07-23,820.6500244140625,820.6500244140625,15470390.0,0.0
SBIN.NS,2025-07-24,815.7000122070312,815.7000122070312,10118309.0,0.0
SBIN.NS,2025-07-25,806.5499877929688,806.5499877929688,6734439.0,0.0
SBIN.NS,2025-07-28,797.1500244140625,797.1500244140625,7734158.0,0.0
SBIN.NS,2025-07-29,799.2000122070312,799.2000122070312,7833759.0,0.0
SBIN.NS,2025-07-30,801.6500244140625,801.6500244140625,8743723.0,0.0
SBIN.NS,2025-07-31,796.5499877929688,796.5499877929688,11359112.0,0.0
SBIN.NS,2025-08-01,794.0,794.0,15468391.0,0.0
SBIN.NS,2025-08-04,795.7000122070312,795.7000122070312,8820724.0,0.0
SBIN.NS,2025-08-05,800.5999755859375,800.5999755859375,7381537.0,0.0
SBIN.NS,2025-08-06,805.1500244140625,805.1500244140625,7409396.0,0.0
SBIN.NS,2025-08-07,805.1500244140625,805.1500244140625,7091392.0,0.0
SBIN.NS,2025-08-08,804.2999877929688,804.2999877929688,15708181.0,0.0
SBIN.NS,2025-08-11,823.4500122070312,823.4500122070312,15236297.0,0.0
SBIN.NS,2025-08-12,820.5999755859375,820.5999755859375,7986728.0,0.0
SBIN.NS,2025-08-13,821.8499755859375,821.8499755859375,4447508.0,0.0
SBIN.NS,2025-08-14,826.5499877929688,826.5499877929688,7087573.0,0.0
SBIN.NS,2025-08-18,827.6500244140625,827.6500244140625,6138124.0,0.0
SBIN.NS,2025-08-19,830.4000244140625,830.4000244140625,5076681.0,0.0
SBIN.NS,2025-08-20,828.9500122070312,828.9500122070312,4493888.0,0.0
SBIN.NS,2025-08-21,825.7000122070312,825.7000122070312,4402511.0,0.0
SBIN.NS,2025-08-22,816.25,816.25,5097647.0,0.0
SBIN.NS,2025-08-25,816.4500122070312,816.4500122070312,5672898.0,0.0
SBIN.NS,2025-08-26,807.8499755859375,807.8499755859375,6997817.0,0.0
SBIN.NS,2025-08-28,801.9500122070312,801.9500122070312,7898436.0,0.0
SBIN.NS,2025-08-29,802.5,802.5,6861440.0,0.0
SBIN.NS,2025-09-01,806.0499877929688,806.0499877929688,5619805.0,0.0
SBIN.NS,2025-09-02,803.9000244140625,803.9000244140625,5075460.0,0.0
SBIN.NS,2025-09-03,812.1500244140625,812.1500244140625,4261589.0,0.0
SBIN.NS,2025-09-04,809.4000244140625,809.4000244140625,4471950.0,0.0
SBIN.NS,2025-09-05,806.5999755859375,806.5999755859375,5194842.0,0.0
SBIN.NS,2025-09-08,808.7999877929688,808.7999877929688,4614227.0,0.0
SBIN.NS,2025-09-09,808.8499755859375,808.8499755859375,4567272.0,0.0
SBIN.NS,2025-09-10,818.2000122070312,818.2000122070312,7285853.0,0.0
SBIN.NS,2025-09-11,823.6500244140625,823.6500244140625,7425055.0,0.0
SBIN.NS,2025-09-12,823.5499877929688,823.5499877929688,5078018.0,0.0
SBIN.NS,2025-09-15,824.75,824.75,3852494.0,0.0
SBIN.NS,2025-09-16,831.5499877929688,831.5499877929688,9467531.0,0.0
SBIN.NS,2025-09-17,857.1500244140625,857.1500244140625,17243938.0,0.0
SBIN.NS,2025-09-18,854.3499755859375,854.3499755859375,10400847.0,0.0
SBIN.NS,2025-09-19,862.3499755859375,862.3499755859375,15206426.0,0.0
SBIN.NS,2025-09-22,855.25,855.25,6594034.0,0.0
SBIN.NS,2025-09-23,870.5999755859375,870.5999755859375,14357863.0,0.0
SBIN.NS,2025-09-24,866.2000122070312,866.2000122070312,12840160.0,0.0
SBIN.NS,2025-09-25,861.1500244140625,861.1500244140625,8678821.0,0.0
SBIN.NS,2025-09-26,856.9500122070312,856.9500122070312,6959545.0,0.0
SBIN.NS,2025-09-29,870.75,870.75,22641712.0,0.0
SBIN.NS,2025-09-30,872.4500122070312,872.4500122070312,12831593.0,0.0
SBIN.NS,2025-10-01,864.0999755859375,864.0999755859375,10832384.0,0.0
SBIN.NS,2025-10-03,867.2999877929688,867.2999877929688,8019442.0,0.0
SBIN.NS,2025-10-06,874.0499877929688,874.0499877929688,7820352.0,0.0
SBIN.NS,2025-10-07,864.7000122070312,864.7000122070312,9242580.0,0.0
SBIN.NS,2025-10-08,858.25,858.25,7156112.0,0.0
SBIN.NS,2025-10-09,862.0999755859375,862.0999755859375,7020501.0,0.0
SBIN.NS,2025-10-10,880.6500244140625,880.6500244140625,13713015.0,0.0
SBIN.NS,2025-10-13,882.9500122070312,882.9500122070312,11923143.0,0.0
SBIN.NS,2025-10-14,876.9500122070312,876.9500122070312,7681973.0,0.0
SBIN.NS,2025-10-15,886.0999755859375,886.0999755859375,8269225.0,0.0
SBIN.NS,2025-10-16,886.9500122070312,886.9500122070312,8493686.0,0.0
SBIN.NS,2025-10-17,889.1500244140625,889.1500244140625,8511854.0,0.0
SBIN.NS,2025-10-20,907.5,907.5,13546463.0,0.0
SBIN.NS,2025-10-21,907.8499755859375,907.8499755859375,1783576.0,0.0
SBIN.NS,2025-10-23,911.5499877929688,911.5499877929688,13382769.0,0.0
SBIN.NS,2025-10-24,904.5,904.5,5313227.0,0.0
SBIN.NS,2025-10-27,922.75,922.75,9150761.0,0.0
SBIN.NS,2025-10-28,930.25,930.25,22066289.0,0.0
SBIN.NS,2025-10-29,939.75,939.75,12314222.0,0.0
SBIN.NS,2025-10-30,934.3499755859375,934.3499755859375,13044473.0,0.0
SBIN.NS,2025-10-31,937.0,937.0,12078252.0,0.0
SBIN.NS,2025-11-03,949.7000122070312,949.7000122070312,11744735.0,0.0
SBIN.NS,2025-11-04,957.5999755859375,957.5999755859375,19154518.0,0.0
SBIN.NS,2025-11-06,960.75,960.75,23088096.0,0.0
SBIN.NS,2025-11-07,955.8499755859375,955.8499755859375,13371323.0,0.0
SBIN.NS,2025-11-10,951.1500244140625,951.1500244140625,7343249.0,0.0
SBIN.NS,2025-11-11,953.2999877929688,953.2999877929688,8648917.0,0.0
SBIN.NS,2025-11-12,957.1500244140625,957.1500244140625,7043323.0,0.0
SBIN.NS,2025-11-13,954.0,954.0,8894441.0,0.0
SBIN.NS,2025-11-14,967.8499755859375,967.8499755859375,11032927.0,0.0
SBIN.NS,2025-11-17,973.3499755859375,973.3499755859375,7415026.0,0.0
SBIN.NS,2025-11-18,972.4500122070312,972.4500122070312,6594686.0,0.0
SBIN.NS,2025-11-19,982.75,982.75,8291226.0,0.0
SBIN.NS,2025-11-20,981.5499877929688,981.5499877929688,6440857.0,0.0
SBIN.NS,2025-11-21,972.5999755859375,972.5999755859375,5377241.0,0.0
SBIN.NS,2025-11-24,970.5999755859375,970.5999755859375,9901946.0,0.0
SBIN.NS,2025-11-25,983.5999755859375,983.5999755859375,9140201.0,0.0
SBIN.NS,2025-11-26,983.9000244140625,983.9000244140625,13943490.0,0.0
SBIN.NS,2025-11-27,972.8499755859375,972.8499755859375,11909168.0,0.0
SBIN.NS,2025-11-28,979.0,979.0,8117842.0,0.0
SBIN.NS,2025-12-01,973.0999755859375,973.0999755859375,8808306.0,0.0
SBIN.NS,2025-12-02,967.2999877929688,967.2999877929688,13444314.0,0.0
SBIN.NS,2025-12-03,951.0499877929688,951.0499877929688,14051968.0,0.0
SBIN.NS,2025-12-04,948.0999755859375,948.0999755859375,13622724.0,0.0
SBIN.NS,2025-12-05,971.5,971.5,17347847.0,0.0
SBIN.NS,2025-12-08,956.4000244140625,956.4000244140625,15386438.0,0.0
SBIN.NS,2025-12-09,959.3499755859375,959.3499755859375,9580294.0,0.0
SBIN.NS,2025-12-10,959.75,959.75,6989178.0,0.0
SBIN.NS,2025-12-11,963.25,963.25,5979035.0,0.0
SBIN.NS,2025-12-12,963.1500244140625,963.1500244140625,5681930.0,0.0
SBIN.NS,2025-12-15,967.25,967.25,4416952.0,0.0
SBIN.NS,2025-12-16,961.1500244140625,961.1500244140625,4764786.0,0.0
SBIN.NS,2025-12-17,975.8499755859375,975.8499755859375,8013382.0,0.0
SBIN.NS,2025-12-18,977.5499877929688,977.5499877929688,4926879.0,0.0
SBIN.NS,2025-12-19,980.2999877929688,980.2999877929688,5376584.0,0.0
SBIN.NS,2025-12-22,974.2999877929688,974.2999877929688,5959037.0,0.0
SBIN.NS,2025-12-23,971.9000244140625,971.9000244140625,5123287.0,0.0
SBIN.NS,2025-12-24,968.9500122070312,968.9500122070312,4105643.0,0.0
SBIN.NS,2025-12-26,966.2999877929688,966.2999877929688,3286321.0,0.0
SBIN.NS,2025-12-29,965.0499877929688,965.0499877929688,5267233.0,0.0
SBIN.NS,2025-12-30,973.4500122070312,973.4500122070312,15030644.0,0.0
SBIN.NS,2025-12-31,982.2000122070312,982.2000122070312,5807630.0,0.0
SBIN.NS,2026-01-01,984.75,984.75,4328348.0,0.0
SBIN.NS,2026-01-02,998.9500122070312,998.9500122070312,7357435.0,0.0
SBIN.NS,2026-01-05,1005.5499877929688,1005.5499877929688,11259060.0,0.0
SBIN.NS,2026-01-06,1018.9000244140625,1018.9000244140625,9575742.0,0.0
SBIN.NS,2026-01-07,1007.1500244140625,1007.1500244140625,7896720.0,0.0
SBIN.NS,2026-01-08,998.0,998.0,6854268.0,0.0
SBIN.NS,2026-01-09,1000.5,1000.5,7809460.0,0.0
SBIN.NS,2026-01-12,1015.1500244140625,1015.1500244140625,7617922.0,0.0
SBIN.NS,2026-01-13,1028.449951171875,1028.449951171875,11016895.0,0.0
SBIN.NS,2026-01-14,1028.3499755859375,1028.3499755859375,7370514.0,0.0
SBIN.NS,2026-01-15,1028.3499755859375,1028.3499755859375,0.0,0.0
SBIN.NS,2026-01-16,1042.300048828125,1042.300048828125,11051580.0,0.0
SBIN.NS,2026-01-19,1038.4000244140625,1038.4000244140625,5460164.0,0.0
SBIN.NS,2026-01-20,1036.4000244140625,1036.4000244140625,8905718.0,0.0
SBIN.NS,2026-01-21,1028.6500244140625,1028.6500244140625,7408949.0,0.0
SBIN.NS,2026-01-22,1048.3499755859375,1048.3499755859375,12001641.0,0.0
SBIN.NS,2026-01-23,1029.5,1029.5,10917698.0,0.0
SBIN.NS,2026-01-27,1053.1500244140625,1053.1500244140625,14420630.0,0.0
SBIN.NS,2026-01-28,1063.5,1063.5,12171257.0,0.0
SBIN.NS,2026-01-29,1066.199951171875,1066.199951171875,14800724.0,0.0
SBIN.NS,2026-01-30,1077.1500244140625,1077.1500244140625,9480769.0,0.0
SBIN.NS,2026-02-02,1028.699951171875,1028.699951171875,14434549.0,0.0
SBIN.NS,2026-02-03,1064.199951171875,1064.199951171875,16129381.0,0.0
SBIN.NS,2026-02-04,1068.199951171875,1068.199951171875,7312276.0,0.0
SBIN.NS,2026-02-05,1073.5,1073.5,9551567.0,0.0
SBIN.NS,2026-02-06,1066.4000244140625,1066.4000244140625,7041557.0,0.0
SBIN.NS,2026-02-09,1146.0,1146.0,40852966.0,0.0
SBIN.NS,2026-02-10,1144.0999755859375,1144.0999755859375,17280036.0,0.0
SBIN.NS,2026-02-11,1182.9000244140625,1182.9000244140625,29488298.0,0.0
SUNPHARMA.NS,2025-02-11,1699.75,1683.239013671875,2779274.0,0.0
SUNPHARMA.NS,2025-02-12,1693.8499755859375,1677.3963623046875,1757284.0,0.0
SUNPHARMA.NS,2025-02-13,1746.3499755859375,1729.3863525390625,2750390.0,0.0
SUNPHARMA.NS,2025-02-14,1700.5,1683.981689453125,2123774.0,0.0
SUNPHARMA.NS,2025-02-17,1714.199951171875,1697.548583984375,2277889.0,0.0
SUNPHARMA.NS,2025-02-18,1701.5999755859375,1685.071044921875,2163972.0,0.0
SUNPHARMA.NS,2025-02-19,1676.5999755859375,1660.31396484375,2576319.0,0.0
SUNPHARMA.NS,2025-02-20,1669.300048828125,1653.0848388671875,1670915.0,0.0
SUNPHARMA.NS,2025-02-21,1643.75,1627.7830810546875,2244190.0,0.0
SUNPHARMA.NS,2025-02-24,1639.5,1623.5743408203125,2357441.0,0.0
SUNPHARMA.NS,2025-02-25,1613.5999755859375,1597.9259033203125,2836717.0,0.0
SUNPHARMA.NS,2025-02-27,1647.5,1631.49658203125,2744489.0,0.0
SUNPHARMA.NS,2025-02-28,1593.25,1577.7735595703125,3549979.0,0.0
SUNPHARMA.NS,2025-03-03,1585.0999755859375,1569.7027587890625,1425492.0,0.0
SUNPHARMA.NS,2025-03-04,1566.5,1551.283447265625,1717135.0,0.0
SUNPHARMA.NS,2025-03-05,1582.449951171875,1567.078369140625,2428171.0,0.0
SUNPHARMA.NS,2025-03-06,1614.0,1598.322021484375,2458676.0,0.0
SUNPHARMA.NS,2025-03-07,1609.300048828125,1593.667724609375,980890.0,0.0
SUNPHARMA.NS,2025-03-10,1611.5,1595.84619140625,1600589.0,0.0
SUNPHARMA.NS,2025-03-11,1655.300048828125,1639.2208251953125,3325416.0,0.0
SUNPHARMA.NS,2025-03-12,1676.8499755859375,1660.5615234375,2389362.0,0.0
SUNPHARMA.NS,2025-03-13,1683.449951171875,1667.097412109375,1666929.0,0.0
SUNPHARMA.NS,2025-03-17,1704.300048828125,1687.744873046875,2588408.0,0.0
SUNPHARMA.NS,2025-03-18,1704.300048828125,1687.744873046875,0.0,0.0
SUNPHARMA.NS,2025-03-19,1732.3499755859375,1715.5223388671875,2167448.0,0.0
SUNPHARMA.NS,2025-03-20,1750.25,1733.24853515625,1602232.0,0.0
SUNPHARMA.NS,2025-03-21,1784.5,1767.165771484375,2483162.0,0.0
SUNPHARMA.NS,2025-03-24,1784.800048828125,1767.462890625,1182084.0,0.0
SUNPHARMA.NS,2025-03-25,1764.75,1747.607666015625,1471028.0,0.0
SUNPHARMA.NS,2025-03-26,1758.949951171875,1741.8638916015625,1762361.0,0.0
SUNPHARMA.NS,2025-03-27,1731.449951171875,1714.6309814453125,3279881.0,0.0
SUNPHARMA.NS,2025-03-28,1734.699951171875,1717.8494873046875,1956781.0,0.0
SUNPHARMA.NS,2025-04-01,1698.3499755859375,1681.8526611328125,4142445.0,0.0
SUNPHARMA.NS,2025-04-02,1713.6500244140625,1697.0040283203125,3369489.0,0.0
SUNPHARMA.NS,2025-04-03,1770.0,1752.806640625,5715573.0,0.0
SUNPHARMA.NS,2025-04-04,1709.3499755859375,1692.7457275390625,5345276.0,0.0
SUNPHARMA.NS,2025-04-07,1666.3499755859375,1650.1634521484375,5715334.0,0.0
SUNPHARMA.NS,2025-04-08,1688.3499755859375,1671.9498291015625,2807382.0,0.0
SUNPHARMA.NS,2025-04-09,1652.199951171875,1636.15087890625,3481864.0,0.0
SUNPHARMA.NS,2025-04-11,1687.550048828125,1671.1575927734375,3801939.0,0.0
SUNPHARMA.NS,2025-04-15,1705.0,1688.43798828125,1993085.0,0.0
SUNPHARMA.NS,2025-04-16,1693.0999755859375,1676.653564453125,2205374.0,0.0
SUNPHARMA.NS,2025-04-17,1751.5,1734.486328125,2683908.0,0.0
SUNPHARMA.NS,2025-04-21,1744.9000244140625,1727.9505615234375,1539511.0,0.0
SUNPHARMA.NS,2025-04-22,1747.4000244140625,1730.42626953125,961907.0,0.0
SUNPHARMA.NS,2025-04-23,1788.800048828125,1771.424072265625,1471029.0,0.0
SUNPHARMA.NS,2025-04-24,1803.9000244140625,1786.37744140625,2101177.0,0.0
SUNPHARMA.NS,2025-04-25,1787.4000244140625,1770.0377197265625,2036801.0,0.0
SUNPHARMA.NS,2025-04-28,1841.5999755859375,1823.711181640625,3216482.0,0.0
SUNPHARMA.NS,2025-04-29,1805.5,1787.9617919921875,2886160.0,0.0
SUNPHARMA.NS,2025-04-30,1832.300048828125,1814.5015869140625,2667314.0,0.0
SUNPHARMA.NS,2025-05-02,1824.5999755859375,1806.8763427734375,1885257.0,0.0
SUNPHARMA.NS,2025-05-05,1836.5999755859375,1818.7596435546875,1219830.0,0.0
SUNPHARMA.NS,2025-05-06,1819.0999755859375,1801.4296875,1414772.0,0.0
SUNPHARMA.NS,2025-05-07,1781.300048828125,1763.996826171875,2015237.0,0.0
SUNPHARMA.NS,2025-05-08,1767.199951171875,1750.03369140625,2647871.0,0.0
SUNPHARMA.NS,2025-05-09,1744.800048828125,1727.8515625,1148956.0,0.0
SUNPHARMA.NS,2025-05-12,1686.199951171875,1669.8206787109375,9221075.0,0.0
SUNPHARMA.NS,2025-05-13,1700.0,1683.4866943359375,6988329.0,0.0
SUNPHARMA.NS,2025-05-14,1708.199951171875,1691.60693359375,1639324.0,0.0
SUNPHARMA.NS,2025-05-15,1740.0999755859375,1723.1971435546875,3880385.0,0.0
SUNPHARMA.NS,2025-05-16,1734.9000244140625,1718.0477294921875,1448249.0,0.0
SUNPHARMA.NS,2025-05-19,1730.199951171875,1713.3931884765625,2074023.0,0.0
SUNPHARMA.NS,2025-05-20,1707.800048828125,1691.2109375,2706777.0,0.0
SUNPHARMA.NS,2025-05-21,1731.800048828125,1714.977783203125,2754306.0,0.0
SUNPHARMA.NS,2025-05-22,1718.699951171875,1702.0048828125,2670554.0,0.0
SUNPHARMA.NS,2025-05-23,1683.5999755859375,1667.245849609375,8339783.0,0.0
SUNPHARMA.NS,2025-05-26,1676.0999755859375,1659.8187255859375,2282131.0,0.0
SUNPHARMA.NS,2025-05-27,1683.4000244140625,1667.0478515625,2800622.0,0.0
SUNPHARMA.NS,2025-05-28,1666.4000244140625,1650.2130126953125,2657712.0,0.0
SUNPHARMA.NS,2025-05-29,1699.800048828125,1683.28857421875,2377583.0,0.0
SUNPHARMA.NS,2025-05-30,1677.5999755859375,1661.30419921875,3640641.0,0.0
SUNPHARMA.NS,2025-06-02,1674.5999755859375,1658.333251953125,1819538.0,0.0
SUNPHARMA.NS,2025-06-03,1667.5,1651.30224609375,2556920.0,0.0
SUNPHARMA.NS,2025-06-04,1664.9000244140625,1648.7275390625,1700482.0,0.0
SUNPHARMA.NS,2025-06-05,1683.0999755859375,1666.750732421875,2037073.0,0.0
SUNPHARMA.NS,2025-06-06,1679.199951171875,1662.888671875,2500047.0,0.0
SUNPHARMA.NS,2025-06-09,1694.4000244140625,1677.9410400390625,2589656.0,0.0
SUNPHARMA.NS,2025-06-10,1688.800048828125,1672.3955078125,2369135.0,0.0
SUNPHARMA.NS,2025-06-11,1690.5999755859375,1674.1778564453125,1999978.0,0.0
SUNPHARMA.NS,2025-06-12,1687.4000244140625,1671.009033203125,3588365.0,0.0
SUNPHARMA.NS,2025-06-13,1687.800048828125,1671.4052734375,2404272.0,0.0
SUNPHARMA.NS,2025-06-16,1685.300048828125,1668.929443359375,2249326.0,0.0
SUNPHARMA.NS,2025-06-17,1650.199951171875,1634.1702880859375,5408285.0,0.0
SUNPHARMA.NS,2025-06-18,1648.0,1631.99169921875,1455885.0,0.0
SUNPHARMA.NS,2025-06-19,1647.5999755859375,1631.5955810546875,1696525.0,0.0
SUNPHARMA.NS,2025-06-20,1665.0999755859375,1648.9256591796875,2567882.0,0.0
SUNPHARMA.NS,2025-06-23,1662.5,1646.3509521484375,840643.0,0.0
SUNPHARMA.NS,2025-06-24,1661.699951171875,1645.55859375,2066326.0,0.0
SUNPHARMA.NS,2025-06-25,1669.5999755859375,1653.3819580078125,1372945.0,0.0
SUNPHARMA.NS,2025-06-26,1669.800048828125,1653.5799560546875,2102627.0,0.0
SUNPHARMA.NS,2025-06-27,1687.5999755859375,1671.20703125,5313904.0,0.0
SUNPHARMA.NS,2025-06-30,1675.699951171875,1659.422607421875,2160184.0,0.0
SUNPHARMA.NS,2025-07-01,1667.199951171875,1651.005126953125,3298070.0,0.0
SUNPHARMA.NS,2025-07-02,1677.5,1661.205078125,1611046.0,0.0
SUNPHARMA.NS,2025-07-03,1679.699951171875,1663.3836669921875,1553777.0,0.0
SUNPHARMA.NS,2025-07-04,1676.300048828125,1660.0169677734375,1264399.0,0.0
SUNPHARMA.NS,2025-07-07,1679.9000244140625,1669.05810546875,1550620.0,0.0
SUNPHARMA.NS,2025-07-08,1672.5,1661.7059326171875,1860328.0,0.0
SUNPHARMA.NS,2025-07-09,1669.4000244140625,1658.6259765625,2178705.0,0.0
SUNPHARMA.NS,2025-07-10,1662.5,1651.7703857421875,1741718.0,0.0
SUNPHARMA.NS,2025-07-11,1672.0,1661.2091064453125,1298302.0,0.0
SUNPHARMA.NS,2025-07-14,1682.5999755859375,1671.74072265625,1309704.0,0.0
SUNPHARMA.NS,2025-07-15,1727.5,1716.3509521484375,3332578.0,0.0
SUNPHARMA.NS,2025-07-16,1701.0,1690.02197265625,2285143.0,0.0
SUNPHARMA.NS,2025-07-17,1703.4000244140625,1692.406494140625,1461039.0,0.0
SUNPHARMA.NS,2025-07-18,1693.5999755859375,1682.669677734375,1253929.0,0.0
SUNPHARMA.NS,2025-07-21,1692.300048828125,1681.378173828125,2390289.0,0.0
SUNPHARMA.NS,2025-07-22,1678.0,1667.17041015625,1244491.0,0.0
SUNPHARMA.NS,2025-07-23,1682.5,1671.641357421875,1229173.0,0.0
SUNPHARMA.NS,2025-07-24,1692.0,1681.080078125,1079045.0,0.0
SUNPHARMA.NS,2025-07-25,1699.0,1688.034912109375,1088592.0,0.0
SUNPHARMA.NS,2025-07-28,1702.199951171875,1691.214111328125,2168507.0,0.0
SUNPHARMA.NS,2025-07-29,1710.5,1699.460693359375,1325544.0,0.0
SUNPHARMA.NS,2025-07-30,1733.800048828125,1722.6103515625,2318723.0,0.0
SUNPHARMA.NS,2025-07-31,1706.699951171875,1695.6851806640625,3233087.0,0.0
SUNPHARMA.NS,2025-08-01,1629.699951171875,1619.18212890625,8774548.0,0.0
SUNPHARMA.NS,2025-08-04,1641.5999755859375,1631.0052490234375,1898762.0,0.0
SUNPHARMA.NS,2025-08-05,1632.0999755859375,1621.566650390625,1622897.0,0.0
SUNPHARMA.NS,2025-08-06,1595.199951171875,1584.90478515625,2376257.0,0.0
SUNPHARMA.NS,2025-08-07,1598.4000244140625,1588.0841064453125,3435674.0,0.0
SUNPHARMA.NS,2025-08-08,1586.9000244140625,1576.6583251953125,1654424.0,0.0
SUNPHARMA.NS,2025-08-11,1608.4000244140625,1598.0196533203125,1140902.0,0.0
SUNPHARMA.NS,2025-08-12,1622.199951171875,1611.73046875,1679088.0,0.0
SUNPHARMA.NS,2025-08-13,1639.800048828125,1629.217041015625,1313668.0,0.0
SUNPHARMA.NS,2025-08-14,1641.4000244140625,1630.806640625,1738094.0,0.0
SUNPHARMA.NS,2025-08-18,1632.699951171875,1622.1627197265625,3080173.0,0.0
SUNPHARMA.NS,2025-08-19,1626.5999755859375,1616.10205078125,2656391.0,0.0
SUNPHARMA.NS,2025-08-20,1633.0999755859375,1622.5601806640625,1831706.0,0.0
SUNPHARMA.NS,2025-08-21,1640.199951171875,1629.6142578125,1727099.0,0.0
SUNPHARMA.NS,2025-08-22,1641.800048828125,1631.2041015625,2098310.0,0.0
SUNPHARMA.NS,2025-08-25,1656.699951171875,1646.0078125,1904984.0,0.0
SUNPHARMA.NS,2025-08-26,1600.300048828125,1589.971923828125,4502371.0,0.0
SUNPHARMA.NS,2025-08-28,1585.699951171875,1575.466064453125,4993739.0,0.0
SUNPHARMA.NS,2025-08-29,1594.5,1584.2093505859375,3176534.0,0.0
SUNPHARMA.NS,2025-09-01,1563.300048828125,1553.210693359375,9366820.0,0.0
SUNPHARMA.NS,2025-09-02,1565.199951171875,1555.098388671875,2855840.0,0.0
SUNPHARMA.NS,2025-09-03,1578.699951171875,1568.51123046875,2091370.0,0.0
SUNPHARMA.NS,2025-09-04,1582.300048828125,1572.088134765625,2298657.0,0.0
SUNPHARMA.NS,2025-09-05,1593.5999755859375,1583.3150634765625,1814479.0,0.0
SUNPHARMA.NS,2025-09-08,1581.0,1570.79638671875,1369139.0,0.0
SUNPHARMA.NS,2025-09-09,1591.699951171875,1581.4273681640625,1709406.0,0.0
SUNPHARMA.NS,2025-09-10,1593.4000244140625,1583.116455078125,2408379.0,0.0
SUNPHARMA.NS,2025-09-11,1609.699951171875,1599.3111572265625,1762484.0,0.0
SUNPHARMA.NS,2025-09-12,1616.5999755859375,1606.1666259765625,1878894.0,0.0
SUNPHARMA.NS,2025-09-15,1602.0,1591.660888671875,2005917.0,0.0
SUNPHARMA.NS,2025-09-16,1610.5,1600.1060791015625,1480567.0,0.0
SUNPHARMA.NS,2025-09-17,1620.199951171875,1609.743408203125,2128406.0,0.0
SUNPHARMA.NS,2025-09-18,1648.5999755859375,1637.9600830078125,1832386.0,0.0
SUNPHARMA.NS,2025-09-19,1656.0,1645.3123779296875,3191406.0,0.0
SUNPHARMA.NS,2025-09-22,1644.0,1633.389892578125,1785320.0,0.0
SUNPHARMA.NS,2025-09-23,1631.199951171875,1620.67236328125,1967731.0,0.0
SUNPHARMA.NS,2025-09-24,1627.0999755859375,1616.598876953125,1131058.0,0.0
SUNPHARMA.NS,2025-09-25,1627.4000244140625,1616.89697265625,2762750.0,0.0
SUNPHARMA.NS,2025-09-26,1586.699951171875,1576.4595947265625,7256759.0,0.0
SUNPHARMA.NS,2025-09-29,1589.300048828125,1579.04296875,4180922.0,0.0
SUNPHARMA.NS,2025-09-30,1594.300048828125,1584.0106201171875,2257443.0,0.0
SUNPHARMA.NS,2025-10-01,1636.199951171875,1625.64013671875,3109095.0,0.0
SUNPHARMA.NS,2025-10-03,1631.199951171875,1620.67236328125,4041865.0,0.0
SUNPHARMA.NS,2025-10-06,1654.699951171875,1644.020751953125,1756916.0,0.0
SUNPHARMA.NS,2025-10-07,1653.0999755859375,1642.4310302734375,2174852.0,0.0
SUNPHARMA.NS,2025-10-08,1631.5999755859375,1621.06982421875,1846507.0,0.0
SUNPHARMA.NS,2025-10-09,1658.5,1647.7962646484375,2197566.0,0.0
SUNPHARMA.NS,2025-10-10,1670.9000244140625,1660.1162109375,1454056.0,0.0
SUNPHARMA.NS,2025-10-13,1668.4000244140625,1657.63232421875,1375179.0,0.0
SUNPHARMA.NS,2025-10-14,1654.4000244140625,1643.7227783203125,2108287.0,0.0
SUNPHARMA.NS,2025-10-15,1655.0999755859375,1644.418212890625,2088737.0,0.0
SUNPHARMA.NS,2025-10-16,1659.0,1648.29296875,2895957.0,0.0
SUNPHARMA.NS,2025-10-17,1679.0999755859375,1668.2633056640625,1594147.0,0.0
SUNPHARMA.NS,2025-10-20,1688.5999755859375,1677.7020263671875,1647622.0,0.0
SUNPHARMA.NS,2025-10-21,1690.5,1679.5897216796875,74296.0,0.0
SUNPHARMA.NS,2025-10-23,1689.9000244140625,1678.99365234375,2687094.0,0.0
SUNPHARMA.NS,2025-10-24,1699.0,1688.034912109375,994307.0,0.0
SUNPHARMA.NS,2025-10-27,1693.5999755859375,1682.669677734375,2067904.0,0.0
SUNPHARMA.NS,2025-10-28,1687.0,1676.1123046875,2440939.0,0.0
SUNPHARMA.NS,2025-10-29,1715.9000244140625,1704.8258056640625,1016738.0,0.0
SUNPHARMA.NS,2025-10-30,1703.4000244140625,1692.406494140625,1986233.0,0.0
SUNPHARMA.NS,2025-10-31,1690.699951171875,1679.788330078125,1560918.0,0.0
SUNPHARMA.NS,2025-11-03,1706.4000244140625,1695.3870849609375,1099955.0,0.0
SUNPHARMA.NS,2025-11-04,1690.0,1679.093017578125,1597993.0,0.0
SUNPHARMA.NS,2025-11-06,1685.9000244140625,1675.0194091796875,3389867.0,0.0
SUNPHARMA.NS,2025-11-07,1691.4000244140625,1680.48388671875,1512908.0,0.0
SUNPHARMA.NS,2025-11-10,1697.800048828125,1686.8426513671875,1235665.0,0.0
SUNPHARMA.NS,2025-11-11,1716.0999755859375,1705.0245361328125,1315353.0,0.0
SUNPHARMA.NS,2025-11-12,1732.0999755859375,1720.9212646484375,1833097.0,0.0
SUNPHARMA.NS,2025-11-13,1737.4000244140625,1726.18701171875,1727602.0,0.0
SUNPHARMA.NS,2025-11-14,1757.0999755859375,1745.7598876953125,1667322.0,0.0
SUNPHARMA.NS,2025-11-17,1763.9000244140625,1752.5159912109375,1430618.0,0.0
SUNPHARMA.NS,2025-11-18,1758.800048828125,1747.448974609375,1429522.0,0.0
SUNPHARMA.NS,2025-11-19,1784.0999755859375,1772.5855712890625,2131124.0,0.0
SUNPHARMA.NS,2025-11-20,1777.4000244140625,1765.928955078125,1513894.0,0.0
SUNPHARMA.NS,2025-11-21,1779.699951171875,1768.2139892578125,2199311.0,0.0
SUNPHARMA.NS,2025-11-24,1780.800048828125,1769.3070068359375,3434492.0,0.0
SUNPHARMA.NS,2025-11-25,1776.800048828125,1765.332763671875,1848114.0,0.0
SUNPHARMA.NS,2025-11-26,1804.9000244140625,1793.25146484375,1158948.0,0.0
SUNPHARMA.NS,2025-11-27,1810.300048828125,1798.6165771484375,2902053.0,0.0
SUNPHARMA.NS,2025-11-28,1831.5999755859375,1819.779052734375,1623103.0,0.0
SUNPHARMA.NS,2025-12-01,1807.4000244140625,1795.7353515625,1869293.0,0.0
SUNPHARMA.NS,2025-12-02,1799.5,1787.88623046875,2948688.0,0.0
SUNPHARMA.NS,2025-12-03,1806.699951171875,1795.039794921875,2114510.0,0.0
SUNPHARMA.NS,2025-12-04,1818.300048828125,1806.56494140625,1713961.0,0.0
SUNPHARMA.NS,2025-12-05,1805.300048828125,1793.64892578125,1777401.0,0.0
SUNPHARMA.NS,2025-12-08,1796.199951171875,1784.6075439453125,2410074.0,0.0
SUNPHARMA.NS,2025-12-09,1776.0,1764.5379638671875,2401728.0,0.0
SUNPHARMA.NS,2025-12-10,1785.5,1773.9765625,2321746.0,0.0
SUNPHARMA.NS,2025-12-11,1807.199951171875,1795.5364990234375,1280916.0,0.0
SUNPHARMA.NS,2025-12-12,1793.5,1781.9249267578125,1442309.0,0.0
SUNPHARMA.NS,2025-12-15,1797.0999755859375,1785.501708984375,1396948.0,0.0
SUNPHARMA.NS,2025-12-16,1781.300048828125,1769.8037109375,1533979.0,0.0
SUNPHARMA.NS,2025-12-17,1792.9000244140625,1781.328857421875,1910628.0,0.0
SUNPHARMA.NS,2025-12-18,1745.9000244140625,1734.6322021484375,3461351.0,0.0
SUNPHARMA.NS,2025-12-19,1744.9000244140625,1733.638671875,2768986.0,0.0
SUNPHARMA.NS,2025-12-22,1769.800048828125,1758.3779296875,1467257.0,0.0
SUNPHARMA.NS,2025-12-23,1755.9000244140625,1744.567626953125,1124853.0,0.0
SUNPHARMA.NS,2025-12-24,1737.0,1725.7896728515625,2224786.0,0.0
SUNPHARMA.NS,2025-12-26,1719.5,1708.402587890625,2507337.0,0.0
SUNPHARMA.NS,2025-12-29,1717.199951171875,1706.1173095703125,1800816.0,0.0
SUNPHARMA.NS,2025-12-30,1720.199951171875,1709.0980224609375,2639497.0,0.0
SUNPHARMA.NS,2025-12-31,1719.699951171875,1708.6011962890625,1428439.0,0.0
SUNPHARMA.NS,2026-01-01,1721.0999755859375,1709.9921875,877515.0,0.0
SUNPHARMA.NS,2026-01-02,1728.0,1716.84765625,974123.0,0.0
SUNPHARMA.NS,2026-01-05,1728.9000244140625,1717.741943359375,1416698.0,0.0
SUNPHARMA.NS,2026-01-06,1760.199951171875,1748.83984375,1658801.0,0.0
SUNPHARMA.NS,2026-01-07,1782.5999755859375,1771.0953369140625,3059500.0,0.0
SUNPHARMA.NS,2026-01-08,1760.699951171875,1749.336669921875,1910656.0,0.0
SUNPHARMA.NS,2026-01-09,1729.9000244140625,1718.7354736328125,1585689.0,0.0
SUNPHARMA.NS,2026-01-12,1736.0,1724.7960205078125,2327272.0,0.0
SUNPHARMA.NS,2026-01-13,1728.699951171875,1717.5430908203125,1770082.0,0.0
SUNPHARMA.NS,2026-01-14,1700.699951171875,1689.723876953125,2479677.0,0.0
SUNPHARMA.NS,2026-01-15,1700.699951171875,1689.723876953125,0.0,0.0
SUNPHARMA.NS,2026-01-16,1668.9000244140625,1658.129150390625,3697596.0,0.0
SUNPHARMA.NS,2026-01-19,1675.4000244140625,1664.587158203125,2975272.0,0.0
SUNPHARMA.NS,2026-01-20,1613.800048828125,1603.384765625,5019166.0,0.0
SUNPHARMA.NS,2026-01-21,1612.9000244140625,1602.4906005859375,3947877.0,0.0
SUNPHARMA.NS,2026-01-22,1634.199951171875,1623.653076171875,2279862.0,0.0
SUNPHARMA.NS,2026-01-23,1631.9000244140625,1621.367919921875,1678658.0,0.0
SUNPHARMA.NS,2026-01-27,1638.9000244140625,1628.32275390625,2666522.0,0.0
SUNPHARMA.NS,2026-01-28,1610.5999755859375,1600.205322265625,4124391.0,0.0
SUNPHARMA.NS,2026-01-29,1589.300048828125,1579.04296875,5796513.0,0.0
SUNPHARMA.NS,2026-01-30,1595.300048828125,1585.004150390625,3962196.0,0.0
SUNPHARMA.NS,2026-02-02,1627.9000244140625,1617.393798828125,2721280.0,0.0
SUNPHARMA.NS,2026-02-03,1702.0999755859375,1691.1148681640625,8520586.0,0.0
SUNPHARMA.NS,2026-02-04,1704.4000244140625,1693.4000244140625,3952775.0,0.0
SUNPHARMA.NS,2026-02-05,1702.5999755859375,1702.5999755859375,3074842.0,0.0
SUNPHARMA.NS,2026-02-06,1695.0999755859375,1695.0999755859375,1277116.0,0.0
SUNPHARMA.NS,2026-02-09,1704.5999755859375,1704.5999755859375,2647031.0,0.0
SUNPHARMA.NS,2026-02-10,1707.800048828125,1707.800048828125,1869988.0,0.0
SUNPHARMA.NS,2026-02-11,1711.0999755859375,1711.0999755859375,1175306.0,0.0
TCS.NS,2025-02-11,3963.550048828125,3831.148681640625,1810908.0,0.0
TCS.NS,2025-02-12,3950.14990234375,3818.1962890625,1678002.0,0.0
TCS.NS,2025-02-13,3910.14990234375,3779.532470703125,2277310.0,0.0
TCS.NS,2025-02-14,3934.85009765625,3803.407470703125,1681975.0,0.0
TCS.NS,2025-02-17,3904.5,3774.071044921875,1799806.0,0.0
TCS.NS,2025-02-18,3873.199951171875,3743.816650390625,2149879.0,0.0
TCS.NS,2025-02-19,3784.10009765625,3657.693359375,4366672.0,0.0
TCS.NS,2025-02-20,3779.39990234375,3653.14990234375,2888572.0,0.0
TCS.NS,2025-02-21,3786.0,3659.530029296875,1833931.0,0.0
TCS.NS,2025-02-24,3675.60009765625,3552.81787109375,2508516.0,0.0
TCS.NS,2025-02-25,3629.550048828125,3508.305908203125,4101954.0,0.0
TCS.NS,2025-02-27,3612.550048828125,3491.873779296875,3823856.0,0.0
TCS.NS,2025-02-28,3483.25,3366.89306640625,7085018.0,0.0
TCS.NS,2025-03-03,3493.050048828125,3376.36572265625,4990439.0,0.0
TCS.NS,2025-03-04,3532.050048828125,3414.06298828125,2797737.0,0.0
TCS.NS,2025-03-05,3547.050048828125,3428.561767578125,2501894.0,0.0
TCS.NS,2025-03-06,3601.60009765625,3481.289794921875,2786513.0,0.0
TCS.NS,2025-03-07,3611.199951171875,3490.568603515625,2051315.0,0.0
TCS.NS,2025-03-10,3589.64990234375,3469.73876953125,1004626.0,0.0
TCS.NS,2025-03-11,3575.300048828125,3455.8681640625,1995450.0,0.0
TCS.NS,2025-03-12,3506.199951171875,3389.076171875,3174167.0,0.0
TCS.NS,2025-03-13,3511.050048828125,3393.764404296875,1693004.0,0.0
TCS.NS,2025-03-17,3497.699951171875,3380.860107421875,2690906.0,0.0
TCS.NS,2025-03-18,3497.699951171875,3380.860107421875,0.0,0.0
TCS.NS,2025-03-19,3497.10009765625,3380.2802734375,3051244.0,0.0
TCS.NS,2025-03-20,3563.14990234375,3444.123779296875,2845192.0,0.0
TCS.NS,2025-03-21,3578.10009765625,3458.57470703125,4161925.0,0.0
TCS.NS,2025-03-24,3628.949951171875,3507.72607421875,1834751.0,0.0
TCS.NS,2025-03-25,3657.75,3535.564208984375,3135390.0,0.0
TCS.NS,2025-03-26,3635.800048828125,3514.347412109375,1734499.0,0.0
TCS.NS,2025-03-27,3651.199951171875,3529.232666015625,2528474.0,0.0
TCS.NS,2025-03-28,3606.14990234375,3485.6875,2051919.0,0.0
TCS.NS,2025-04-01,3550.800048828125,3432.1865234375,2618493.0,0.0
TCS.NS,2025-04-02,3543.949951171875,3425.565185546875,1764313.0,0.0
TCS.NS,2025-04-03,3403.14990234375,3289.468505859375,4537821.0,0.0
TCS.NS,2025-04-04,3299.39990234375,3189.1845703125,5317367.0,0.0
TCS.NS,2025-04-07,3274.050048828125,3164.681396484375,6623955.0,0.0
TCS.NS,2025-04-08,3292.949951171875,3182.949951171875,5557558.0,0.0
TCS.NS,2025-04-09,3246.60009765625,3138.148193359375,2990265.0,0.0
TCS.NS,2025-04-11,3231.5,3123.552490234375,7108961.0,0.0
TCS.NS,2025-04-15,3248.199951171875,3139.69482421875,3512160.0,0.0
TCS.NS,2025-04-16,3273.800048828125,3164.43994140625,2384391.0,0.0
TCS.NS,2025-04-17,3298.89990234375,3188.700927734375,2932346.0,0.0
TCS.NS,2025-04-21,3321.60009765625,3210.64306640625,2432946.0,0.0
TCS.NS,2025-04-22,3314.39990234375,3203.683349609375,2710498.0,0.0
TCS.NS,2025-04-23,3413.0,3298.98974609375,3543923.0,0.0
TCS.NS,2025-04-24,3401.60009765625,3287.970458984375,2252175.0,0.0
TCS.NS,2025-04-25,3448.0,3332.820556640625,2742991.0,0.0
TCS.NS,2025-04-28,3443.5,3328.470703125,1593296.0,0.0
TCS.NS,2025-04-29,3472.5,3356.502197265625,1578332.0,0.0
TCS.NS,2025-04-30,3453.699951171875,3338.330078125,2809332.0,0.0
TCS.NS,2025-05-02,3431.0,3316.38818359375,1721761.0,0.0
TCS.NS,2025-05-05,3454.300048828125,3338.909912109375,1284443.0,0.0
TCS.NS,2025-05-06,3460.0,3344.419921875,1324763.0,0.0
TCS.NS,2025-05-07,3445.10009765625,3330.017578125,1477128.0,0.0
TCS.NS,2025-05-08,3448.89990234375,3333.690185546875,2543591.0,0.0
TCS.NS,2025-05-09,3440.300048828125,3325.377685546875,2531757.0,0.0
TCS.NS,2025-05-12,3620.39990234375,3499.46142578125,2228678.0,0.0
TCS.NS,2025-05-13,3515.0,3397.58251953125,3062887.0,0.0
TCS.NS,2025-05-14,3548.699951171875,3430.15673828125,2119499.0,0.0
TCS.NS,2025-05-15,3579.89990234375,3460.314453125,3548330.0,0.0
TCS.NS,2025-05-16,3561.300048828125,3442.3359375,1666727.0,0.0
TCS.NS,2025-05-19,3518.800048828125,3401.255615234375,2537377.0,0.0
TCS.NS,2025-05-20,3498.300048828125,3381.4404296875,2038374.0,0.0
TCS.NS,2025-05-21,3525.800048828125,3408.021728515625,1440153.0,0.0
TCS.NS,2025-05-22,3477.0,3360.8515625,2034383.0,0.0
TCS.NS,2025-05-23,3514.60009765625,3397.19580078125,1274331.0,0.0
TCS.NS,2025-05-26,3537.300048828125,3419.137451171875,967470.0,0.0
TCS.NS,2025-05-27,3498.699951171875,3381.826904296875,2467680.0,0.0
TCS.NS,2025-05-28,3497.699951171875,3380.860107421875,1222933.0,0.0
TCS.NS,2025-05-29,3498.10009765625,3381.2470703125,3188072.0,0.0
TCS.NS,2025-05-30,3463.39990234375,3347.7060546875,3404365.0,0.0
TCS.NS,2025-06-02,3449.800048828125,3334.560546875,1877585.0,0.0
TCS.NS,2025-06-03,3405.199951171875,3291.4501953125,2848125.0,0.0
TCS.NS,2025-06-04,3380.89990234375,3297.0087890625,2544807.0,0.0
TCS.NS,2025-06-05,3371.10009765625,3287.4521484375,3584683.0,0.0
TCS.NS,2025-06-06,3384.199951171875,3300.22705078125,2070390.0,0.0
TCS.NS,2025-06-09,3421.89990234375,3336.991455078125,1718678.0,0.0
TCS.NS,2025-06-10,3462.89990234375,3376.973876953125,2419874.0,0.0
TCS.NS,2025-06-11,3471.89990234375,3385.750732421875,2847013.0,0.0
TCS.NS,2025-06-12,3434.199951171875,3348.986328125,4060134.0,0.0
TCS.NS,2025-06-13,3445.699951171875,3360.200927734375,2178493.0,0.0
TCS.NS,2025-06-16,3496.300048828125,3409.54541015625,1934088.0,0.0
TCS.NS,2025-06-17,3515.300048828125,3428.073974609375,2111940.0,0.0
TCS.NS,2025-06-18,3451.39990234375,3365.75927734375,2696327.0,0.0
TCS.NS,2025-06-19,3424.0,3339.03955078125,2672768.0,0.0
TCS.NS,2025-06-20,3435.699951171875,3350.448974609375,2351248.0,0.0
TCS.NS,2025-06-23,3393.60009765625,3309.39404296875,3123421.0,0.0
TCS.NS,2025-06-24,3390.39990234375,3306.27294921875,3403048.0,0.0
TCS.NS,2025-06-25,3444.800048828125,3359.3232421875,1757699.0,0.0
TCS.NS,2025-06-26,3441.800048828125,3356.397705078125,2879106.0,0.0
TCS.NS,2025-06-27,3441.10009765625,3355.71533203125,1778433.0,0.0
TCS.NS,2025-06-30,3462.0,3376.09619140625,1468351.0,0.0
TCS.NS,2025-07-01,3429.699951171875,3344.59765625,2375183.0,0.0
TCS.NS,2025-07-02,3423.300048828125,3338.356689453125,3090585.0,0.0
TCS.NS,2025-07-03,3400.800048828125,3316.4150390625,2531870.0,0.0
TCS.NS,2025-07-04,3419.800048828125,3334.94384765625,1109320.0,0.0
TCS.NS,2025-07-07,3411.699951171875,3327.04443359375,1639174.0,0.0
TCS.NS,2025-07-08,3406.199951171875,3321.68115234375,2325242.0,0.0
TCS.NS,2025-07-09,3383.800048828125,3299.837158203125,2034938.0,0.0
TCS.NS,2025-07-10,3382.0,3298.08154296875,3035012.0,0.0
TCS.NS,2025-07-11,3266.0,3184.9599609375,7635550.0,0.0
TCS.NS,2025-07-14,3222.699951171875,3142.734130859375,3924009.0,0.0
TCS.NS,2025-07-15,3252.300048828125,3171.599853515625,2590889.0,0.0
TCS.NS,2025-07-16,3233.10009765625,3163.576171875,2540733.0,0.0
TCS.NS,2025-07-17,3209.199951171875,3140.18994140625,2947640.0,0.0
TCS.NS,2025-07-18,3189.89990234375,3121.304931640625,3432645.0,0.0
TCS.NS,2025-07-21,3158.199951171875,3090.28662109375,3844346.0,0.0
TCS.NS,2025-07-22,3159.60009765625,3091.65673828125,3198036.0,0.0
TCS.NS,2025-07-23,3179.10009765625,3110.7373046875,1922875.0,0.0
TCS.NS,2025-07-24,3148.0,3080.30615234375,2934778.0,0.0
TCS.NS,2025-07-25,3135.800048828125,3068.368408203125,2568917.0,0.0
TCS.NS,2025-07-28,3079.300048828125,3013.083251953125,3374473.0,0.0
TCS.NS,2025-07-29,3056.0,2990.284423828125,4785312.0,0.0
TCS.NS,2025-07-30,3053.60009765625,2987.93603515625,2880121.0,0.0
TCS.NS,2025-07-31,3036.800048828125,2971.497314453125,2968371.0,0.0
TCS.NS,2025-08-01,3003.0,2938.424072265625,2053847.0,0.0
TCS.NS,2025-08-04,3074.39990234375,3008.28857421875,2519252.0,0.0
TCS.NS,2025-08-05,3063.89990234375,2998.014404296875,1927996.0,0.0
TCS.NS,2025-08-06,3032.300048828125,2967.093994140625,1487081.0,0.0
TCS.NS,2025-08-07,3047.0,2981.47802734375,2543076.0,0.0
TCS.NS,2025-08-08,3036.39990234375,2971.105712890625,2762140.0,0.0
TCS.NS,2025-08-11,3040.800048828125,2975.411376953125,1884215.0,0.0
TCS.NS,2025-08-12,3035.39990234375,2970.127197265625,3358232.0,0.0
TCS.NS,2025-08-13,3036.199951171875,2970.91015625,2148166.0,0.0
TCS.NS,2025-08-14,3022.300048828125,2957.30908203125,3342174.0,0.0
TCS.NS,2025-08-18,3011.199951171875,2946.44775390625,2945609.0,0.0
TCS.NS,2025-08-19,3016.199951171875,2951.34033203125,2650784.0,0.0
TCS.NS,2025-08-20,3098.60009765625,3031.96826171875,4952358.0,0.0
TCS.NS,2025-08-21,3102.60009765625,3035.882568359375,3230726.0,0.0
TCS.NS,2025-08-22,3054.0,2988.327392578125,1593791.0,0.0
TCS.NS,2025-08-25,3140.60009765625,3073.065185546875,3448370.0,0.0
TCS.NS,2025-08-26,3157.199951171875,3089.308349609375,5522097.0,0.0
TCS.NS,2025-08-28,3093.699951171875,3027.173583984375,3116051.0,0.0
TCS.NS,2025-08-29,3084.699951171875,3018.3671875,2271789.0,0.0
TCS.NS,2025-09-01,3112.60009765625,3045.667236328125,1246862.0,0.0
TCS.NS,2025-09-02,3111.5,3044.5908203125,2185229.0,0.0
TCS.NS,2025-09-03,3097.5,3030.891845703125,1799774.0,0.0
TCS.NS,2025-09-04,3095.699951171875,3029.130859375,1481391.0,0.0
TCS.NS,2025-09-05,3048.300048828125,2982.75,2802055.0,0.0
TCS.NS,2025-09-08,3019.0,2954.080078125,2626187.0,0.0
TCS.NS,2025-09-09,3049.39990234375,2983.826171875,2489301.0,0.0
TCS.NS,2025-09-10,3110.0,3043.123291015625,2079428.0,0.0
TCS.NS,2025-09-11,3124.199951171875,3057.017822265625,2263446.0,0.0
TCS.NS,2025-09-12,3133.39990234375,3066.02001953125,1447167.0,0.0
TCS.NS,2025-09-15,3111.89990234375,3044.982177734375,1732539.0,0.0
TCS.NS,2025-09-16,3145.699951171875,3078.0556640625,2573429.0,0.0
TCS.NS,2025-09-17,3172.800048828125,3104.57275390625,2418271.0,0.0
TCS.NS,2025-09-18,3176.699951171875,3108.388916015625,2633138.0,0.0
TCS.NS,2025-09-19,3169.199951171875,3101.050048828125,4901694.0,0.0
TCS.NS,2025-09-22,3073.800048828125,3007.70166015625,3634901.0,0.0
TCS.NS,2025-09-23,3062.39990234375,2996.546630859375,3177741.0,0.0
TCS.NS,2025-09-24,3035.39990234375,2970.127197265625,1625714.0,0.0
TCS.NS,2025-09-25,2957.39990234375,2893.804443359375,4974361.0,0.0
TCS.NS,2025-09-26,2899.10009765625,2836.758544921875,3934636.0,0.0
TCS.NS,2025-09-29,2896.10009765625,2833.82275390625,3110035.0,0.0
TCS.NS,2025-09-30,2888.39990234375,2826.288330078125,2253458.0,0.0
TCS.NS,2025-10-01,2914.199951171875,2851.53369140625,1952902.0,0.0
TCS.NS,2025-10-03,2901.89990234375,2839.498046875,2899519.0,0.0
TCS.NS,2025-10-06,2988.39990234375,2924.137939453125,2112774.0,0.0
TCS.NS,2025-10-07,2973.699951171875,2909.75390625,3062943.0,0.0
TCS.NS,2025-10-08,3027.199951171875,2962.103515625,4121889.0,0.0
TCS.NS,2025-10-09,3061.699951171875,2995.86181640625,3211304.0,0.0
TCS.NS,2025-10-10,3028.300048828125,2963.179931640625,8817365.0,0.0
TCS.NS,2025-10-13,3007.199951171875,2942.533935546875,2866865.0,0.0
TCS.NS,2025-10-14,2960.300048828125,2896.642333984375,3611416.0,0.0
TCS.NS,2025-10-15,2969.800048828125,2916.7763671875,4282226.0,0.0
TCS.NS,2025-10-16,2970.699951171875,2917.66015625,3251495.0,0.0
TCS.NS,2025-10-17,2962.199951171875,2909.311767578125,4374683.0,0.0
TCS.NS,2025-10-20,3015.199951171875,2961.365478515625,3133039.0,0.0
TCS.NS,2025-10-21,3006.699951171875,2953.017333984375,310644.0,0.0
TCS.NS,2025-10-23,3073.199951171875,3018.330078125,5564758.0,0.0
TCS.NS,2025-10-24,3063.199951171875,3008.508544921875,2684318.0,0.0
TCS.NS,2025-10-27,3084.89990234375,3029.821044921875,1946312.0,0.0
TCS.NS,2025-10-28,3057.89990234375,3003.30322265625,3470737.0,0.0
TCS.NS,2025-10-29,3057.60009765625,3003.0087890625,2895420.0,0.0
TCS.NS,2025-10-30,3035.300048828125,2981.106689453125,2241536.0,0.0
TCS.NS,2025-10-31,3058.0,3003.4013671875,1868085.0,0.0
TCS.NS,2025-11-03,3016.800048828125,2962.93701171875,2194877.0,0.0
TCS.NS,2025-11-04,2990.199951171875,2936.81201171875,2670720.0,0.0
TCS.NS,2025-11-06,3010.89990234375,2957.142333984375,2542721.0,0.0
TCS.NS,2025-11-07,2991.800048828125,2938.383544921875,1830520.0,0.0
TCS.NS,2025-11-10,3025.199951171875,2971.18701171875,1556656.0,0.0
TCS.NS,2025-11-11,3047.0,2992.597900390625,2806868.0,0.0
TCS.NS,2025-11-12,3131.800048828125,3075.8837890625,4460315.0,0.0
TCS.NS,2025-11-13,3105.699951171875,3050.249755859375,1740435.0,0.0
TCS.NS,2025-11-14,3106.0,3050.54443359375,2210794.0,0.0
TCS.NS,2025-11-17,3102.199951171875,3046.812255859375,2232853.0,0.0
TCS.NS,2025-11-18,3087.10009765625,3031.98193359375,2548350.0,0.0
TCS.NS,2025-11-19,3147.699951171875,3091.499755859375,3151053.0,0.0
TCS.NS,2025-11-20,3144.800048828125,3088.65185546875,2700767.0,0.0
TCS.NS,2025-11-21,3150.60009765625,3094.34814453125,4177037.0,0.0
TCS.NS,2025-11-24,3141.199951171875,3085.115966796875,6703764.0,0.0
TCS.NS,2025-11-25,3119.199951171875,3063.5087890625,2737920.0,0.0
TCS.NS,2025-11-26,3162.89990234375,3106.428466796875,2508527.0,0.0
TCS.NS,2025-11-27,3136.60009765625,3080.59814453125,2836233.0,0.0
TCS.NS,2025-11-28,3137.5,3081.48193359375,1616690.0,0.0
TCS.NS,2025-12-01,3133.39990234375,3077.455078125,1747647.0,0.0
TCS.NS,2025-12-02,3135.699951171875,3079.714111328125,2512003.0,0.0
TCS.NS,2025-12-03,3180.0,3123.22314453125,3952112.0,0.0
TCS.NS,2025-12-04,3229.199951171875,3171.544677734375,5025905.0,0.0
TCS.NS,2025-12-05,3238.199951171875,3180.384033203125,5244013.0,0.0
TCS.NS,2025-12-08,3236.5,3178.71435546875,2544725.0,0.0
TCS.NS,2025-12-09,3208.300048828125,3151.01806640625,2734893.0,0.0
TCS.NS,2025-12-10,3189.199951171875,3132.259033203125,1386849.0,0.0
TCS.NS,2025-12-11,3191.89990234375,3134.91064453125,1914362.0,0.0
TCS.NS,2025-12-12,3220.5,3163.0,1146554.0,0.0
TCS.NS,2025-12-15,3230.199951171875,3172.52685546875,1562190.0,0.0
TCS.NS,2025-12-16,3205.10009765625,3147.875244140625,1734623.0,0.0
TCS.NS,2025-12-17,3217.800048828125,3160.348388671875,1376350.0,0.0
TCS.NS,2025-12-18,3280.800048828125,3222.2236328125,2307422.0,0.0
TCS.NS,2025-12-19,3282.0,3223.402099609375,3902511.0,0.0
TCS.NS,2025-12-22,3324.89990234375,3265.5361328125,2632816.0,0.0
TCS.NS,2025-12-23,3310.0,3250.902099609375,2365420.0,0.0
TCS.NS,2025-12-24,3319.0,3259.741455078125,1367708.0,0.0
TCS.NS,2025-12-26,3280.0,3221.437744140625,1176664.0,0.0
TCS.NS,2025-12-29,3251.5,3193.446533203125,2079473.0,0.0
TCS.NS,2025-12-30,3246.800048828125,3188.83056640625,2807593.0,0.0
TCS.NS,2025-12-31,3206.199951171875,3148.955322265625,3362634.0,0.0
TCS.NS,2026-01-01,3227.39990234375,3169.77685546875,1255735.0,0.0
TCS.NS,2026-01-02,3250.699951171875,3192.660888671875,1184324.0,0.0
TCS.NS,2026-01-05,3216.10009765625,3158.6787109375,2341703.0,0.0
TCS.NS,2026-01-06,3255.800048828125,3197.669921875,2912325.0,0.0
TCS.NS,2026-01-07,3295.60009765625,3236.75927734375,1989442.0,0.0
TCS.NS,2026-01-08,3203.89990234375,3146.6962890625,4159336.0,0.0
TCS.NS,2026-01-09,3207.800048828125,3150.52685546875,1938673.0,0.0
TCS.NS,2026-01-12,3239.60009765625,3181.75927734375,2228342.0,0.0
TCS.NS,2026-01-13,3268.0,3209.652099609375,5645341.0,0.0
TCS.NS,2026-01-14,3192.5,3135.5,3539511.0,0.0
TCS.NS,2026-01-15,3192.5,3135.5,0.0,0.0
TCS.NS,2026-01-16,3206.699951171875,3206.699951171875,4293470.0,0.0
TCS.NS,2026-01-19,3163.60009765625,3163.60009765625,3387562.0,0.0
TCS.NS,2026-01-20,3102.300048828125,3102.300048828125,4499273.0,0.0
TCS.NS,2026-01-21,3122.60009765625,3122.60009765625,2015150.0,0.0
TCS.NS,2026-01-22,3150.39990234375,3150.39990234375,2269827.0,0.0
TCS.NS,2026-01-23,3162.5,3162.5,2068857.0,0.0
TCS.NS,2026-01-27,3158.0,3158.0,4279874.0,0.0
TCS.NS,2026-01-28,3200.10009765625,3200.10009765625,2751234.0,0.0
TCS.NS,2026-01-29,3144.39990234375,3144.39990234375,2457641.0,0.0
TCS.NS,2026-01-30,3123.89990234375,3123.89990234375,3022068.0,0.0
TCS.NS,2026-02-02,3169.60009765625,3169.60009765625,2636272.0,0.0
TCS.NS,2026-02-03,3225.300048828125,3225.300048828125,4366060.0,0.0
TCS.NS,2026-02-04,2999.10009765625,2999.10009765625,10852595.0,0.0
TCS.NS,2026-02-05,2991.5,2991.5,3521545.0,0.0
TCS.NS,2026-02-06,2941.60009765625,2941.60009765625,4687389.0,0.0
TCS.NS,2026-02-09,2948.199951171875,2948.199951171875,2380318.0,0.0
TCS.NS,2026-02-10,2984.60009765625,2984.60009765625,3547763.0,0.0
TCS.NS,2026-02-11,2909.800048828125,2909.800048828125,3362148.0,0.0
TATACONSUM.NS,2025-02-11,1013.7999877929688,1006.341552734375,1204012.0,0.0
TATACONSUM.NS,2025-02-12,1029.75,1022.1742553710938,1082392.0,0.0
TATACONSUM.NS,2025-02-13,1022.7999877929688,1015.275390625,1169309.0,0.0
TATACONSUM.NS,2025-02-14,1022.5499877929688,1015.0272216796875,2032391.0,0.0
TATACONSUM.NS,2025-02-17,1023.25,1015.7220458984375,925113.0,0.0
TATACONSUM.NS,2025-02-18,1026.949951171875,1019.394775390625,789814.0,0.0
TATACONSUM.NS,2025-02-19,1025.300048828125,1017.7570190429688,782204.0,0.0
TATACONSUM.NS,2025-02-20,1008.9000244140625,1001.4776611328125,878748.0,0.0
TATACONSUM.NS,2025-02-21,1004.0,996.6137084960938,1330146.0,0.0
TATACONSUM.NS,2025-02-24,1002.4000244140625,995.0255126953125,1002365.0,0.0
TATACONSUM.NS,2025-02-25,1004.8499755859375,997.4573974609375,1663313.0,0.0
TATACONSUM.NS,2025-02-27,1008.0,1000.5842895507812,1362115.0,0.0
TATACONSUM.NS,2025-02-28,963.7000122070312,956.6101684570312,5082193.0,0.0
TATACONSUM.NS,2025-03-03,953.9000244140625,946.88232421875,1323481.0,0.0
TATACONSUM.NS,2025-03-04,954.5499877929688,947.5274658203125,1916433.0,0.0
TATACONSUM.NS,2025-03-05,956.7999877929688,949.7609252929688,2773457.0,0.0
TATACONSUM.NS,2025-03-06,958.1500244140625,951.1010131835938,2421530.0,0.0
TATACONSUM.NS,2025-03-07,962.0499877929688,954.9722900390625,945675.0,0.0
TATACONSUM.NS,2025-03-10,957.2999877929688,950.2572631835938,1660207.0,0.0
TATACONSUM.NS,2025-03-11,959.8499755859375,952.7884521484375,2748541.0,0.0
TATACONSUM.NS,2025-03-12,945.4500122070312,938.4944458007812,1619168.0,0.0
TATACONSUM.NS,2025-03-13,946.0999755859375,939.1396484375,907521.0,0.0
TATACONSUM.NS,2025-03-17,940.4500122070312,933.53125,993027.0,0.0
TATACONSUM.NS,2025-03-18,940.4500122070312,933.53125,0.0,0.0
TATACONSUM.NS,2025-03-19,949.8499755859375,942.862060546875,1650477.0,0.0
TATACONSUM.NS,2025-03-20,965.8499755859375,958.7443237304688,2403031.0,0.0
TATACONSUM.NS,2025-03-21,961.2000122070312,954.1286010742188,3155551.0,0.0
TATACONSUM.NS,2025-03-24,970.4500122070312,963.310546875,1475967.0,0.0
TATACONSUM.NS,2025-03-25,970.7000122070312,963.5587158203125,1569597.0,0.0
TATACONSUM.NS,2025-03-26,959.6500244140625,952.5899658203125,1399118.0,0.0
TATACONSUM.NS,2025-03-27,973.5499877929688,966.3876953125,2585170.0,0.0
TATACONSUM.NS,2025-03-28,1001.9000244140625,994.5291748046875,2313101.0,0.0
TATACONSUM.NS,2025-04-01,992.25,984.9501342773438,1045548.0,0.0
TATACONSUM.NS,2025-04-02,1062.699951171875,1054.8818359375,8717812.0,0.0
TATACONSUM.NS,2025-04-03,1071.0,1063.1207275390625,1595000.0,0.0
TATACONSUM.NS,2025-04-04,1087.8499755859375,1079.8468017578125,4089261.0,0.0
TATACONSUM.NS,2025-04-07,1047.3499755859375,1039.644775390625,3200820.0,0.0
TATACONSUM.NS,2025-04-08,1069.75,1061.8800048828125,1444712.0,0.0
TATACONSUM.NS,2025-04-09,1089.75,1081.7327880859375,2274161.0,0.0
TATACONSUM.NS,2025-04-11,1097.9000244140625,1089.8228759765625,1888677.0,0.0
TATACONSUM.NS,2025-04-15,1103.4000244140625,1095.282470703125,1023355.0,0.0
TATACONSUM.NS,2025-04-16,1105.9000244140625,1097.7640380859375,679360.0,0.0
TATACONSUM.NS,2025-04-17,1120.199951171875,1111.958740234375,1541674.0,0.0
TATACONSUM.NS,2025-04-21,1121.0,1112.7529296875,692767.0,0.0
TATACONSUM.NS,2025-04-22,1136.699951171875,1128.33740234375,1231830.0,0.0
TATACONSUM.NS,2025-04-23,1150.0999755859375,1141.6387939453125,1760325.0,0.0
TATACONSUM.NS,2025-04-24,1161.300048828125,1152.7564697265625,5766752.0,0.0
TATACONSUM.NS,2025-04-25,1155.699951171875,1147.1976318359375,1451946.0,0.0
TATACONSUM.NS,2025-04-28,1155.199951171875,1146.7012939453125,663435.0,0.0
TATACONSUM.NS,2025-04-29,1168.9000244140625,1160.300537109375,1439143.0,0.0
TATACONSUM.NS,2025-04-30,1165.800048828125,1157.223388671875,1477319.0,0.0
TATACONSUM.NS,2025-05-02,1154.699951171875,1146.2049560546875,825657.0,0.0
TATACONSUM.NS,2025-05-05,1161.5,1152.9549560546875,1359727.0,0.0
TATACONSUM.NS,2025-05-06,1155.300048828125,1146.8006591796875,1382140.0,0.0
TATACONSUM.NS,2025-05-07,1146.0,1137.5689697265625,1792683.0,0.0
TATACONSUM.NS,2025-05-08,1116.0,1107.7896728515625,2692162.0,0.0
TATACONSUM.NS,2025-05-09,1113.699951171875,1105.506591796875,815694.0,0.0
TATACONSUM.NS,2025-05-12,1145.5999755859375,1137.171875,748637.0,0.0
TATACONSUM.NS,2025-05-13,1118.5999755859375,1110.37060546875,1096797.0,0.0
TATACONSUM.NS,2025-05-14,1120.4000244140625,1112.1573486328125,1386813.0,0.0
TATACONSUM.NS,2025-05-15,1147.199951171875,1138.7601318359375,2064096.0,0.0
TATACONSUM.NS,2025-05-16,1168.0,1159.4071044921875,1336653.0,0.0
TATACONSUM.NS,2025-05-19,1149.300048828125,1140.8447265625,786128.0,0.0
TATACONSUM.NS,2025-05-20,1128.5,1120.19775390625,825451.0,0.0
TATACONSUM.NS,2025-05-21,1138.800048828125,1130.4219970703125,619421.0,0.0
TATACONSUM.NS,2025-05-22,1126.699951171875,1118.4110107421875,1414277.0,0.0
TATACONSUM.NS,2025-05-23,1140.800048828125,1132.4073486328125,897235.0,0.0
TATACONSUM.NS,2025-05-26,1146.300048828125,1137.8668212890625,616370.0,0.0
TATACONSUM.NS,2025-05-27,1138.4000244140625,1130.02490234375,901912.0,0.0
TATACONSUM.NS,2025-05-28,1121.4000244140625,1113.1500244140625,492483.0,0.0
TATACONSUM.NS,2025-05-29,1109.800048828125,1109.800048828125,2556089.0,0.0
TATACONSUM.NS,2025-05-30,1106.300048828125,1106.300048828125,2475644.0,0.0
TATACONSUM.NS,2025-06-02,1120.4000244140625,1120.4000244140625,907133.0,0.0
TATACONSUM.NS,2025-06-03,1114.5999755859375,1114.5999755859375,795876.0,0.0
TATACONSUM.NS,2025-06-04,1124.4000244140625,1124.4000244140625,635699.0,0.0
TATACONSUM.NS,2025-06-05,1111.9000244140625,1111.9000244140625,1044950.0,0.0
TATACONSUM.NS,2025-06-06,1115.5999755859375,1115.5999755859375,503186.0,0.0
TATACONSUM.NS,2025-06-09,1121.199951171875,1121.199951171875,467790.0,0.0
TATACONSUM.NS,2025-06-10,1115.0999755859375,1115.0999755859375,460271.0,0.0
TATACONSUM.NS,2025-06-11,1104.300048828125,1104.300048828125,862130.0,0.0
TATACONSUM.NS,2025-06-12,1085.0999755859375,1085.0999755859375,941294.0,0.0
TATACONSUM.NS,2025-06-13,1078.4000244140625,1078.4000244140625,614108.0,0.0
TATACONSUM.NS,2025-06-16,1083.4000244140625,1083.4000244140625,439929.0,0.0
TATACONSUM.NS,2025-06-17,1071.5999755859375,1071.5999755859375,664517.0,0.0
TATACONSUM.NS,2025-06-18,1065.199951171875,1065.199951171875,545933.0,0.0
TATACONSUM.NS,2025-06-19,1088.300048828125,1088.300048828125,2816398.0,0.0
TATACONSUM.NS,2025-06-20,1100.199951171875,1100.199951171875,2084108.0,0.0
TATACONSUM.NS,2025-06-23,1109.4000244140625,1109.4000244140625,758904.0,0.0
TATACONSUM.NS,2025-06-24,1107.699951171875,1107.699951171875,1134930.0,0.0
TATACONSUM.NS,2025-06-25,1126.5,1126.5,1564437.0,0.0
TATACONSUM.NS,2025-06-26,1145.4000244140625,1145.4000244140625,2236678.0,0.0
TATACONSUM.NS,2025-06-27,1124.300048828125,1124.300048828125,622376.0,0.0
TATACONSUM.NS,2025-06-30,1098.9000244140625,1098.9000244140625,1836286.0,0.0
TATACONSUM.NS,2025-07-01,1095.5999755859375,1095.5999755859375,971874.0,0.0
TATACONSUM.NS,2025-07-02,1095.800048828125,1095.800048828125,1230645.0,0.0
TATACONSUM.NS,2025-07-03,1089.4000244140625,1089.4000244140625,730322.0,0.0
TATACONSUM.NS,2025-07-04,1089.699951171875,1089.699951171875,573351.0,0.0
TATACONSUM.NS,2025-07-07,1101.9000244140625,1101.9000244140625,1152136.0,0.0
TATACONSUM.NS,2025-07-08,1099.9000244140625,1099.9000244140625,605639.0,0.0
TATACONSUM.NS,2025-07-09,1097.9000244140625,1097.9000244140625,752158.0,0.0
TATACONSUM.NS,2025-07-10,1088.9000244140625,1088.9000244140625,533377.0,0.0
TATACONSUM.NS,2025-07-11,1076.800048828125,1076.800048828125,983485.0,0.0
TATACONSUM.NS,2025-07-14,1071.800048828125,1071.800048828125,770739.0,0.0
TATACONSUM.NS,2025-07-15,1081.800048828125,1081.800048828125,538506.0,0.0
TATACONSUM.NS,2025-07-16,1081.5,1081.5,1753658.0,0.0
TATACONSUM.NS,2025-07-17,1105.800048828125,1105.800048828125,1193262.0,0.0
TATACONSUM.NS,2025-07-18,1095.9000244140625,1095.9000244140625,844437.0,0.0
TATACONSUM.NS,2025-07-21,1090.300048828125,1090.300048828125,805610.0,0.0
TATACONSUM.NS,2025-07-22,1084.800048828125,1084.800048828125,961735.0,0.0
TATACONSUM.NS,2025-07-23,1062.5999755859375,1062.5999755859375,1508414.0,0.0
TATACONSUM.NS,2025-07-24,1072.800048828125,1072.800048828125,6264546.0,0.0
TATACONSUM.NS,2025-07-25,1054.4000244140625,1054.4000244140625,1180451.0,0.0
TATACONSUM.NS,2025-07-28,1059.9000244140625,1059.9000244140625,1219854.0,0.0
TATACONSUM.NS,2025-07-29,1061.5999755859375,1061.5999755859375,944513.0,0.0
TATACONSUM.NS,2025-07-30,1073.0999755859375,1073.0999755859375,1175543.0,0.0
TATACONSUM.NS,2025-07-31,1073.199951171875,1073.199951171875,1114320.0,0.0
TATACONSUM.NS,2025-08-01,1070.4000244140625,1070.4000244140625,1040166.0,0.0
TATACONSUM.NS,2025-08-04,1072.5999755859375,1072.5999755859375,663828.0,0.0
TATACONSUM.NS,2025-08-05,1064.5999755859375,1064.5999755859375,861402.0,0.0
TATACONSUM.NS,2025-08-06,1052.800048828125,1052.800048828125,598309.0,0.0
TATACONSUM.NS,2025-08-07,1052.800048828125,1052.800048828125,600790.0,0.0
TATACONSUM.NS,2025-08-08,1051.0,1051.0,843741.0,0.0
TATACONSUM.NS,2025-08-11,1059.0999755859375,1059.0999755859375,617689.0,0.0
TATACONSUM.NS,2025-08-12,1046.800048828125,1046.800048828125,651741.0,0.0
TATACONSUM.NS,2025-08-13,1056.0999755859375,1056.0999755859375,501792.0,0.0
TATACONSUM.NS,2025-08-14,1051.199951171875,1051.199951171875,767620.0,0.0
TATACONSUM.NS,2025-08-18,1071.300048828125,1071.300048828125,1099268.0,0.0
TATACONSUM.NS,2025-08-19,1085.800048828125,1085.800048828125,667231.0,0.0
TATACONSUM.NS,2025-08-20,1105.300048828125,1105.300048828125,871108.0,0.0
TATACONSUM.NS,2025-08-21,1088.0999755859375,1088.0999755859375,614098.0,0.0
TATACONSUM.NS,2025-08-22,1084.0999755859375,1084.0999755859375,394813.0,0.0
TATACONSUM.NS,2025-08-25,1081.5999755859375,1081.5999755859375,444715.0,0.0
TATACONSUM.NS,2025-08-26,1079.9000244140625,1079.9000244140625,1201357.0,0.0
TATACONSUM.NS,2025-08-28,1062.4000244140625,1062.4000244140625,641975.0,0.0
TATACONSUM.NS,2025-08-29,1065.4000244140625,1065.4000244140625,1079893.0,0.0
TATACONSUM.NS,2025-09-01,1075.699951171875,1075.699951171875,807324.0,0.0
TATACONSUM.NS,2025-09-02,1100.800048828125,1100.800048828125,1649975.0,0.0
TATACONSUM.NS,2025-09-03,1104.4000244140625,1104.4000244140625,1244093.0,0.0
TATACONSUM.NS,2025-09-04,1071.0999755859375,1071.0999755859375,2407789.0,0.0
TATACONSUM.NS,2025-09-05,1072.4000244140625,1072.4000244140625,1130356.0,0.0
TATACONSUM.NS,2025-09-08,1074.199951171875,1074.199951171875,600835.0,0.0
TATACONSUM.NS,2025-09-09,1083.5,1083.5,779147.0,0.0
TATACONSUM.NS,2025-09-10,1101.0,1101.0,1200433.0,0.0
TATACONSUM.NS,2025-09-11,1105.300048828125,1105.300048828125,1030547.0,0.0
TATACONSUM.NS,2025-09-12,1103.9000244140625,1103.9000244140625,1131972.0,0.0
TATACONSUM.NS,2025-09-15,1102.5999755859375,1102.5999755859375,1491729.0,0.0
TATACONSUM.NS,2025-09-16,1092.0999755859375,1092.0999755859375,641025.0,0.0
TATACONSUM.NS,2025-09-17,1136.300048828125,1136.300048828125,3361334.0,0.0
TATACONSUM.NS,2025-09-18,1129.300048828125,1129.300048828125,1030976.0,0.0
TATACONSUM.NS,2025-09-19,1126.800048828125,1126.800048828125,1438338.0,0.0
TATACONSUM.NS,2025-09-22,1130.0999755859375,1130.0999755859375,701996.0,0.0
TATACONSUM.NS,2025-09-23,1128.5,1128.5,1082761.0,0.0
TATACONSUM.NS,2025-09-24,1140.0999755859375,1140.0999755859375,1100753.0,0.0
TATACONSUM.NS,2025-09-25,1134.199951171875,1134.199951171875,1023970.0,0.0
TATACONSUM.NS,2025-09-26,1119.0,1119.0,565909.0,0.0
TATACONSUM.NS,2025-09-29,1123.0999755859375,1123.0999755859375,1372491.0,0.0
TATACONSUM.NS,2025-09-30,1129.300048828125,1129.300048828125,1377509.0,0.0
TATACONSUM.NS,2025-10-01,1144.800048828125,1144.800048828125,789835.0,0.0
TATACONSUM.NS,2025-10-03,1137.5,1137.5,1567152.0,0.0
TATACONSUM.NS,2025-10-06,1142.0999755859375,1142.0999755859375,1472109.0,0.0
TATACONSUM.NS,2025-10-07,1120.0,1120.0,1354474.0,0.0
TATACONSUM.NS,2025-10-08,1120.199951171875,1120.199951171875,963508.0,0.0
TATACONSUM.NS,2025-10-09,1118.0,1118.0,852898.0,0.0
TATACONSUM.NS,2025-10-10,1126.5,1126.5,982270.0,0.0
TATACONSUM.NS,2025-10-13,1117.0,1117.0,832628.0,0.0
TATACONSUM.NS,2025-10-14,1118.9000244140625,1118.9000244140625,1033610.0,0.0
TATACONSUM.NS,2025-10-15,1114.199951171875,1114.199951171875,1299596.0,0.0
TATACONSUM.NS,2025-10-16,1149.300048828125,1149.300048828125,2383412.0,0.0
TATACONSUM.NS,2025-10-17,1166.0,1166.0,2001759.0,0.0
TATACONSUM.NS,2025-10-20,1176.4000244140625,1176.4000244140625,1751305.0,0.0
TATACONSUM.NS,2025-10-21,1174.5999755859375,1174.5999755859375,123219.0,0.0
TATACONSUM.NS,2025-10-23,1161.0,1161.0,1137414.0,0.0
TATACONSUM.NS,2025-10-24,1155.300048828125,1155.300048828125,1103267.0,0.0
TATACONSUM.NS,2025-10-27,1169.9000244140625,1169.9000244140625,874449.0,0.0
TATACONSUM.NS,2025-10-28,1168.9000244140625,1168.9000244140625,842574.0,0.0
TATACONSUM.NS,2025-10-29,1177.0999755859375,1177.0999755859375,1017034.0,0.0
TATACONSUM.NS,2025-10-30,1176.5999755859375,1176.5999755859375,900192.0,0.0
TATACONSUM.NS,2025-10-31,1165.0,1165.0,749738.0,0.0
TATACONSUM.NS,2025-11-03,1197.5,1197.5,2595111.0,0.0
TATACONSUM.NS,2025-11-04,1179.300048828125,1179.300048828125,2886618.0,0.0
TATACONSUM.NS,2025-11-06,1190.4000244140625,1190.4000244140625,2401724.0,0.0
TATACONSUM.NS,2025-11-07,1167.199951171875,1167.199951171875,1351606.0,0.0
TATACONSUM.NS,2025-11-10,1142.699951171875,1142.699951171875,1586398.0,0.0
TATACONSUM.NS,2025-11-11,1156.199951171875,1156.199951171875,1177071.0,0.0
TATACONSUM.NS,2025-11-12,1162.0,1162.0,1168588.0,0.0
TATACONSUM.NS,2025-11-13,1154.800048828125,1154.800048828125,1603498.0,0.0
TATACONSUM.NS,2025-11-14,1157.800048828125,1157.800048828125,1832598.0,0.0
TATACONSUM.NS,2025-11-17,1178.9000244140625,1178.9000244140625,2105780.0,0.0
TATACONSUM.NS,2025-11-18,1154.0999755859375,1154.0999755859375,1695622.0,0.0
TATACONSUM.NS,2025-11-19,1162.0999755859375,1162.0999755859375,1935207.0,0.0
TATACONSUM.NS,2025-11-20,1173.9000244140625,1173.9000244140625,2193836.0,0.0
TATACONSUM.NS,2025-11-21,1183.0999755859375,1183.0999755859375,3194549.0,0.0
TATACONSUM.NS,2025-11-24,1186.0,1186.0,4765158.0,0.0
TATACONSUM.NS,2025-11-25,1177.699951171875,1177.699951171875,1258048.0,0.0
TATACONSUM.NS,2025-11-26,1185.300048828125,1185.300048828125,713335.0,0.0
TATACONSUM.NS,2025-11-27,1177.699951171875,1177.699951171875,1118308.0,0.0
TATACONSUM.NS,2025-11-28,1172.4000244140625,1172.4000244140625,1020242.0,0.0
TATACONSUM.NS,2025-12-01,1163.800048828125,1163.800048828125,487062.0,0.0
TATACONSUM.NS,2025-12-02,1162.199951171875,1162.199951171875,708989.0,0.0
TATACONSUM.NS,2025-12-03,1140.0,1140.0,716554.0,0.0
TATACONSUM.NS,2025-12-04,1148.4000244140625,1148.4000244140625,703643.0,0.0
TATACONSUM.NS,2025-12-05,1162.9000244140625,1162.9000244140625,699541.0,0.0
TATACONSUM.NS,2025-12-08,1145.800048828125,1145.800048828125,590111.0,0.0
TATACONSUM.NS,2025-12-09,1146.699951171875,1146.699951171875,851746.0,0.0
TATACONSUM.NS,2025-12-10,1140.0999755859375,1140.0999755859375,342793.0,0.0
TATACONSUM.NS,2025-12-11,1142.0999755859375,1142.0999755859375,616435.0,0.0
TATACONSUM.NS,2025-12-12,1149.300048828125,1149.300048828125,751834.0,0.0
TATACONSUM.NS,2025-12-15,1157.4000244140625,1157.4000244140625,1037323.0,0.0
TATACONSUM.NS,2025-12-16,1169.9000244140625,1169.9000244140625,1181775.0,0.0
TATACONSUM.NS,2025-12-17,1179.800048828125,1179.800048828125,1502200.0,0.0
TATACONSUM.NS,2025-12-18,1171.5,1171.5,568209.0,0.0
TATACONSUM.NS,2025-12-19,1184.0,1184.0,598033.0,0.0
TATACONSUM.NS,2025-12-22,1178.800048828125,1178.800048828125,670307.0,0.0
TATACONSUM.NS,2025-12-23,1185.5999755859375,1185.5999755859375,805182.0,0.0
TATACONSUM.NS,2025-12-24,1179.199951171875,1179.199951171875,530345.0,0.0
TATACONSUM.NS,2025-12-26,1175.699951171875,1175.699951171875,322741.0,0.0
TATACONSUM.NS,2025-12-29,1195.199951171875,1195.199951171875,1806020.0,0.0
TATACONSUM.NS,2025-12-30,1179.0,1179.0,2256987.0,0.0
TATACONSUM.NS,2025-12-31,1192.0,1192.0,960678.0,0.0
TATACONSUM.NS,2026-01-01,1176.9000244140625,1176.9000244140625,947192.0,0.0
TATACONSUM.NS,2026-01-02,1170.699951171875,1170.699951171875,955406.0,0.0
TATACONSUM.NS,2026-01-05,1182.0999755859375,1182.0999755859375,1521762.0,0.0
TATACONSUM.NS,2026-01-06,1210.4000244140625,1210.4000244140625,1202300.0,0.0
TATACONSUM.NS,2026-01-07,1212.5999755859375,1212.5999755859375,1021615.0,0.0
TATACONSUM.NS,2026-01-08,1197.4000244140625,1197.4000244140625,562710.0,0.0
TATACONSUM.NS,2026-01-09,1175.9000244140625,1175.9000244140625,555547.0,0.0
TATACONSUM.NS,2026-01-12,1192.300048828125,1192.300048828125,663978.0,0.0
TATACONSUM.NS,2026-01-13,1189.4000244140625,1189.4000244140625,598454.0,0.0
TATACONSUM.NS,2026-01-14,1171.4000244140625,1171.4000244140625,577684.0,0.0
TATACONSUM.NS,2026-01-15,1171.4000244140625,1171.4000244140625,0.0,0.0
TATACONSUM.NS,2026-01-16,1189.0999755859375,1189.0999755859375,1250225.0,0.0
TATACONSUM.NS,2026-01-19,1180.199951171875,1180.199951171875,547580.0,0.0
TATACONSUM.NS,2026-01-20,1185.0,1185.0,2027446.0,0.0
TATACONSUM.NS,2026-01-21,1163.5999755859375,1163.5999755859375,946906.0,0.0
TATACONSUM.NS,2026-01-22,1175.199951171875,1175.199951171875,1495139.0,0.0
TATACONSUM.NS,2026-01-23,1153.5,1153.5,1456971.0,0.0
TATACONSUM.NS,2026-01-27,1187.4000244140625,1187.4000244140625,3844021.0,0.0
TATACONSUM.NS,2026-01-28,1131.800048828125,1131.800048828125,4560055.0,0.0
TATACONSUM.NS,2026-01-29,1107.199951171875,1107.199951171875,2786421.0,0.0
TATACONSUM.NS,2026-01-30,1133.9000244140625,1133.9000244140625,2570464.0,0.0
TATACONSUM.NS,2026-02-02,1125.4000244140625,1125.4000244140625,1776779.0,0.0
TATACONSUM.NS,2026-02-03,1155.4000244140625,1155.4000244140625,1254462.0,0.0
TATACONSUM.NS,2026-02-04,1153.0,1153.0,1109383.0,0.0
TATACONSUM.NS,2026-02-05,1155.9000244140625,1155.9000244140625,1162295.0,0.0
TATACONSUM.NS,2026-02-06,1159.300048828125,1159.300048828125,830634.0,0.0
TATACONSUM.NS,2026-02-09,1167.199951171875,1167.199951171875,1105510.0,0.0
TATACONSUM.NS,2026-02-10,1152.199951171875,1152.199951171875,978264.0,0.0
TATACONSUM.NS,2026-02-11,1152.5999755859375,1152.5999755859375,751634.0,0.0
TMPV.NS,2025-10-15,390.8500061035156,390.8500061035156,26953550.0,0.0
TMPV.NS,2025-10-16,396.79998779296875,396.79998779296875,21983750.0,0.0
TMPV.NS,2025-10-17,396.6000061035156,396.6000061035156,16564540.0,0.0
TMPV.NS,2025-10-20,399.75,399.75,10471670.0,0.0
TMPV.NS,2025-10-21,401.8500061035156,401.8500061035156,3449156.0,0.0
TMPV.NS,2025-10-23,405.8500061035156,405.8500061035156,14126000.0,0.0
TMPV.NS,2025-10-24,403.29998779296875,403.29998779296875,6311744.0,0.0
TMPV.NS,2025-10-27,410.04998779296875,410.04998779296875,10699370.0,0.0
TMPV.NS,2025-10-28,411.5,411.5,10332270.0,0.0
TMPV.NS,2025-10-29,411.3500061035156,411.3500061035156,8485023.0,0.0
TMPV.NS,2025-10-30,412.45001220703125,412.45001220703125,8783965.0,0.0
TMPV.NS,2025-10-31,410.0,410.0,8012169.0,0.0
TMPV.NS,2025-11-03,417.0,417.0,8952229.0,0.0
TMPV.NS,2025-11-04,406.5,406.5,8889004.0,0.0
TMPV.NS,2025-11-06,407.8500061035156,407.8500061035156,6862359.0,0.0
TMPV.NS,2025-11-07,405.70001220703125,405.70001220703125,6930046.0,0.0
TMPV.NS,2025-11-10,410.45001220703125,410.45001220703125,7913640.0,0.0
TMPV.NS,2025-11-11,407.6000061035156,407.6000061035156,8120946.0,0.0
TMPV.NS,2025-11-12,402.1499938964844,402.1499938964844,12940220.0,0.0
TMPV.NS,2025-11-13,397.95001220703125,397.95001220703125,13165720.0,0.0
TMPV.NS,2025-11-14,391.20001220703125,391.20001220703125,21834850.0,0.0
TMPV.NS,2025-11-17,372.70001220703125,372.70001220703125,32393340.0,0.0
TMPV.NS,2025-11-18,371.29998779296875,371.29998779296875,17484750.0,0.0
TMPV.NS,2025-11-19,360.8500061035156,360.8500061035156,17854510.0,0.0
TMPV.NS,2025-11-20,359.79998779296875,359.79998779296875,15999030.0,0.0
TMPV.NS,2025-11-21,362.25,362.25,10829320.0,0.0
TMPV.NS,2025-11-24,358.29998779296875,358.29998779296875,12671920.0,0.0
TMPV.NS,2025-11-25,352.45001220703125,352.45001220703125,12577560.0,0.0
TMPV.NS,2025-11-26,359.25,359.25,13130210.0,0.0
TMPV.NS,2025-11-27,357.79998779296875,357.79998779296875,8871759.0,0.0
TMPV.NS,2025-11-28,356.79998779296875,356.79998779296875,10905210.0,0.0
TMPV.NS,2025-12-01,363.79998779296875,363.79998779296875,12714130.0,0.0
TMPV.NS,2025-12-02,361.75,361.75,8576018.0,0.0
TMPV.NS,2025-12-03,356.8500061035156,356.8500061035156,9504331.0,0.0
TMPV.NS,2025-12-04,356.45001220703125,356.45001220703125,9173145.0,0.0
TMPV.NS,2025-12-05,353.6000061035156,353.6000061035156,5667381.0,0.0
TMPV.NS,2025-12-08,348.29998779296875,348.29998779296875,7186158.0,0.0
TMPV.NS,2025-12-09,344.70001220703125,344.70001220703125,9143402.0,0.0
TMPV.NS,2025-12-10,343.3999938964844,343.3999938964844,8705054.0,0.0
TMPV.NS,2025-12-11,346.6499938964844,346.6499938964844,6756893.0,0.0
TMPV.NS,2025-12-12,347.45001220703125,347.45001220703125,7241621.0,0.0
TMPV.NS,2025-12-15,347.1499938964844,347.1499938964844,8169383.0,0.0
TMPV.NS,2025-12-16,345.45001220703125,345.45001220703125,8391226.0,0.0
TMPV.NS,2025-12-17,346.3500061035156,346.3500061035156,7045390.0,0.0
TMPV.NS,2025-12-18,345.79998779296875,345.79998779296875,15417500.0,0.0
TMPV.NS,2025-12-19,352.6499938964844,352.6499938964844,74052760.0,0.0
TMPV.NS,2025-12-22,359.1499938964844,359.1499938964844,10798310.0,0.0
TMPV.NS,2025-12-23,363.25,363.25,11885570.0,0.0
TMPV.NS,2025-12-24,359.20001220703125,359.20001220703125,9212351.0,0.0
TMPV.NS,2025-12-26,358.79998779296875,358.79998779296875,8589856.0,0.0
TMPV.NS,2025-12-29,358.6000061035156,358.6000061035156,10050260.0,0.0
TMPV.NS,2025-12-30,361.75,361.75,13807060.0,0.0
TMPV.NS,2025-12-31,367.3500061035156,367.3500061035156,10439180.0,0.0
TMPV.NS,2026-01-01,367.54998779296875,367.54998779296875,7214281.0,0.0
TMPV.NS,2026-01-02,370.3500061035156,370.3500061035156,7077536.0,0.0
TMPV.NS,2026-01-05,373.54998779296875,373.54998779296875,9591926.0,0.0
TMPV.NS,2026-01-06,368.8999938964844,368.8999938964844,17493340.0,0.0
TMPV.NS,2026-01-07,363.3500061035156,363.3500061035156,10682220.0,0.0
TMPV.NS,2026-01-08,359.45001220703125,359.45001220703125,7353203.0,0.0
TMPV.NS,2026-01-09,354.1499938964844,354.1499938964844,8018768.0,0.0
TMPV.NS,2026-01-12,350.54998779296875,350.54998779296875,9771562.0,0.0
TMPV.NS,2026-01-13,349.75,349.75,7527115.0,0.0
TMPV.NS,2026-01-14,349.79998779296875,349.79998779296875,6249594.0,0.0
TMPV.NS,2026-01-16,353.6000061035156,353.6000061035156,10735620.0,0.0
TMPV.NS,2026-01-19,344.0,344.0,14364950.0,0.0
TMPV.NS,2026-01-20,337.8500061035156,337.8500061035156,11541900.0,0.0
TMPV.NS,2026-01-21,339.25,339.25,9873473.0,0.0
TMPV.NS,2026-01-22,347.29998779296875,347.29998779296875,10714260.0,0.0
TMPV.NS,2026-01-23,344.45001220703125,344.45001220703125,8354700.0,0.0
TMPV.NS,2026-01-27,340.54998779296875,340.54998779296875,12510460.0,0.0
TMPV.NS,2026-01-28,340.45001220703125,340.45001220703125,9425163.0,0.0
TMPV.NS,2026-01-29,351.79998779296875,351.79998779296875,13586970.0,0.0
TMPV.NS,2026-01-30,350.04998779296875,350.04998779296875,9910289.0,0.0
TMPV.NS,2026-02-02,362.8999938964844,362.8999938964844,19654610.0,0.0
TMPV.NS,2026-02-03,372.04998779296875,372.04998779296875,16720220.0,0.0
TMPV.NS,2026-02-04,375.45001220703125,375.45001220703125,10142350.0,0.0
TMPV.NS,2026-02-05,374.1499938964844,374.1499938964844,14013830.0,0.0
TMPV.NS,2026-02-06,369.5,369.5,23116970.0,0.0
TMPV.NS,2026-02-09,377.3999938964844,377.3999938964844,8800284.0,0.0
TMPV.NS,2026-02-10,379.3500061035156,379.3500061035156,8921719.0,0.0
TMPV.NS,2026-02-11,384.70001220703125,384.70001220703125,10932149.0,0.0
TATASTEEL.NS,2025-02-11,130.11000061035156,127.14490509033203,23635428.0,0.0
TATASTEEL.NS,2025-02-12,132.27999877929688,129.2654571533203,37927696.0,0.0
TATASTEEL.NS,2025-02-13,136.25,133.14498901367188,52036196.0,0.0
TATASTEEL.NS,2025-02-14,134.47000122070312,131.40554809570312,41469242.0,0.0
TATASTEEL.NS,2025-02-17,134.2899932861328,131.22964477539062,21189637.0,0.0
TATASTEEL.NS,2025-02-18,134.5399932861328,131.47393798828125,23957576.0,0.0
TATASTEEL.NS,2025-02-19,135.75999450683594,132.6661376953125,18447487.0,0.0
TATASTEEL.NS,2025-02-20,138.0399932861328,134.89418029785156,24139808.0,0.0
TATASTEEL.NS,2025-02-21,140.75999450683594,137.5522003173828,41987785.0,0.0
TATASTEEL.NS,2025-02-24,137.64999389648438,134.51307678222656,25193205.0,0.0
TATASTEEL.NS,2025-02-25,137.07000732421875,133.94630432128906,23575603.0,0.0
TATASTEEL.NS,2025-02-27,138.69000244140625,135.5293731689453,30747044.0,0.0
TATASTEEL.NS,2025-02-28,137.1999969482422,134.07333374023438,45540594.0,0.0
TATASTEEL.NS,2025-03-03,138.57000732421875,135.41212463378906,31154401.0,0.0
TATASTEEL.NS,2025-03-04,139.33999633789062,136.16456604003906,28634645.0,0.0
TATASTEEL.NS,2025-03-05,146.10000610351562,142.7705078125,62109377.0,0.0
TATASTEEL.NS,2025-03-06,150.44000244140625,147.01161193847656,79121467.0,0.0
TATASTEEL.NS,2025-03-07,151.55999755859375,148.1060791015625,81821791.0,0.0
TATASTEEL.NS,2025-03-10,151.0500030517578,147.6077117919922,54450331.0,0.0
TATASTEEL.NS,2025-03-11,150.75,147.31454467773438,35916900.0,0.0
TATASTEEL.NS,2025-03-12,150.3000030517578,146.8748016357422,26377549.0,0.0
TATASTEEL.NS,2025-03-13,150.8800048828125,147.44158935546875,48286431.0,0.0
TATASTEEL.NS,2025-03-17,151.80999755859375,148.3503875732422,35879780.0,0.0
TATASTEEL.NS,2025-03-18,151.80999755859375,148.3503875732422,0.0,0.0
TATASTEEL.NS,2025-03-19,158.60000610351562,154.98565673828125,66161413.0,0.0
TATASTEEL.NS,2025-03-20,159.0399932861328,155.41561889648438,39889517.0,0.0
TATASTEEL.NS,2025-03-21,157.27999877929688,153.6957244873047,49184821.0,0.0
TATASTEEL.NS,2025-03-24,158.4199981689453,154.8097381591797,30905773.0,0.0
TATASTEEL.NS,2025-03-25,156.72999572753906,153.15826416015625,28467187.0,0.0
TATASTEEL.NS,2025-03-26,155.80999755859375,152.2592315673828,23182869.0,0.0
TATASTEEL.NS,2025-03-27,155.4199981689453,151.87811279296875,25909068.0,0.0
TATASTEEL.NS,2025-03-28,154.24000549316406,150.72500610351562,24589315.0,0.0
TATASTEEL.NS,2025-04-01,153.1199951171875,149.63052368164062,29142122.0,0.0
TATASTEEL.NS,2025-04-02,154.69000244140625,151.1647491455078,24977582.0,0.0
TATASTEEL.NS,2025-04-03,153.6199951171875,150.11912536621094,15117526.0,0.0
TATASTEEL.NS,2025-04-04,140.38999938964844,137.1906280517578,80846143.0,0.0
TATASTEEL.NS,2025-04-07,129.47999572753906,126.52925872802734,121806340.0,0.0
TATASTEEL.NS,2025-04-08,130.27999877929688,127.31103515625,68999181.0,0.0
TATASTEEL.NS,2025-04-09,127.18000030517578,124.28167724609375,73399980.0,0.0
TATASTEEL.NS,2025-04-11,133.4199981689453,130.3794708251953,73706472.0,0.0
TATASTEEL.NS,2025-04-15,136.41000366210938,133.3013458251953,38967608.0,0.0
TATASTEEL.NS,2025-04-16,136.97000122070312,133.84857177734375,42684087.0,0.0
TATASTEEL.NS,2025-04-17,137.13999938964844,134.0146942138672,62282856.0,0.0
TATASTEEL.NS,2025-04-21,139.17999267578125,136.00820922851562,26503486.0,0.0
TATASTEEL.NS,2025-04-22,138.16000366210938,135.01145935058594,58429662.0,0.0
TATASTEEL.NS,2025-04-23,141.16000366210938,137.94308471679688,37851304.0,0.0
TATASTEEL.NS,2025-04-24,141.52000427246094,138.29489135742188,23061444.0,0.0
TATASTEEL.NS,2025-04-25,138.85000610351562,135.68572998046875,37764696.0,0.0
TATASTEEL.NS,2025-04-28,142.07000732421875,138.8323516845703,26971589.0,0.0
TATASTEEL.NS,2025-04-29,141.5,138.2753448486328,25758449.0,0.0
TATASTEEL.NS,2025-04-30,140.0800018310547,136.8876953125,29205042.0,0.0
TATASTEEL.NS,2025-05-02,141.39999389648438,138.1776123046875,29588258.0,0.0
TATASTEEL.NS,2025-05-05,142.0800018310547,138.8421173095703,17213477.0,0.0
TATASTEEL.NS,2025-05-06,144.44000244140625,141.14834594726562,42658262.0,0.0
TATASTEEL.NS,2025-05-07,146.0,142.67279052734375,34674594.0,0.0
TATASTEEL.NS,2025-05-08,143.6699981689453,140.39588928222656,29687927.0,0.0
TATASTEEL.NS,2025-05-09,142.77999877929688,139.5261688232422,21875453.0,0.0
TATASTEEL.NS,2025-05-12,151.6300048828125,148.1744842529297,47087413.0,0.0
TATASTEEL.NS,2025-05-13,149.42999267578125,146.0246124267578,54389876.0,0.0
TATASTEEL.NS,2025-05-14,155.30999755859375,151.77061462402344,60002060.0,0.0
TATASTEEL.NS,2025-05-15,157.35000610351562,153.76414489746094,57066105.0,0.0
TATASTEEL.NS,2025-05-16,157.5500030517578,153.95957946777344,22884754.0,0.0
TATASTEEL.NS,2025-05-19,157.57000732421875,153.9791259765625,21839582.0,0.0
TATASTEEL.NS,2025-05-20,158.69000244140625,155.07359313964844,58061639.0,0.0
TATASTEEL.NS,2025-05-21,161.63999938964844,157.95635986328125,36044599.0,0.0
TATASTEEL.NS,2025-05-22,161.2899932861328,157.6143341064453,60715453.0,0.0
TATASTEEL.NS,2025-05-23,162.97000122070312,159.2560577392578,29483665.0,0.0
TATASTEEL.NS,2025-05-26,162.50999450683594,158.80653381347656,25581584.0,0.0
TATASTEEL.NS,2025-05-27,161.66000366210938,157.97592163085938,23296776.0,0.0
TATASTEEL.NS,2025-05-28,161.24000549316406,157.56549072265625,13044476.0,0.0
TATASTEEL.NS,2025-05-29,163.1199951171875,159.4026336669922,26455081.0,0.0
TATASTEEL.NS,2025-05-30,161.02000427246094,157.35049438476562,32739340.0,0.0
TATASTEEL.NS,2025-06-02,159.0399932861328,155.41561889648438,31365564.0,0.0
TATASTEEL.NS,2025-06-03,157.35000610351562,153.76414489746094,28398746.0,0.0
TATASTEEL.NS,2025-06-04,158.17999267578125,154.57521057128906,16660138.0,0.0
TATASTEEL.NS,2025-06-05,157.97000122070312,154.37001037597656,23708504.0,0.0
TATASTEEL.NS,2025-06-06,157.49000549316406,157.49000549316406,25804151.0,0.0
TATASTEEL.NS,2025-06-09,157.32000732421875,157.32000732421875,15315437.0,0.0
TATASTEEL.NS,2025-06-10,155.67999267578125,155.67999267578125,22764080.0,0.0
TATASTEEL.NS,2025-06-11,156.41000366210938,156.41000366210938,17605668.0,0.0
TATASTEEL.NS,2025-06-12,152.88999938964844,152.88999938964844,27846151.0,0.0
TATASTEEL.NS,2025-06-13,152.1300048828125,152.1300048828125,24277592.0,0.0
TATASTEEL.NS,2025-06-16,154.1699981689453,154.1699981689453,16188193.0,0.0
TATASTEEL.NS,2025-06-17,152.60000610351562,152.60000610351562,16740382.0,0.0
TATASTEEL.NS,2025-06-18,152.11000061035156,152.11000061035156,14860746.0,0.0
TATASTEEL.NS,2025-06-19,151.0,151.0,20145922.0,0.0
TATASTEEL.NS,2025-06-20,151.97000122070312,151.97000122070312,29944714.0,0.0
TATASTEEL.NS,2025-06-23,152.42999267578125,152.42999267578125,17096676.0,0.0
TATASTEEL.NS,2025-06-24,154.7899932861328,154.7899932861328,25403324.0,0.0
TATASTEEL.NS,2025-06-25,156.38999938964844,156.38999938964844,18240433.0,0.0
TATASTEEL.NS,2025-06-26,160.5399932861328,160.5399932861328,40650557.0,0.0
TATASTEEL.NS,2025-06-27,161.4499969482422,161.4499969482422,31989509.0,0.0
TATASTEEL.NS,2025-06-30,159.75999450683594,159.75999450683594,15842285.0,0.0
TATASTEEL.NS,2025-07-01,160.05999755859375,160.05999755859375,17823415.0,0.0
TATASTEEL.NS,2025-07-02,165.8800048828125,165.8800048828125,63315210.0,0.0
TATASTEEL.NS,2025-07-03,165.91000366210938,165.91000366210938,60571824.0,0.0
TATASTEEL.NS,2025-07-04,163.00999450683594,163.00999450683594,22938753.0,0.0
TATASTEEL.NS,2025-07-07,162.39999389648438,162.39999389648438,17469909.0,0.0
TATASTEEL.NS,2025-07-08,161.97000122070312,161.97000122070312,11398248.0,0.0
TATASTEEL.NS,2025-07-09,159.0,159.0,29839077.0,0.0
TATASTEEL.NS,2025-07-10,160.66000366210938,160.66000366210938,17566887.0,0.0
TATASTEEL.NS,2025-07-11,159.83999633789062,159.83999633789062,20689511.0,0.0
TATASTEEL.NS,2025-07-14,160.44000244140625,160.44000244140625,15152964.0,0.0
TATASTEEL.NS,2025-07-15,159.0,159.0,17993051.0,0.0
TATASTEEL.NS,2025-07-16,157.3300018310547,157.3300018310547,14591157.0,0.0
TATASTEEL.NS,2025-07-17,159.89999389648438,159.89999389648438,21733241.0,0.0
TATASTEEL.NS,2025-07-18,162.3699951171875,162.3699951171875,30728478.0,0.0
TATASTEEL.NS,2025-07-21,163.02000427246094,163.02000427246094,29812899.0,0.0
TATASTEEL.NS,2025-07-22,163.0399932861328,163.0399932861328,13615524.0,0.0
TATASTEEL.NS,2025-07-23,162.77000427246094,162.77000427246094,14287149.0,0.0
TATASTEEL.NS,2025-07-24,163.47999572753906,163.47999572753906,14377270.0,0.0
TATASTEEL.NS,2025-07-25,161.42999267578125,161.42999267578125,12443495.0,0.0
TATASTEEL.NS,2025-07-28,159.67999267578125,159.67999267578125,19296285.0,0.0
TATASTEEL.NS,2025-07-29,161.69000244140625,161.69000244140625,15262937.0,0.0
TATASTEEL.NS,2025-07-30,161.36000061035156,161.36000061035156,16083106.0,0.0
TATASTEEL.NS,2025-07-31,157.94000244140625,157.94000244140625,26213891.0,0.0
TATASTEEL.NS,2025-08-01,153.00999450683594,153.00999450683594,23927359.0,0.0
TATASTEEL.NS,2025-08-04,159.55999755859375,159.55999755859375,30064719.0,0.0
TATASTEEL.NS,2025-08-05,159.6199951171875,159.6199951171875,14441034.0,0.0
TATASTEEL.NS,2025-08-06,158.66000366210938,158.66000366210938,13438851.0,0.0
TATASTEEL.NS,2025-08-07,159.6699981689453,159.6699981689453,23159540.0,0.0
TATASTEEL.NS,2025-08-08,157.9499969482422,157.9499969482422,11951173.0,0.0
TATASTEEL.NS,2025-08-11,158.52000427246094,158.52000427246094,14325736.0,0.0
TATASTEEL.NS,2025-08-12,160.16000366210938,160.16000366210938,20056598.0,0.0
TATASTEEL.NS,2025-08-13,160.17999267578125,160.17999267578125,18079396.0,0.0
TATASTEEL.NS,2025-08-14,155.3000030517578,155.3000030517578,47256126.0,0.0
TATASTEEL.NS,2025-08-18,157.9600067138672,157.9600067138672,61022494.0,0.0
TATASTEEL.NS,2025-08-19,159.22999572753906,159.22999572753906,21224239.0,0.0
TATASTEEL.NS,2025-08-20,161.9199981689453,161.9199981689453,28520245.0,0.0
TATASTEEL.NS,2025-08-21,161.50999450683594,161.50999450683594,17282594.0,0.0
TATASTEEL.NS,2025-08-22,158.5500030517578,158.5500030517578,16063984.0,0.0
TATASTEEL.NS,2025-08-25,159.6300048828125,159.6300048828125,16376542.0,0.0
TATASTEEL.NS,2025-08-26,155.02999877929688,155.02999877929688,19621100.0,0.0
TATASTEEL.NS,2025-08-28,153.6300048828125,153.6300048828125,22269875.0,0.0
TATASTEEL.NS,2025-08-29,154.47999572753906,154.47999572753906,16971859.0,0.0
TATASTEEL.NS,2025-09-01,156.1699981689453,156.1699981689453,10798622.0,0.0
TATASTEEL.NS,2025-09-02,158.38999938964844,158.38999938964844,21202113.0,0.0
TATASTEEL.NS,2025-09-03,167.85000610351562,167.85000610351562,82352014.0,0.0
TATASTEEL.NS,2025-09-04,166.80999755859375,166.80999755859375,26316842.0,0.0
TATASTEEL.NS,2025-09-05,167.67999267578125,167.67999267578125,16798170.0,0.0
TATASTEEL.NS,2025-09-08,168.82000732421875,168.82000732421875,36402317.0,0.0
TATASTEEL.NS,2025-09-09,169.14999389648438,169.14999389648438,14028910.0,0.0
TATASTEEL.NS,2025-09-10,169.42999267578125,169.42999267578125,13128306.0,0.0
TATASTEEL.NS,2025-09-11,169.41000366210938,169.41000366210938,13829526.0,0.0
TATASTEEL.NS,2025-09-12,169.77999877929688,169.77999877929688,12119036.0,0.0
TATASTEEL.NS,2025-09-15,169.22999572753906,169.22999572753906,10611401.0,0.0
TATASTEEL.NS,2025-09-16,172.02000427246094,172.02000427246094,26629438.0,0.0
TATASTEEL.NS,2025-09-17,171.36000061035156,171.36000061035156,21381306.0,0.0
TATASTEEL.NS,2025-09-18,172.02999877929688,172.02999877929688,16413388.0,0.0
TATASTEEL.NS,2025-09-19,171.47999572753906,171.47999572753906,25406461.0,0.0
TATASTEEL.NS,2025-09-22,171.38999938964844,171.38999938964844,20970704.0,0.0
TATASTEEL.NS,2025-09-23,173.2899932861328,173.2899932861328,24533561.0,0.0
TATASTEEL.NS,2025-09-24,172.66000366210938,172.66000366210938,20168891.0,0.0
TATASTEEL.NS,2025-09-25,172.3800048828125,172.3800048828125,17026549.0,0.0
TATASTEEL.NS,2025-09-26,167.39999389648438,167.39999389648438,20157657.0,0.0
TATASTEEL.NS,2025-09-29,168.97999572753906,168.97999572753906,16832342.0,0.0
TATASTEEL.NS,2025-09-30,168.77000427246094,168.77000427246094,24553596.0,0.0
TATASTEEL.NS,2025-10-01,167.50999450683594,167.50999450683594,17542776.0,0.0
TATASTEEL.NS,2025-10-03,173.2100067138672,173.2100067138672,55172705.0,0.0
TATASTEEL.NS,2025-10-06,170.05999755859375,170.05999755859375,21474004.0,0.0
TATASTEEL.NS,2025-10-07,171.42999267578125,171.42999267578125,19189843.0,0.0
TATASTEEL.NS,2025-10-08,171.94000244140625,171.94000244140625,22662699.0,0.0
TATASTEEL.NS,2025-10-09,176.4199981689453,176.4199981689453,68504717.0,0.0
TATASTEEL.NS,2025-10-10,173.86000061035156,173.86000061035156,18085975.0,0.0
TATASTEEL.NS,2025-10-13,173.02999877929688,173.02999877929688,19386219.0,0.0
TATASTEEL.NS,2025-10-14,170.50999450683594,170.50999450683594,22082970.0,0.0
TATASTEEL.NS,2025-10-15,173.24000549316406,173.24000549316406,15031989.0,0.0
TATASTEEL.NS,2025-10-16,174.0,174.0,12205250.0,0.0
TATASTEEL.NS,2025-10-17,172.22000122070312,172.22000122070312,21659007.0,0.0
TATASTEEL.NS,2025-10-20,171.9499969482422,171.9499969482422,18049579.0,0.0
TATASTEEL.NS,2025-10-21,172.77999877929688,172.77999877929688,2471987.0,0.0
TATASTEEL.NS,2025-10-23,174.16000366210938,174.16000366210938,31472510.0,0.0
TATASTEEL.NS,2025-10-24,174.44000244140625,174.44000244140625,25226376.0,0.0
TATASTEEL.NS,2025-10-27,176.66000366210938,176.66000366210938,23832477.0,0.0
TATASTEEL.NS,2025-10-28,181.80999755859375,181.80999755859375,59511794.0,0.0
TATASTEEL.NS,2025-10-29,185.19000244140625,185.19000244140625,51610530.0,0.0
TATASTEEL.NS,2025-10-30,184.35000610351562,184.35000610351562,24270977.0,0.0
TATASTEEL.NS,2025-10-31,182.83999633789062,182.83999633789062,16041321.0,0.0
TATASTEEL.NS,2025-11-03,182.6699981689453,182.6699981689453,16652212.0,0.0
TATASTEEL.NS,2025-11-04,179.2899932861328,179.2899932861328,18746387.0,0.0
TATASTEEL.NS,2025-11-06,177.27000427246094,177.27000427246094,23664538.0,0.0
TATASTEEL.NS,2025-11-07,181.3699951171875,181.3699951171875,19165876.0,0.0
TATASTEEL.NS,2025-11-10,181.47999572753906,181.47999572753906,18376132.0,0.0
TATASTEEL.NS,2025-11-11,181.0399932861328,181.0399932861328,14109340.0,0.0
TATASTEEL.NS,2025-11-12,178.61000061035156,178.61000061035156,19037263.0,0.0
TATASTEEL.NS,2025-11-13,176.64999389648438,176.64999389648438,82083661.0,0.0
TATASTEEL.NS,2025-11-14,174.25999450683594,174.25999450683594,38345500.0,0.0
TATASTEEL.NS,2025-11-17,173.1699981689453,173.1699981689453,28204282.0,0.0
TATASTEEL.NS,2025-11-18,172.4499969482422,172.4499969482422,34278387.0,0.0
TATASTEEL.NS,2025-11-19,173.2100067138672,173.2100067138672,19621610.0,0.0
TATASTEEL.NS,2025-11-20,172.4600067138672,172.4600067138672,15968891.0,0.0
TATASTEEL.NS,2025-11-21,168.0,168.0,28412865.0,0.0
TATASTEEL.NS,2025-11-24,165.36000061035156,165.36000061035156,31202769.0,0.0
TATASTEEL.NS,2025-11-25,166.3300018310547,166.3300018310547,19983310.0,0.0
TATASTEEL.NS,2025-11-26,169.6699981689453,169.6699981689453,15044796.0,0.0
TATASTEEL.NS,2025-11-27,168.1300048828125,168.1300048828125,17546627.0,0.0
TATASTEEL.NS,2025-11-28,167.9600067138672,167.9600067138672,11975539.0,0.0
TATASTEEL.NS,2025-12-01,168.6300048828125,168.6300048828125,11758473.0,0.0
TATASTEEL.NS,2025-12-02,167.77999877929688,167.77999877929688,15355023.0,0.0
TATASTEEL.NS,2025-12-03,166.9199981689453,166.9199981689453,18873943.0,0.0
TATASTEEL.NS,2025-12-04,166.77000427246094,166.77000427246094,11419966.0,0.0
TATASTEEL.NS,2025-12-05,167.11000061035156,167.11000061035156,33500436.0,0.0
TATASTEEL.NS,2025-12-08,163.47000122070312,163.47000122070312,15772400.0,0.0
TATASTEEL.NS,2025-12-09,160.6699981689453,160.6699981689453,25766371.0,0.0
TATASTEEL.NS,2025-12-10,162.22999572753906,162.22999572753906,22537548.0,0.0
TATASTEEL.NS,2025-12-11,166.3800048828125,166.3800048828125,32603566.0,0.0
TATASTEEL.NS,2025-12-12,171.88999938964844,171.88999938964844,41130927.0,0.0
TATASTEEL.NS,2025-12-15,172.8699951171875,172.8699951171875,23254201.0,0.0
TATASTEEL.NS,2025-12-16,169.8300018310547,169.8300018310547,22981935.0,0.0
TATASTEEL.NS,2025-12-17,170.33999633789062,170.33999633789062,11624504.0,0.0
TATASTEEL.NS,2025-12-18,168.1199951171875,168.1199951171875,13152378.0,0.0
TATASTEEL.NS,2025-12-19,168.69000244140625,168.69000244140625,28448892.0,0.0
TATASTEEL.NS,2025-12-22,169.22000122070312,169.22000122070312,23729300.0,0.0
TATASTEEL.NS,2025-12-23,170.89999389648438,170.89999389648438,17348078.0,0.0
TATASTEEL.NS,2025-12-24,170.07000732421875,170.07000732421875,17430406.0,0.0
TATASTEEL.NS,2025-12-26,169.1199951171875,169.1199951171875,16904834.0,0.0
TATASTEEL.NS,2025-12-29,172.3000030517578,172.3000030517578,48001907.0,0.0
TATASTEEL.NS,2025-12-30,175.8000030517578,175.8000030517578,33741158.0,0.0
TATASTEEL.NS,2025-12-31,180.0800018310547,180.0800018310547,50897201.0,0.0
TATASTEEL.NS,2026-01-01,181.88999938964844,181.88999938964844,21507757.0,0.0
TATASTEEL.NS,2026-01-02,182.8800048828125,182.8800048828125,23006840.0,0.0
TATASTEEL.NS,2026-01-05,185.72000122070312,185.72000122070312,30646009.0,0.0
TATASTEEL.NS,2026-01-06,186.1999969482422,186.1999969482422,28514282.0,0.0
TATASTEEL.NS,2026-01-07,183.8000030517578,183.8000030517578,18231588.0,0.0
TATASTEEL.NS,2026-01-08,180.1199951171875,180.1199951171875,38454951.0,0.0
TATASTEEL.NS,2026-01-09,178.39999389648438,178.39999389648438,25318701.0,0.0
TATASTEEL.NS,2026-01-12,183.24000549316406,183.24000549316406,25782267.0,0.0
TATASTEEL.NS,2026-01-13,182.57000732421875,182.57000732421875,19155081.0,0.0
TATASTEEL.NS,2026-01-14,189.25,189.25,55907778.0,0.0
TATASTEEL.NS,2026-01-15,189.25,189.25,0.0,0.0
TATASTEEL.NS,2026-01-16,188.2100067138672,188.2100067138672,26028519.0,0.0
TATASTEEL.NS,2026-01-19,188.27000427246094,188.27000427246094,19709364.0,0.0
TATASTEEL.NS,2026-01-20,183.55999755859375,183.55999755859375,20094927.0,0.0
TATASTEEL.NS,2026-01-21,184.41000366210938,184.41000366210938,35037961.0,0.0
TATASTEEL.NS,2026-01-22,189.10000610351562,189.10000610351562,35681682.0,0.0
TATASTEEL.NS,2026-01-23,187.61000061035156,187.61000061035156,28492706.0,0.0
TATASTEEL.NS,2026-01-27,192.27999877929688,192.27999877929688,42314287.0,0.0
TATASTEEL.NS,2026-01-28,193.85000610351562,193.85000610351562,33310718.0,0.0
TATASTEEL.NS,2026-01-29,202.32000732421875,202.32000732421875,60610904.0,0.0
TATASTEEL.NS,2026-01-30,193.1300048828125,193.1300048828125,52262849.0,0.0
TATASTEEL.NS,2026-02-02,188.50999450683594,188.50999450683594,25601945.0,0.0
TATASTEEL.NS,2026-02-03,192.92999267578125,192.92999267578125,28467895.0,0.0
TATASTEEL.NS,2026-02-04,195.39999389648438,195.39999389648438,13859145.0,0.0
TATASTEEL.NS,2026-02-05,197.75999450683594,197.75999450683594,31293689.0,0.0
TATASTEEL.NS,2026-02-06,197.05999755859375,197.05999755859375,18446912.0,0.0
TATASTEEL.NS,2026-02-09,202.0,202.0,68967709.0,0.0
TATASTEEL.NS,2026-02-10,208.00999450683594,208.00999450683594,82443790.0,0.0
TATASTEEL.NS,2026-02-11,207.58999633789062,207.58999633789062,40887285.0,0.0
TECHM.NS,2025-02-11,1669.0999755859375,1622.165283203125,1800036.0,0.0
TECHM.NS,2025-02-12,1680.199951171875,1632.9532470703125,1889477.0,0.0
TECHM.NS,2025-02-13,1675.300048828125,1628.1910400390625,1555491.0,0.0
TECHM.NS,2025-02-14,1659.0999755859375,1612.446533203125,961944.0,0.0
TECHM.NS,2025-02-17,1664.949951171875,1618.1319580078125,1114005.0,0.0
TECHM.NS,2025-02-18,1705.0,1657.055908203125,2654136.0,0.0
TECHM.NS,2025-02-19,1685.800048828125,1638.395751953125,1113961.0,0.0
TECHM.NS,2025-02-20,1657.8499755859375,1611.231689453125,1485087.0,0.0
TECHM.NS,2025-02-21,1649.5,1603.116455078125,1479239.0,0.0
TECHM.NS,2025-02-24,1613.699951171875,1568.3232421875,1672609.0,0.0
TECHM.NS,2025-02-25,1593.949951171875,1549.1285400390625,1425126.0,0.0
TECHM.NS,2025-02-27,1588.25,1543.5888671875,2208643.0,0.0
TECHM.NS,2025-02-28,1487.8499755859375,1446.0120849609375,4155992.0,0.0
TECHM.NS,2025-03-03,1493.050048828125,1451.06591796875,2851006.0,0.0
TECHM.NS,2025-03-04,1488.25,1446.4007568359375,2386196.0,0.0
TECHM.NS,2025-03-05,1538.0999755859375,1494.84912109375,1967418.0,0.0
TECHM.NS,2025-03-06,1503.449951171875,1461.17333984375,2246380.0,0.0
TECHM.NS,2025-03-07,1492.3499755859375,1450.3856201171875,893696.0,0.0
TECHM.NS,2025-03-10,1486.8499755859375,1445.0401611328125,798491.0,0.0
TECHM.NS,2025-03-11,1479.199951171875,1437.6053466796875,1769157.0,0.0
TECHM.NS,2025-03-12,1438.300048828125,1397.85546875,2665932.0,0.0
TECHM.NS,2025-03-13,1440.6500244140625,1400.1392822265625,995812.0,0.0
TECHM.NS,2025-03-17,1440.0999755859375,1399.604736328125,1747569.0,0.0
TECHM.NS,2025-03-18,1440.0999755859375,1399.604736328125,0.0,0.0
TECHM.NS,2025-03-19,1396.1500244140625,1356.890625,5557840.0,0.0
TECHM.NS,2025-03-20,1410.550048828125,1370.8858642578125,2863413.0,0.0
TECHM.NS,2025-03-21,1409.25,1369.622314453125,4056023.0,0.0
TECHM.NS,2025-03-24,1458.6500244140625,1417.6331787109375,3072831.0,0.0
TECHM.NS,2025-03-25,1455.5,1414.5716552734375,2056315.0,0.0
TECHM.NS,2025-03-26,1416.300048828125,1376.4739990234375,2231144.0,0.0
TECHM.NS,2025-03-27,1423.9000244140625,1383.8603515625,2541022.0,0.0
TECHM.NS,2025-03-28,1418.25,1378.3692626953125,1642693.0,0.0
TECHM.NS,2025-04-01,1395.1500244140625,1355.918701171875,1578367.0,0.0
TECHM.NS,2025-04-02,1423.050048828125,1383.0343017578125,1617949.0,0.0
TECHM.NS,2025-04-03,1369.3499755859375,1330.84423828125,1943422.0,0.0
TECHM.NS,2025-04-04,1320.949951171875,1283.80517578125,1757493.0,0.0
TECHM.NS,2025-04-07,1288.0,1251.7818603515625,3044730.0,0.0
TECHM.NS,2025-04-08,1314.4000244140625,1277.439453125,2868814.0,0.0
TECHM.NS,2025-04-09,1272.75,1236.960693359375,3724878.0,0.0
TECHM.NS,2025-04-11,1282.25,1246.1934814453125,1803181.0,0.0
TECHM.NS,2025-04-15,1301.699951171875,1265.0965576171875,1511866.0,0.0
TECHM.NS,2025-04-16,1308.699951171875,1271.899658203125,1093342.0,0.0
TECHM.NS,2025-04-17,1306.800048828125,1270.0531005859375,3027966.0,0.0
TECHM.NS,2025-04-21,1373.5,1334.8775634765625,3759267.0,0.0
TECHM.NS,2025-04-22,1376.5,1337.793212890625,2471135.0,0.0
TECHM.NS,2025-04-23,1439.5999755859375,1399.118896484375,5944062.0,0.0
TECHM.NS,2025-04-24,1445.199951171875,1404.561279296875,2501415.0,0.0
TECHM.NS,2025-04-25,1462.0,1420.8890380859375,8211667.0,0.0
TECHM.NS,2025-04-28,1461.5,1420.4029541015625,2079431.0,0.0
TECHM.NS,2025-04-29,1495.300048828125,1453.252685546875,2652788.0,0.0
TECHM.NS,2025-04-30,1503.0,1460.736083984375,1858465.0,0.0
TECHM.NS,2025-05-02,1494.0999755859375,1452.0863037109375,1582577.0,0.0
TECHM.NS,2025-05-05,1494.5999755859375,1452.572265625,846022.0,0.0
TECHM.NS,2025-05-06,1496.199951171875,1454.1273193359375,1545773.0,0.0
TECHM.NS,2025-05-07,1495.199951171875,1453.1553955078125,1272555.0,0.0
TECHM.NS,2025-05-08,1502.800048828125,1460.5416259765625,2829448.0,0.0
TECHM.NS,2025-05-09,1493.699951171875,1451.697509765625,923174.0,0.0
TECHM.NS,2025-05-12,1573.0999755859375,1528.8648681640625,1891418.0,0.0
TECHM.NS,2025-05-13,1572.5,1528.28173828125,3724272.0,0.0
TECHM.NS,2025-05-14,1603.199951171875,1558.118408203125,2354571.0,0.0
TECHM.NS,2025-05-15,1629.0999755859375,1583.2901611328125,2972408.0,0.0
TECHM.NS,2025-05-16,1617.0,1571.5303955078125,1159095.0,0.0
TECHM.NS,2025-05-19,1597.800048828125,1552.870361328125,681874.0,0.0
TECHM.NS,2025-05-20,1576.0,1531.6832275390625,1869716.0,0.0
TECHM.NS,2025-05-21,1598.199951171875,1553.259033203125,930031.0,0.0
TECHM.NS,2025-05-22,1565.5999755859375,1521.57568359375,1789310.0,0.0
TECHM.NS,2025-05-23,1580.300048828125,1535.8624267578125,1159290.0,0.0
TECHM.NS,2025-05-26,1601.4000244140625,1556.369140625,711029.0,0.0
TECHM.NS,2025-05-27,1592.4000244140625,1547.6221923828125,1394001.0,0.0
TECHM.NS,2025-05-28,1580.300048828125,1535.8624267578125,820958.0,0.0
TECHM.NS,2025-05-29,1600.0,1555.008544921875,1799251.0,0.0
TECHM.NS,2025-05-30,1573.9000244140625,1529.642333984375,2780942.0,0.0
TECHM.NS,2025-06-02,1549.0999755859375,1505.539794921875,2120693.0,0.0
TECHM.NS,2025-06-03,1543.800048828125,1500.388916015625,2316285.0,0.0
TECHM.NS,2025-06-04,1556.699951171875,1512.9259033203125,1439090.0,0.0
TECHM.NS,2025-06-05,1562.800048828125,1518.8546142578125,1529586.0,0.0
TECHM.NS,2025-06-06,1571.0999755859375,1526.921142578125,828051.0,0.0
TECHM.NS,2025-06-09,1579.0999755859375,1534.6961669921875,598108.0,0.0
TECHM.NS,2025-06-10,1610.9000244140625,1565.6019287109375,3324373.0,0.0
TECHM.NS,2025-06-11,1637.5,1591.4539794921875,2660949.0,0.0
TECHM.NS,2025-06-12,1644.4000244140625,1598.159912109375,2316173.0,0.0
TECHM.NS,2025-06-13,1659.0,1612.349365234375,2511076.0,0.0
TECHM.NS,2025-06-16,1693.9000244140625,1646.26806640625,2160406.0,0.0
TECHM.NS,2025-06-17,1718.5999755859375,1670.2734375,2105126.0,0.0
TECHM.NS,2025-06-18,1710.699951171875,1662.595458984375,1299278.0,0.0
TECHM.NS,2025-06-19,1684.0,1636.6463623046875,3056884.0,0.0
TECHM.NS,2025-06-20,1696.0999755859375,1648.4061279296875,3425550.0,0.0
TECHM.NS,2025-06-23,1681.800048828125,1634.50830078125,732380.0,0.0
TECHM.NS,2025-06-24,1677.0999755859375,1629.9403076171875,1923989.0,0.0
TECHM.NS,2025-06-25,1705.0,1657.055908203125,1416375.0,0.0
TECHM.NS,2025-06-26,1690.199951171875,1642.6719970703125,2528268.0,0.0
TECHM.NS,2025-06-27,1674.4000244140625,1627.3162841796875,6183785.0,0.0
TECHM.NS,2025-06-30,1687.0,1639.56201171875,1546996.0,0.0
TECHM.NS,2025-07-01,1671.199951171875,1624.206298828125,1689051.0,0.0
TECHM.NS,2025-07-02,1677.0999755859375,1629.9403076171875,1931642.0,0.0
TECHM.NS,2025-07-03,1671.9000244140625,1624.88671875,1713273.0,0.0
TECHM.NS,2025-07-04,1655.199951171875,1638.048828125,1310544.0,0.0
TECHM.NS,2025-07-07,1623.9000244140625,1607.0732421875,1550115.0,0.0
TECHM.NS,2025-07-08,1635.4000244140625,1618.4541015625,1318755.0,0.0
TECHM.NS,2025-07-09,1614.800048828125,1598.0675048828125,1173847.0,0.0
TECHM.NS,2025-07-10,1600.0999755859375,1583.519775390625,1631315.0,0.0
TECHM.NS,2025-07-11,1602.5,1585.8948974609375,2559235.0,0.0
TECHM.NS,2025-07-14,1576.699951171875,1560.3621826171875,2068336.0,0.0
TECHM.NS,2025-07-15,1579.0,1562.638427734375,2574760.0,0.0
TECHM.NS,2025-07-16,1607.9000244140625,1591.239013671875,2207039.0,0.0
TECHM.NS,2025-07-17,1563.699951171875,1547.4969482421875,7617296.0,0.0
TECHM.NS,2025-07-18,1548.9000244140625,1532.850341796875,3619191.0,0.0
TECHM.NS,2025-07-21,1543.800048828125,1527.80322265625,988104.0,0.0
TECHM.NS,2025-07-22,1547.199951171875,1531.16796875,1404790.0,0.0
TECHM.NS,2025-07-23,1546.5999755859375,1530.5740966796875,2887100.0,0.0
TECHM.NS,2025-07-24,1498.5999755859375,1483.071533203125,2207437.0,0.0
TECHM.NS,2025-07-25,1461.9000244140625,1446.7518310546875,1179664.0,0.0
TECHM.NS,2025-07-28,1450.5999755859375,1435.56884765625,1070496.0,0.0
TECHM.NS,2025-07-29,1453.800048828125,1438.73583984375,1458817.0,0.0
TECHM.NS,2025-07-30,1463.199951171875,1448.038330078125,1299448.0,0.0
TECHM.NS,2025-07-31,1463.699951171875,1448.5330810546875,1382994.0,0.0
TECHM.NS,2025-08-01,1438.800048828125,1423.8912353515625,1620011.0,0.0
TECHM.NS,2025-08-04,1475.0,1459.716064453125,1581473.0,0.0
TECHM.NS,2025-08-05,1485.4000244140625,1470.00830078125,2929677.0,0.0
TECHM.NS,2025-08-06,1459.0,1443.8818359375,1039973.0,0.0
TECHM.NS,2025-08-07,1482.0,1466.6435546875,1587489.0,0.0
TECHM.NS,2025-08-08,1480.4000244140625,1465.0601806640625,1371665.0,0.0
TECHM.NS,2025-08-11,1481.0999755859375,1465.7528076171875,888886.0,0.0
TECHM.NS,2025-08-12,1509.300048828125,1493.6607666015625,2532937.0,0.0
TECHM.NS,2025-08-13,1506.300048828125,1490.6917724609375,1815196.0,0.0
TECHM.NS,2025-08-14,1486.699951171875,1471.2947998046875,1715172.0,0.0
TECHM.NS,2025-08-18,1471.199951171875,1455.9554443359375,1249405.0,0.0
TECHM.NS,2025-08-19,1496.699951171875,1481.191162109375,1807647.0,0.0
TECHM.NS,2025-08-20,1524.0999755859375,1508.3072509765625,2329633.0,0.0
TECHM.NS,2025-08-21,1521.300048828125,1505.536376953125,1251760.0,0.0
TECHM.NS,2025-08-22,1505.0,1489.4052734375,969599.0,0.0
TECHM.NS,2025-08-25,1527.0999755859375,1511.2762451171875,1386218.0,0.0
TECHM.NS,2025-08-26,1502.199951171875,1486.6341552734375,1510822.0,0.0
TECHM.NS,2025-08-28,1495.5999755859375,1480.1026611328125,1771867.0,0.0
TECHM.NS,2025-08-29,1481.4000244140625,1466.0498046875,2279980.0,0.0
TECHM.NS,2025-09-01,1505.5,1489.9000244140625,1241192.0,0.0
TECHM.NS,2025-09-02,1512.800048828125,1497.12451171875,1137022.0,0.0
TECHM.NS,2025-09-03,1508.199951171875,1492.572021484375,1431929.0,0.0
TECHM.NS,2025-09-04,1500.4000244140625,1484.8529052734375,1038934.0,0.0
TECHM.NS,2025-09-05,1477.9000244140625,1462.5860595703125,1875965.0,0.0
TECHM.NS,2025-09-08,1460.699951171875,1445.564208984375,1308412.0,0.0
TECHM.NS,2025-09-09,1498.199951171875,1482.6756591796875,1749566.0,0.0
TECHM.NS,2025-09-10,1526.0,1510.1876220703125,1660976.0,0.0
TECHM.NS,2025-09-11,1521.199951171875,1505.4373779296875,896908.0,0.0
TECHM.NS,2025-09-12,1525.5,1509.69287109375,770698.0,0.0
TECHM.NS,2025-09-15,1519.800048828125,1504.0518798828125,825515.0,0.0
TECHM.NS,2025-09-16,1531.5,1515.630615234375,1011289.0,0.0
TECHM.NS,2025-09-17,1547.199951171875,1531.16796875,1946337.0,0.0
TECHM.NS,2025-09-18,1550.699951171875,1534.631591796875,2246114.0,0.0
TECHM.NS,2025-09-19,1553.800048828125,1537.6995849609375,2621234.0,0.0
TECHM.NS,2025-09-22,1505.4000244140625,1489.8011474609375,5723501.0,0.0
TECHM.NS,2025-09-23,1471.9000244140625,1456.648193359375,1380054.0,0.0
TECHM.NS,2025-09-24,1452.4000244140625,1437.350341796875,2122106.0,0.0
TECHM.NS,2025-09-25,1444.300048828125,1429.334228515625,1581629.0,0.0
TECHM.NS,2025-09-26,1407.699951171875,1393.1134033203125,1851067.0,0.0
TECHM.NS,2025-09-29,1410.699951171875,1396.082275390625,2708118.0,0.0
TECHM.NS,2025-09-30,1400.300048828125,1385.7901611328125,2225340.0,0.0
TECHM.NS,2025-10-01,1416.0,1401.327392578125,1683484.0,0.0
TECHM.NS,2025-10-03,1400.5999755859375,1386.0870361328125,2568702.0,0.0
TECHM.NS,2025-10-06,1439.300048828125,1424.3861083984375,3036770.0,0.0
TECHM.NS,2025-10-07,1438.9000244140625,1423.990234375,1105550.0,0.0
TECHM.NS,2025-10-08,1458.199951171875,1443.090087890625,1154614.0,0.0
TECHM.NS,2025-10-09,1466.5999755859375,1451.403076171875,1354036.0,0.0
TECHM.NS,2025-10-10,1457.199951171875,1442.1004638671875,937053.0,0.0
TECHM.NS,2025-10-13,1450.9000244140625,1435.8658447265625,1229414.0,0.0
TECHM.NS,2025-10-14,1468.0,1452.78857421875,1430713.0,0.0
TECHM.NS,2025-10-15,1459.0,1443.8818359375,2810322.0,0.0
TECHM.NS,2025-10-16,1463.800048828125,1448.6322021484375,1619438.0,0.0
TECHM.NS,2025-10-17,1447.5999755859375,1432.5999755859375,1433539.0,0.0
TECHM.NS,2025-10-20,1444.4000244140625,1444.4000244140625,1800507.0,0.0
TECHM.NS,2025-10-21,1448.699951171875,1448.699951171875,114229.0,0.0
TECHM.NS,2025-10-23,1463.4000244140625,1463.4000244140625,3244860.0,0.0
TECHM.NS,2025-10-24,1453.699951171875,1453.699951171875,969361.0,0.0
TECHM.NS,2025-10-27,1462.800048828125,1462.800048828125,1036807.0,0.0
TECHM.NS,2025-10-28,1447.4000244140625,1447.4000244140625,1432913.0,0.0
TECHM.NS,2025-10-29,1452.199951171875,1452.199951171875,1311858.0,0.0
TECHM.NS,2025-10-30,1433.800048828125,1433.800048828125,1797868.0,0.0
TECHM.NS,2025-10-31,1424.4000244140625,1424.4000244140625,1757591.0,0.0
TECHM.NS,2025-11-03,1419.800048828125,1419.800048828125,2136091.0,0.0
TECHM.NS,2025-11-04,1409.199951171875,1409.199951171875,1191278.0,0.0
TECHM.NS,2025-11-06,1413.5999755859375,1413.5999755859375,2502412.0,0.0
TECHM.NS,2025-11-07,1386.699951171875,1386.699951171875,1209479.0,0.0
TECHM.NS,2025-11-10,1397.800048828125,1397.800048828125,2883323.0,0.0
TECHM.NS,2025-11-11,1408.0,1408.0,2488036.0,0.0
TECHM.NS,2025-11-12,1456.0999755859375,1456.0999755859375,2958869.0,0.0
TECHM.NS,2025-11-13,1451.4000244140625,1451.4000244140625,1178211.0,0.0
TECHM.NS,2025-11-14,1439.199951171875,1439.199951171875,1220596.0,0.0
TECHM.NS,2025-11-17,1452.800048828125,1452.800048828125,999416.0,0.0
TECHM.NS,2025-11-18,1422.0,1422.0,1553597.0,0.0
TECHM.NS,2025-11-19,1433.9000244140625,1433.9000244140625,5777445.0,0.0
TECHM.NS,2025-11-20,1456.0,1456.0,2818268.0,0.0
TECHM.NS,2025-11-21,1461.5,1461.5,2615232.0,0.0
TECHM.NS,2025-11-24,1494.699951171875,1494.699951171875,6808658.0,0.0
TECHM.NS,2025-11-25,1494.699951171875,1494.699951171875,1675981.0,0.0
TECHM.NS,2025-11-26,1520.4000244140625,1520.4000244140625,1592891.0,0.0
TECHM.NS,2025-11-27,1509.800048828125,1509.800048828125,1426194.0,0.0
TECHM.NS,2025-11-28,1517.300048828125,1517.300048828125,1247146.0,0.0
TECHM.NS,2025-12-01,1529.5,1529.5,1527101.0,0.0
TECHM.NS,2025-12-02,1536.699951171875,1536.699951171875,1754978.0,0.0
TECHM.NS,2025-12-03,1541.699951171875,1541.699951171875,2142830.0,0.0
TECHM.NS,2025-12-04,1562.300048828125,1562.300048828125,2422663.0,0.0
TECHM.NS,2025-12-05,1570.800048828125,1570.800048828125,2223397.0,0.0
TECHM.NS,2025-12-08,1591.800048828125,1591.800048828125,2833786.0,0.0
TECHM.NS,2025-12-09,1561.5999755859375,1561.5999755859375,1533609.0,0.0
TECHM.NS,2025-12-10,1550.800048828125,1550.800048828125,735586.0,0.0
TECHM.NS,2025-12-11,1568.199951171875,1568.199951171875,1248064.0,0.0
TECHM.NS,2025-12-12,1578.4000244140625,1578.4000244140625,754479.0,0.0
TECHM.NS,2025-12-15,1575.4000244140625,1575.4000244140625,784781.0,0.0
TECHM.NS,2025-12-16,1578.199951171875,1578.199951171875,999338.0,0.0
TECHM.NS,2025-12-17,1579.4000244140625,1579.4000244140625,582251.0,0.0
TECHM.NS,2025-12-18,1605.5999755859375,1605.5999755859375,1748780.0,0.0
TECHM.NS,2025-12-19,1612.5,1612.5,1802793.0,0.0
TECHM.NS,2025-12-22,1646.699951171875,1646.699951171875,1466208.0,0.0
TECHM.NS,2025-12-23,1633.0,1633.0,1161166.0,0.0
TECHM.NS,2025-12-24,1631.5,1631.5,955523.0,0.0
TECHM.NS,2025-12-26,1612.300048828125,1612.300048828125,461192.0,0.0
TECHM.NS,2025-12-29,1612.4000244140625,1612.4000244140625,891096.0,0.0
TECHM.NS,2025-12-30,1604.5999755859375,1604.5999755859375,1973547.0,0.0
TECHM.NS,2025-12-31,1590.9000244140625,1590.9000244140625,729913.0,0.0
TECHM.NS,2026-01-01,1607.699951171875,1607.699951171875,565878.0,0.0
TECHM.NS,2026-01-02,1612.0,1612.0,637080.0,0.0
TECHM.NS,2026-01-05,1596.9000244140625,1596.9000244140625,907810.0,0.0
TECHM.NS,2026-01-06,1601.800048828125,1601.800048828125,570335.0,0.0
TECHM.NS,2026-01-07,1625.199951171875,1625.199951171875,1309781.0,0.0
TECHM.NS,2026-01-08,1577.9000244140625,1577.9000244140625,1657201.0,0.0
TECHM.NS,2026-01-09,1582.199951171875,1582.199951171875,1410053.0,0.0
TECHM.NS,2026-01-12,1586.0999755859375,1586.0999755859375,652320.0,0.0
TECHM.NS,2026-01-13,1614.800048828125,1614.800048828125,2573438.0,0.0
TECHM.NS,2026-01-14,1588.5,1588.5,1570385.0,0.0
TECHM.NS,2026-01-15,1588.5,1588.5,0.0,0.0
TECHM.NS,2026-01-16,1670.5,1670.5,3733401.0,0.0
TECHM.NS,2026-01-19,1718.300048828125,1718.300048828125,10621562.0,0.0
TECHM.NS,2026-01-20,1678.5,1678.5,1825981.0,0.0
TECHM.NS,2026-01-21,1686.699951171875,1686.699951171875,1766163.0,0.0
TECHM.NS,2026-01-22,1687.4000244140625,1687.4000244140625,3123567.0,0.0
TECHM.NS,2026-01-23,1701.0999755859375,1701.0999755859375,1831521.0,0.0
TECHM.NS,2026-01-27,1745.0999755859375,1745.0999755859375,2932973.0,0.0
TECHM.NS,2026-01-28,1762.9000244140625,1762.9000244140625,2534826.0,0.0
TECHM.NS,2026-01-29,1768.4000244140625,1768.4000244140625,1893136.0,0.0
TECHM.NS,2026-01-30,1743.0999755859375,1743.0999755859375,1672787.0,0.0
TECHM.NS,2026-02-02,1724.0,1724.0,1030696.0,0.0
TECHM.NS,2026-02-03,1716.5,1716.5,2711705.0,0.0
TECHM.NS,2026-02-04,1645.300048828125,1645.300048828125,4823180.0,0.0
TECHM.NS,2026-02-05,1646.199951171875,1646.199951171875,1720981.0,0.0
TECHM.NS,2026-02-06,1619.9000244140625,1619.9000244140625,1988639.0,0.0
TECHM.NS,2026-02-09,1621.699951171875,1621.699951171875,933821.0,0.0
TECHM.NS,2026-02-10,1644.5999755859375,1644.5999755859375,1527966.0,0.0
TECHM.NS,2026-02-11,1634.4000244140625,1634.4000244140625,1521809.0,0.0
TITAN.NS,2025-02-11,3281.800048828125,3271.953125,903965.0,0.0
TITAN.NS,2025-02-12,3255.449951171875,3245.68212890625,774619.0,0.0
TITAN.NS,2025-02-13,3231.5,3221.80419921875,727243.0,0.0
TITAN.NS,2025-02-14,3213.25,3203.60888671875,587411.0,0.0
TITAN.NS,2025-02-17,3233.199951171875,3223.4990234375,712614.0,0.0
TITAN.NS,2025-02-18,3221.85009765625,3212.18310546875,592636.0,0.0
TITAN.NS,2025-02-19,3210.300048828125,3200.667724609375,521953.0,0.0
TITAN.NS,2025-02-20,3191.449951171875,3181.874267578125,653151.0,0.0
TITAN.NS,2025-02-21,3179.89990234375,3170.35888671875,407794.0,0.0
TITAN.NS,2025-02-24,3173.0,3163.4794921875,431232.0,0.0
TITAN.NS,2025-02-25,3198.800048828125,3189.2021484375,642281.0,0.0
TITAN.NS,2025-02-27,3223.10009765625,3213.429443359375,604023.0,0.0
TITAN.NS,2025-02-28,3077.25,3068.016845703125,1322618.0,0.0
TITAN.NS,2025-03-03,3082.0,3072.752685546875,516171.0,0.0
TITAN.NS,2025-03-04,3048.5,3039.353271484375,1186136.0,0.0
TITAN.NS,2025-03-05,3086.550048828125,3077.2890625,579883.0,0.0
TITAN.NS,2025-03-06,3121.10009765625,3111.7353515625,1399483.0,0.0
TITAN.NS,2025-03-07,3079.35009765625,3070.110595703125,1020056.0,0.0
TITAN.NS,2025-03-10,3026.800048828125,3017.71826171875,855408.0,0.0
TITAN.NS,2025-03-11,3046.39990234375,3037.25927734375,576260.0,0.0
TITAN.NS,2025-03-12,3018.949951171875,3009.891845703125,489535.0,0.0
TITAN.NS,2025-03-13,3010.14990234375,3001.1181640625,785215.0,0.0
TITAN.NS,2025-03-17,3017.35009765625,3008.296630859375,632348.0,0.0
TITAN.NS,2025-03-18,3017.35009765625,3008.296630859375,0.0,0.0
TITAN.NS,2025-03-19,3076.300048828125,3067.06982421875,730983.0,0.0
TITAN.NS,2025-03-20,3193.10009765625,3183.519287109375,1542807.0,0.0
TITAN.NS,2025-03-21,3162.699951171875,3153.21044921875,1181974.0,0.0
TITAN.NS,2025-03-24,3079.10009765625,3069.861328125,1481216.0,0.0
TITAN.NS,2025-03-25,3053.699951171875,3044.53759765625,1174346.0,0.0
TITAN.NS,2025-03-26,3057.5,3048.326171875,1010449.0,0.0
TITAN.NS,2025-03-27,3087.64990234375,3078.385498046875,1635143.0,0.0
TITAN.NS,2025-03-28,3063.35009765625,3054.15869140625,778417.0,0.0
TITAN.NS,2025-04-01,2986.949951171875,2977.98779296875,1068622.0,0.0
TITAN.NS,2025-04-02,3098.449951171875,3089.1533203125,1674921.0,0.0
TITAN.NS,2025-04-03,3127.550048828125,3118.166015625,1115568.0,0.0
TITAN.NS,2025-04-04,3076.199951171875,3066.969970703125,901801.0,0.0
TITAN.NS,2025-04-07,3022.199951171875,3013.132080078125,1378989.0,0.0
TITAN.NS,2025-04-08,3122.300048828125,3112.931884765625,2830156.0,0.0
TITAN.NS,2025-04-09,3174.14990234375,3164.6259765625,1215988.0,0.0
TITAN.NS,2025-04-11,3234.89990234375,3225.19384765625,814920.0,0.0
TITAN.NS,2025-04-15,3273.39990234375,3263.578369140625,1121769.0,0.0
TITAN.NS,2025-04-16,3272.10009765625,3262.282470703125,889943.0,0.0
TITAN.NS,2025-04-17,3327.5,3317.51611328125,1083612.0,0.0
TITAN.NS,2025-04-21,3336.10009765625,3326.09033203125,672129.0,0.0
TITAN.NS,2025-04-22,3337.39990234375,3327.38623046875,609213.0,0.0
TITAN.NS,2025-04-23,3357.300048828125,3347.2265625,628656.0,0.0
TITAN.NS,2025-04-24,3382.60009765625,3372.450927734375,901747.0,0.0
TITAN.NS,2025-04-25,3365.199951171875,3355.102783203125,704325.0,0.0
TITAN.NS,2025-04-28,3369.10009765625,3358.9912109375,384147.0,0.0
TITAN.NS,2025-04-29,3378.60009765625,3368.462890625,575435.0,0.0
TITAN.NS,2025-04-30,3379.699951171875,3369.559326171875,708818.0,0.0
TITAN.NS,2025-05-02,3342.0,3331.97265625,514587.0,0.0
TITAN.NS,2025-05-05,3321.800048828125,3311.833251953125,565178.0,0.0
TITAN.NS,2025-05-06,3299.300048828125,3289.400634765625,650789.0,0.0
TITAN.NS,2025-05-07,3338.89990234375,3328.8818359375,1047443.0,0.0
TITAN.NS,2025-05-08,3369.300048828125,3359.190673828125,1597339.0,0.0
TITAN.NS,2025-05-09,3510.300048828125,3499.767578125,2863992.0,0.0
TITAN.NS,2025-05-12,3562.89990234375,3552.209716796875,956930.0,0.0
TITAN.NS,2025-05-13,3563.199951171875,3552.5087890625,996541.0,0.0
TITAN.NS,2025-05-14,3587.60009765625,3576.835693359375,588159.0,0.0
TITAN.NS,2025-05-15,3636.800048828125,3625.887939453125,1227751.0,0.0
TITAN.NS,2025-05-16,3633.699951171875,3622.79736328125,525064.0,0.0
TITAN.NS,2025-05-19,3617.699951171875,3606.84521484375,376760.0,0.0
TITAN.NS,2025-05-20,3580.60009765625,3569.856689453125,811416.0,0.0
TITAN.NS,2025-05-21,3580.5,3569.7568359375,415016.0,0.0
TITAN.NS,2025-05-22,3541.0,3530.37548828125,709846.0,0.0
TITAN.NS,2025-05-23,3579.699951171875,3568.959228515625,416717.0,0.0
TITAN.NS,2025-05-26,3610.300048828125,3599.467529296875,525514.0,0.0
TITAN.NS,2025-05-27,3589.39990234375,3578.630126953125,1019733.0,0.0
TITAN.NS,2025-05-28,3574.699951171875,3563.974365234375,449324.0,0.0
TITAN.NS,2025-05-29,3588.300048828125,3577.53369140625,513095.0,0.0
TITAN.NS,2025-05-30,3555.0,3544.33349609375,962944.0,0.0
TITAN.NS,2025-06-02,3525.5,3514.921875,726392.0,0.0
TITAN.NS,2025-06-03,3519.800048828125,3509.239013671875,676943.0,0.0
TITAN.NS,2025-06-04,3499.800048828125,3489.299072265625,410354.0,0.0
TITAN.NS,2025-06-05,3504.0,3493.486572265625,608651.0,0.0
TITAN.NS,2025-06-06,3559.89990234375,3549.21875,602422.0,0.0
TITAN.NS,2025-06-09,3533.89990234375,3523.296630859375,540262.0,0.0
TITAN.NS,2025-06-10,3524.199951171875,3513.625732421875,561695.0,0.0
TITAN.NS,2025-06-11,3541.60009765625,3530.9736328125,505077.0,0.0
TITAN.NS,2025-06-12,3452.699951171875,3442.34033203125,811822.0,0.0
TITAN.NS,2025-06-13,3421.89990234375,3411.6328125,821750.0,0.0
TITAN.NS,2025-06-16,3438.10009765625,3427.7841796875,534665.0,0.0
TITAN.NS,2025-06-17,3405.699951171875,3395.4814453125,1000345.0,0.0
TITAN.NS,2025-06-18,3467.800048828125,3457.39501953125,972739.0,0.0
TITAN.NS,2025-06-19,3505.39990234375,3494.882080078125,1022566.0,0.0
TITAN.NS,2025-06-20,3519.0,3508.44140625,2941214.0,0.0
TITAN.NS,2025-06-23,3505.699951171875,3495.181396484375,643325.0,0.0
TITAN.NS,2025-06-24,3526.0,3515.42041015625,968797.0,0.0
TITAN.NS,2025-06-25,3652.199951171875,3641.24169921875,2697912.0,0.0
TITAN.NS,2025-06-26,3694.699951171875,3683.6142578125,1620497.0,0.0
TITAN.NS,2025-06-27,3666.199951171875,3655.19970703125,601285.0,0.0
TITAN.NS,2025-06-30,3690.199951171875,3679.127685546875,921775.0,0.0
TITAN.NS,2025-07-01,3700.5,3689.39697265625,947173.0,0.0
TITAN.NS,2025-07-02,3708.0,3696.874267578125,583514.0,0.0
TITAN.NS,2025-07-03,3678.699951171875,3667.662353515625,528710.0,0.0
TITAN.NS,2025-07-04,3686.89990234375,3675.837646484375,629926.0,0.0
TITAN.NS,2025-07-07,3666.10009765625,3655.10009765625,829472.0,0.0
TITAN.NS,2025-07-08,3441.300048828125,3441.300048828125,3952270.0,0.0
TITAN.NS,2025-07-09,3432.10009765625,3432.10009765625,1868271.0,0.0
TITAN.NS,2025-07-10,3419.800048828125,3419.800048828125,496586.0,0.0
TITAN.NS,2025-07-11,3361.60009765625,3361.60009765625,856956.0,0.0
TITAN.NS,2025-07-14,3404.699951171875,3404.699951171875,755781.0,0.0
TITAN.NS,2025-07-15,3415.0,3415.0,686088.0,0.0
TITAN.NS,2025-07-16,3417.300048828125,3417.300048828125,669532.0,0.0
TITAN.NS,2025-07-17,3433.300048828125,3433.300048828125,559482.0,0.0
TITAN.NS,2025-07-18,3402.89990234375,3402.89990234375,293360.0,0.0
TITAN.NS,2025-07-21,3433.0,3433.0,561799.0,0.0
TITAN.NS,2025-07-22,3472.39990234375,3472.39990234375,1752275.0,0.0
TITAN.NS,2025-07-23,3471.39990234375,3471.39990234375,584590.0,0.0
TITAN.NS,2025-07-24,3484.39990234375,3484.39990234375,630718.0,0.0
TITAN.NS,2025-07-25,3462.800048828125,3462.800048828125,624410.0,0.0
TITAN.NS,2025-07-28,3393.0,3393.0,603916.0,0.0
TITAN.NS,2025-07-29,3379.199951171875,3379.199951171875,511042.0,0.0
TITAN.NS,2025-07-30,3376.5,3376.5,443735.0,0.0
TITAN.NS,2025-07-31,3347.300048828125,3347.300048828125,553157.0,0.0
TITAN.NS,2025-08-01,3316.0,3316.0,422977.0,0.0
TITAN.NS,2025-08-04,3356.300048828125,3356.300048828125,450434.0,0.0
TITAN.NS,2025-08-05,3418.199951171875,3418.199951171875,837335.0,0.0
TITAN.NS,2025-08-06,3417.699951171875,3417.699951171875,635456.0,0.0
TITAN.NS,2025-08-07,3415.699951171875,3415.699951171875,509599.0,0.0
TITAN.NS,2025-08-08,3460.199951171875,3460.199951171875,2184271.0,0.0
TITAN.NS,2025-08-11,3467.89990234375,3467.89990234375,563586.0,0.0
TITAN.NS,2025-08-12,3486.800048828125,3486.800048828125,929276.0,0.0
TITAN.NS,2025-08-13,3466.800048828125,3466.800048828125,360474.0,0.0
TITAN.NS,2025-08-14,3489.39990234375,3489.39990234375,597987.0,0.0
TITAN.NS,2025-08-18,3554.800048828125,3554.800048828125,1253006.0,0.0
TITAN.NS,2025-08-19,3568.10009765625,3568.10009765625,537433.0,0.0
TITAN.NS,2025-08-20,3595.0,3595.0,517031.0,0.0
TITAN.NS,2025-08-21,3616.300048828125,3616.300048828125,673486.0,0.0
TITAN.NS,2025-08-22,3621.0,3621.0,691835.0,0.0
TITAN.NS,2025-08-25,3651.39990234375,3651.39990234375,700503.0,0.0
TITAN.NS,2025-08-26,3594.0,3594.0,960778.0,0.0
TITAN.NS,2025-08-28,3637.699951171875,3637.699951171875,989246.0,0.0
TITAN.NS,2025-08-29,3628.800048828125,3628.800048828125,660956.0,0.0
TITAN.NS,2025-09-01,3618.60009765625,3618.60009765625,297533.0,0.0
TITAN.NS,2025-09-02,3620.60009765625,3620.60009765625,536300.0,0.0
TITAN.NS,2025-09-03,3690.60009765625,3690.60009765625,791874.0,0.0
TITAN.NS,2025-09-04,3691.10009765625,3691.10009765625,635811.0,0.0
TITAN.NS,2025-09-05,3665.300048828125,3665.300048828125,454120.0,0.0
TITAN.NS,2025-09-08,3658.0,3658.0,548987.0,0.0
TITAN.NS,2025-09-09,3630.10009765625,3630.10009765625,428367.0,0.0
TITAN.NS,2025-09-10,3620.60009765625,3620.60009765625,408800.0,0.0
TITAN.NS,2025-09-11,3584.199951171875,3584.199951171875,495417.0,0.0
TITAN.NS,2025-09-12,3571.89990234375,3571.89990234375,275049.0,0.0
TITAN.NS,2025-09-15,3534.10009765625,3534.10009765625,362285.0,0.0
TITAN.NS,2025-09-16,3556.800048828125,3556.800048828125,724742.0,0.0
TITAN.NS,2025-09-17,3523.0,3523.0,659866.0,0.0
TITAN.NS,2025-09-18,3511.300048828125,3511.300048828125,829442.0,0.0
TITAN.NS,2025-09-19,3467.199951171875,3467.199951171875,2337255.0,0.0
TITAN.NS,2025-09-22,3457.5,3457.5,817833.0,0.0
TITAN.NS,2025-09-23,3439.199951171875,3439.199951171875,1144975.0,0.0
TITAN.NS,2025-09-24,3418.300048828125,3418.300048828125,690454.0,0.0
TITAN.NS,2025-09-25,3378.5,3378.5,1139904.0,0.0
TITAN.NS,2025-09-26,3327.300048828125,3327.300048828125,7524068.0,0.0
TITAN.NS,2025-09-29,3401.199951171875,3401.199951171875,1452636.0,0.0
TITAN.NS,2025-09-30,3367.0,3367.0,1733728.0,0.0
TITAN.NS,2025-10-01,3408.300048828125,3408.300048828125,798754.0,0.0
TITAN.NS,2025-10-03,3453.300048828125,3453.300048828125,1655328.0,0.0
TITAN.NS,2025-10-06,3425.39990234375,3425.39990234375,1184781.0,0.0
TITAN.NS,2025-10-07,3418.199951171875,3418.199951171875,996165.0,0.0
TITAN.NS,2025-10-08,3565.60009765625,3565.60009765625,4531362.0,0.0
TITAN.NS,2025-10-09,3550.60009765625,3550.60009765625,597739.0,0.0
TITAN.NS,2025-10-10,3531.89990234375,3531.89990234375,825274.0,0.0
TITAN.NS,2025-10-13,3533.60009765625,3533.60009765625,606122.0,0.0
TITAN.NS,2025-10-14,3537.39990234375,3537.39990234375,925998.0,0.0
TITAN.NS,2025-10-15,3549.0,3549.0,1005045.0,0.0
TITAN.NS,2025-10-16,3640.300048828125,3640.300048828125,1528118.0,0.0
TITAN.NS,2025-10-17,3674.800048828125,3674.800048828125,1123500.0,0.0
TITAN.NS,2025-10-20,3737.199951171875,3737.199951171875,707974.0,0.0
TITAN.NS,2025-10-21,3729.0,3729.0,156306.0,0.0
TITAN.NS,2025-10-23,3772.300048828125,3772.300048828125,1622402.0,0.0
TITAN.NS,2025-10-24,3714.89990234375,3714.89990234375,563296.0,0.0
TITAN.NS,2025-10-27,3739.800048828125,3739.800048828125,856124.0,0.0
TITAN.NS,2025-10-28,3717.0,3717.0,1482961.0,0.0
TITAN.NS,2025-10-29,3748.300048828125,3748.300048828125,789557.0,0.0
TITAN.NS,2025-10-30,3750.699951171875,3750.699951171875,544151.0,0.0
TITAN.NS,2025-10-31,3746.699951171875,3746.699951171875,900994.0,0.0
TITAN.NS,2025-11-03,3724.5,3724.5,1119367.0,0.0
TITAN.NS,2025-11-04,3813.5,3813.5,2524600.0,0.0
TITAN.NS,2025-11-06,3774.39990234375,3774.39990234375,927231.0,0.0
TITAN.NS,2025-11-07,3769.300048828125,3769.300048828125,728998.0,0.0
TITAN.NS,2025-11-10,3803.0,3803.0,599567.0,0.0
TITAN.NS,2025-11-11,3812.39990234375,3812.39990234375,668789.0,0.0
TITAN.NS,2025-11-12,3851.10009765625,3851.10009765625,805025.0,0.0
TITAN.NS,2025-11-13,3839.199951171875,3839.199951171875,668623.0,0.0
TITAN.NS,2025-11-14,3829.199951171875,3829.199951171875,575050.0,0.0
TITAN.NS,2025-11-17,3868.60009765625,3868.60009765625,504928.0,0.0
TITAN.NS,2025-11-18,3879.199951171875,3879.199951171875,849966.0,0.0
TITAN.NS,2025-11-19,3933.10009765625,3933.10009765625,1578123.0,0.0
TITAN.NS,2025-11-20,3902.39990234375,3902.39990234375,762391.0,0.0
TITAN.NS,2025-11-21,3904.199951171875,3904.199951171875,383311.0,0.0
TITAN.NS,2025-11-24,3874.300048828125,3874.300048828125,1258036.0,0.0
TITAN.NS,2025-11-25,3855.10009765625,3855.10009765625,680366.0,0.0
TITAN.NS,2025-11-26,3897.699951171875,3897.699951171875,364592.0,0.0
TITAN.NS,2025-11-27,3903.300048828125,3903.300048828125,542241.0,0.0
TITAN.NS,2025-11-28,3907.699951171875,3907.699951171875,574817.0,0.0
TITAN.NS,2025-12-01,3894.89990234375,3894.89990234375,603073.0,0.0
TITAN.NS,2025-12-02,3885.800048828125,3885.800048828125,661018.0,0.0
TITAN.NS,2025-12-03,3817.800048828125,3817.800048828125,770638.0,0.0
TITAN.NS,2025-12-04,3800.39990234375,3800.39990234375,776693.0,0.0
TITAN.NS,2025-12-05,3813.300048828125,3813.300048828125,508448.0,0.0
TITAN.NS,2025-12-08,3767.0,3767.0,545864.0,0.0
TITAN.NS,2025-12-09,3849.0,3849.0,1121068.0,0.0
TITAN.NS,2025-12-10,3845.699951171875,3845.699951171875,616248.0,0.0
TITAN.NS,2025-12-11,3844.800048828125,3844.800048828125,669180.0,0.0
TITAN.NS,2025-12-12,3880.199951171875,3880.199951171875,547866.0,0.0
TITAN.NS,2025-12-15,3866.199951171875,3866.199951171875,332337.0,0.0
TITAN.NS,2025-12-16,3929.5,3929.5,1560827.0,0.0
TITAN.NS,2025-12-17,3907.89990234375,3907.89990234375,601010.0,0.0
TITAN.NS,2025-12-18,3919.300048828125,3919.300048828125,516547.0,0.0
TITAN.NS,2025-12-19,3930.10009765625,3930.10009765625,730780.0,0.0
TITAN.NS,2025-12-22,3933.800048828125,3933.800048828125,569521.0,0.0
TITAN.NS,2025-12-23,3925.800048828125,3925.800048828125,445656.0,0.0
TITAN.NS,2025-12-24,3909.300048828125,3909.300048828125,399227.0,0.0
TITAN.NS,2025-12-26,3992.0,3992.0,1113050.0,0.0
TITAN.NS,2025-12-29,3983.699951171875,3983.699951171875,1242846.0,0.0
TITAN.NS,2025-12-30,3974.10009765625,3974.10009765625,1169570.0,0.0
TITAN.NS,2025-12-31,4051.5,4051.5,1358731.0,0.0
TITAN.NS,2026-01-01,4049.300048828125,4049.300048828125,444679.0,0.0
TITAN.NS,2026-01-02,4051.699951171875,4051.699951171875,659997.0,0.0
TITAN.NS,2026-01-05,4079.699951171875,4079.699951171875,629273.0,0.0
TITAN.NS,2026-01-06,4111.7998046875,4111.7998046875,820331.0,0.0
TITAN.NS,2026-01-07,4273.2001953125,4273.2001953125,3496340.0,0.0
TITAN.NS,2026-01-08,4249.0,4249.0,1055725.0,0.0
TITAN.NS,2026-01-09,4201.7998046875,4201.7998046875,883117.0,0.0
TITAN.NS,2026-01-12,4231.60009765625,4231.60009765625,514767.0,0.0
TITAN.NS,2026-01-13,4239.2001953125,4239.2001953125,770707.0,0.0
TITAN.NS,2026-01-14,4221.5,4221.5,998692.0,0.0
TITAN.NS,2026-01-15,4221.5,4221.5,0.0,0.0
TITAN.NS,2026-01-16,4196.89990234375,4196.89990234375,686949.0,0.0
TITAN.NS,2026-01-19,4144.10009765625,4144.10009765625,365905.0,0.0
TITAN.NS,2026-01-20,4075.5,4075.5,586156.0,0.0
TITAN.NS,2026-01-21,4079.199951171875,4079.199951171875,552760.0,0.0
TITAN.NS,2026-01-22,4018.60009765625,4018.60009765625,818966.0,0.0
TITAN.NS,2026-01-23,4021.800048828125,4021.800048828125,1015415.0,0.0
TITAN.NS,2026-01-27,3997.0,3997.0,1760501.0,0.0
TITAN.NS,2026-01-28,3975.199951171875,3975.199951171875,809022.0,0.0
TITAN.NS,2026-01-29,3939.699951171875,3939.699951171875,1145612.0,0.0
TITAN.NS,2026-01-30,3977.39990234375,3977.39990234375,1427639.0,0.0
TITAN.NS,2026-02-02,3953.199951171875,3953.199951171875,1273196.0,0.0
TITAN.NS,2026-02-03,4068.60009765625,4068.60009765625,1043274.0,0.0
TITAN.NS,2026-02-04,4144.0,4144.0,917279.0,0.0
TITAN.NS,2026-02-05,4097.60009765625,4097.60009765625,693637.0,0.0
TITAN.NS,2026-02-06,4141.0,4141.0,888701.0,0.0
TITAN.NS,2026-02-09,4257.7998046875,4257.7998046875,1092387.0,0.0
TITAN.NS,2026-02-10,4269.10009765625,4269.10009765625,1713633.0,0.0
TITAN.NS,2026-02-11,4249.10009765625,4249.10009765625,3341889.0,0.0
TRENT.NS,2025-02-11,5228.35009765625,5223.82470703125,1596380.0,0.0
TRENT.NS,2025-02-12,5237.2998046875,5232.7666015625,1313946.0,0.0
TRENT.NS,2025-02-13,5256.7998046875,5252.24951171875,986050.0,0.0
TRENT.NS,2025-02-14,5117.35009765625,5112.92041015625,888168.0,0.0
TRENT.NS,2025-02-17,5096.4501953125,5092.03857421875,1078162.0,0.0
TRENT.NS,2025-02-18,4997.75,4993.423828125,721122.0,0.0
TRENT.NS,2025-02-19,4991.4501953125,4987.1298828125,764148.0,0.0
TRENT.NS,2025-02-20,5099.5,5095.0859375,812700.0,0.0
TRENT.NS,2025-02-21,5048.2001953125,5043.83056640625,912164.0,0.0
TRENT.NS,2025-02-24,5066.0,5061.61474609375,823625.0,0.0
TRENT.NS,2025-02-25,4959.89990234375,4955.60693359375,976304.0,0.0
TRENT.NS,2025-02-27,4805.2998046875,4801.140625,997906.0,0.0
TRENT.NS,2025-02-28,4851.5498046875,4847.3505859375,2178604.0,0.0
TRENT.NS,2025-03-03,4946.89990234375,4942.6181640625,1415550.0,0.0
TRENT.NS,2025-03-04,4999.7998046875,4995.47216796875,898723.0,0.0
TRENT.NS,2025-03-05,5106.10009765625,5101.68017578125,2128488.0,0.0
TRENT.NS,2025-03-06,5069.5,5065.11181640625,1499675.0,0.0
TRENT.NS,2025-03-07,4999.85009765625,4995.5224609375,690809.0,0.0
TRENT.NS,2025-03-10,4799.7001953125,4795.5458984375,1217553.0,0.0
TRENT.NS,2025-03-11,4995.4501953125,4991.12646484375,1437957.0,0.0
TRENT.NS,2025-03-12,5015.35009765625,5011.0087890625,1026027.0,0.0
TRENT.NS,2025-03-13,5022.39990234375,5018.052734375,860279.0,0.0
TRENT.NS,2025-03-17,5159.5498046875,5155.083984375,856529.0,0.0
TRENT.NS,2025-03-18,5159.5498046875,5155.083984375,0.0,0.0
TRENT.NS,2025-03-19,5230.85009765625,5226.322265625,957079.0,0.0
TRENT.NS,2025-03-20,5221.5498046875,5217.0302734375,759448.0,0.0
TRENT.NS,2025-03-21,5150.0498046875,5145.591796875,1197537.0,0.0
TRENT.NS,2025-03-24,5054.7001953125,5050.3251953125,908085.0,0.0
TRENT.NS,2025-03-25,5185.0498046875,5180.5615234375,1461587.0,0.0
TRENT.NS,2025-03-26,5321.9501953125,5317.34375,1625697.0,0.0
TRENT.NS,2025-03-27,5422.2998046875,5417.6064453125,1670468.0,0.0
TRENT.NS,2025-03-28,5325.14990234375,5320.54052734375,1535964.0,0.0
TRENT.NS,2025-04-01,5576.75,5571.9228515625,2260895.0,0.0
TRENT.NS,2025-04-02,5682.5,5677.58154296875,1491897.0,0.0
TRENT.NS,2025-04-03,5675.2998046875,5670.38720703125,960710.0,0.0
TRENT.NS,2025-04-04,5562.85009765625,5558.03515625,680922.0,0.0
TRENT.NS,2025-04-07,4740.9501953125,4736.8466796875,7644740.0,0.0
TRENT.NS,2025-04-08,4767.2001953125,4763.07373046875,3035242.0,0.0
TRENT.NS,2025-04-09,4620.2001953125,4616.201171875,1598513.0,0.0
TRENT.NS,2025-04-11,4780.5498046875,4776.41162109375,1894062.0,0.0
TRENT.NS,2025-04-15,4877.0,4872.77880859375,1587931.0,0.0
TRENT.NS,2025-04-16,5035.5,5031.1416015625,1589998.0,0.0
TRENT.NS,2025-04-17,5130.5,5126.05908203125,1464066.0,0.0
TRENT.NS,2025-04-21,5360.0,5355.3603515625,1309441.0,0.0
TRENT.NS,2025-04-22,5323.0,5318.392578125,1166872.0,0.0
TRENT.NS,2025-04-23,5329.0,5324.38720703125,970478.0,0.0
TRENT.NS,2025-04-24,5323.5,5318.89208984375,1039905.0,0.0
TRENT.NS,2025-04-25,5145.0,5140.54638671875,1030377.0,0.0
TRENT.NS,2025-04-28,5209.5,5204.99072265625,982085.0,0.0
TRENT.NS,2025-04-29,5391.5,5386.8330078125,1420743.0,0.0
TRENT.NS,2025-04-30,5172.5,5168.02294921875,2709549.0,0.0
TRENT.NS,2025-05-02,5154.0,5149.53857421875,756554.0,0.0
TRENT.NS,2025-05-05,5370.5,5365.8515625,1310015.0,0.0
TRENT.NS,2025-05-06,5224.0,5219.47802734375,709414.0,0.0
TRENT.NS,2025-05-07,5233.0,5228.47021484375,711009.0,0.0
TRENT.NS,2025-05-08,5226.5,5221.97607421875,926044.0,0.0
TRENT.NS,2025-05-09,5113.0,5108.57421875,778167.0,0.0
TRENT.NS,2025-05-12,5441.0,5436.29052734375,1203631.0,0.0
TRENT.NS,2025-05-13,5326.5,5321.8896484375,728870.0,0.0
TRENT.NS,2025-05-14,5362.0,5357.35888671875,557468.0,0.0
TRENT.NS,2025-05-15,5577.5,5572.67236328125,1521892.0,0.0
TRENT.NS,2025-05-16,5583.0,5578.16748046875,808195.0,0.0
TRENT.NS,2025-05-19,5551.0,5546.1953125,604580.0,0.0
TRENT.NS,2025-05-20,5449.5,5444.783203125,748551.0,0.0
TRENT.NS,2025-05-21,5443.5,5438.7880859375,607763.0,0.0
TRENT.NS,2025-05-22,5342.0,5337.3759765625,962354.0,0.0
TRENT.NS,2025-05-23,5435.5,5430.794921875,1127412.0,0.0
TRENT.NS,2025-05-26,5526.0,5521.216796875,640440.0,0.0
TRENT.NS,2025-05-27,5573.0,5568.17626953125,1019222.0,0.0
TRENT.NS,2025-05-28,5559.0,5554.1884765625,452258.0,0.0
TRENT.NS,2025-05-29,5657.0,5652.103515625,1192069.0,0.0
TRENT.NS,2025-05-30,5643.5,5638.615234375,1440608.0,0.0
TRENT.NS,2025-06-02,5621.5,5616.63427734375,504095.0,0.0
TRENT.NS,2025-06-03,5590.0,5585.16162109375,510323.0,0.0
TRENT.NS,2025-06-04,5506.5,5501.73388671875,748937.0,0.0
TRENT.NS,2025-06-05,5673.0,5668.08935546875,1212876.0,0.0
TRENT.NS,2025-06-06,5777.0,5771.99951171875,1034577.0,0.0
TRENT.NS,2025-06-09,5913.5,5908.38134765625,1377600.0,0.0
TRENT.NS,2025-06-10,5814.0,5808.96728515625,683305.0,0.0
TRENT.NS,2025-06-11,5776.5,5771.5,545428.0,0.0
TRENT.NS,2025-06-12,5627.5,5627.5,974013.0,0.0
TRENT.NS,2025-06-13,5590.0,5590.0,711911.0,0.0
TRENT.NS,2025-06-16,5679.5,5679.5,605268.0,0.0
TRENT.NS,2025-06-17,5626.5,5626.5,529572.0,0.0
TRENT.NS,2025-06-18,5735.0,5735.0,864129.0,0.0
TRENT.NS,2025-06-19,5723.5,5723.5,886990.0,0.0
TRENT.NS,2025-06-20,5897.5,5897.5,10424185.0,0.0
TRENT.NS,2025-06-23,6120.0,6120.0,2271641.0,0.0
TRENT.NS,2025-06-24,6057.5,6057.5,1459591.0,0.0
TRENT.NS,2025-06-25,6124.5,6124.5,815696.0,0.0
TRENT.NS,2025-06-26,6107.0,6107.0,851467.0,0.0
TRENT.NS,2025-06-27,6019.5,6019.5,1935325.0,0.0
TRENT.NS,2025-06-30,6217.5,6217.5,2136461.0,0.0
TRENT.NS,2025-07-01,6144.0,6144.0,558024.0,0.0
TRENT.NS,2025-07-02,6222.5,6222.5,1159148.0,0.0
TRENT.NS,2025-07-03,6191.0,6191.0,750787.0,0.0
TRENT.NS,2025-07-04,5456.0,5456.0,7516962.0,0.0
TRENT.NS,2025-07-07,5499.0,5499.0,1445372.0,0.0
TRENT.NS,2025-07-08,5440.0,5440.0,1699343.0,0.0
TRENT.NS,2025-07-09,5408.0,5408.0,969206.0,0.0
TRENT.NS,2025-07-10,5431.0,5431.0,947485.0,0.0
TRENT.NS,2025-07-11,5364.0,5364.0,942210.0,0.0
TRENT.NS,2025-07-14,5314.5,5314.5,829406.0,0.0
TRENT.NS,2025-07-15,5390.0,5390.0,577430.0,0.0
TRENT.NS,2025-07-16,5382.0,5382.0,716193.0,0.0
TRENT.NS,2025-07-17,5417.5,5417.5,490075.0,0.0
TRENT.NS,2025-07-18,5375.0,5375.0,418316.0,0.0
TRENT.NS,2025-07-21,5376.0,5376.0,404842.0,0.0
TRENT.NS,2025-07-22,5360.5,5360.5,451766.0,0.0
TRENT.NS,2025-07-23,5359.0,5359.0,521291.0,0.0
TRENT.NS,2025-07-24,5154.0,5154.0,1326255.0,0.0
TRENT.NS,2025-07-25,5043.0,5043.0,1136699.0,0.0
TRENT.NS,2025-07-28,4994.0,4994.0,1450708.0,0.0
TRENT.NS,2025-07-29,5001.5,5001.5,1285403.0,0.0
TRENT.NS,2025-07-30,5043.5,5043.5,640920.0,0.0
TRENT.NS,2025-07-31,5018.0,5018.0,752111.0,0.0
TRENT.NS,2025-08-01,5180.0,5180.0,2034517.0,0.0
TRENT.NS,2025-08-04,5249.0,5249.0,790968.0,0.0
TRENT.NS,2025-08-05,5317.5,5317.5,976873.0,0.0
TRENT.NS,2025-08-06,5356.5,5356.5,2486662.0,0.0
TRENT.NS,2025-08-07,5303.5,5303.5,2293342.0,0.0
TRENT.NS,2025-08-08,5317.0,5317.0,1192637.0,0.0
TRENT.NS,2025-08-11,5443.5,5443.5,1110381.0,0.0
TRENT.NS,2025-08-12,5365.5,5365.5,441837.0,0.0
TRENT.NS,2025-08-13,5398.5,5398.5,615620.0,0.0
TRENT.NS,2025-08-14,5370.5,5370.5,697401.0,0.0
TRENT.NS,2025-08-18,5519.0,5519.0,1714061.0,0.0
TRENT.NS,2025-08-19,5496.0,5496.0,548359.0,0.0
TRENT.NS,2025-08-20,5453.0,5453.0,636301.0,0.0
TRENT.NS,2025-08-21,5452.5,5452.5,607314.0,0.0
TRENT.NS,2025-08-22,5418.0,5418.0,443698.0,0.0
TRENT.NS,2025-08-25,5423.0,5423.0,656081.0,0.0
TRENT.NS,2025-08-26,5295.0,5295.0,949915.0,0.0
TRENT.NS,2025-08-28,5235.5,5235.5,784214.0,0.0
TRENT.NS,2025-08-29,5298.0,5298.0,1333724.0,0.0
TRENT.NS,2025-09-01,5450.0,5450.0,688959.0,0.0
TRENT.NS,2025-09-02,5412.0,5412.0,541160.0,0.0
TRENT.NS,2025-09-03,5479.0,5479.0,832845.0,0.0
TRENT.NS,2025-09-04,5529.0,5529.0,1412461.0,0.0
TRENT.NS,2025-09-05,5528.5,5528.5,622758.0,0.0
TRENT.NS,2025-09-08,5315.5,5315.5,876255.0,0.0
TRENT.NS,2025-09-09,5218.5,5218.5,1014203.0,0.0
TRENT.NS,2025-09-10,5193.0,5193.0,898752.0,0.0
TRENT.NS,2025-09-11,5171.0,5171.0,585140.0,0.0
TRENT.NS,2025-09-12,5130.0,5130.0,625409.0,0.0
TRENT.NS,2025-09-15,5133.0,5133.0,955394.0,0.0
TRENT.NS,2025-09-16,5147.5,5147.5,703169.0,0.0
TRENT.NS,2025-09-17,5197.5,5197.5,828577.0,0.0
TRENT.NS,2025-09-18,5144.0,5144.0,810331.0,0.0
TRENT.NS,2025-09-19,5080.0,5080.0,1105187.0,0.0
TRENT.NS,2025-09-22,5010.5,5010.5,799543.0,0.0
TRENT.NS,2025-09-23,4891.0,4891.0,2734495.0,0.0
TRENT.NS,2025-09-24,4897.0,4897.0,941080.0,0.0
TRENT.NS,2025-09-25,4742.5,4742.5,1518468.0,0.0
TRENT.NS,2025-09-26,4679.0,4679.0,1038283.0,0.0
TRENT.NS,2025-09-29,4730.5,4730.5,815624.0,0.0
TRENT.NS,2025-09-30,4677.5,4677.5,751802.0,0.0
TRENT.NS,2025-10-01,4832.0,4832.0,1270493.0,0.0
TRENT.NS,2025-10-03,4815.7001953125,4815.7001953125,1070640.0,0.0
TRENT.NS,2025-10-06,4777.2998046875,4777.2998046875,1075080.0,0.0
TRENT.NS,2025-10-07,4686.0,4686.0,2789651.0,0.0
TRENT.NS,2025-10-08,4616.60009765625,4616.60009765625,1114855.0,0.0
TRENT.NS,2025-10-09,4660.89990234375,4660.89990234375,749429.0,0.0
TRENT.NS,2025-10-10,4691.10009765625,4691.10009765625,735165.0,0.0
TRENT.NS,2025-10-13,4681.60009765625,4681.60009765625,602116.0,0.0
TRENT.NS,2025-10-14,4617.2001953125,4617.2001953125,913650.0,0.0
TRENT.NS,2025-10-15,4724.2001953125,4724.2001953125,1298534.0,0.0
TRENT.NS,2025-10-16,4793.39990234375,4793.39990234375,1140794.0,0.0
TRENT.NS,2025-10-17,4814.39990234375,4814.39990234375,1243932.0,0.0
TRENT.NS,2025-10-20,4802.2998046875,4802.2998046875,610816.0,0.0
TRENT.NS,2025-10-21,4791.10009765625,4791.10009765625,82502.0,0.0
TRENT.NS,2025-10-23,4783.2998046875,4783.2998046875,769642.0,0.0
TRENT.NS,2025-10-24,4789.60009765625,4789.60009765625,519615.0,0.0
TRENT.NS,2025-10-27,4798.7001953125,4798.7001953125,414172.0,0.0
TRENT.NS,2025-10-28,4725.39990234375,4725.39990234375,616890.0,0.0
TRENT.NS,2025-10-29,4780.60009765625,4780.60009765625,305268.0,0.0
TRENT.NS,2025-10-30,4744.5,4744.5,346569.0,0.0
TRENT.NS,2025-10-31,4694.2998046875,4694.2998046875,498496.0,0.0
TRENT.NS,2025-11-03,4713.39990234375,4713.39990234375,292566.0,0.0
TRENT.NS,2025-11-04,4660.60009765625,4660.60009765625,475909.0,0.0
TRENT.NS,2025-11-06,4679.2001953125,4679.2001953125,476465.0,0.0
TRENT.NS,2025-11-07,4627.2998046875,4627.2998046875,543059.0,0.0
TRENT.NS,2025-11-10,4283.7001953125,4283.7001953125,6807962.0,0.0
TRENT.NS,2025-11-11,4315.7998046875,4315.7998046875,1802510.0,0.0
TRENT.NS,2025-11-12,4375.7998046875,4375.7998046875,937925.0,0.0
TRENT.NS,2025-11-13,4326.39990234375,4326.39990234375,926858.0,0.0
TRENT.NS,2025-11-14,4391.2001953125,4391.2001953125,808967.0,0.0
TRENT.NS,2025-11-17,4404.60009765625,4404.60009765625,551524.0,0.0
TRENT.NS,2025-11-18,4374.0,4374.0,316742.0,0.0
TRENT.NS,2025-11-19,4358.89990234375,4358.89990234375,593957.0,0.0
TRENT.NS,2025-11-20,4388.89990234375,4388.89990234375,513726.0,0.0
TRENT.NS,2025-11-21,4359.10009765625,4359.10009765625,411274.0,0.0
TRENT.NS,2025-11-24,4310.89990234375,4310.89990234375,1144110.0,0.0
TRENT.NS,2025-11-25,4243.89990234375,4243.89990234375,1019740.0,0.0
TRENT.NS,2025-11-26,4292.39990234375,4292.39990234375,804098.0,0.0
TRENT.NS,2025-11-27,4266.10009765625,4266.10009765625,669342.0,0.0
TRENT.NS,2025-11-28,4250.39990234375,4250.39990234375,549814.0,0.0
TRENT.NS,2025-12-01,4215.89990234375,4215.89990234375,542859.0,0.0
TRENT.NS,2025-12-02,4226.5,4226.5,491997.0,0.0
TRENT.NS,2025-12-03,4188.2001953125,4188.2001953125,709367.0,0.0
TRENT.NS,2025-12-04,4215.7998046875,4215.7998046875,427254.0,0.0
TRENT.NS,2025-12-05,4183.10009765625,4183.10009765625,679735.0,0.0
TRENT.NS,2025-12-08,4090.5,4090.5,1028704.0,0.0
TRENT.NS,2025-12-09,4085.39990234375,4085.39990234375,1671211.0,0.0
TRENT.NS,2025-12-10,4018.300048828125,4018.300048828125,737740.0,0.0
TRENT.NS,2025-12-11,4047.5,4047.5,1815905.0,0.0
TRENT.NS,2025-12-12,4075.39990234375,4075.39990234375,534723.0,0.0
TRENT.NS,2025-12-15,4109.0,4109.0,459769.0,0.0
TRENT.NS,2025-12-16,4108.7001953125,4108.7001953125,562479.0,0.0
TRENT.NS,2025-12-17,4045.199951171875,4045.199951171875,460320.0,0.0
TRENT.NS,2025-12-18,4030.0,4030.0,614346.0,0.0
TRENT.NS,2025-12-19,4062.199951171875,4062.199951171875,501005.0,0.0
TRENT.NS,2025-12-22,4206.7998046875,4206.7998046875,1316448.0,0.0
TRENT.NS,2025-12-23,4189.39990234375,4189.39990234375,662345.0,0.0
TRENT.NS,2025-12-24,4289.60009765625,4289.60009765625,960632.0,0.0
TRENT.NS,2025-12-26,4285.2998046875,4285.2998046875,1029780.0,0.0
TRENT.NS,2025-12-29,4226.0,4226.0,423139.0,0.0
TRENT.NS,2025-12-30,4207.7001953125,4207.7001953125,670540.0,0.0
TRENT.NS,2025-12-31,4279.0,4279.0,426359.0,0.0
TRENT.NS,2026-01-01,4297.39990234375,4297.39990234375,374599.0,0.0
TRENT.NS,2026-01-02,4409.60009765625,4409.60009765625,895709.0,0.0
TRENT.NS,2026-01-05,4429.7998046875,4429.7998046875,509791.0,0.0
TRENT.NS,2026-01-06,4047.60009765625,4047.60009765625,6144187.0,0.0
TRENT.NS,2026-01-07,4060.5,4060.5,1477670.0,0.0
TRENT.NS,2026-01-08,3990.39990234375,3990.39990234375,863189.0,0.0
TRENT.NS,2026-01-09,3972.89990234375,3972.89990234375,768954.0,0.0
TRENT.NS,2026-01-12,4056.39990234375,4056.39990234375,908033.0,0.0
TRENT.NS,2026-01-13,3921.89990234375,3921.89990234375,1652142.0,0.0
TRENT.NS,2026-01-14,3932.199951171875,3932.199951171875,721954.0,0.0
TRENT.NS,2026-01-15,3932.199951171875,3932.199951171875,0.0,0.0
TRENT.NS,2026-01-16,3899.699951171875,3899.699951171875,867266.0,0.0
TRENT.NS,2026-01-19,3945.60009765625,3945.60009765625,622614.0,0.0
TRENT.NS,2026-01-20,3836.10009765625,3836.10009765625,912749.0,0.0
TRENT.NS,2026-01-21,3764.39990234375,3764.39990234375,1431168.0,0.0
TRENT.NS,2026-01-22,3803.800048828125,3803.800048828125,1166339.0,0.0
TRENT.NS,2026-01-23,3755.89990234375,3755.89990234375,474377.0,0.0
TRENT.NS,2026-01-27,3795.10009765625,3795.10009765625,996913.0,0.0
TRENT.NS,2026-01-28,3864.0,3864.0,646525.0,0.0
TRENT.NS,2026-01-29,3823.800048828125,3823.800048828125,769662.0,0.0
TRENT.NS,2026-01-30,3785.5,3785.5,1070238.0,0.0
TRENT.NS,2026-02-02,3720.89990234375,3720.89990234375,1046808.0,0.0
TRENT.NS,2026-02-03,3822.800048828125,3822.800048828125,744015.0,0.0
TRENT.NS,2026-02-04,4012.60009765625,4012.60009765625,1925540.0,0.0
TRENT.NS,2026-02-05,4131.2998046875,4131.2998046875,3837832.0,0.0
TRENT.NS,2026-02-06,4113.7998046875,4113.7998046875,1115797.0,0.0
TRENT.NS,2026-02-09,4171.2001953125,4171.2001953125,995086.0,0.0
TRENT.NS,2026-02-10,4184.39990234375,4184.39990234375,649920.0,0.0
TRENT.NS,2026-02-11,4218.89990234375,4218.89990234375,567112.0,0.0
ULTRACEMCO.NS,2025-02-11,11300.2001953125,11229.0224609375,301338.0,0.0
ULTRACEMCO.NS,2025-02-12,11478.5,11406.19921875,347198.0,0.0
ULTRACEMCO.NS,2025-02-13,11546.4501953125,11473.7216796875,336128.0,0.0
ULTRACEMCO.NS,2025-02-14,11263.849609375,11192.9013671875,279199.0,0.0
ULTRACEMCO.NS,2025-02-17,11490.099609375,11417.7255859375,166053.0,0.0
ULTRACEMCO.NS,2025-02-18,11308.900390625,11237.66796875,268795.0,0.0
ULTRACEMCO.NS,2025-02-19,11291.5498046875,11220.4267578125,157580.0,0.0
ULTRACEMCO.NS,2025-02-20,11287.599609375,11216.501953125,142187.0,0.0
ULTRACEMCO.NS,2025-02-21,11157.25,11086.97265625,320240.0,0.0
ULTRACEMCO.NS,2025-02-24,11042.650390625,10973.0947265625,175294.0,0.0
ULTRACEMCO.NS,2025-02-25,10964.150390625,10895.08984375,296499.0,0.0
ULTRACEMCO.NS,2025-02-27,10447.650390625,10381.8427734375,1722295.0,0.0
ULTRACEMCO.NS,2025-02-28,10128.4501953125,10064.6533203125,1230856.0,0.0
ULTRACEMCO.NS,2025-03-03,10340.7998046875,10275.6650390625,835344.0,0.0
ULTRACEMCO.NS,2025-03-04,10370.099609375,10304.7802734375,352922.0,0.0
ULTRACEMCO.NS,2025-03-05,10464.2001953125,10398.2880859375,310832.0,0.0
ULTRACEMCO.NS,2025-03-06,10493.5,10427.4033203125,365920.0,0.0
ULTRACEMCO.NS,2025-03-07,10582.400390625,10515.744140625,302339.0,0.0
ULTRACEMCO.NS,2025-03-10,10520.099609375,10453.8359375,165649.0,0.0
ULTRACEMCO.NS,2025-03-11,10439.25,10373.4951171875,180753.0,0.0
ULTRACEMCO.NS,2025-03-12,10520.400390625,10454.134765625,299765.0,0.0
ULTRACEMCO.NS,2025-03-13,10452.099609375,10386.263671875,219474.0,0.0
ULTRACEMCO.NS,2025-03-17,10547.099609375,10480.666015625,212061.0,0.0
ULTRACEMCO.NS,2025-03-18,10547.099609375,10480.666015625,0.0,0.0
ULTRACEMCO.NS,2025-03-19,10933.25,10864.3837890625,269175.0,0.0
ULTRACEMCO.NS,2025-03-20,10948.150390625,10879.1904296875,549251.0,0.0
ULTRACEMCO.NS,2025-03-21,10976.75,10907.609375,656565.0,0.0
ULTRACEMCO.NS,2025-03-24,11051.2001953125,10981.5908203125,294688.0,0.0
ULTRACEMCO.NS,2025-03-25,11421.2001953125,11349.2607421875,754457.0,0.0
ULTRACEMCO.NS,2025-03-26,11402.099609375,11330.2802734375,401569.0,0.0
ULTRACEMCO.NS,2025-03-27,11599.599609375,11526.5361328125,406112.0,0.0
ULTRACEMCO.NS,2025-03-28,11509.5498046875,11437.0537109375,280960.0,0.0
ULTRACEMCO.NS,2025-04-01,11378.650390625,11306.978515625,263144.0,0.0
ULTRACEMCO.NS,2025-04-02,11250.9501953125,11180.0830078125,376468.0,0.0
ULTRACEMCO.NS,2025-04-03,11606.599609375,11533.4921875,361884.0,0.0
ULTRACEMCO.NS,2025-04-04,11498.650390625,11426.22265625,222191.0,0.0
ULTRACEMCO.NS,2025-04-07,11191.599609375,11121.1064453125,484513.0,0.0
ULTRACEMCO.NS,2025-04-08,11270.4501953125,11199.4599609375,602120.0,0.0
ULTRACEMCO.NS,2025-04-09,11397.0498046875,11325.2626953125,230611.0,0.0
ULTRACEMCO.NS,2025-04-11,11502.650390625,11430.197265625,351037.0,0.0
ULTRACEMCO.NS,2025-04-15,11719.0,11645.1845703125,345260.0,0.0
ULTRACEMCO.NS,2025-04-16,11728.0,11654.1279296875,268150.0,0.0
ULTRACEMCO.NS,2025-04-17,11901.0,11826.0380859375,290473.0,0.0
ULTRACEMCO.NS,2025-04-21,11934.0,11858.830078125,230595.0,0.0
ULTRACEMCO.NS,2025-04-22,11959.0,11883.6728515625,334667.0,0.0
ULTRACEMCO.NS,2025-04-23,11949.0,11873.736328125,267716.0,0.0
ULTRACEMCO.NS,2025-04-24,12159.0,12082.4130859375,339743.0,0.0
ULTRACEMCO.NS,2025-04-25,12237.0,12159.921875,412558.0,0.0
ULTRACEMCO.NS,2025-04-28,12114.0,12037.6962890625,516745.0,0.0
ULTRACEMCO.NS,2025-04-29,11869.0,11794.240234375,516495.0,0.0
ULTRACEMCO.NS,2025-04-30,11641.0,11567.67578125,630392.0,0.0
ULTRACEMCO.NS,2025-05-02,11613.0,11539.8525390625,189474.0,0.0
ULTRACEMCO.NS,2025-05-05,11670.0,11596.4931640625,145699.0,0.0
ULTRACEMCO.NS,2025-05-06,11693.0,11619.3486328125,273048.0,0.0
ULTRACEMCO.NS,2025-05-07,11658.0,11584.568359375,217460.0,0.0
ULTRACEMCO.NS,2025-05-08,11631.0,11557.7392578125,388912.0,0.0
ULTRACEMCO.NS,2025-05-09,11364.0,11292.4208984375,200270.0,0.0
ULTRACEMCO.NS,2025-05-12,11736.0,11662.0771484375,182795.0,0.0
ULTRACEMCO.NS,2025-05-13,11661.0,11587.5498046875,307678.0,0.0
ULTRACEMCO.NS,2025-05-14,11672.0,11598.48046875,179337.0,0.0
ULTRACEMCO.NS,2025-05-15,11894.0,11819.08203125,371371.0,0.0
ULTRACEMCO.NS,2025-05-16,11905.0,11830.0126953125,209706.0,0.0
ULTRACEMCO.NS,2025-05-19,11929.0,11853.8623046875,128237.0,0.0
ULTRACEMCO.NS,2025-05-20,11697.0,11623.3232421875,158934.0,0.0
ULTRACEMCO.NS,2025-05-21,11666.0,11592.5185546875,173017.0,0.0
ULTRACEMCO.NS,2025-05-22,11680.0,11606.4306640625,175370.0,0.0
ULTRACEMCO.NS,2025-05-23,11746.0,11672.0146484375,181463.0,0.0
ULTRACEMCO.NS,2025-05-26,11689.0,11615.3740234375,198003.0,0.0
ULTRACEMCO.NS,2025-05-27,11421.0,11349.0615234375,478345.0,0.0
ULTRACEMCO.NS,2025-05-28,11238.0,11167.2138671875,201200.0,0.0
ULTRACEMCO.NS,2025-05-29,11269.0,11198.01953125,350206.0,0.0
ULTRACEMCO.NS,2025-05-30,11210.0,11139.390625,394181.0,0.0
ULTRACEMCO.NS,2025-06-02,11195.0,11124.4853515625,314936.0,0.0
ULTRACEMCO.NS,2025-06-03,11035.0,10965.4931640625,349615.0,0.0
ULTRACEMCO.NS,2025-06-04,11033.0,10963.505859375,345047.0,0.0
ULTRACEMCO.NS,2025-06-05,11159.0,11088.7119140625,191183.0,0.0
ULTRACEMCO.NS,2025-06-06,11253.0,11182.1201171875,143723.0,0.0
ULTRACEMCO.NS,2025-06-09,11260.0,11189.076171875,209231.0,0.0
ULTRACEMCO.NS,2025-06-10,11391.0,11319.2509765625,279918.0,0.0
ULTRACEMCO.NS,2025-06-11,11464.0,11391.791015625,237747.0,0.0
ULTRACEMCO.NS,2025-06-12,11323.0,11251.6787109375,262530.0,0.0
ULTRACEMCO.NS,2025-06-13,11224.0,11153.302734375,181355.0,0.0
ULTRACEMCO.NS,2025-06-16,11495.0,11422.595703125,401104.0,0.0
ULTRACEMCO.NS,2025-06-17,11383.0,11311.30078125,121415.0,0.0
ULTRACEMCO.NS,2025-06-18,11406.0,11334.15625,156816.0,0.0
ULTRACEMCO.NS,2025-06-19,11420.0,11348.068359375,157757.0,0.0
ULTRACEMCO.NS,2025-06-20,11458.0,11385.828125,629895.0,0.0
ULTRACEMCO.NS,2025-06-23,11449.0,11376.8857421875,304907.0,0.0
ULTRACEMCO.NS,2025-06-24,11579.0,11506.06640625,735700.0,0.0
ULTRACEMCO.NS,2025-06-25,11733.0,11659.0966796875,253134.0,0.0
ULTRACEMCO.NS,2025-06-26,11951.0,11875.7236328125,506580.0,0.0
ULTRACEMCO.NS,2025-06-27,12213.0,12136.0732421875,501287.0,0.0
ULTRACEMCO.NS,2025-06-30,12093.0,12016.8291015625,333104.0,0.0
ULTRACEMCO.NS,2025-07-01,12210.0,12133.091796875,207437.0,0.0
ULTRACEMCO.NS,2025-07-02,12436.0,12357.66796875,445829.0,0.0
ULTRACEMCO.NS,2025-07-03,12398.0,12319.908203125,275755.0,0.0
ULTRACEMCO.NS,2025-07-04,12506.0,12427.2275390625,191516.0,0.0
ULTRACEMCO.NS,2025-07-07,12345.0,12267.2412109375,149939.0,0.0
ULTRACEMCO.NS,2025-07-08,12445.0,12366.611328125,219226.0,0.0
ULTRACEMCO.NS,2025-07-09,12562.0,12482.875,379924.0,0.0
ULTRACEMCO.NS,2025-07-10,12516.0,12437.1640625,269323.0,0.0
ULTRACEMCO.NS,2025-07-11,12495.0,12416.296875,240034.0,0.0
ULTRACEMCO.NS,2025-07-14,12516.0,12437.1640625,278918.0,0.0
ULTRACEMCO.NS,2025-07-15,12502.0,12423.2529296875,154124.0,0.0
ULTRACEMCO.NS,2025-07-16,12453.0,12374.5615234375,156311.0,0.0
ULTRACEMCO.NS,2025-07-17,12495.0,12416.296875,166142.0,0.0
ULTRACEMCO.NS,2025-07-18,12498.0,12419.2783203125,98339.0,0.0
ULTRACEMCO.NS,2025-07-21,12577.0,12497.7802734375,512521.0,0.0
ULTRACEMCO.NS,2025-07-22,12452.0,12373.5673828125,533617.0,0.0
ULTRACEMCO.NS,2025-07-23,12372.0,12294.0712890625,189617.0,0.0
ULTRACEMCO.NS,2025-07-24,12304.0,12226.5,180080.0,0.0
ULTRACEMCO.NS,2025-07-25,12250.0,12250.0,290381.0,0.0
ULTRACEMCO.NS,2025-07-28,12240.0,12240.0,214107.0,0.0
ULTRACEMCO.NS,2025-07-29,12221.0,12221.0,208446.0,0.0
ULTRACEMCO.NS,2025-07-30,12268.0,12268.0,185681.0,0.0
ULTRACEMCO.NS,2025-07-31,12249.0,12249.0,150379.0,0.0
ULTRACEMCO.NS,2025-08-01,12113.0,12113.0,212570.0,0.0
ULTRACEMCO.NS,2025-08-04,12257.0,12257.0,207875.0,0.0
ULTRACEMCO.NS,2025-08-05,12298.0,12298.0,267535.0,0.0
ULTRACEMCO.NS,2025-08-06,12226.0,12226.0,192086.0,0.0
ULTRACEMCO.NS,2025-08-07,12273.0,12273.0,202031.0,0.0
ULTRACEMCO.NS,2025-08-08,12157.0,12157.0,201770.0,0.0
ULTRACEMCO.NS,2025-08-11,12405.0,12405.0,218605.0,0.0
ULTRACEMCO.NS,2025-08-12,12449.0,12449.0,334100.0,0.0
ULTRACEMCO.NS,2025-08-13,12401.0,12401.0,207359.0,0.0
ULTRACEMCO.NS,2025-08-14,12317.0,12317.0,235741.0,0.0
ULTRACEMCO.NS,2025-08-18,12765.0,12765.0,808480.0,0.0
ULTRACEMCO.NS,2025-08-19,12863.0,12863.0,351252.0,0.0
ULTRACEMCO.NS,2025-08-20,12874.0,12874.0,290957.0,0.0
ULTRACEMCO.NS,2025-08-21,12870.0,12870.0,155457.0,0.0
ULTRACEMCO.NS,2025-08-22,12589.0,12589.0,226948.0,0.0
ULTRACEMCO.NS,2025-08-25,12606.0,12606.0,199190.0,0.0
ULTRACEMCO.NS,2025-08-26,12610.0,12610.0,290322.0,0.0
ULTRACEMCO.NS,2025-08-28,12521.0,12521.0,283677.0,0.0
ULTRACEMCO.NS,2025-08-29,12640.0,12640.0,177858.0,0.0
ULTRACEMCO.NS,2025-09-01,12826.0,12826.0,214241.0,0.0
ULTRACEMCO.NS,2025-09-02,12730.0,12730.0,214101.0,0.0
ULTRACEMCO.NS,2025-09-03,12733.0,12733.0,140022.0,0.0
ULTRACEMCO.NS,2025-09-04,12651.0,12651.0,305040.0,0.0
ULTRACEMCO.NS,2025-09-05,12601.0,12601.0,153774.0,0.0
ULTRACEMCO.NS,2025-09-08,12664.0,12664.0,126448.0,0.0
ULTRACEMCO.NS,2025-09-09,12572.0,12572.0,240234.0,0.0
ULTRACEMCO.NS,2025-09-10,12478.0,12478.0,175576.0,0.0
ULTRACEMCO.NS,2025-09-11,12392.0,12392.0,132660.0,0.0
ULTRACEMCO.NS,2025-09-12,12370.0,12370.0,153086.0,0.0
ULTRACEMCO.NS,2025-09-15,12435.0,12435.0,179530.0,0.0
ULTRACEMCO.NS,2025-09-16,12578.0,12578.0,189043.0,0.0
ULTRACEMCO.NS,2025-09-17,12721.0,12721.0,264319.0,0.0
ULTRACEMCO.NS,2025-09-18,12626.0,12626.0,190079.0,0.0
ULTRACEMCO.NS,2025-09-19,12508.0,12508.0,571670.0,0.0
ULTRACEMCO.NS,2025-09-22,12650.0,12650.0,499548.0,0.0
ULTRACEMCO.NS,2025-09-23,12401.0,12401.0,403638.0,0.0
ULTRACEMCO.NS,2025-09-24,12214.0,12214.0,166517.0,0.0
ULTRACEMCO.NS,2025-09-25,12141.0,12141.0,272540.0,0.0
ULTRACEMCO.NS,2025-09-26,12070.0,12070.0,181541.0,0.0
ULTRACEMCO.NS,2025-09-29,12041.0,12041.0,214806.0,0.0
ULTRACEMCO.NS,2025-09-30,12222.0,12222.0,279155.0,0.0
ULTRACEMCO.NS,2025-10-01,12095.0,12095.0,129528.0,0.0
ULTRACEMCO.NS,2025-10-03,12019.0,12019.0,258411.0,0.0
ULTRACEMCO.NS,2025-10-06,12055.0,12055.0,106362.0,0.0
ULTRACEMCO.NS,2025-10-07,12184.0,12184.0,225472.0,0.0
ULTRACEMCO.NS,2025-10-08,11991.0,11991.0,173973.0,0.0
ULTRACEMCO.NS,2025-10-09,12192.0,12192.0,171737.0,0.0
ULTRACEMCO.NS,2025-10-10,12281.0,12281.0,198464.0,0.0
ULTRACEMCO.NS,2025-10-13,12172.0,12172.0,87745.0,0.0
ULTRACEMCO.NS,2025-10-14,12070.0,12070.0,129196.0,0.0
ULTRACEMCO.NS,2025-10-15,12311.0,12311.0,142328.0,0.0
ULTRACEMCO.NS,2025-10-16,12358.0,12358.0,129372.0,0.0
ULTRACEMCO.NS,2025-10-17,12370.0,12370.0,182242.0,0.0
ULTRACEMCO.NS,2025-10-20,12346.0,12346.0,393365.0,0.0
ULTRACEMCO.NS,2025-10-21,12342.0,12342.0,14465.0,0.0
ULTRACEMCO.NS,2025-10-23,12145.0,12145.0,370812.0,0.0
ULTRACEMCO.NS,2025-10-24,11918.0,11918.0,318840.0,0.0
ULTRACEMCO.NS,2025-10-27,12015.0,12015.0,408073.0,0.0
ULTRACEMCO.NS,2025-10-28,11931.0,11931.0,513095.0,0.0
ULTRACEMCO.NS,2025-10-29,11999.0,11999.0,394272.0,0.0
ULTRACEMCO.NS,2025-10-30,12053.0,12053.0,159943.0,0.0
ULTRACEMCO.NS,2025-10-31,11947.0,11947.0,175191.0,0.0
ULTRACEMCO.NS,2025-11-03,11950.0,11950.0,98394.0,0.0
ULTRACEMCO.NS,2025-11-04,11819.0,11819.0,199364.0,0.0
ULTRACEMCO.NS,2025-11-06,11910.0,11910.0,189652.0,0.0
ULTRACEMCO.NS,2025-11-07,11849.0,11849.0,148161.0,0.0
ULTRACEMCO.NS,2025-11-10,11728.0,11728.0,197085.0,0.0
ULTRACEMCO.NS,2025-11-11,11825.0,11825.0,125847.0,0.0
ULTRACEMCO.NS,2025-11-12,11921.0,11921.0,184542.0,0.0
ULTRACEMCO.NS,2025-11-13,11934.0,11934.0,174415.0,0.0
ULTRACEMCO.NS,2025-11-14,11874.0,11874.0,161315.0,0.0
ULTRACEMCO.NS,2025-11-17,11778.0,11778.0,194379.0,0.0
ULTRACEMCO.NS,2025-11-18,11707.0,11707.0,318116.0,0.0
ULTRACEMCO.NS,2025-11-19,11666.0,11666.0,271396.0,0.0
ULTRACEMCO.NS,2025-11-20,11753.0,11753.0,185397.0,0.0
ULTRACEMCO.NS,2025-11-21,11729.0,11729.0,192051.0,0.0
ULTRACEMCO.NS,2025-11-24,11584.0,11584.0,407297.0,0.0
ULTRACEMCO.NS,2025-11-25,11580.0,11580.0,200149.0,0.0
ULTRACEMCO.NS,2025-11-26,11759.0,11759.0,187481.0,0.0
ULTRACEMCO.NS,2025-11-27,11617.0,11617.0,275290.0,0.0
ULTRACEMCO.NS,2025-11-28,11600.0,11600.0,159990.0,0.0
ULTRACEMCO.NS,2025-12-01,11662.0,11662.0,228729.0,0.0
ULTRACEMCO.NS,2025-12-02,11666.0,11666.0,190930.0,0.0
ULTRACEMCO.NS,2025-12-03,11591.0,11591.0,206293.0,0.0
ULTRACEMCO.NS,2025-12-04,11608.0,11608.0,159687.0,0.0
ULTRACEMCO.NS,2025-12-05,11597.0,11597.0,226572.0,0.0
ULTRACEMCO.NS,2025-12-08,11540.0,11540.0,148186.0,0.0
ULTRACEMCO.NS,2025-12-09,11414.0,11414.0,274482.0,0.0
ULTRACEMCO.NS,2025-12-10,11317.0,11317.0,272923.0,0.0
ULTRACEMCO.NS,2025-12-11,11472.0,11472.0,196507.0,0.0
ULTRACEMCO.NS,2025-12-12,11723.0,11723.0,389481.0,0.0
ULTRACEMCO.NS,2025-12-15,11728.0,11728.0,178073.0,0.0
ULTRACEMCO.NS,2025-12-16,11528.0,11528.0,179690.0,0.0
ULTRACEMCO.NS,2025-12-17,11540.0,11540.0,205337.0,0.0
ULTRACEMCO.NS,2025-12-18,11461.0,11461.0,103462.0,0.0
ULTRACEMCO.NS,2025-12-19,11496.0,11496.0,152956.0,0.0
ULTRACEMCO.NS,2025-12-22,11532.0,11532.0,170807.0,0.0
ULTRACEMCO.NS,2025-12-23,11678.0,11678.0,161830.0,0.0
ULTRACEMCO.NS,2025-12-24,11764.0,11764.0,182050.0,0.0
ULTRACEMCO.NS,2025-12-26,11794.0,11794.0,193121.0,0.0
ULTRACEMCO.NS,2025-12-29,11799.0,11799.0,197600.0,0.0
ULTRACEMCO.NS,2025-12-30,11705.0,11705.0,236323.0,0.0
ULTRACEMCO.NS,2025-12-31,11784.0,11784.0,172267.0,0.0
ULTRACEMCO.NS,2026-01-01,11901.0,11901.0,71887.0,0.0
ULTRACEMCO.NS,2026-01-02,11899.0,11899.0,206244.0,0.0
ULTRACEMCO.NS,2026-01-05,12087.0,12087.0,302803.0,0.0
ULTRACEMCO.NS,2026-01-06,12204.0,12204.0,225766.0,0.0
ULTRACEMCO.NS,2026-01-07,12184.0,12184.0,246825.0,0.0
ULTRACEMCO.NS,2026-01-08,12064.0,12064.0,229175.0,0.0
ULTRACEMCO.NS,2026-01-09,11937.0,11937.0,263833.0,0.0
ULTRACEMCO.NS,2026-01-12,12098.0,12098.0,275484.0,0.0
ULTRACEMCO.NS,2026-01-13,12044.0,12044.0,290750.0,0.0
ULTRACEMCO.NS,2026-01-14,12255.0,12255.0,408660.0,0.0
ULTRACEMCO.NS,2026-01-15,12255.0,12255.0,0.0,0.0
ULTRACEMCO.NS,2026-01-16,12378.0,12378.0,454481.0,0.0
ULTRACEMCO.NS,2026-01-19,12297.0,12297.0,257602.0,0.0
ULTRACEMCO.NS,2026-01-20,12059.0,12059.0,298026.0,0.0
ULTRACEMCO.NS,2026-01-21,12231.0,12231.0,209393.0,0.0
ULTRACEMCO.NS,2026-01-22,12364.0,12364.0,286236.0,0.0
ULTRACEMCO.NS,2026-01-23,12369.0,12369.0,356421.0,0.0
ULTRACEMCO.NS,2026-01-27,12589.0,12589.0,926373.0,0.0
ULTRACEMCO.NS,2026-01-28,12767.0,12767.0,456847.0,0.0
ULTRACEMCO.NS,2026-01-29,12717.0,12717.0,285262.0,0.0
ULTRACEMCO.NS,2026-01-30,12694.0,12694.0,296876.0,0.0
ULTRACEMCO.NS,2026-02-02,12535.0,12535.0,259656.0,0.0
ULTRACEMCO.NS,2026-02-03,12590.0,12590.0,296810.0,0.0
ULTRACEMCO.NS,2026-02-04,12806.0,12806.0,159977.0,0.0
ULTRACEMCO.NS,2026-02-05,12773.0,12773.0,172331.0,0.0
ULTRACEMCO.NS,2026-02-06,12722.0,12722.0,124704.0,0.0
ULTRACEMCO.NS,2026-02-09,13048.0,13048.0,235298.0,0.0
ULTRACEMCO.NS,2026-02-10,13023.0,13023.0,167157.0,0.0
ULTRACEMCO.NS,2026-02-11,12969.0,12969.0,92473.0,0.0
WIPRO.NS,2025-02-11,313.0,299.23663330078125,10627890.0,0.0
WIPRO.NS,2025-02-12,310.20001220703125,296.5597839355469,9668342.0,0.0
WIPRO.NS,2025-02-13,308.54998779296875,294.9822998046875,8832731.0,0.0
WIPRO.NS,2025-02-14,308.1000061035156,294.5520935058594,7371341.0,0.0
WIPRO.NS,2025-02-17,305.3500061035156,291.9230041503906,7507772.0,0.0
WIPRO.NS,2025-02-18,312.20001220703125,298.4718017578125,10368789.0,0.0
WIPRO.NS,2025-02-19,314.1000061035156,300.28826904296875,7835672.0,0.0
WIPRO.NS,2025-02-20,313.29998779296875,299.5234375,7697134.0,0.0
WIPRO.NS,2025-02-21,306.3500061035156,292.8790588378906,8722925.0,0.0
WIPRO.NS,2025-02-24,295.04998779296875,282.075927734375,12600963.0,0.0
WIPRO.NS,2025-02-25,291.29998779296875,278.4908142089844,10810040.0,0.0
WIPRO.NS,2025-02-27,294.5,281.5501403808594,15555649.0,0.0
WIPRO.NS,2025-02-28,277.6499938964844,265.4410705566406,17458839.0,0.0
WIPRO.NS,2025-03-03,283.54998779296875,271.08160400390625,11471554.0,0.0
WIPRO.NS,2025-03-04,280.0,267.6877136230469,9331785.0,0.0
WIPRO.NS,2025-03-05,285.1000061035156,272.5634460449219,10285712.0,0.0
WIPRO.NS,2025-03-06,285.8999938964844,273.3282775878906,9782051.0,0.0
WIPRO.NS,2025-03-07,284.79998779296875,272.2766418457031,8097300.0,0.0
WIPRO.NS,2025-03-10,280.8999938964844,268.5481262207031,8165123.0,0.0
WIPRO.NS,2025-03-11,277.75,265.5366516113281,8602609.0,0.0
WIPRO.NS,2025-03-12,268.54998779296875,256.7412109375,18584311.0,0.0
WIPRO.NS,2025-03-13,264.0,252.39129638671875,8683943.0,0.0
WIPRO.NS,2025-03-17,259.8500061035156,248.42376708984375,12697926.0,0.0
WIPRO.NS,2025-03-18,259.8500061035156,248.42376708984375,0.0,0.0
WIPRO.NS,2025-03-19,265.70001220703125,254.01654052734375,14044300.0,0.0
WIPRO.NS,2025-03-20,268.0,256.21539306640625,17038774.0,0.0
WIPRO.NS,2025-03-21,264.29998779296875,252.67807006835938,22659168.0,0.0
WIPRO.NS,2025-03-24,269.3999938964844,257.5538024902344,9269617.0,0.0
WIPRO.NS,2025-03-25,271.0,259.0834655761719,12563930.0,0.0
WIPRO.NS,2025-03-26,267.3999938964844,255.64178466796875,7308412.0,0.0
WIPRO.NS,2025-03-27,272.20001220703125,260.230712890625,14783522.0,0.0
WIPRO.NS,2025-03-28,262.25,250.71823120117188,14283389.0,0.0
WIPRO.NS,2025-04-01,262.6000061035156,251.0528564453125,8388635.0,0.0
WIPRO.NS,2025-04-02,263.6000061035156,252.00889587402344,7136992.0,0.0
WIPRO.NS,2025-04-03,256.3500061035156,245.0776824951172,12262561.0,0.0
WIPRO.NS,2025-04-04,246.3000030517578,235.4696044921875,14639785.0,0.0
WIPRO.NS,2025-04-07,242.89999389648438,232.21908569335938,13011904.0,0.0
WIPRO.NS,2025-04-08,247.25,236.37782287597656,13806651.0,0.0
WIPRO.NS,2025-04-09,236.64999389648438,226.24391174316406,19063559.0,0.0
WIPRO.NS,2025-04-11,239.75,229.20761108398438,11205821.0,0.0
WIPRO.NS,2025-04-15,244.0,233.27072143554688,10694621.0,0.0
WIPRO.NS,2025-04-16,247.64999389648438,236.76022338867188,16203319.0,0.0
WIPRO.NS,2025-04-17,236.89999389648438,226.48292541503906,54875421.0,0.0
WIPRO.NS,2025-04-21,238.4499969482422,227.96478271484375,16298364.0,0.0
WIPRO.NS,2025-04-22,234.14999389648438,223.85385131835938,18367713.0,0.0
WIPRO.NS,2025-04-23,243.60000610351562,232.88832092285156,31898042.0,0.0
WIPRO.NS,2025-04-24,242.75,232.07569885253906,23000820.0,0.0
WIPRO.NS,2025-04-25,240.89999389648438,230.30703735351562,16620430.0,0.0
WIPRO.NS,2025-04-28,240.5,229.9246368408203,14218414.0,0.0
WIPRO.NS,2025-04-29,241.39999389648438,230.78504943847656,16647246.0,0.0
WIPRO.NS,2025-04-30,241.5,230.8806610107422,14206640.0,0.0
WIPRO.NS,2025-05-02,241.67999267578125,231.052734375,10822257.0,0.0
WIPRO.NS,2025-05-05,243.57000732421875,232.85964965820312,12170446.0,0.0
WIPRO.NS,2025-05-06,241.19000244140625,230.58428955078125,8869045.0,0.0
WIPRO.NS,2025-05-07,244.0399932861328,233.3089599609375,9130056.0,0.0
WIPRO.NS,2025-05-08,241.57000732421875,230.9475860595703,11434833.0,0.0
WIPRO.NS,2025-05-09,242.00999450683594,231.36822509765625,10582438.0,0.0
WIPRO.NS,2025-05-12,257.2799987792969,245.96678161621094,19791711.0,0.0
WIPRO.NS,2025-05-13,251.57000732421875,240.5078582763672,11714159.0,0.0
WIPRO.NS,2025-05-14,252.94000244140625,241.81761169433594,8839105.0,0.0
WIPRO.NS,2025-05-15,256.57000732421875,245.28799438476562,12083645.0,0.0
WIPRO.NS,2025-05-16,254.30999755859375,243.1273651123047,6640387.0,0.0
WIPRO.NS,2025-05-19,251.75,240.67994689941406,6788784.0,0.0
WIPRO.NS,2025-05-20,249.7100067138672,238.7296600341797,9366429.0,0.0
WIPRO.NS,2025-05-21,250.9199981689453,239.8864288330078,5313593.0,0.0
WIPRO.NS,2025-05-22,245.94000244140625,235.12542724609375,11469037.0,0.0
WIPRO.NS,2025-05-23,247.36000061035156,236.4829864501953,7437642.0,0.0
WIPRO.NS,2025-05-26,250.24000549316406,239.23634338378906,3690751.0,0.0
WIPRO.NS,2025-05-27,248.25,237.33384704589844,6861143.0,0.0
WIPRO.NS,2025-05-28,247.42999267578125,236.54989624023438,6205160.0,0.0
WIPRO.NS,2025-05-29,250.13999938964844,239.14073181152344,11785042.0,0.0
WIPRO.NS,2025-05-30,249.6699981689453,238.69139099121094,13858429.0,0.0
WIPRO.NS,2025-06-02,247.67999267578125,236.7888946533203,5846259.0,0.0
WIPRO.NS,2025-06-03,246.22000122070312,235.3931121826172,8573438.0,0.0
WIPRO.NS,2025-06-04,246.86000061035156,236.00497436523438,6698150.0,0.0
WIPRO.NS,2025-06-05,247.94000244140625,237.0374755859375,6468060.0,0.0
WIPRO.NS,2025-06-06,248.58999633789062,237.6588897705078,4445411.0,0.0
WIPRO.NS,2025-06-09,251.2899932861328,240.2401580810547,9193904.0,0.0
WIPRO.NS,2025-06-10,254.8699951171875,243.66275024414062,10739851.0,0.0
WIPRO.NS,2025-06-11,258.9200134277344,247.53468322753906,17268454.0,0.0
WIPRO.NS,2025-06-12,259.6099853515625,248.19430541992188,14528657.0,0.0
WIPRO.NS,2025-06-13,260.2099914550781,248.76792907714844,8692116.0,0.0
WIPRO.NS,2025-06-16,262.8900146484375,251.33009338378906,10935361.0,0.0
WIPRO.NS,2025-06-17,262.9100036621094,251.34922790527344,7528454.0,0.0
WIPRO.NS,2025-06-18,261.5899963378906,250.08724975585938,5016660.0,0.0
WIPRO.NS,2025-06-19,265.5799865722656,253.90179443359375,14184486.0,0.0
WIPRO.NS,2025-06-20,266.5400085449219,254.81959533691406,12904674.0,0.0
WIPRO.NS,2025-06-23,263.239990234375,251.66468811035156,6214062.0,0.0
WIPRO.NS,2025-06-24,264.9700012207031,253.31863403320312,6319428.0,0.0
WIPRO.NS,2025-06-25,269.4100036621094,257.5633850097656,5331739.0,0.0
WIPRO.NS,2025-06-26,268.5199890136719,256.7125244140625,8564099.0,0.0
WIPRO.NS,2025-06-27,265.04998779296875,253.3950958251953,8906108.0,0.0
WIPRO.NS,2025-06-30,265.9800109863281,254.2842254638672,7119563.0,0.0
WIPRO.NS,2025-07-01,264.54998779296875,252.91708374023438,3886095.0,0.0
WIPRO.NS,2025-07-02,267.0,255.2593536376953,8750887.0,0.0
WIPRO.NS,2025-07-03,267.04998779296875,255.30715942382812,9357962.0,0.0
WIPRO.NS,2025-07-04,270.04998779296875,258.1752624511719,7141779.0,0.0
WIPRO.NS,2025-07-07,267.75,255.97637939453125,4849218.0,0.0
WIPRO.NS,2025-07-08,269.6499938964844,257.7928161621094,5519016.0,0.0
WIPRO.NS,2025-07-09,267.79998779296875,256.024169921875,11564433.0,0.0
WIPRO.NS,2025-07-10,265.04998779296875,253.3950958251953,6911031.0,0.0
WIPRO.NS,2025-07-11,258.29998779296875,246.94190979003906,13109857.0,0.0
WIPRO.NS,2025-07-14,254.25,243.07000732421875,10388421.0,0.0
WIPRO.NS,2025-07-15,257.3999938964844,246.0814971923828,8750149.0,0.0
WIPRO.NS,2025-07-16,262.79998779296875,251.24403381347656,12179338.0,0.0
WIPRO.NS,2025-07-17,260.6000061035156,249.1407928466797,7484171.0,0.0
WIPRO.NS,2025-07-18,266.95001220703125,255.21157836914062,30319126.0,0.0
WIPRO.NS,2025-07-21,260.3500061035156,248.90179443359375,12190000.0,0.0
WIPRO.NS,2025-07-22,259.70001220703125,248.28036499023438,6724044.0,0.0
WIPRO.NS,2025-07-23,261.3999938964844,249.9055938720703,6510321.0,0.0
WIPRO.NS,2025-07-24,261.8500061035156,250.33583068847656,8139900.0,0.0
WIPRO.NS,2025-07-25,259.20001220703125,247.8023681640625,8427780.0,0.0
WIPRO.NS,2025-07-28,250.0500030517578,243.75680541992188,8998911.0,0.0
WIPRO.NS,2025-07-29,251.8000030517578,245.46275329589844,12923128.0,0.0
WIPRO.NS,2025-07-30,250.1999969482422,243.90301513671875,6057152.0,0.0
WIPRO.NS,2025-07-31,248.3000030517578,242.05084228515625,7338764.0,0.0
WIPRO.NS,2025-08-01,242.75,236.64051818847656,7436999.0,0.0
WIPRO.NS,2025-08-04,246.0500030517578,239.8574676513672,5234393.0,0.0
WIPRO.NS,2025-08-05,245.91000366210938,239.7209930419922,7383968.0,0.0
WIPRO.NS,2025-08-06,239.9600067138672,233.92074584960938,7700190.0,0.0
WIPRO.NS,2025-08-07,242.32000732421875,236.2213592529297,6190830.0,0.0
WIPRO.NS,2025-08-08,239.0500030517578,233.0336456298828,8922847.0,0.0
WIPRO.NS,2025-08-11,241.6199951171875,235.53895568847656,3047287.0,0.0
WIPRO.NS,2025-08-12,241.72000122070312,235.63644409179688,8101435.0,0.0
WIPRO.NS,2025-08-13,241.64999389648438,235.56820678710938,5820844.0,0.0
WIPRO.NS,2025-08-14,246.80999755859375,240.5983428955078,12857225.0,0.0
WIPRO.NS,2025-08-18,245.2100067138672,239.0386199951172,5789317.0,0.0
WIPRO.NS,2025-08-19,246.9600067138672,240.7445831298828,4090961.0,0.0
WIPRO.NS,2025-08-20,250.83999633789062,244.52691650390625,10099384.0,0.0
WIPRO.NS,2025-08-21,249.91000366210938,243.62033081054688,7607486.0,0.0
WIPRO.NS,2025-08-22,248.63999938964844,242.38229370117188,13572686.0,0.0
WIPRO.NS,2025-08-25,253.83999633789062,247.451416015625,16391069.0,0.0
WIPRO.NS,2025-08-26,252.02999877929688,245.6869659423828,15797327.0,0.0
WIPRO.NS,2025-08-28,250.64999389648438,244.34169006347656,5851451.0,0.0
WIPRO.NS,2025-08-29,249.41000366210938,243.13291931152344,10117017.0,0.0
WIPRO.NS,2025-09-01,250.36000061035156,244.0590057373047,3198345.0,0.0
WIPRO.NS,2025-09-02,250.92999267578125,244.61463928222656,5046939.0,0.0
WIPRO.NS,2025-09-03,249.55999755859375,243.2791290283203,3862765.0,0.0
WIPRO.NS,2025-09-04,244.97000122070312,238.80465698242188,5021036.0,0.0
WIPRO.NS,2025-09-05,243.6699981689453,237.53736877441406,6233782.0,0.0
WIPRO.NS,2025-09-08,242.52000427246094,236.41632080078125,6596932.0,0.0
WIPRO.NS,2025-09-09,249.14999389648438,242.8794403076172,12836972.0,0.0
WIPRO.NS,2025-09-10,255.75,249.31333923339844,15261331.0,0.0
WIPRO.NS,2025-09-11,253.91000366210938,247.5196533203125,5865301.0,0.0
WIPRO.NS,2025-09-12,251.94000244140625,245.5992431640625,5345794.0,0.0
WIPRO.NS,2025-09-15,251.27999877929688,244.95584106445312,3700703.0,0.0
WIPRO.NS,2025-09-16,254.00999450683594,247.61712646484375,7316998.0,0.0
WIPRO.NS,2025-09-17,254.14999389648438,247.75360107421875,7339871.0,0.0
WIPRO.NS,2025-09-18,256.92999267578125,250.46363830566406,10498239.0,0.0
WIPRO.NS,2025-09-19,255.8800048828125,249.44007873535156,10741757.0,0.0
WIPRO.NS,2025-09-22,250.3300018310547,244.02975463867188,15784007.0,0.0
WIPRO.NS,2025-09-23,249.6300048828125,243.34738159179688,8674114.0,0.0
WIPRO.NS,2025-09-24,244.58999633789062,238.43421936035156,7888797.0,0.0
WIPRO.NS,2025-09-25,242.0,235.90940856933594,7957740.0,0.0
WIPRO.NS,2025-09-26,235.75,229.8166961669922,16999628.0,0.0
WIPRO.NS,2025-09-29,239.63999938964844,233.60879516601562,8894412.0,0.0
WIPRO.NS,2025-09-30,239.3699951171875,233.3455810546875,5590909.0,0.0
WIPRO.NS,2025-10-01,241.07000732421875,235.0028076171875,9479378.0,0.0
WIPRO.NS,2025-10-03,240.97999572753906,234.91506958007812,10968346.0,0.0
WIPRO.NS,2025-10-06,242.1300048828125,236.0361328125,6064946.0,0.0
WIPRO.NS,2025-10-07,243.52999877929688,237.40089416503906,6587728.0,0.0
WIPRO.NS,2025-10-08,244.27000427246094,238.1222686767578,7360563.0,0.0
WIPRO.NS,2025-10-09,246.39999389648438,240.1986541748047,4629760.0,0.0
WIPRO.NS,2025-10-10,248.6999969482422,242.44078063964844,7070200.0,0.0
WIPRO.NS,2025-10-13,245.1300048828125,238.96063232421875,6717589.0,0.0
WIPRO.NS,2025-10-14,248.4199981689453,242.16781616210938,7888607.0,0.0
WIPRO.NS,2025-10-15,250.2100067138672,243.91278076171875,13278925.0,0.0
WIPRO.NS,2025-10-16,253.80999755859375,247.4221649169922,10661302.0,0.0
WIPRO.NS,2025-10-17,240.89999389648438,234.8370819091797,43802251.0,0.0
WIPRO.NS,2025-10-20,241.24000549316406,235.1685333251953,9871824.0,0.0
WIPRO.NS,2025-10-21,241.36000061035156,235.28550720214844,2082336.0,0.0
WIPRO.NS,2025-10-23,244.3000030517578,238.15151977539062,18964626.0,0.0
WIPRO.NS,2025-10-24,242.97999572753906,236.86473083496094,6803979.0,0.0
WIPRO.NS,2025-10-27,243.91000366210938,237.77133178710938,9550336.0,0.0
WIPRO.NS,2025-10-28,242.3800048828125,236.27984619140625,8780789.0,0.0
WIPRO.NS,2025-10-29,242.27999877929688,236.18235778808594,8776917.0,0.0
WIPRO.NS,2025-10-30,241.9199981689453,235.83140563964844,8344622.0,0.0
WIPRO.NS,2025-10-31,240.6699981689453,234.6128692626953,5659566.0,0.0
WIPRO.NS,2025-11-03,240.5,234.44715881347656,4902693.0,0.0
WIPRO.NS,2025-11-04,237.9199981689453,231.9320831298828,6848284.0,0.0
WIPRO.NS,2025-11-06,240.0500030517578,234.00848388671875,7141517.0,0.0
WIPRO.NS,2025-11-07,236.49000549316406,230.5380859375,5520619.0,0.0
WIPRO.NS,2025-11-10,239.83999633789062,233.8037567138672,8566758.0,0.0
WIPRO.NS,2025-11-11,241.69000244140625,235.60720825195312,8831094.0,0.0
WIPRO.NS,2025-11-12,245.22000122070312,239.04835510253906,13152546.0,0.0
WIPRO.NS,2025-11-13,245.3300018310547,239.1555938720703,6211124.0,0.0
WIPRO.NS,2025-11-14,244.3699951171875,238.21974182128906,6841554.0,0.0
WIPRO.NS,2025-11-17,244.0500030517578,237.90780639648438,6559062.0,0.0
WIPRO.NS,2025-11-18,240.89999389648438,234.8370819091797,4730012.0,0.0
WIPRO.NS,2025-11-19,246.07000732421875,239.87696838378906,13298452.0,0.0
WIPRO.NS,2025-11-20,246.25999450683594,240.0621795654297,6705862.0,0.0
WIPRO.NS,2025-11-21,244.49000549316406,238.3367462158203,5516450.0,0.0
WIPRO.NS,2025-11-24,247.27000427246094,241.04676818847656,19711070.0,0.0
WIPRO.NS,2025-11-25,245.63999938964844,239.45779418945312,8188793.0,0.0
WIPRO.NS,2025-11-26,250.19000244140625,243.89328002929688,8202096.0,0.0
WIPRO.NS,2025-11-27,249.55999755859375,243.2791290283203,5268129.0,0.0
WIPRO.NS,2025-11-28,249.52999877929688,243.24989318847656,7049965.0,0.0
WIPRO.NS,2025-12-01,250.27999877929688,243.98101806640625,3865446.0,0.0
WIPRO.NS,2025-12-02,250.1699981689453,243.873779296875,8535708.0,0.0
WIPRO.NS,2025-12-03,254.69000244140625,248.280029296875,17215454.0,0.0
WIPRO.NS,2025-12-04,256.92999267578125,250.46363830566406,10687381.0,0.0
WIPRO.NS,2025-12-05,259.9100036621094,253.36865234375,7886562.0,0.0
WIPRO.NS,2025-12-08,261.3800048828125,254.80165100097656,9684253.0,0.0
WIPRO.NS,2025-12-09,257.4100036621094,250.9315643310547,8560580.0,0.0
WIPRO.NS,2025-12-10,257.9800109863281,251.4872283935547,7944200.0,0.0
WIPRO.NS,2025-12-11,259.25,252.72525024414062,6473376.0,0.0
WIPRO.NS,2025-12-12,260.6000061035156,254.04129028320312,4008271.0,0.0
WIPRO.NS,2025-12-15,261.739990234375,255.15257263183594,4023911.0,0.0
WIPRO.NS,2025-12-16,259.2200012207031,252.69601440429688,2982041.0,0.0
WIPRO.NS,2025-12-17,261.1400146484375,254.5677032470703,4923276.0,0.0
WIPRO.NS,2025-12-18,263.8500061035156,257.2095031738281,9008412.0,0.0
WIPRO.NS,2025-12-19,264.45001220703125,257.7944030761719,12750745.0,0.0
WIPRO.NS,2025-12-22,272.6700134277344,265.8075256347656,14651313.0,0.0
WIPRO.NS,2025-12-23,271.3999938964844,264.5694580078125,7572420.0,0.0
WIPRO.NS,2025-12-24,268.05999755859375,261.31353759765625,4694861.0,0.0
WIPRO.NS,2025-12-26,266.29998779296875,259.5978088378906,2899112.0,0.0
WIPRO.NS,2025-12-29,264.239990234375,257.58966064453125,3755074.0,0.0
WIPRO.NS,2025-12-30,263.6499938964844,257.0145263671875,5117699.0,0.0
WIPRO.NS,2025-12-31,263.2799987792969,256.6538391113281,5705044.0,0.0
WIPRO.NS,2026-01-01,267.3500061035156,260.62139892578125,3639755.0,0.0
WIPRO.NS,2026-01-02,269.0,262.2298583984375,8286204.0,0.0
WIPRO.NS,2026-01-05,263.29998779296875,256.6733093261719,7006599.0,0.0
WIPRO.NS,2026-01-06,265.6000061035156,258.9154357910156,4083654.0,0.0
WIPRO.NS,2026-01-07,270.79998779296875,263.98455810546875,10242615.0,0.0
WIPRO.NS,2026-01-08,262.20001220703125,255.6010284423828,9269522.0,0.0
WIPRO.NS,2026-01-09,261.95001220703125,255.35731506347656,4735387.0,0.0
WIPRO.NS,2026-01-12,263.1000061035156,256.4783630371094,3802164.0,0.0
WIPRO.NS,2026-01-13,264.20001220703125,257.5506896972656,6931244.0,0.0
WIPRO.NS,2026-01-14,260.20001220703125,253.6513671875,5625861.0,0.0
WIPRO.NS,2026-01-15,260.20001220703125,253.6513671875,0.0,0.0
WIPRO.NS,2026-01-16,267.45001220703125,260.7189025878906,12028289.0,0.0
WIPRO.NS,2026-01-19,245.9499969482422,239.75997924804688,65833247.0,0.0
WIPRO.NS,2026-01-20,239.89999389648438,233.86224365234375,16796201.0,0.0
WIPRO.NS,2026-01-21,239.5500030517578,233.5210723876953,14397792.0,0.0
WIPRO.NS,2026-01-22,240.64999389648438,234.59336853027344,8537915.0,0.0
WIPRO.NS,2026-01-23,238.39999389648438,232.39999389648438,13546802.0,0.0
WIPRO.NS,2026-01-27,234.8000030517578,234.8000030517578,15677537.0,0.0
WIPRO.NS,2026-01-28,237.35000610351562,237.35000610351562,10155128.0,0.0
WIPRO.NS,2026-01-29,239.8000030517578,239.8000030517578,12201949.0,0.0
WIPRO.NS,2026-01-30,236.89999389648438,236.89999389648438,11362317.0,0.0
WIPRO.NS,2026-02-02,242.3000030517578,242.3000030517578,12335721.0,0.0
WIPRO.NS,2026-02-03,242.69000244140625,242.69000244140625,25915412.0,0.0
WIPRO.NS,2026-02-04,233.33999633789062,233.33999633789062,25995324.0,0.0
WIPRO.NS,2026-02-05,233.38999938964844,233.38999938964844,10102736.0,0.0
WIPRO.NS,2026-02-06,230.72000122070312,230.72000122070312,12279085.0,0.0
WIPRO.NS,2026-02-09,230.0800018310547,230.0800018310547,9112474.0,0.0
WIPRO.NS,2026-02-10,231.47000122070312,231.47000122070312,12435622.0,0.0
WIPRO.NS,2026-02-11,229.80999755859375,229.80999755859375,7871024.0,0.0
